/* Generated by tools/gen_fonts.py - do not edit. */
#include "kb_font.h"

static const uint8_t face30_bitmap[] = {
  0x7f,0xf8,0x7f,0xf8,0x7f,0xf8,0x7f,0xf8,0x7f,0xf8,0x7f,0xf8,0x7f,0xf8,0x7f,0xf8,0x7f,0xf8,0x7f,0xf7,0x6f,0xf7,0x5f,0xf6,
  0x5f,0xf5,0x4f,0xf4,0x3f,0xf3,0x00,0x00,0x00,0x00,0x00,0x00,0x7f,0xf8,0x7f,0xf8,0x7f,0xf8,0x7f,0xf8,0x1f,0xf6,0x00,0x9f,
  0xe0,0x1f,0xf6,0x00,0x9f,0xe0,0x1f,0xf6,0x00,0x9f,0xe0,0x1f,0xf6,0x00,0x9f,0xe0,0x1f,0xf6,0x00,0x9f,0xe0,0x1f,0xf6,0x00,
  0x9f,0xe0,0x1f,0xf6,0x00,0x9f,0xe0,0x1f,0xf6,0x00,0x9f,0xe0,0x00,0x00,0x00,0x00,0x5f,0xf0,0x00,0x0b,0xfa,0x00,0x00,0x00,
  0x00,0x00,0x00,0x9f,0xc0,0x00,0x0f,0xf6,0x00,0x00,0x00,0x00,0x00,0x00,0xdf,0x80,0x00,0x3f,0xf2,0x00,0x00,0x00,0x00,0x00,
  0x01,0xff,0x30,0x00,0x7f,0xe0,0x00,0x00,0x00,0x00,0x00,0x05,0xff,0x00,0x00,0xbf,0xa0,0x00,0x00,0x00,0x00,0x00,0x09,0xfb,
  0x00,0x00,0xff,0x60,0x00,0x00,0x00,0xff,0xff,0xff,0xff,0xff,0xff,0xff,0xff,0xff,0xd0,0x00,0xff,0xff,0xff,0xff,0xff,0xff,
  0xff,0xff,0xff,0xd0,0x00,0xff,0xff,0xff,0xff,0xff,0xff,0xff,0xff,0xff,0xd0,0x00,0x00,0x00,0x7f,0xe0,0x00,0x0c,0xf8,0x00,
  0x00,0x00,0x00,0x00,0x00,0xcf,0x90,0x00,0x1f,0xf3,0x00,0x00,0x00,0x00,0x00,0x01,0xff,0x40,0x00,0x6f,0xe0,0x00,0x00,0x00,
  0x00,0x00,0x06,0xff,0x00,0x00,0xbf,0xa0,0x00,0x00,0x00,0xbf,0xff,0xff,0xff,0xff,0xff,0xff,0xff,0xff,0xf2,0x00,0xbf,0xff,
  0xff,0xff,0xff,0xff,0xff,0xff,0xff,0xf2,0x00,0xbf,0xff,0xff,0xff,0xff,0xff,0xff,0xff,0xff,0xf2,0x00,0x00,0x00,0x3f,0xf2,
  0x00,0x09,0xfc,0x00,0x00,0x00,0x00,0x00,0x00,0x7f,0xe0,0x00,0x0d,0xf8,0x00,0x00,0x00,0x00,0x00,0x00,0xbf,0xa0,0x00,0x1f,
  0xf4,0x00,0x00,0x00,0x00,0x00,0x00,0xff,0x60,0x00,0x5f,0xf0,0x00,0x00,0x00,0x00,0x00,0x03,0xff,0x20,0x00,0x9f,0xc0,0x00,
  0x00,0x00,0x00,0x00,0x07,0xfe,0x00,0x00,0xdf,0x80,0x00,0x00,0x00,0x00,0x00,0x00,0x00,0x5f,0x20,0x00,0x00,0x00,0x00,0x00,
  0x00,0x5f,0x20,0x00,0x00,0x00,0x00,0x00,0x00,0x5f,0x20,0x00,0x00,0x00,0x00,0x04,0x9d,0xff,0xfd,0xb7,0x30,0x00,0x00,0xbf,
  0xff,0xff,0xff,0xff,0xf4,0x00,0x0b,0xff,0xff,0xff,0xff,0xff,0xf4,0x00,0x3f,0xff,0xa3,0x5f,0x22,0x48,0xc4,0x00,0x7f,0xf9,
  0x00,0x5f,0x20,0x00,0x00,0x00,0x7f,0xf3,0x00,0x5f,0x20,0x00,0x00,0x00,0x6f,0xf6,0x00,0x5f,0x20,0x00,0x00,0x00,0x1f,0xff,
  0x50,0x5f,0x20,0x00,0x00,0x00,0x05,0xff,0xff,0xdf,0x73,0x00,0x00,0x00,0x00,0x3b,0xff,0xff,0xff,0xf9,0x10,0x00,0x00,0x00,
  0x15,0xaf,0xff,0xff,0xf4,0x00,0x00,0x00,0x00,0x5f,0x22,0x8f,0xff,0x10,0x00,0x00,0x00,0x5f,0x20,0x06,0xff,0x60,0x00,0x00,
  0x00,0x5f,0x20,0x02,0xff,0x90,0x00,0x00,0x00,0x5f,0x20,0x07,0xff,0x80,0x7a,0x63,0x10,0x5f,0x34,0xaf,0xff,0x40,0x8f,0xff,
  0xff,0xff,0xff,0xff,0xfb,0x00,0x8f,0xff,0xff,0xff,0xff,0xff,0xb0,0x00,0x03,0x7b,0xde,0xff,0xfd,0x93,0x00,0x00,0x00,0x00,
  0x00,0x5f,0x20,0x00,0x00,0x00,0x00,0x00,0x00,0x5f,0x20,0x00,0x00,0x00,0x00,0x00,0x00,0x5f,0x20,0x00,0x00,0x00,0x00,0x00,
  0x00,0x5f,0x20,0x00,0x00,0x00,0x00,0x08,0xdf,0xea,0x20,0x00,0x00,0x00,0x00,0x6f,0xe0,0x00,0x00,0x00,0xcf,0xff,0xff,0xf4,
  0x00,0x00,0x00,0x01,0xef,0x50,0x00,0x00,0x08,0xff,0x50,0x2c,0xfe,0x00,0x00,0x00,0x0a,0xfb,0x00,0x00,0x00,0x0f,0xf8,0x00,
  0x02,0xff,0x60,0x00,0x00,0x4f,0xf2,0x00,0x00,0x00,0x3f,0xf2,0x00,0x00,0xcf,0xa0,0x00,0x00,0xdf,0x70,0x00,0x00,0x00,0x5f,
  0xf0,0x00,0x00,0xaf,0xb0,0x00,0x08,0xfd,0x00,0x00,0x00,0x00,0x5f,0xf0,0x00,0x00,0xaf,0xb0,0x00,0x2f,0xf3,0x00,0x00,0x00,
  0x00,0x3f,0xf2,0x00,0x00,0xcf,0xa0,0x00,0xbf,0x90,0x00,0x00,0x00,0x00,0x0f,0xf8,0x00,0x02,0xff,0x60,0x05,0xfe,0x10,0x00,
  0x00,0x00,0x00,0x08,0xff,0x50,0x2c,0xfe,0x00,0x1e,0xf5,0x00,0x00,0x00,0x00,0x00,0x00,0xcf,0xff,0xff,0xf4,0x00,0x9f,0xb0,
  0x00,0x7d,0xfe,0xb3,0x00,0x00,0x08,0xdf,0xea,0x30,0x03,0xff,0x20,0x0b,0xff,0xff,0xff,0x50,0x00,0x00,0x00,0x00,0x00,0x0d,
  0xf7,0x00,0x7f,0xf6,0x02,0xbf,0xf1,0x00,0x00,0x00,0x00,0x00,0x7f,0xd0,0x00,0xef,0xa0,0x00,0x1f,0xf7,0x00,0x00,0x00,0x00,
  0x02,0xff,0x30,0x01,0xff,0x40,0x00,0x0a,0xfb,0x00,0x00,0x00,0x00,0x0b,0xf9,0x00,0x03,0xff,0x20,0x00,0x08,0xfc,0x00,0x00,
  0x00,0x00,0x5f,0xe1,0x00,0x03,0xff,0x20,0x00,0x08,0xfc,0x00,0x00,0x00,0x00,0xef,0x60,0x00,0x01,0xff,0x40,0x00,0x0a,0xfb,
  0x00,0x00,0x00,0x09,0xfc,0x00,0x00,0x00,0xef,0xa0,0x00,0x1f,0xf7,0x00,0x00,0x00,0x3f,0xf2,0x00,0x00,0x00,0x7f,0xf6,0x02,
  0xbf,0xf1,0x00,0x00,0x00,0xdf,0x80,0x00,0x00,0x00,0x0b,0xff,0xff,0xff,0x50,0x00,0x00,0x07,0xfd,0x00,0x00,0x00,0x00,0x00,
  0x7d,0xff,0xb3,0x00,0x00,0x00,0x01,0x7c,0xff,0xec,0x83,0x00,0x00,0x00,0x00,0x00,0x00,0x2e,0xff,0xff,0xff,0xff,0x30,0x00,
  0x00,0x00,0x00,0x00,0xef,0xff,0xff,0xff,0xff,0x30,0x00,0x00,0x00,0x00,0x05,0xff,0xf8,0x20,0x13,0x7c,0x30,0x00,0x00,0x00,
  0x00,0x09,0xff,0x70,0x00,0x00,0x00,0x00,0x00,0x00,0x00,0x00,0x09,0xff,0x30,0x00,0x00,0x00,0x00,0x00,0x00,0x00,0x00,0x05,
  0xff,0x70,0x00,0x00,0x00,0x00,0x00,0x00,0x00,0x00,0x00,0xdf,0xf4,0x00,0x00,0x00,0x00,0x00,0x00,0x00,0x00,0x00,0x6f,0xff,
  0x50,0x00,0x00,0x00,0x00,0x00,0x00,0x00,0x05,0xff,0xff,0xf6,0x00,0x00,0x00,0x00,0x00,0x00,0x00,0x4f,0xfb,0x3e,0xff,0x70,
  0x00,0x00,0x05,0xff,0x50,0x01,0xef,0xc0,0x02,0xef,0xf8,0x00,0x00,0x07,0xff,0x20,0x08,0xff,0x30,0x00,0x2e,0xff,0x90,0x00,
  0x0b,0xfd,0x00,0x0e,0xfd,0x00,0x00,0x01,0xdf,0xfa,0x00,0x2f,0xf7,0x00,0x0f,0xfb,0x00,0x00,0x00,0x1c,0xff,0xb0,0x9f,0xe1,
  0x00,0x1f,0xfd,0x00,0x00,0x00,0x00,0xcf,0xfd,0xff,0x60,0x00,0x0f,0xff,0x40,0x00,0x00,0x00,0x0b,0xff,0xfb,0x00,0x00,0x0a,
  0xff,0xe2,0x00,0x00,0x00,0x05,0xff,0xfc,0x00,0x00,0x02,0xff,0xff,0x83,0x00,0x15,0xcf,0xff,0xff,0xa0,0x00,0x00,0x6f,0xff,
  0xff,0xff,0xff,0xff,0xd2,0xdf,0xf7,0x00,0x00,0x05,0xef,0xff,0xff,0xff,0xf9,0x00,0x3f,0xff,0x40,0x00,0x00,0x06,0xbe,0xff,
  0xd8,0x20,0x00,0x08,0xff,0xe2,0x1f,0xf6,0x1f,0xf6,0x1f,0xf6,0x1f,0xf6,0x1f,0xf6,0x1f,0xf6,0x1f,0xf6,0x1f,0xf6,0x00,0x00,
  0x5f,0xf1,0x00,0x00,0xef,0x80,0x00,0x07,0xff,0x10,0x00,0x0e,0xf8,0x00,0x00,0x7f,0xf3,0x00,0x00,0xdf,0xd0,0x00,0x03,0xff,
  0x70,0x00,0x08,0xff,0x30,0x00,0x0c,0xff,0x00,0x00,0x0f,0xfc,0x00,0x00,0x3f,0xfa,0x00,0x00,0x5f,0xf9,0x00,0x00,0x6f,0xf8,
  0x00,0x00,0x6f,0xf7,0x00,0x00,0x6f,0xf8,0x00,0x00,0x4f,0xf9,0x00,0x00,0x2f,0xfa,0x00,0x00,0x0f,0xfc,0x00,0x00,0x0c,0xff,
  0x00,0x00,0x08,0xff,0x30,0x00,0x03,0xff,0x70,0x00,0x00,0xdf,0xd0,0x00,0x00,0x6f,0xf3,0x00,0x00,0x0e,0xf9,0x00,0x00,0x07,
  0xff,0x10,0x00,0x00,0xef,0x80,0x00,0x00,0x5f,0xf1,0x5f,0xf1,0x00,0x00,0x0d,0xfa,0x00,0x00,0x05,0xff,0x20,0x00,0x00,0xdf,
  0xa0,0x00,0x00,0x8f,0xf2,0x00,0x00,0x2f,0xf8,0x00,0x00,0x0c,0xfe,0x00,0x00,0x08,0xff,0x30,0x00,0x05,0xff,0x70,0x00,0x01,
  0xff,0xb0,0x00,0x00,0xff,0xe0,0x00,0x00,0xef,0xf0,0x00,0x00,0xcf,0xf1,0x00,0x00,0xcf,0xf1,0x00,0x00,0xcf,0xf1,0x00,0x00,
  0xef,0xf0,0x00,0x00,0xff,0xe0,0x00,0x01,0xff,0xb0,0x00,0x05,0xff,0x70,0x00,0x08,0xff,0x30,0x00,0x0c,0xfe,0x00,0x00,0x2f,
  0xf8,0x00,0x00,0x8f,0xf2,0x00,0x00,0xdf,0xa0,0x00,0x05,0xff,0x20,0x00,0x0d,0xfa,0x00,0x00,0x5f,0xf1,0x00,0x00,0x00,0x00,
  0x00,0x5f,0x50,0x00,0x00,0x00,0x00,0x00,0x00,0x5f,0x50,0x00,0x00,0x00,0x00,0x00,0x00,0x5f,0x50,0x00,0x00,0x00,0x08,0x91,
  0x00,0x5f,0x50,0x01,0x98,0x00,0x0a,0xfe,0x70,0x5f,0x50,0x7f,0xfa,0x00,0x00,0x2a,0xfd,0x9f,0x9d,0xfa,0x20,0x00,0x00,0x00,
  0x2a,0xff,0xfa,0x20,0x00,0x00,0x00,0x00,0x2a,0xff,0xfa,0x20,0x00,0x00,0x00,0x2a,0xfd,0x9f,0x9d,0xfa,0x20,0x00,0x0a,0xff,
  0x70,0x5f,0x50,0x7f,0xfa,0x00,0x08,0x91,0x00,0x5f,0x50,0x01,0x98,0x00,0x00,0x00,0x00,0x5f,0x50,0x00,0x00,0x00,0x00,0x00,
  0x00,0x5f,0x50,0x00,0x00,0x00,0x00,0x00,0x00,0x5f,0x50,0x00,0x00,0x00,0x00,0x00,0x00,0x00,0xaf,0xc0,0x00,0x00,0x00,0x00,
  0x00,0x00,0x00,0x00,0xaf,0xc0,0x00,0x00,0x00,0x00,0x00,0x00,0x00,0x00,0xaf,0xc0,0x00,0x00,0x00,0x00,0x00,0x00,0x00,0x00,
  0xaf,0xc0,0x00,0x00,0x00,0x00,0x00,0x00,0x00,0x00,0xaf,0xc0,0x00,0x00,0x00,0x00,0x00,0x00,0x00,0x00,0xaf,0xc0,0x00,0x00,
  0x00,0x00,0x00,0x00,0x00,0x00,0xaf,0xc0,0x00,0x00,0x00,0x00,0x00,0x00,0x00,0x00,0xaf,0xc0,0x00,0x00,0x00,0x00,0xdf,0xff,
  0xff,0xff,0xff,0xff,0xff,0xff,0xff,0xf0,0xdf,0xff,0xff,0xff,0xff,0xff,0xff,0xff,0xff,0xf0,0x00,0x00,0x00,0x00,0xaf,0xc0,
  0x00,0x00,0x00,0x00,0x00,0x00,0x00,0x00,0xaf,0xc0,0x00,0x00,0x00,0x00,0x00,0x00,0x00,0x00,0xaf,0xc0,0x00,0x00,0x00,0x00,
  0x00,0x00,0x00,0x00,0xaf,0xc0,0x00,0x00,0x00,0x00,0x00,0x00,0x00,0x00,0xaf,0xc0,0x00,0x00,0x00,0x00,0x00,0x00,0x00,0x00,
  0xaf,0xc0,0x00,0x00,0x00,0x00,0x00,0x00,0x00,0x00,0xaf,0xc0,0x00,0x00,0x00,0x00,0x00,0x00,0x00,0x00,0xaf,0xc0,0x00,0x00,
  0x00,0x00,0x07,0xff,0x90,0x07,0xff,0x90,0x08,0xff,0x80,0x0c,0xff,0x10,0x0f,0xf8,0x00,0x4f,0xe1,0x00,0x8f,0x70,0x00,0x8f,
  0xff,0xff,0xff,0x50,0x8f,0xff,0xff,0xff,0x50,0xcf,0xf4,0xcf,0xf4,0xcf,0xf4,0xcf,0xf4,0x00,0x00,0x00,0x08,0xfe,0x00,0x00,
  0x00,0x00,0x0d,0xfa,0x00,0x00,0x00,0x00,0x2f,0xf5,0x00,0x00,0x00,0x00,0x7f,0xf0,0x00,0x00,0x00,0x00,0xcf,0xb0,0x00,0x00,
  0x00,0x01,0xff,0x60,0x00,0x00,0x00,0x05,0xff,0x20,0x00,0x00,0x00,0x0a,0xfd,0x00,0x00,0x00,0x00,0x0f,0xf8,0x00,0x00,0x00,
  0x00,0x4f,0xf3,0x00,0x00,0x00,0x00,0x9f,0xe0,0x00,0x00,0x00,0x00,0xef,0x90,0x00,0x00,0x00,0x03,0xff,0x40,0x00,0x00,0x00,
  0x07,0xff,0x00,0x00,0x00,0x00,0x0c,0xfa,0x00,0x00,0x00,0x00,0x1f,0xf6,0x00,0x00,0x00,0x00,0x6f,0xf1,0x00,0x00,0x00,0x00,
  0xbf,0xc0,0x00,0x00,0x00,0x00,0xff,0x70,0x00,0x00,0x00,0x05,0xff,0x20,0x00,0x00,0x00,0x0a,0xfd,0x00,0x00,0x00,0x00,0x0e,
  0xf8,0x00,0x00,0x00,0x00,0x3f,0xf3,0x00,0x00,0x00,0x00,0x8f,0xe0,0x00,0x00,0x00,0x00,0xdf,0xa0,0x00,0x00,0x00,0x00,0x00,
  0x00,0x5b,0xef,0xeb,0x60,0x00,0x00,0x00,0x1b,0xff,0xff,0xff,0xfc,0x10,0x00,0x00,0xcf,0xff,0xff,0xff,0xff,0xd0,0x00,0x07,
  0xff,0xf9,0x20,0x28,0xff,0xf8,0x00,0x0e,0xff,0x70,0x00,0x00,0x6f,0xff,0x00,0x4f,0xfd,0x00,0x00,0x00,0x0c,0xff,0x50,0x9f,
  0xf7,0x00,0x00,0x00,0x06,0xff,0xa0,0xbf,0xf4,0x00,0x00,0x00,0x02,0xff,0xc0,0xef,0xf1,0x00,0x00,0x00,0x00,0xff,0xf0,0xff,
  0xf0,0x00,0x00,0x00,0x00,0xef,0xf0,0xff,0xf0,0x00,0x00,0x00,0x00,0xef,0xf1,0xff,0xf0,0x00,0x00,0x00,0x00,0xef,0xf1,0xff,
  0xf0,0x00,0x00,0x00,0x00,0xef,0xf0,0xef,0xf1,0x00,0x00,0x00,0x00,0xff,0xf0,0xbf,0xf4,0x00,0x00,0x00,0x02,0xff,0xc0,0x9f,
  0xf7,0x00,0x00,0x00,0x06,0xff,0xa0,0x4f,0xfd,0x00,0x00,0x00,0x0c,0xff,0x50,0x0e,0xff,0x70,0x00,0x00,0x6f,0xff,0x10,0x07,
  0xff,0xf9,0x20,0x28,0xff,0xf8,0x00,0x00,0xcf,0xff,0xff,0xff,0xff,0xd0,0x00,0x00,0x1c,0xff,0xff,0xff,0xfc,0x10,0x00,0x00,
  0x00,0x5b,0xef,0xeb,0x60,0x00,0x00,0x03,0x69,0xcf,0xff,0x70,0x00,0x00,0xbf,0xff,0xff,0xff,0x70,0x00,0x00,0xbf,0xff,0xff,
  0xff,0x70,0x00,0x00,0xac,0x96,0x37,0xff,0x70,0x00,0x00,0x00,0x00,0x07,0xff,0x70,0x00,0x00,0x00,0x00,0x07,0xff,0x70,0x00,
  0x00,0x00,0x00,0x07,0xff,0x70,0x00,0x00,0x00,0x00,0x07,0xff,0x70,0x00,0x00,0x00,0x00,0x07,0xff,0x70,0x00,0x00,0x00,0x00,
  0x07,0xff,0x70,0x00,0x00,0x00,0x00,0x07,0xff,0x70,0x00,0x00,0x00,0x00,0x07,0xff,0x70,0x00,0x00,0x00,0x00,0x07,0xff,0x70,
  0x00,0x00,0x00,0x00,0x07,0xff,0x70,0x00,0x00,0x00,0x00,0x07,0xff,0x70,0x00,0x00,0x00,0x00,0x07,0xff,0x70,0x00,0x00,0x00,
  0x00,0x07,0xff,0x70,0x00,0x00,0x00,0x00,0x07,0xff,0x70,0x00,0x00,0x00,0x00,0x07,0xff,0x70,0x00,0x00,0x4f,0xff,0xff,0xff,
  0xff,0xff,0xf5,0x4f,0xff,0xff,0xff,0xff,0xff,0xf5,0x4f,0xff,0xff,0xff,0xff,0xff,0xf5,0x04,0x7b,0xdf,0xfe,0xd9,0x30,0x00,
  0x00,0xaf,0xff,0xff,0xff,0xff,0xfa,0x00,0x00,0xaf,0xff,0xff,0xff,0xff,0xff,0xb0,0x00,0x9b,0x84,0x21,0x01,0x5d,0xff,0xf6,
  0x00,0x00,0x00,0x00,0x00,0x00,0xcf,0xfc,0x00,0x00,0x00,0x00,0x00,0x00,0x3f,0xfe,0x00,0x00,0x00,0x00,0x00,0x00,0x0f,0xfe,
  0x00,0x00,0x00,0x00,0x00,0x00,0x2f,0xfc,0x00,0x00,0x00,0x00,0x00,0x00,0x8f,0xf6,0x00,0x00,0x00,0x00,0x00,0x02,0xff,0xd0,
  0x00,0x00,0x00,0x00,0x00,0x1d,0xff,0x20,0x00,0x00,0x00,0x00,0x01,0xdf,0xf5,0x00,0x00,0x00,0x00,0x00,0x1d,0xff,0x50,0x00,
  0x00,0x00,0x00,0x01,0xdf,0xf5,0x00,0x00,0x00,0x00,0x00,0x2e,0xff,0x50,0x00,0x00,0x00,0x00,0x02,0xef,0xf5,0x00,0x00,0x00,
  0x00,0x00,0x3e,0xff,0x50,0x00,0x00,0x00,0x00,0x04,0xff,0xf4,0x00,0x00,0x00,0x00,0x00,0x4f,0xff,0x40,0x00,0x00,0x00,0x00,
  0x00,0xcf,0xff,0xff,0xff,0xff,0xff,0xff,0x10,0xcf,0xff,0xff,0xff,0xff,0xff,0xff,0x10,0xcf,0xff,0xff,0xff,0xff,0xff,0xff,
  0x10,0x02,0x59,0xcd,0xff,0xeb,0x60,0x00,0x00,0x1f,0xff,0xff,0xff,0xff,0xfe,0x30,0x00,0x1f,0xff,0xff,0xff,0xff,0xff,0xf2,
  0x00,0x0d,0x95,0x31,0x00,0x38,0xff,0xfb,0x00,0x00,0x00,0x00,0x00,0x00,0x4f,0xff,0x00,0x00,0x00,0x00,0x00,0x00,0x0d,0xff,
  0x20,0x00,0x00,0x00,0x00,0x00,0x0d,0xff,0x10,0x00,0x00,0x00,0x00,0x00,0x3f,0xfc,0x00,0x00,0x00,0x00,0x00,0x27,0xff,0xf3,
  0x00,0x00,0x00,0xff,0xff,0xff,0xfd,0x30,0x00,0x00,0x00,0xff,0xff,0xff,0xb2,0x00,0x00,0x00,0x00,0xff,0xff,0xff,0xff,0x90,
  0x00,0x00,0x00,0x00,0x00,0x37,0xef,0xfb,0x00,0x00,0x00,0x00,0x00,0x00,0x1e,0xff,0x40,0x00,0x00,0x00,0x00,0x00,0x06,0xff,
  0x90,0x00,0x00,0x00,0x00,0x00,0x04,0xff,0xa0,0x00,0x00,0x00,0x00,0x00,0x07,0xff,0x90,0x00,0x00,0x00,0x00,0x00,0x2e,0xff,
  0x60,0xaa,0x63,0x10,0x01,0x38,0xff,0xfe,0x00,0xbf,0xff,0xff,0xff,0xff,0xff,0xf4,0x00,0xbf,0xff,0xff,0xff,0xff,0xfd,0x40,
  0x00,0x14,0x8c,0xdf,0xfe,0xd9,0x50,0x00,0x00,0x00,0x00,0x00,0x00,0x0c,0xff,0xf4,0x00,0x00,0x00,0x00,0x00,0x00,0x6f,0xff,
  0xf4,0x00,0x00,0x00,0x00,0x00,0x01,0xff,0xef,0xf4,0x00,0x00,0x00,0x00,0x00,0x0b,0xfb,0xaf,0xf4,0x00,0x00,0x00,0x00,0x00,
  0x5f,0xf1,0xaf,0xf4,0x00,0x00,0x00,0x00,0x01,0xef,0x60,0xaf,0xf4,0x00,0x00,0x00,0x00,0x0a,0xfc,0x00,0xaf,0xf4,0x00,0x00,
  0x00,0x00,0x4f,0xf2,0x00,0xaf,0xf4,0x00,0x00,0x00,0x00,0xef,0x70,0x00,0xaf,0xf4,0x00,0x00,0x00,0x09,0xfc,0x00,0x00,0xaf,
  0xf4,0x00,0x00,0x00,0x3f,0xf2,0x00,0x00,0xaf,0xf4,0x00,0x00,0x00,0xdf,0x80,0x00,0x00,0xaf,0xf4,0x00,0x00,0x08,0xfd,0x00,
  0x00,0x00,0xaf,0xf4,0x00,0x00,0x2f,0xf3,0x00,0x00,0x00,0xaf,0xf4,0x00,0x00,0x8f,0xff,0xff,0xff,0xff,0xff,0xff,0xff,0x60,
  0x8f,0xff,0xff,0xff,0xff,0xff,0xff,0xff,0x60,0x8f,0xff,0xff,0xff,0xff,0xff,0xff,0xff,0x60,0x00,0x00,0x00,0x00,0x00,0xaf,
  0xf4,0x00,0x00,0x00,0x00,0x00,0x00,0x00,0xaf,0xf4,0x00,0x00,0x00,0x00,0x00,0x00,0x00,0xaf,0xf4,0x00,0x00,0x00,0x00,0x00,
  0x00,0x00,0xaf,0xf4,0x00,0x00,0x00,0x00,0x00,0x00,0x00,0xaf,0xf4,0x00,0x00,0x0c,0xff,0xff,0xff,0xff,0xff,0xd0,0x00,0x0c,
  0xff,0xff,0xff,0xff,0xff,0xd0,0x00,0x0c,0xff,0xff,0xff,0xff,0xff,0xd0,0x00,0x0c,0xff,0x00,0x00,0x00,0x00,0x00,0x00,0x0c,
  0xff,0x00,0x00,0x00,0x00,0x00,0x00,0x0c,0xff,0x00,0x00,0x00,0x00,0x00,0x00,0x0c,0xff,0x00,0x00,0x00,0x00,0x00,0x00,0x0c,
  0xff,0x00,0x00,0x00,0x00,0x00,0x00,0x0c,0xff,0xae,0xfe,0xd9,0x30,0x00,0x00,0x0c,0xff,0xff,0xff,0xff,0xfb,0x10,0x00,0x0c,
  0xff,0xff,0xff,0xff,0xff,0xd0,0x00,0x0a,0x84,0x20,0x02,0x5c,0xff,0xf9,0x00,0x00,0x00,0x00,0x00,0x00,0x8f,0xff,0x10,0x00,
  0x00,0x00,0x00,0x00,0x0d,0xff,0x40,0x00,0x00,0x00,0x00,0x00,0x08,0xff,0x60,0x00,0x00,0x00,0x00,0x00,0x08,0xff,0x60,0x00,
  0x00,0x00,0x00,0x00,0x0d,0xff,0x50,0x00,0x00,0x00,0x00,0x00,0x8f,0xff,0x10,0x9a,0x63,0x20,0x01,0x5c,0xff,0xf9,0x00,0xbf,
  0xff,0xff,0xff,0xff,0xff,0xd1,0x00,0xbf,0xff,0xff,0xff,0xff,0xfa,0x10,0x00,0x04,0x8c,0xdf,0xfe,0xc8,0x30,0x00,0x00,0x00,
  0x00,0x03,0x9d,0xef,0xdb,0x61,0x00,0x00,0x01,0xaf,0xff,0xff,0xff,0xfc,0x00,0x00,0x1d,0xff,0xff,0xff,0xff,0xfc,0x00,0x00,
  0xcf,0xff,0xa4,0x10,0x14,0x9a,0x00,0x06,0xff,0xf5,0x00,0x00,0x00,0x00,0x00,0x0e,0xff,0x80,0x00,0x00,0x00,0x00,0x00,0x4f,
  0xff,0x00,0x00,0x00,0x00,0x00,0x00,0x8f,0xfa,0x00,0x00,0x00,0x00,0x00,0x00,0xbf,0xf6,0x04,0xbe,0xfe,0xa4,0x00,0x00,0xdf,
  0xf3,0x8f,0xff,0xff,0xff,0xb1,0x00,0xef,0xf8,0xff,0xff,0xff,0xff,0xfc,0x00,0xef,0xff,0xf9,0x20,0x03,0xbf,0xff,0x60,0xdf,
  0xff,0x60,0x00,0x00,0x09,0xff,0xd0,0xcf,0xfd,0x00,0x00,0x00,0x01,0xff,0xf1,0x9f,0xf9,0x00,0x00,0x00,0x00,0xdf,0xf2,0x7f,
  0xf9,0x00,0x00,0x00,0x00,0xdf,0xf2,0x2f,0xfd,0x00,0x00,0x00,0x01,0xff,0xf0,0x0c,0xff,0x60,0x00,0x00,0x09,0xff,0xc0,0x04,
  0xff,0xf9,0x20,0x03,0xbf,0xff,0x50,0x00,0x9f,0xff,0xff,0xff,0xff,0xfb,0x00,0x00,0x09,0xff,0xff,0xff,0xff,0xa0,0x00,0x00,
  0x00,0x39,0xdf,0xfd,0x93,0x00,0x00,0x8f,0xff,0xff,0xff,0xff,0xff,0xff,0x80,0x8f,0xff,0xff,0xff,0xff,0xff,0xff,0x60,0x8f,
  0xff,0xff,0xff,0xff,0xff,0xff,0x10,0x00,0x00,0x00,0x00,0x00,0x3f,0xfa,0x00,0x00,0x00,0x00,0x00,0x00,0x9f,0xf4,0x00,0x00,
  0x00,0x00,0x00,0x00,0xff,0xe0,0x00,0x00,0x00,0x00,0x00,0x06,0xff,0x80,0x00,0x00,0x00,0x00,0x00,0x0c,0xff,0x20,0x00,0x00,
  0x00,0x00,0x00,0x3f,0xfc,0x00,0x00,0x00,0x00,0x00,0x00,0x9f,0xf5,0x00,0x00,0x00,0x00,0x00,0x00,0xff,0xf0,0x00,0x00,0x00,
  0x00,0x00,0x06,0xff,0x90,0x00,0x00,0x00,0x00,0x00,0x0c,0xff,0x30,0x00,0x00,0x00,0x00,0x00,0x2f,0xfd,0x00,0x00,0x00,0x00,
  0x00,0x00,0x8f,0xf7,0x00,0x00,0x00,0x00,0x00,0x00,0xef,0xf1,0x00,0x00,0x00,0x00,0x00,0x05,0xff,0xa0,0x00,0x00,0x00,0x00,
  0x00,0x0b,0xff,0x40,0x00,0x00,0x00,0x00,0x00,0x2f,0xfe,0x00,0x00,0x00,0x00,0x00,0x00,0x8f,0xf8,0x00,0x00,0x00,0x00,0x00,
  0x00,0xef,0xf2,0x00,0x00,0x00,0x00,0x00,0x04,0xff,0xc0,0x00,0x00,0x00,0x00,0x00,0x02,0x9c,0xef,0xfd,0x93,0x00,0x00,0x00,
  0x8f,0xff,0xff,0xff,0xff,0x90,0x00,0x08,0xff,0xff,0xff,0xff,0xff,0xf9,0x00,0x1f,0xff,0xd5,0x20,0x15,0xcf,0xff,0x20,0x5f,
  0xfe,0x00,0x00,0x00,0x0d,0xff,0x60,0x6f,0xf8,0x00,0x00,0x00,0x07,0xff,0x80,0x5f,0xf8,0x00,0x00,0x00,0x07,0xff,0x60,0x1f,
  0xfe,0x00,0x00,0x00,0x0d,0xff,0x20,0x07,0xff,0xd5,0x10,0x15,0xcf,0xf8,0x00,0x00,0x6e,0xff,0xff,0xff,0xff,0x70,0x00,0x00,
  0x04,0xdf,0xff,0xff,0xe4,0x00,0x00,0x01,0xbf,0xff,0xff,0xff,0xff,0xc1,0x00,0x1d,0xff,0xc5,0x20,0x14,0xcf,0xfe,0x10,0x8f,
  0xfa,0x00,0x00,0x00,0x09,0xff,0x90,0xdf,0xf2,0x00,0x00,0x00,0x01,0xff,0xe0,0xff,0xf0,0x00,0x00,0x00,0x00,0xff,0xf0,0xef,
  0xf2,0x00,0x00,0x00,0x01,0xff,0xf0,0xbf,0xfa,0x00,0x00,0x00,0x09,0xff,0xc0,0x6f,0xff,0xc5,0x20,0x14,0xcf,0xff,0x70,0x0c,
  0xff,0xff,0xff,0xff,0xff,0xfd,0x00,0x01,0xbf,0xff,0xff,0xff,0xff,0xc1,0x00,0x00,0x04,0x9d,0xff,0xfd,0xa4,0x00,0x00,0x00,
  0x00,0x29,0xdf,0xfd,0xa4,0x00,0x00,0x00,0x08,0xff,0xff,0xff,0xff,0xa0,0x00,0x00,0x9f,0xff,0xff,0xff,0xff,0xfa,0x00,0x04,
  0xff,0xfb,0x40,0x02,0x8f,0xff,0x50,0x0b,0xff,0xa0,0x00,0x00,0x05,0xff,0xd0,0x0f,0xff,0x10,0x00,0x00,0x00,0xcf,0xf3,0x1f,
  0xfe,0x00,0x00,0x00,0x00,0x8f,0xf8,0x1f,0xfe,0x00,0x00,0x00,0x00,0x8f,0xfb,0x0f,0xff,0x10,0x00,0x00,0x00,0xcf,0xfd,0x0b,
  0xff,0xa0,0x00,0x00,0x04,0xff,0xfe,0x05,0xff,0xfb,0x40,0x02,0x8f,0xff,0xff,0x00,0xbf,0xff,0xff,0xff,0xff,0x9f,0xff,0x00,
  0x0a,0xff,0xff,0xff,0xfa,0x2f,0xfe,0x00,0x00,0x4a,0xdf,0xec,0x50,0x5f,0xfc,0x00,0x00,0x00,0x00,0x00,0x00,0x9f,0xf9,0x00,
  0x00,0x00,0x00,0x00,0x00,0xef,0xf5,0x00,0x00,0x00,0x00,0x00,0x07,0xff,0xe0,0x00,0x00,0x00,0x00,0x00,0x4f,0xff,0x80,0x00,
  0x99,0x42,0x00,0x39,0xff,0xfd,0x00,0x00,0xbf,0xff,0xff,0xff,0xff,0xe2,0x00,0x00,0xbf,0xff,0xff,0xff,0xfb,0x20,0x00,0x00,
  0x16,0xad,0xff,0xda,0x40,0x00,0x00,0x7f,0xf9,0x7f,0xf9,0x7f,0xf9,0x7f,0xf9,0x00,0x00,0x00,0x00,0x00,0x00,0x00,0x00,0x00,
  0x00,0x00,0x00,0x00,0x00,0x00,0x00,0x7f,0xf9,0x7f,0xf9,0x7f,0xf9,0x7f,0xf9,0x07,0xff,0x90,0x07,0xff,0x90,0x07,0xff,0x90,
  0x07,0xff,0x90,0x00,0x00,0x00,0x00,0x00,0x00,0x00,0x00,0x00,0x00,0x00,0x00,0x00,0x00,0x00,0x00,0x00,0x00,0x00,0x00,0x00,
  0x00,0x00,0x00,0x07,0xff,0x90,0x07,0xff,0x90,0x08,0xff,0x80,0x0c,0xff,0x10,0x0f,0xf8,0x00,0x4f,0xe1,0x00,0x8f,0x70,0x00,
  0x00,0x00,0x00,0x00,0x00,0x00,0x00,0x00,0x17,0xc0,0x00,0x00,0x00,0x00,0x00,0x00,0x00,0x6c,0xff,0xf0,0x00,0x00,0x00,0x00,
  0x00,0x04,0xaf,0xff,0xff,0xc0,0x00,0x00,0x00,0x00,0x39,0xef,0xff,0xfe,0x82,0x00,0x00,0x00,0x02,0x8d,0xff,0xff,0xe9,0x30,
  0x00,0x00,0x00,0x16,0xcf,0xff,0xff,0xa4,0x00,0x00,0x00,0x00,0x4b,0xff,0xff,0xfb,0x50,0x00,0x00,0x00,0x00,0x00,0xdf,0xff,
  0xc6,0x10,0x00,0x00,0x00,0x00,0x00,0x00,0xdf,0xff,0xc6,0x10,0x00,0x00,0x00,0x00,0x00,0x00,0x4b,0xff,0xff,0xfb,0x50,0x00,
  0x00,0x00,0x00,0x00,0x00,0x16,0xcf,0xff,0xff,0xa4,0x00,0x00,0x00,0x00,0x00,0x00,0x02,0x8d,0xff,0xff,0xe9,0x30,0x00,0x00,
  0x00,0x00,0x00,0x00,0x39,0xef,0xff,0xfd,0x82,0x00,0x00,0x00,0x00,0x00,0x00,0x04,0xaf,0xff,0xff,0xc0,0x00,0x00,0x00,0x00,
  0x00,0x00,0x01,0x6c,0xff,0xf0,0x00,0x00,0x00,0x00,0x00,0x00,0x00,0x00,0x17,0xc0,0xdf,0xff,0xff,0xff,0xff,0xff,0xff,0xff,
  0xff,0xf0,0xdf,0xff,0xff,0xff,0xff,0xff,0xff,0xff,0xff,0xf0,0x00,0x00,0x00,0x00,0x00,0x00,0x00,0x00,0x00,0x00,0x00,0x00,
  0x00,0x00,0x00,0x00,0x00,0x00,0x00,0x00,0x00,0x00,0x00,0x00,0x00,0x00,0x00,0x00,0x00,0x00,0x00,0x00,0x00,0x00,0x00,0x00,
  0x00,0x00,0x00,0x00,0xdf,0xff,0xff,0xff,0xff,0xff,0xff,0xff,0xff,0xf0,0xdf,0xff,0xff,0xff,0xff,0xff,0xff,0xff,0xff,0xf0,
  0xb8,0x20,0x00,0x00,0x00,0x00,0x00,0x00,0x00,0x00,0xdf,0xfc,0x61,0x00,0x00,0x00,0x00,0x00,0x00,0x00,0xaf,0xff,0xff,0xb5,
  0x00,0x00,0x00,0x00,0x00,0x00,0x02,0x7d,0xff,0xff,0xfa,0x40,0x00,0x00,0x00,0x00,0x00,0x00,0x38,0xef,0xff,0xfe,0x82,0x00,
  0x00,0x00,0x00,0x00,0x00,0x04,0x9f,0xff,0xff,0xd7,0x10,0x00,0x00,0x00,0x00,0x00,0x00,0x5a,0xff,0xff,0xfb,0x50,0x00,0x00,
  0x00,0x00,0x00,0x00,0x16,0xbf,0xff,0xf0,0x00,0x00,0x00,0x00,0x00,0x00,0x05,0xbf,0xff,0xf0,0x00,0x00,0x00,0x00,0x00,0x4a,
  0xff,0xff,0xfb,0x50,0x00,0x00,0x00,0x03,0x9e,0xff,0xff,0xd7,0x10,0x00,0x00,0x00,0x28,0xef,0xff,0xfe,0x83,0x00,0x00,0x00,
  0x02,0x7d,0xff,0xff,0xfa,0x40,0x00,0x00,0x00,0x00,0xaf,0xff,0xff,0xb5,0x00,0x00,0x00,0x00,0x00,0x00,0xdf,0xfc,0x71,0x00,
  0x00,0x00,0x00,0x00,0x00,0x00,0xb8,0x20,0x00,0x00,0x00,0x00,0x00,0x00,0x00,0x00,0x00,0x4a,0xdf,0xfd,0x81,0x00,0x3d,0xff,
  0xff,0xff,0xfe,0x40,0xdf,0xff,0xff,0xff,0xff,0xf1,0xdf,0xb5,0x10,0x29,0xff,0xf8,0x93,0x00,0x00,0x00,0x8f,0xfc,0x00,0x00,
  0x00,0x00,0x3f,0xfc,0x00,0x00,0x00,0x00,0x4f,0xfa,0x00,0x00,0x00,0x00,0xcf,0xf3,0x00,0x00,0x00,0x0b,0xff,0x80,0x00,0x00,
  0x01,0xcf,0xfa,0x00,0x00,0x00,0x1c,0xff,0x90,0x00,0x00,0x00,0xaf,0xf8,0x00,0x00,0x00,0x00,0xff,0xd0,0x00,0x00,0x00,0x02,
  0xff,0xa0,0x00,0x00,0x00,0x03,0xff,0x90,0x00,0x00,0x00,0x03,0xff,0x90,0x00,0x00,0x00,0x00,0x00,0x00,0x00,0x00,0x00,0x00,
  0x00,0x00,0x00,0x00,0x00,0x04,0xff,0xb0,0x00,0x00,0x00,0x04,0xff,0xb0,0x00,0x00,0x00,0x04,0xff,0xb0,0x00,0x00,0x00,0x04,
  0xff,0xb0,0x00,0x00,0x00,0x00,0x00,0x00,0x16,0xad,0xef,0xfd,0xa6,0x10,0x00,0x00,0x00,0x00,0x00,0x00,0x2a,0xff,0xff,0xff,
  0xff,0xff,0xf9,0x10,0x00,0x00,0x00,0x00,0x08,0xff,0xff,0xff,0xff,0xff,0xff,0xff,0xf6,0x00,0x00,0x00,0x01,0xbf,0xff,0xe9,
  0x52,0x10,0x12,0x5a,0xef,0xff,0x80,0x00,0x00,0x0c,0xff,0xe6,0x00,0x00,0x00,0x00,0x00,0x08,0xff,0xf7,0x00,0x00,0x9f,0xfc,
  0x10,0x00,0x00,0x00,0x00,0x00,0x00,0x2d,0xff,0x30,0x03,0xff,0xb0,0x00,0x00,0x00,0x00,0x00,0x00,0x00,0x01,0xdf,0xc0,0x0c,
  0xfd,0x10,0x00,0x03,0xae,0xfd,0x81,0x0d,0xf3,0x00,0x2f,0xf3,0x3f,0xf3,0x00,0x00,0x6f,0xff,0xff,0xfd,0x1d,0xf3,0x00,0x0a,
  0xf8,0x7f,0xb0,0x00,0x03,0xff,0xff,0xff,0xff,0xbd,0xf3,0x00,0x05,0xfc,0xcf,0x60,0x00,0x0b,0xff,0xa3,0x10,0x3a,0xff,0xf3,
  0x00,0x03,0xfd,0xdf,0x20,0x00,0x0f,0xf9,0x00,0x00,0x00,0x8f,0xf3,0x00,0x04,0xfd,0xff,0x10,0x00,0x2f,0xf3,0x00,0x00,0x00,
  0x2f,0xf3,0x00,0x06,0xfc,0xff,0x10,0x00,0x2f,0xf3,0x00,0x00,0x00,0x2f,0xf3,0x00,0x0d,0xf8,0xef,0x30,0x00,0x0f,0xf9,0x00,
  0x00,0x00,0x8f,0xf3,0x00,0x9f,0xf3,0xcf,0x60,0x00,0x0b,0xff,0xa3,0x10,0x39,0xff,0xf4,0x4c,0xff,0xa0,0x8f,0xb0,0x00,0x03,
  0xff,0xff,0xff,0xff,0xbd,0xff,0xff,0xfc,0x00,0x3f,0xf3,0x00,0x00,0x6f,0xff,0xff,0xfd,0x1d,0xff,0xff,0x90,0x00,0x0d,0xfc,
  0x00,0x00,0x03,0xae,0xfd,0x81,0x0d,0xeb,0x71,0x00,0x00,0x04,0xff,0xa0,0x00,0x00,0x00,0x00,0x00,0x00,0x00,0x00,0x00,0x00,
  0x00,0xaf,0xfb,0x10,0x00,0x00,0x00,0x00,0x00,0x00,0x00,0x00,0x00,0x00,0x0c,0xff,0xe5,0x00,0x00,0x00,0x00,0x00,0x19,0x90,
  0x00,0x00,0x00,0x01,0xcf,0xff,0xe8,0x42,0x00,0x13,0x6b,0xff,0xf4,0x00,0x00,0x00,0x00,0x0a,0xff,0xff,0xff,0xff,0xff,0xff,
  0xff,0xb1,0x00,0x00,0x00,0x00,0x00,0x3c,0xff,0xff,0xff,0xff,0xff,0xd5,0x00,0x00,0x00,0x00,0x00,0x00,0x00,0x27,0xbd,0xff,
  0xec,0x83,0x00,0x00,0x00,0x00,0x00,0x00,0x00,0x00,0x9f,0xff,0x20,0x00,0x00,0x00,0x00,0x00,0x00,0x00,0x00,0xff,0xff,0x80,
  0x00,0x00,0x00,0x00,0x00,0x00,0x00,0x05,0xff,0xff,0xe0,0x00,0x00,0x00,0x00,0x00,0x00,0x00,0x0c,0xff,0xaf,0xf4,0x00,0x00,
  0x00,0x00,0x00,0x00,0x00,0x2f,0xfa,0x3f,0xfa,0x00,0x00,0x00,0x00,0x00,0x00,0x00,0x8f,0xf5,0x0d,0xff,0x00,0x00,0x00,0x00,
  0x00,0x00,0x00,0xef,0xe0,0x07,0xff,0x60,0x00,0x00,0x00,0x00,0x00,0x04,0xff,0x90,0x01,0xff,0xc0,0x00,0x00,0x00,0x00,0x00,
  0x0a,0xff,0x30,0x00,0xbf,0xf2,0x00,0x00,0x00,0x00,0x00,0x0f,0xfd,0x00,0x00,0x5f,0xf8,0x00,0x00,0x00,0x00,0x00,0x6f,0xf8,
  0x00,0x00,0x0f,0xfe,0x00,0x00,0x00,0x00,0x00,0xcf,0xf2,0x00,0x00,0x0a,0xff,0x40,0x00,0x00,0x00,0x02,0xff,0xc0,0x00,0x00,
  0x04,0xff,0xa0,0x00,0x00,0x00,0x08,0xff,0x60,0x00,0x00,0x00,0xef,0xf1,0x00,0x00,0x00,0x0e,0xff,0xff,0xff,0xff,0xff,0xff,
  0xf6,0x00,0x00,0x00,0x4f,0xff,0xff,0xff,0xff,0xff,0xff,0xfd,0x00,0x00,0x00,0xaf,0xff,0xff,0xff,0xff,0xff,0xff,0xff,0x30,
  0x00,0x01,0xff,0xf2,0x00,0x00,0x00,0x00,0x09,0xff,0x90,0x00,0x07,0xff,0xb0,0x00,0x00,0x00,0x00,0x03,0xff,0xe0,0x00,0x0d,
  0xff,0x50,0x00,0x00,0x00,0x00,0x00,0xcf,0xf5,0x00,0x3f,0xfe,0x00,0x00,0x00,0x00,0x00,0x00,0x6f,0xfb,0x00,0x9f,0xf8,0x00,
  0x00,0x00,0x00,0x00,0x00,0x0f,0xff,0x10,0x1f,0xff,0xff,0xff,0xff,0xd9,0x40,0x00,0x00,0x1f,0xff,0xff,0xff,0xff,0xff,0xfa,
  0x00,0x00,0x1f,0xff,0xff,0xff,0xff,0xff,0xff,0xa0,0x00,0x1f,0xfe,0x00,0x00,0x01,0x4c,0xff,0xf2,0x00,0x1f,0xfe,0x00,0x00,
  0x00,0x00,0xcf,0xf7,0x00,0x1f,0xfe,0x00,0x00,0x00,0x00,0x7f,0xf8,0x00,0x1f,0xfe,0x00,0x00,0x00,0x00,0x7f,0xf6,0x00,0x1f,
  0xfe,0x00,0x00,0x00,0x00,0xcf,0xf3,0x00,0x1f,0xfe,0x00,0x00,0x01,0x4c,0xff,0xb0,0x00,0x1f,0xff,0xff,0xff,0xff,0xff,0xfb,
  0x00,0x00,0x1f,0xff,0xff,0xff,0xff,0xff,0x81,0x00,0x00,0x1f,0xff,0xff,0xff,0xff,0xff,0xff,0x60,0x00,0x1f,0xfe,0x00,0x00,
  0x00,0x27,0xff,0xf6,0x00,0x1f,0xfe,0x00,0x00,0x00,0x00,0x3f,0xfe,0x00,0x1f,0xfe,0x00,0x00,0x00,0x00,0x0c,0xff,0x40,0x1f,
  0xfe,0x00,0x00,0x00,0x00,0x0a,0xff,0x60,0x1f,0xfe,0x00,0x00,0x00,0x00,0x0c,0xff,0x60,0x1f,0xfe,0x00,0x00,0x00,0x00,0x4f,
  0xff,0x40,0x1f,0xfe,0x00,0x00,0x00,0x27,0xff,0xfe,0x00,0x1f,0xff,0xff,0xff,0xff,0xff,0xff,0xf5,0x00,0x1f,0xff,0xff,0xff,
  0xff,0xff,0xfe,0x50,0x00,0x1f,0xff,0xff,0xff,0xff,0xeb,0x61,0x00,0x00,0x00,0x00,0x00,0x16,0xad,0xef,0xed,0x95,0x00,0x00,
  0x00,0x00,0x08,0xff,0xff,0xff,0xff,0xff,0xe7,0x00,0x00,0x01,0xcf,0xff,0xff,0xff,0xff,0xff,0xff,0x50,0x00,0x0d,0xff,0xfd,
  0x73,0x10,0x12,0x5a,0xff,0x50,0x00,0xaf,0xff,0x70,0x00,0x00,0x00,0x00,0x08,0x40,0x02,0xff,0xf7,0x00,0x00,0x00,0x00,0x00,
  0x00,0x00,0x09,0xff,0xc0,0x00,0x00,0x00,0x00,0x00,0x00,0x00,0x0d,0xff,0x50,0x00,0x00,0x00,0x00,0x00,0x00,0x00,0x1f,0xff,
  0x10,0x00,0x00,0x00,0x00,0x00,0x00,0x00,0x3f,0xfe,0x00,0x00,0x00,0x00,0x00,0x00,0x00,0x00,0x4f,0xfd,0x00,0x00,0x00,0x00,
  0x00,0x00,0x00,0x00,0x4f,0xfd,0x00,0x00,0x00,0x00,0x00,0x00,0x00,0x00,0x3f,0xfe,0x00,0x00,0x00,0x00,0x00,0x00,0x00,0x00,
  0x1f,0xff,0x10,0x00,0x00,0x00,0x00,0x00,0x00,0x00,0x0d,0xff,0x50,0x00,0x00,0x00,0x00,0x00,0x00,0x00,0x09,0xff,0xc0,0x00,
  0x00,0x00,0x00,0x00,0x00,0x00,0x02,0xff,0xf7,0x00,0x00,0x00,0x00,0x00,0x00,0x00,0x00,0xaf,0xff,0x70,0x00,0x00,0x00,0x00,
  0x08,0x40,0x00,0x0d,0xff,0xfd,0x73,0x10,0x12,0x5a,0xff,0x50,0x00,0x01,0xcf,0xff,0xff,0xff,0xff,0xff,0xff,0x50,0x00,0x00,
  0x08,0xff,0xff,0xff,0xff,0xff,0xe7,0x00,0x00,0x00,0x00,0x16,0xad,0xef,0xed,0x95,0x00,0x00,0x1f,0xff,0xff,0xff,0xed,0xb8,
  0x50,0x00,0x00,0x00,0x1f,0xff,0xff,0xff,0xff,0xff,0xfe,0x80,0x00,0x00,0x1f,0xff,0xff,0xff,0xff,0xff,0xff,0xfd,0x30,0x00,
  0x1f,0xfe,0x00,0x00,0x02,0x48,0xef,0xff,0xe2,0x00,0x1f,0xfe,0x00,0x00,0x00,0x00,0x08,0xff,0xfc,0x00,0x1f,0xfe,0x00,0x00,
  0x00,0x00,0x00,0x6f,0xff,0x40,0x1f,0xfe,0x00,0x00,0x00,0x00,0x00,0x0c,0xff,0xb0,0x1f,0xfe,0x00,0x00,0x00,0x00,0x00,0x05,
  0xff,0xe0,0x1f,0xfe,0x00,0x00,0x00,0x00,0x00,0x01,0xff,0xf2,0x1f,0xfe,0x00,0x00,0x00,0x00,0x00,0x00,0xef,0xf3,0x1f,0xfe,
  0x00,0x00,0x00,0x00,0x00,0x00,0xdf,0xf4,0x1f,0xfe,0x00,0x00,0x00,0x00,0x00,0x00,0xdf,0xf4,0x1f,0xfe,0x00,0x00,0x00,0x00,
  0x00,0x00,0xef,0xf3,0x1f,0xfe,0x00,0x00,0x00,0x00,0x00,0x01,0xff,0xf2,0x1f,0xfe,0x00,0x00,0x00,0x00,0x00,0x05,0xff,0xe0,
  0x1f,0xfe,0x00,0x00,0x00,0x00,0x00,0x0c,0xff,0xa0,0x1f,0xfe,0x00,0x00,0x00,0x00,0x00,0x6f,0xff,0x40,0x1f,0xfe,0x00,0x00,
  0x00,0x00,0x08,0xff,0xfc,0x00,0x1f,0xfe,0x00,0x00,0x01,0x48,0xef,0xff,0xe2,0x00,0x1f,0xff,0xff,0xff,0xff,0xff,0xff,0xfd,
  0x30,0x00,0x1f,0xff,0xff,0xff,0xff,0xff,0xfe,0x80,0x00,0x00,0x1f,0xff,0xff,0xff,0xed,0xb8,0x50,0x00,0x00,0x00,0x1f,0xff,
  0xff,0xff,0xff,0xff,0xff,0xc0,0x1f,0xff,0xff,0xff,0xff,0xff,0xff,0xc0,0x1f,0xff,0xff,0xff,0xff,0xff,0xff,0xc0,0x1f,0xfe,
  0x00,0x00,0x00,0x00,0x00,0x00,0x1f,0xfe,0x00,0x00,0x00,0x00,0x00,0x00,0x1f,0xfe,0x00,0x00,0x00,0x00,0x00,0x00,0x1f,0xfe,
  0x00,0x00,0x00,0x00,0x00,0x00,0x1f,0xfe,0x00,0x00,0x00,0x00,0x00,0x00,0x1f,0xfe,0x00,0x00,0x00,0x00,0x00,0x00,0x1f,0xff,
  0xff,0xff,0xff,0xff,0xff,0x50,0x1f,0xff,0xff,0xff,0xff,0xff,0xff,0x50,0x1f,0xff,0xff,0xff,0xff,0xff,0xff,0x50,0x1f,0xfe,
  0x00,0x00,0x00,0x00,0x00,0x00,0x1f,0xfe,0x00,0x00,0x00,0x00,0x00,0x00,0x1f,0xfe,0x00,0x00,0x00,0x00,0x00,0x00,0x1f,0xfe,
  0x00,0x00,0x00,0x00,0x00,0x00,0x1f,0xfe,0x00,0x00,0x00,0x00,0x00,0x00,0x1f,0xfe,0x00,0x00,0x00,0x00,0x00,0x00,0x1f,0xfe,
  0x00,0x00,0x00,0x00,0x00,0x00,0x1f,0xff,0xff,0xff,0xff,0xff,0xff,0xf0,0x1f,0xff,0xff,0xff,0xff,0xff,0xff,0xf0,0x1f,0xff,
  0xff,0xff,0xff,0xff,0xff,0xf0,0x1f,0xff,0xff,0xff,0xff,0xff,0xf8,0x1f,0xff,0xff,0xff,0xff,0xff,0xf8,0x1f,0xff,0xff,0xff,
  0xff,0xff,0xf8,0x1f,0xfe,0x00,0x00,0x00,0x00,0x00,0x1f,0xfe,0x00,0x00,0x00,0x00,0x00,0x1f,0xfe,0x00,0x00,0x00,0x00,0x00,
  0x1f,0xfe,0x00,0x00,0x00,0x00,0x00,0x1f,0xfe,0x00,0x00,0x00,0x00,0x00,0x1f,0xfe,0x00,0x00,0x00,0x00,0x00,0x1f,0xff,0xff,
  0xff,0xff,0xff,0x90,0x1f,0xff,0xff,0xff,0xff,0xff,0x90,0x1f,0xff,0xff,0xff,0xff,0xff,0x90,0x1f,0xfe,0x00,0x00,0x00,0x00,
  0x00,0x1f,0xfe,0x00,0x00,0x00,0x00,0x00,0x1f,0xfe,0x00,0x00,0x00,0x00,0x00,0x1f,0xfe,0x00,0x00,0x00,0x00,0x00,0x1f,0xfe,
  0x00,0x00,0x00,0x00,0x00,0x1f,0xfe,0x00,0x00,0x00,0x00,0x00,0x1f,0xfe,0x00,0x00,0x00,0x00,0x00,0x1f,0xfe,0x00,0x00,0x00,
  0x00,0x00,0x1f,0xfe,0x00,0x00,0x00,0x00,0x00,0x1f,0xfe,0x00,0x00,0x00,0x00,0x00,0x00,0x00,0x00,0x16,0xad,0xef,0xfd,0xb8,
  0x30,0x00,0x00,0x00,0x08,0xff,0xff,0xff,0xff,0xff,0xfd,0x50,0x00,0x01,0xcf,0xff,0xff,0xff,0xff,0xff,0xff,0xf3,0x00,0x0d,
  0xff,0xfe,0x73,0x10,0x01,0x47,0xcf,0xf3,0x00,0xaf,0xff,0x70,0x00,0x00,0x00,0x00,0x02,0xa3,0x02,0xff,0xf7,0x00,0x00,0x00,
  0x00,0x00,0x00,0x00,0x09,0xff,0xc0,0x00,0x00,0x00,0x00,0x00,0x00,0x00,0x0d,0xff,0x50,0x00,0x00,0x00,0x00,0x00,0x00,0x00,
  0x1f,0xff,0x10,0x00,0x00,0x00,0x00,0x00,0x00,0x00,0x3f,0xfe,0x00,0x00,0x00,0x00,0x00,0x00,0x00,0x00,0x4f,0xfd,0x00,0x00,
  0x00,0x00,0xff,0xff,0xff,0xfc,0x4f,0xfd,0x00,0x00,0x00,0x00,0xff,0xff,0xff,0xfc,0x3f,0xfe,0x00,0x00,0x00,0x00,0xff,0xff,
  0xff,0xfc,0x1f,0xff,0x10,0x00,0x00,0x00,0x00,0x00,0x2f,0xfc,0x0d,0xff,0x50,0x00,0x00,0x00,0x00,0x00,0x2f,0xfc,0x09,0xff,
  0xc0,0x00,0x00,0x00,0x00,0x00,0x2f,0xfc,0x02,0xff,0xf6,0x00,0x00,0x00,0x00,0x00,0x2f,0xfc,0x00,0xaf,0xff,0x70,0x00,0x00,
  0x00,0x00,0x2f,0xfc,0x00,0x0d,0xff,0xfd,0x73,0x10,0x01,0x38,0xdf,0xfc,0x00,0x01,0xcf,0xff,0xff,0xff,0xff,0xff,0xff,0xd3,
  0x00,0x00,0x08,0xff,0xff,0xff,0xff,0xff,0xf8,0x00,0x00,0x00,0x00,0x16,0xad,0xef,0xed,0xa5,0x00,0x00,0x1f,0xfe,0x00,0x00,
  0x00,0x00,0x00,0x5f,0xf9,0x1f,0xfe,0x00,0x00,0x00,0x00,0x00,0x5f,0xf9,0x1f,0xfe,0x00,0x00,0x00,0x00,0x00,0x5f,0xf9,0x1f,
  0xfe,0x00,0x00,0x00,0x00,0x00,0x5f,0xf9,0x1f,0xfe,0x00,0x00,0x00,0x00,0x00,0x5f,0xf9,0x1f,0xfe,0x00,0x00,0x00,0x00,0x00,
  0x5f,0xf9,0x1f,0xfe,0x00,0x00,0x00,0x00,0x00,0x5f,0xf9,0x1f,0xfe,0x00,0x00,0x00,0x00,0x00,0x5f,0xf9,0x1f,0xfe,0x00,0x00,
  0x00,0x00,0x00,0x5f,0xf9,0x1f,0xff,0xff,0xff,0xff,0xff,0xff,0xff,0xf9,0x1f,0xff,0xff,0xff,0xff,0xff,0xff,0xff,0xf9,0x1f,
  0xff,0xff,0xff,0xff,0xff,0xff,0xff,0xf9,0x1f,0xfe,0x00,0x00,0x00,0x00,0x00,0x5f,0xf9,0x1f,0xfe,0x00,0x00,0x00,0x00,0x00,
  0x5f,0xf9,0x1f,0xfe,0x00,0x00,0x00,0x00,0x00,0x5f,0xf9,0x1f,0xfe,0x00,0x00,0x00,0x00,0x00,0x5f,0xf9,0x1f,0xfe,0x00,0x00,
  0x00,0x00,0x00,0x5f,0xf9,0x1f,0xfe,0x00,0x00,0x00,0x00,0x00,0x5f,0xf9,0x1f,0xfe,0x00,0x00,0x00,0x00,0x00,0x5f,0xf9,0x1f,
  0xfe,0x00,0x00,0x00,0x00,0x00,0x5f,0xf9,0x1f,0xfe,0x00,0x00,0x00,0x00,0x00,0x5f,0xf9,0x1f,0xfe,0x00,0x00,0x00,0x00,0x00,
  0x5f,0xf9,0x1f,0xfe,0x1f,0xfe,0x1f,0xfe,0x1f,0xfe,0x1f,0xfe,0x1f,0xfe,0x1f,0xfe,0x1f,0xfe,0x1f,0xfe,0x1f,0xfe,0x1f,0xfe,
  0x1f,0xfe,0x1f,0xfe,0x1f,0xfe,0x1f,0xfe,0x1f,0xfe,0x1f,0xfe,0x1f,0xfe,0x1f,0xfe,0x1f,0xfe,0x1f,0xfe,0x1f,0xfe,0x00,0x00,
  0x1f,0xfe,0x00,0x00,0x1f,0xfe,0x00,0x00,0x1f,0xfe,0x00,0x00,0x1f,0xfe,0x00,0x00,0x1f,0xfe,0x00,0x00,0x1f,0xfe,0x00,0x00,
  0x1f,0xfe,0x00,0x00,0x1f,0xfe,0x00,0x00,0x1f,0xfe,0x00,0x00,0x1f,0xfe,0x00,0x00,0x1f,0xfe,0x00,0x00,0x1f,0xfe,0x00,0x00,
  0x1f,0xfe,0x00,0x00,0x1f,0xfe,0x00,0x00,0x1f,0xfe,0x00,0x00,0x1f,0xfe,0x00,0x00,0x1f,0xfe,0x00,0x00,0x1f,0xfe,0x00,0x00,
  0x1f,0xfe,0x00,0x00,0x1f,0xfe,0x00,0x00,0x1f,0xfe,0x00,0x00,0x2f,0xfd,0x00,0x00,0x4f,0xfb,0x00,0x00,0xaf,0xf8,0x00,0x28,
  0xff,0xf3,0x8f,0xff,0xff,0xc0,0x8f,0xff,0xfd,0x20,0x8f,0xec,0x70,0x00,0x1f,0xfe,0x00,0x00,0x00,0x00,0x0c,0xff,0xd2,0x00,
  0x1f,0xfe,0x00,0x00,0x00,0x01,0xcf,0xfd,0x10,0x00,0x1f,0xfe,0x00,0x00,0x00,0x1d,0xff,0xc1,0x00,0x00,0x1f,0xfe,0x00,0x00,
  0x01,0xdf,0xfc,0x00,0x00,0x00,0x1f,0xfe,0x00,0x00,0x2e,0xff,0xb0,0x00,0x00,0x00,0x1f,0xfe,0x00,0x02,0xef,0xfa,0x00,0x00,
  0x00,0x00,0x1f,0xfe,0x00,0x3e,0xff,0xa0,0x00,0x00,0x00,0x00,0x1f,0xfe,0x03,0xff,0xf9,0x00,0x00,0x00,0x00,0x00,0x1f,0xfe,
  0x4f,0xff,0x80,0x00,0x00,0x00,0x00,0x00,0x1f,0xff,0xff,0xf7,0x00,0x00,0x00,0x00,0x00,0x00,0x1f,0xff,0xff,0xe1,0x00,0x00,
  0x00,0x00,0x00,0x00,0x1f,0xff,0xef,0xfd,0x10,0x00,0x00,0x00,0x00,0x00,0x1f,0xfe,0x2e,0xff,0xd1,0x00,0x00,0x00,0x00,0x00,
  0x1f,0xfe,0x02,0xef,0xfc,0x10,0x00,0x00,0x00,0x00,0x1f,0xfe,0x00,0x2e,0xff,0xc1,0x00,0x00,0x00,0x00,0x1f,0xfe,0x00,0x02,
  0xef,0xfc,0x10,0x00,0x00,0x00,0x1f,0xfe,0x00,0x00,0x2e,0xff,0xc0,0x00,0x00,0x00,0x1f,0xfe,0x00,0x00,0x02,0xef,0xfc,0x00,
  0x00,0x00,0x1f,0xfe,0x00,0x00,0x00,0x2e,0xff,0xc0,0x00,0x00,0x1f,0xfe,0x00,0x00,0x00,0x02,0xef,0xfc,0x00,0x00,0x1f,0xfe,
  0x00,0x00,0x00,0x00,0x2e,0xff,0xc0,0x00,0x1f,0xfe,0x00,0x00,0x00,0x00,0x02,0xef,0xfc,0x00,0x1f,0xfe,0x00,0x00,0x00,0x00,
  0x00,0x00,0x1f,0xfe,0x00,0x00,0x00,0x00,0x00,0x00,0x1f,0xfe,0x00,0x00,0x00,0x00,0x00,0x00,0x1f,0xfe,0x00,0x00,0x00,0x00,
  0x00,0x00,0x1f,0xfe,0x00,0x00,0x00,0x00,0x00,0x00,0x1f,0xfe,0x00,0x00,0x00,0x00,0x00,0x00,0x1f,0xfe,0x00,0x00,0x00,0x00,
  0x00,0x00,0x1f,0xfe,0x00,0x00,0x00,0x00,0x00,0x00,0x1f,0xfe,0x00,0x00,0x00,0x00,0x00,0x00,0x1f,0xfe,0x00,0x00,0x00,0x00,
  0x00,0x00,0x1f,0xfe,0x00,0x00,0x00,0x00,0x00,0x00,0x1f,0xfe,0x00,0x00,0x00,0x00,0x00,0x00,0x1f,0xfe,0x00,0x00,0x00,0x00,
  0x00,0x00,0x1f,0xfe,0x00,0x00,0x00,0x00,0x00,0x00,0x1f,0xfe,0x00,0x00,0x00,0x00,0x00,0x00,0x1f,0xfe,0x00,0x00,0x00,0x00,
  0x00,0x00,0x1f,0xfe,0x00,0x00,0x00,0x00,0x00,0x00,0x1f,0xfe,0x00,0x00,0x00,0x00,0x00,0x00,0x1f,0xfe,0x00,0x00,0x00,0x00,
  0x00,0x00,0x1f,0xff,0xff,0xff,0xff,0xff,0xff,0x80,0x1f,0xff,0xff,0xff,0xff,0xff,0xff,0x80,0x1f,0xff,0xff,0xff,0xff,0xff,
  0xff,0x80,0x1f,0xff,0xf8,0x00,0x00,0x00,0x00,0x00,0xaf,0xff,0xf0,0x1f,0xff,0xfe,0x00,0x00,0x00,0x00,0x00,0xff,0xff,0xf0,
  0x1f,0xff,0xff,0x40,0x00,0x00,0x00,0x06,0xff,0xff,0xf0,0x1f,0xfd,0xef,0xa0,0x00,0x00,0x00,0x0b,0xfc,0xff,0xf0,0x1f,0xfd,
  0x8f,0xf0,0x00,0x00,0x00,0x1f,0xf6,0xff,0xf0,0x1f,0xfd,0x2f,0xf6,0x00,0x00,0x00,0x7f,0xf1,0xff,0xf0,0x1f,0xfd,0x0c,0xfb,
  0x00,0x00,0x00,0xdf,0xa0,0xff,0xf0,0x1f,0xfd,0x06,0xff,0x10,0x00,0x03,0xff,0x40,0xff,0xf0,0x1f,0xfd,0x01,0xff,0x70,0x00,
  0x09,0xfe,0x00,0xff,0xf0,0x1f,0xfd,0x00,0xaf,0xd0,0x00,0x0e,0xf8,0x00,0xff,0xf0,0x1f,0xfd,0x00,0x5f,0xf3,0x00,0x5f,0xf3,
  0x00,0xff,0xf0,0x1f,0xfd,0x00,0x0e,0xf9,0x00,0xbf,0xd0,0x00,0xff,0xf0,0x1f,0xfd,0x00,0x09,0xfe,0x01,0xff,0x70,0x00,0xff,
  0xf0,0x1f,0xfd,0x00,0x03,0xff,0x57,0xff,0x10,0x00,0xff,0xf0,0x1f,0xfd,0x00,0x00,0xdf,0xbd,0xfb,0x00,0x00,0xff,0xf0,0x1f,
  0xfd,0x00,0x00,0x7f,0xff,0xf5,0x00,0x00,0xff,0xf0,0x1f,0xfd,0x00,0x00,0x1f,0xff,0xf0,0x00,0x00,0xff,0xf0,0x1f,0xfd,0x00,
  0x00,0x0b,0xff,0x90,0x00,0x00,0xff,0xf0,0x1f,0xfd,0x00,0x00,0x00,0x00,0x00,0x00,0x00,0xff,0xf0,0x1f,0xfd,0x00,0x00,0x00,
  0x00,0x00,0x00,0x00,0xff,0xf0,0x1f,0xfd,0x00,0x00,0x00,0x00,0x00,0x00,0x00,0xff,0xf0,0x1f,0xfd,0x00,0x00,0x00,0x00,0x00,
  0x00,0x00,0xff,0xf0,0x1f,0xff,0xf3,0x00,0x00,0x00,0x00,0x6f,0xf8,0x1f,0xff,0xfb,0x00,0x00,0x00,0x00,0x6f,0xf8,0x1f,0xff,
  0xff,0x30,0x00,0x00,0x00,0x6f,0xf8,0x1f,0xff,0xff,0xc0,0x00,0x00,0x00,0x6f,0xf8,0x1f,0xfd,0xbf,0xf4,0x00,0x00,0x00,0x6f,
  0xf8,0x1f,0xfd,0x3f,0xfd,0x00,0x00,0x00,0x6f,0xf8,0x1f,0xfd,0x0a,0xff,0x50,0x00,0x00,0x6f,0xf8,0x1f,0xfd,0x02,0xff,0xd0,
  0x00,0x00,0x6f,0xf8,0x1f,0xfd,0x00,0x9f,0xf6,0x00,0x00,0x6f,0xf8,0x1f,0xfd,0x00,0x1f,0xfe,0x00,0x00,0x6f,0xf8,0x1f,0xfd,
  0x00,0x08,0xff,0x70,0x00,0x6f,0xf8,0x1f,0xfd,0x00,0x01,0xff,0xe0,0x00,0x6f,0xf8,0x1f,0xfd,0x00,0x00,0x7f,0xf8,0x00,0x6f,
  0xf8,0x1f,0xfd,0x00,0x00,0x0e,0xff,0x10,0x6f,0xf8,0x1f,0xfd,0x00,0x00,0x07,0xff,0x90,0x6f,0xf8,0x1f,0xfd,0x00,0x00,0x00,
  0xef,0xf1,0x6f,0xf8,0x1f,0xfd,0x00,0x00,0x00,0x6f,0xf9,0x6f,0xf8,0x1f,0xfd,0x00,0x00,0x00,0x0d,0xff,0x8f,0xf8,0x1f,0xfd,
  0x00,0x00,0x00,0x05,0xff,0xff,0xf8,0x1f,0xfd,0x00,0x00,0x00,0x00,0xcf,0xff,0xf8,0x1f,0xfd,0x00,0x00,0x00,0x00,0x4f,0xff,
  0xf8,0x1f,0xfd,0x00,0x00,0x00,0x00,0x0b,0xff,0xf8,0x00,0x00,0x00,0x27,0xce,0xff,0xda,0x60,0x00,0x00,0x00,0x00,0x00,0x19,
  0xff,0xff,0xff,0xff,0xfe,0x60,0x00,0x00,0x00,0x02,0xdf,0xff,0xff,0xff,0xff,0xff,0xf9,0x00,0x00,0x00,0x0d,0xff,0xfc,0x62,
  0x00,0x37,0xef,0xff,0x80,0x00,0x00,0xaf,0xff,0x70,0x00,0x00,0x00,0x1b,0xff,0xf4,0x00,0x02,0xff,0xf7,0x00,0x00,0x00,0x00,
  0x00,0xcf,0xfc,0x00,0x09,0xff,0xc0,0x00,0x00,0x00,0x00,0x00,0x3f,0xff,0x30,0x0d,0xff,0x60,0x00,0x00,0x00,0x00,0x00,0x0c,
  0xff,0x70,0x1f,0xff,0x10,0x00,0x00,0x00,0x00,0x00,0x07,0xff,0xb0,0x3f,0xfe,0x00,0x00,0x00,0x00,0x00,0x00,0x04,0xff,0xd0,
  0x4f,0xfd,0x00,0x00,0x00,0x00,0x00,0x00,0x03,0xff,0xe0,0x4f,0xfd,0x00,0x00,0x00,0x00,0x00,0x00,0x03,0xff,0xe0,0x3f,0xfe,
  0x00,0x00,0x00,0x00,0x00,0x00,0x04,0xff,0xd0,0x1f,0xff,0x10,0x00,0x00,0x00,0x00,0x00,0x07,0xff,0xb0,0x0e,0xff,0x50,0x00,
  0x00,0x00,0x00,0x00,0x0c,0xff,0x70,0x09,0xff,0xc0,0x00,0x00,0x00,0x00,0x00,0x3f,0xff,0x30,0x02,0xff,0xf7,0x00,0x00,0x00,
  0x00,0x00,0xcf,0xfc,0x00,0x00,0xaf,0xff,0x60,0x00,0x00,0x00,0x0b,0xff,0xf4,0x00,0x00,0x1e,0xff,0xfc,0x51,0x00,0x37,0xef,
  0xff,0x80,0x00,0x00,0x02,0xdf,0xff,0xff,0xff,0xff,0xff,0xf9,0x00,0x00,0x00,0x00,0x1a,0xff,0xff,0xff,0xff,0xfe,0x60,0x00,
  0x00,0x00,0x00,0x00,0x27,0xce,0xff,0xda,0x60,0x00,0x00,0x00,0x1f,0xff,0xff,0xff,0xfd,0xa5,0x00,0x00,0x1f,0xff,0xff,0xff,
  0xff,0xff,0xc1,0x00,0x1f,0xff,0xff,0xff,0xff,0xff,0xfd,0x00,0x1f,0xfe,0x00,0x00,0x14,0xcf,0xff,0x70,0x1f,0xfe,0x00,0x00,
  0x00,0x0a,0xff,0xc0,0x1f,0xfe,0x00,0x00,0x00,0x03,0xff,0xf0,0x1f,0xfe,0x00,0x00,0x00,0x01,0xff,0xf0,0x1f,0xfe,0x00,0x00,
  0x00,0x03,0xff,0xf0,0x1f,0xfe,0x00,0x00,0x00,0x0a,0xff,0xc0,0x1f,0xfe,0x00,0x00,0x14,0xcf,0xff,0x70,0x1f,0xff,0xff,0xff,
  0xff,0xff,0xfd,0x00,0x1f,0xff,0xff,0xff,0xff,0xff,0xc2,0x00,0x1f,0xff,0xff,0xff,0xfd,0xa5,0x00,0x00,0x1f,0xfe,0x00,0x00,
  0x00,0x00,0x00,0x00,0x1f,0xfe,0x00,0x00,0x00,0x00,0x00,0x00,0x1f,0xfe,0x00,0x00,0x00,0x00,0x00,0x00,0x1f,0xfe,0x00,0x00,
  0x00,0x00,0x00,0x00,0x1f,0xfe,0x00,0x00,0x00,0x00,0x00,0x00,0x1f,0xfe,0x00,0x00,0x00,0x00,0x00,0x00,0x1f,0xfe,0x00,0x00,
  0x00,0x00,0x00,0x00,0x1f,0xfe,0x00,0x00,0x00,0x00,0x00,0x00,0x1f,0xfe,0x00,0x00,0x00,0x00,0x00,0x00,0x00,0x00,0x00,0x27,
  0xce,0xff,0xda,0x60,0x00,0x00,0x00,0x00,0x00,0x19,0xff,0xff,0xff,0xff,0xfe,0x60,0x00,0x00,0x00,0x02,0xdf,0xff,0xff,0xff,
  0xff,0xff,0xf9,0x00,0x00,0x00,0x0d,0xff,0xfc,0x62,0x00,0x37,0xef,0xff,0x90,0x00,0x00,0xaf,0xff,0x70,0x00,0x00,0x00,0x1b,
  0xff,0xf4,0x00,0x02,0xff,0xf7,0x00,0x00,0x00,0x00,0x00,0xcf,0xfc,0x00,0x09,0xff,0xc0,0x00,0x00,0x00,0x00,0x00,0x3f,0xff,
  0x30,0x0d,0xff,0x60,0x00,0x00,0x00,0x00,0x00,0x0c,0xff,0x70,0x1f,0xff,0x10,0x00,0x00,0x00,0x00,0x00,0x07,0xff,0xb0,0x3f,
  0xfe,0x00,0x00,0x00,0x00,0x00,0x00,0x04,0xff,0xd0,0x4f,0xfd,0x00,0x00,0x00,0x00,0x00,0x00,0x03,0xff,0xe0,0x4f,0xfd,0x00,
  0x00,0x00,0x00,0x00,0x00,0x03,0xff,0xe0,0x3f,0xfe,0x00,0x00,0x00,0x00,0x00,0x00,0x04,0xff,0xd0,0x1f,0xff,0x10,0x00,0x00,
  0x00,0x00,0x00,0x07,0xff,0xa0,0x0d,0xff,0x50,0x00,0x00,0x00,0x00,0x00,0x0c,0xff,0x70,0x09,0xff,0xc0,0x00,0x00,0x00,0x00,
  0x00,0x3f,0xff,0x20,0x02,0xff,0xf7,0x00,0x00,0x00,0x00,0x00,0xcf,0xfb,0x00,0x00,0xaf,0xff,0x60,0x00,0x00,0x00,0x0b,0xff,
  0xf2,0x00,0x00,0x1e,0xff,0xfc,0x51,0x00,0x37,0xef,0xff,0x60,0x00,0x00,0x02,0xdf,0xff,0xff,0xff,0xff,0xff,0xf6,0x00,0x00,
  0x00,0x00,0x1a,0xff,0xff,0xff,0xff,0xfb,0x20,0x00,0x00,0x00,0x00,0x00,0x27,0xce,0xff,0xff,0xf6,0x00,0x00,0x00,0x00,0x00,
  0x00,0x00,0x00,0x00,0x8f,0xff,0x20,0x00,0x00,0x00,0x00,0x00,0x00,0x00,0x00,0x0b,0xff,0xd1,0x00,0x00,0x00,0x00,0x00,0x00,
  0x00,0x00,0x01,0xdf,0xfb,0x00,0x00,0x00,0x00,0x00,0x00,0x00,0x00,0x00,0x2f,0xff,0x70,0x00,0x1f,0xff,0xff,0xff,0xfd,0xa5,
  0x00,0x00,0x00,0x1f,0xff,0xff,0xff,0xff,0xff,0xd2,0x00,0x00,0x1f,0xff,0xff,0xff,0xff,0xff,0xfe,0x10,0x00,0x1f,0xfe,0x00,
  0x00,0x03,0xaf,0xff,0x80,0x00,0x1f,0xfe,0x00,0x00,0x00,0x09,0xff,0xd0,0x00,0x1f,0xfe,0x00,0x00,0x00,0x02,0xff,0xf0,0x00,
  0x1f,0xfe,0x00,0x00,0x00,0x01,0xff,0xf0,0x00,0x1f,0xfe,0x00,0x00,0x00,0x02,0xff,0xe0,0x00,0x1f,0xfe,0x00,0x00,0x00,0x0a,
  0xff,0xb0,0x00,0x1f,0xfe,0x00,0x00,0x03,0xaf,0xff,0x30,0x00,0x1f,0xff,0xff,0xff,0xff,0xff,0xf6,0x00,0x00,0x1f,0xff,0xff,
  0xff,0xff,0xfc,0x30,0x00,0x00,0x1f,0xff,0xff,0xff,0xff,0xff,0x70,0x00,0x00,0x1f,0xfe,0x00,0x00,0x28,0xff,0xf6,0x00,0x00,
  0x1f,0xfe,0x00,0x00,0x00,0x4f,0xff,0x10,0x00,0x1f,0xfe,0x00,0x00,0x00,0x09,0xff,0x90,0x00,0x1f,0xfe,0x00,0x00,0x00,0x01,
  0xff,0xf2,0x00,0x1f,0xfe,0x00,0x00,0x00,0x00,0x8f,0xfa,0x00,0x1f,0xfe,0x00,0x00,0x00,0x00,0x0e,0xff,0x20,0x1f,0xfe,0x00,
  0x00,0x00,0x00,0x07,0xff,0xb0,0x1f,0xfe,0x00,0x00,0x00,0x00,0x00,0xef,0xf3,0x1f,0xfe,0x00,0x00,0x00,0x00,0x00,0x7f,0xfb,
  0x00,0x03,0x9c,0xef,0xed,0xc9,0x52,0x00,0x00,0xaf,0xff,0xff,0xff,0xff,0xff,0x10,0x0c,0xff,0xff,0xff,0xff,0xff,0xff,0x10,
  0x6f,0xff,0xb5,0x10,0x02,0x36,0xad,0x00,0xcf,0xf9,0x00,0x00,0x00,0x00,0x00,0x00,0xff,0xf1,0x00,0x00,0x00,0x00,0x00,0x00,
  0xff,0xf0,0x00,0x00,0x00,0x00,0x00,0x00,0xdf,0xf4,0x00,0x00,0x00,0x00,0x00,0x00,0x9f,0xfe,0x61,0x00,0x00,0x00,0x00,0x00,
  0x1e,0xff,0xff,0xda,0x63,0x00,0x00,0x00,0x02,0xcf,0xff,0xff,0xff,0xf9,0x20,0x00,0x00,0x04,0xae,0xff,0xff,0xff,0xf7,0x00,
  0x00,0x00,0x00,0x25,0x8c,0xff,0xff,0x50,0x00,0x00,0x00,0x00,0x00,0x2c,0xff,0xe0,0x00,0x00,0x00,0x00,0x00,0x01,0xff,0xf3,
  0x00,0x00,0x00,0x00,0x00,0x00,0xcf,0xf5,0x00,0x00,0x00,0x00,0x00,0x00,0xdf,0xf4,0x00,0x00,0x00,0x00,0x00,0x06,0xff,0xf2,
  0xdb,0x74,0x21,0x00,0x14,0xaf,0xff,0xc0,0xff,0xff,0xff,0xff,0xff,0xff,0xff,0x30,0xff,0xff,0xff,0xff,0xff,0xff,0xd3,0x00,
  0x14,0x8b,0xde,0xff,0xec,0x94,0x00,0x00,0x1f,0xff,0xff,0xff,0xff,0xff,0xff,0xff,0xff,0xf6,0x1f,0xff,0xff,0xff,0xff,0xff,
  0xff,0xff,0xff,0xf6,0x1f,0xff,0xff,0xff,0xff,0xff,0xff,0xff,0xff,0xf6,0x00,0x00,0x00,0x00,0x5f,0xfa,0x00,0x00,0x00,0x00,
  0x00,0x00,0x00,0x00,0x5f,0xfa,0x00,0x00,0x00,0x00,0x00,0x00,0x00,0x00,0x5f,0xfa,0x00,0x00,0x00,0x00,0x00,0x00,0x00,0x00,
  0x5f,0xfa,0x00,0x00,0x00,0x00,0x00,0x00,0x00,0x00,0x5f,0xfa,0x00,0x00,0x00,0x00,0x00,0x00,0x00,0x00,0x5f,0xfa,0x00,0x00,
  0x00,0x00,0x00,0x00,0x00,0x00,0x5f,0xfa,0x00,0x00,0x00,0x00,0x00,0x00,0x00,0x00,0x5f,0xfa,0x00,0x00,0x00,0x00,0x00,0x00,
  0x00,0x00,0x5f,0xfa,0x00,0x00,0x00,0x00,0x00,0x00,0x00,0x00,0x5f,0xfa,0x00,0x00,0x00,0x00,0x00,0x00,0x00,0x00,0x5f,0xfa,
  0x00,0x00,0x00,0x00,0x00,0x00,0x00,0x00,0x5f,0xfa,0x00,0x00,0x00,0x00,0x00,0x00,0x00,0x00,0x5f,0xfa,0x00,0x00,0x00,0x00,
  0x00,0x00,0x00,0x00,0x5f,0xfa,0x00,0x00,0x00,0x00,0x00,0x00,0x00,0x00,0x5f,0xfa,0x00,0x00,0x00,0x00,0x00,0x00,0x00,0x00,
  0x5f,0xfa,0x00,0x00,0x00,0x00,0x00,0x00,0x00,0x00,0x5f,0xfa,0x00,0x00,0x00,0x00,0x00,0x00,0x00,0x00,0x5f,0xfa,0x00,0x00,
  0x00,0x00,0x00,0x00,0x00,0x00,0x5f,0xfa,0x00,0x00,0x00,0x00,0x6f,0xf9,0x00,0x00,0x00,0x00,0x00,0xaf,0xf5,0x6f,0xf9,0x00,
  0x00,0x00,0x00,0x00,0xaf,0xf5,0x6f,0xf9,0x00,0x00,0x00,0x00,0x00,0xaf,0xf5,0x6f,0xf9,0x00,0x00,0x00,0x00,0x00,0xaf,0xf5,
  0x6f,0xf9,0x00,0x00,0x00,0x00,0x00,0xaf,0xf5,0x6f,0xf9,0x00,0x00,0x00,0x00,0x00,0xaf,0xf5,0x6f,0xf9,0x00,0x00,0x00,0x00,
  0x00,0xaf,0xf5,0x6f,0xf9,0x00,0x00,0x00,0x00,0x00,0xaf,0xf5,0x6f,0xf9,0x00,0x00,0x00,0x00,0x00,0xaf,0xf5,0x6f,0xf9,0x00,
  0x00,0x00,0x00,0x00,0xaf,0xf5,0x6f,0xf9,0x00,0x00,0x00,0x00,0x00,0xaf,0xf5,0x6f,0xf9,0x00,0x00,0x00,0x00,0x00,0xaf,0xf5,
  0x6f,0xf9,0x00,0x00,0x00,0x00,0x00,0xaf,0xf5,0x5f,0xf9,0x00,0x00,0x00,0x00,0x00,0xaf,0xf5,0x4f,0xfb,0x00,0x00,0x00,0x00,
  0x00,0xcf,0xf4,0x2f,0xfe,0x00,0x00,0x00,0x00,0x00,0xef,0xf2,0x0f,0xff,0x30,0x00,0x00,0x00,0x04,0xff,0xe0,0x0a,0xff,0xd1,
  0x00,0x00,0x00,0x1d,0xff,0x90,0x02,0xff,0xfd,0x62,0x00,0x26,0xef,0xff,0x20,0x00,0x7f,0xff,0xff,0xff,0xff,0xff,0xf6,0x00,
  0x00,0x06,0xff,0xff,0xff,0xff,0xff,0x50,0x00,0x00,0x00,0x17,0xbe,0xff,0xeb,0x70,0x00,0x00,0x9f,0xf8,0x00,0x00,0x00,0x00,
  0x00,0x00,0x0f,0xff,0x10,0x3f,0xfe,0x00,0x00,0x00,0x00,0x00,0x00,0x5f,0xfb,0x00,0x0d,0xff,0x40,0x00,0x00,0x00,0x00,0x00,
  0xbf,0xf5,0x00,0x07,0xff,0xa0,0x00,0x00,0x00,0x00,0x01,0xff,0xe0,0x00,0x01,0xff,0xf0,0x00,0x00,0x00,0x00,0x07,0xff,0x90,
  0x00,0x00,0xaf,0xf6,0x00,0x00,0x00,0x00,0x0d,0xff,0x30,0x00,0x00,0x4f,0xfc,0x00,0x00,0x00,0x00,0x3f,0xfd,0x00,0x00,0x00,
  0x0e,0xff,0x20,0x00,0x00,0x00,0x9f,0xf6,0x00,0x00,0x00,0x08,0xff,0x80,0x00,0x00,0x00,0xff,0xf1,0x00,0x00,0x00,0x02,0xff,
  0xd0,0x00,0x00,0x05,0xff,0xa0,0x00,0x00,0x00,0x00,0xcf,0xf4,0x00,0x00,0x0b,0xff,0x40,0x00,0x00,0x00,0x00,0x6f,0xfa,0x00,
  0x00,0x1f,0xfe,0x00,0x00,0x00,0x00,0x00,0x0f,0xff,0x00,0x00,0x7f,0xf8,0x00,0x00,0x00,0x00,0x00,0x0a,0xff,0x50,0x00,0xdf,
  0xf2,0x00,0x00,0x00,0x00,0x00,0x04,0xff,0xb0,0x03,0xff,0xc0,0x00,0x00,0x00,0x00,0x00,0x00,0xef,0xf2,0x09,0xff,0x60,0x00,
  0x00,0x00,0x00,0x00,0x00,0x8f,0xf7,0x0f,0xff,0x00,0x00,0x00,0x00,0x00,0x00,0x00,0x2f,0xfd,0x6f,0xfa,0x00,0x00,0x00,0x00,
  0x00,0x00,0x00,0x0c,0xff,0xef,0xf4,0x00,0x00,0x00,0x00,0x00,0x00,0x00,0x05,0xff,0xff,0xe0,0x00,0x00,0x00,0x00,0x00,0x00,
  0x00,0x00,0xff,0xff,0x80,0x00,0x00,0x00,0x00,0x00,0x00,0x00,0x00,0x9f,0xff,0x20,0x00,0x00,0x00,0x00,0xef,0xf1,0x00,0x00,
  0x00,0x00,0xff,0xf9,0x00,0x00,0x00,0x00,0x7f,0xf8,0xaf,0xf5,0x00,0x00,0x00,0x03,0xff,0xfd,0x00,0x00,0x00,0x00,0xbf,0xf4,
  0x6f,0xf9,0x00,0x00,0x00,0x07,0xff,0xff,0x10,0x00,0x00,0x00,0xef,0xf1,0x2f,0xfd,0x00,0x00,0x00,0x0b,0xfb,0xff,0x50,0x00,
  0x00,0x03,0xff,0xc0,0x0e,0xff,0x10,0x00,0x00,0x0e,0xf7,0xcf,0x90,0x00,0x00,0x07,0xff,0x80,0x0a,0xff,0x50,0x00,0x00,0x3f,
  0xf3,0x8f,0xd0,0x00,0x00,0x0a,0xff,0x40,0x06,0xff,0x90,0x00,0x00,0x6f,0xf0,0x4f,0xf1,0x00,0x00,0x0e,0xff,0x10,0x02,0xff,
  0xd0,0x00,0x00,0xaf,0xb0,0x0f,0xf5,0x00,0x00,0x2f,0xfc,0x00,0x00,0xef,0xf1,0x00,0x00,0xef,0x70,0x0c,0xf9,0x00,0x00,0x6f,
  0xf8,0x00,0x00,0xaf,0xf5,0x00,0x02,0xff,0x40,0x08,0xfd,0x00,0x00,0xaf,0xf4,0x00,0x00,0x6f,0xf9,0x00,0x06,0xff,0x00,0x04,
  0xff,0x10,0x00,0xef,0xf1,0x00,0x00,0x2f,0xfd,0x00,0x0a,0xfc,0x00,0x01,0xff,0x50,0x02,0xff,0xc0,0x00,0x00,0x0e,0xff,0x10,
  0x0e,0xf8,0x00,0x00,0xdf,0x90,0x06,0xff,0x80,0x00,0x00,0x0a,0xff,0x50,0x2f,0xf4,0x00,0x00,0x9f,0xd0,0x0a,0xff,0x40,0x00,
  0x00,0x06,0xff,0x90,0x6f,0xf0,0x00,0x00,0x5f,0xf1,0x0e,0xff,0x10,0x00,0x00,0x02,0xff,0xc0,0xaf,0xc0,0x00,0x00,0x1f,0xf5,
  0x2f,0xfc,0x00,0x00,0x00,0x00,0xef,0xf1,0xef,0x80,0x00,0x00,0x0d,0xf9,0x6f,0xf8,0x00,0x00,0x00,0x00,0xaf,0xf7,0xff,0x40,
  0x00,0x00,0x09,0xfd,0xaf,0xf4,0x00,0x00,0x00,0x00,0x6f,0xfe,0xff,0x10,0x00,0x00,0x06,0xff,0xef,0xf1,0x00,0x00,0x00,0x00,
  0x2f,0xff,0xfc,0x00,0x00,0x00,0x02,0xff,0xff,0xc0,0x00,0x00,0x00,0x00,0x0e,0xff,0xf9,0x00,0x00,0x00,0x00,0xef,0xff,0x80,
  0x00,0x00,0x00,0x00,0x0a,0xff,0xf5,0x00,0x00,0x00,0x00,0xaf,0xff,0x40,0x00,0x00,0x00,0xcf,0xf6,0x00,0x00,0x00,0x00,0x06,
  0xff,0xc0,0x00,0x2f,0xff,0x10,0x00,0x00,0x00,0x1f,0xff,0x20,0x00,0x07,0xff,0xb0,0x00,0x00,0x00,0xbf,0xf6,0x00,0x00,0x00,
  0xcf,0xf6,0x00,0x00,0x06,0xff,0xb0,0x00,0x00,0x00,0x2f,0xfe,0x10,0x00,0x2f,0xff,0x10,0x00,0x00,0x00,0x07,0xff,0xb0,0x00,
  0xcf,0xf5,0x00,0x00,0x00,0x00,0x00,0xcf,0xf5,0x07,0xff,0xb0,0x00,0x00,0x00,0x00,0x00,0x2f,0xfe,0x4f,0xfe,0x10,0x00,0x00,
  0x00,0x00,0x00,0x07,0xff,0xff,0xf5,0x00,0x00,0x00,0x00,0x00,0x00,0x00,0xdf,0xff,0xa0,0x00,0x00,0x00,0x00,0x00,0x00,0x00,
  0x5f,0xff,0x20,0x00,0x00,0x00,0x00,0x00,0x00,0x00,0xdf,0xff,0xa0,0x00,0x00,0x00,0x00,0x00,0x00,0x09,0xff,0xff,0xf5,0x00,
  0x00,0x00,0x00,0x00,0x00,0x4f,0xfd,0x3f,0xfe,0x10,0x00,0x00,0x00,0x00,0x01,0xef,0xf3,0x08,0xff,0xa0,0x00,0x00,0x00,0x00,
  0x0a,0xff,0x80,0x00,0xdf,0xf5,0x00,0x00,0x00,0x00,0x5f,0xfd,0x00,0x00,0x3f,0xfe,0x10,0x00,0x00,0x01,0xef,0xf2,0x00,0x00,
  0x08,0xff,0xa0,0x00,0x00,0x0b,0xff,0x70,0x00,0x00,0x00,0xdf,0xf4,0x00,0x00,0x6f,0xfc,0x00,0x00,0x00,0x00,0x3f,0xfe,0x00,
  0x02,0xff,0xf2,0x00,0x00,0x00,0x00,0x08,0xff,0x90,0x0c,0xff,0x60,0x00,0x00,0x00,0x00,0x00,0xdf,0xf4,0xbf,0xf7,0x00,0x00,
  0x00,0x00,0x00,0x2f,0xff,0x10,0x1f,0xff,0x20,0x00,0x00,0x00,0x00,0xcf,0xf6,0x00,0x06,0xff,0xc0,0x00,0x00,0x00,0x07,0xff,
  0xb0,0x00,0x00,0xbf,0xf7,0x00,0x00,0x00,0x2f,0xfe,0x10,0x00,0x00,0x1e,0xff,0x20,0x00,0x00,0xcf,0xf5,0x00,0x00,0x00,0x05,
  0xff,0xc0,0x00,0x07,0xff,0xb0,0x00,0x00,0x00,0x00,0xbf,0xf7,0x00,0x2f,0xfe,0x10,0x00,0x00,0x00,0x00,0x1e,0xff,0x20,0xcf,
  0xf5,0x00,0x00,0x00,0x00,0x00,0x05,0xff,0xc7,0xff,0xa0,0x00,0x00,0x00,0x00,0x00,0x00,0xaf,0xff,0xfe,0x10,0x00,0x00,0x00,
  0x00,0x00,0x00,0x1e,0xff,0xf5,0x00,0x00,0x00,0x00,0x00,0x00,0x00,0x06,0xff,0xb0,0x00,0x00,0x00,0x00,0x00,0x00,0x00,0x05,
  0xff,0xa0,0x00,0x00,0x00,0x00,0x00,0x00,0x00,0x05,0xff,0xa0,0x00,0x00,0x00,0x00,0x00,0x00,0x00,0x05,0xff,0xa0,0x00,0x00,
  0x00,0x00,0x00,0x00,0x00,0x05,0xff,0xa0,0x00,0x00,0x00,0x00,0x00,0x00,0x00,0x05,0xff,0xa0,0x00,0x00,0x00,0x00,0x00,0x00,
  0x00,0x05,0xff,0xa0,0x00,0x00,0x00,0x00,0x00,0x00,0x00,0x05,0xff,0xa0,0x00,0x00,0x00,0x00,0x00,0x00,0x00,0x05,0xff,0xa0,
  0x00,0x00,0x00,0x00,0x00,0x00,0x00,0x05,0xff,0xa0,0x00,0x00,0x00,0x00,0x00,0x00,0x00,0x05,0xff,0xa0,0x00,0x00,0x00,0x00,
  0x5f,0xff,0xff,0xff,0xff,0xff,0xff,0xff,0xfe,0x00,0x5f,0xff,0xff,0xff,0xff,0xff,0xff,0xff,0xfe,0x00,0x5f,0xff,0xff,0xff,
  0xff,0xff,0xff,0xff,0xf9,0x00,0x00,0x00,0x00,0x00,0x00,0x00,0x04,0xff,0xc0,0x00,0x00,0x00,0x00,0x00,0x00,0x00,0x2e,0xfe,
  0x10,0x00,0x00,0x00,0x00,0x00,0x00,0x00,0xdf,0xf3,0x00,0x00,0x00,0x00,0x00,0x00,0x00,0x0b,0xff,0x50,0x00,0x00,0x00,0x00,
  0x00,0x00,0x00,0x8f,0xf8,0x00,0x00,0x00,0x00,0x00,0x00,0x00,0x05,0xff,0xb0,0x00,0x00,0x00,0x00,0x00,0x00,0x00,0x3f,0xfd,
  0x00,0x00,0x00,0x00,0x00,0x00,0x00,0x01,0xef,0xe2,0x00,0x00,0x00,0x00,0x00,0x00,0x00,0x0c,0xff,0x30,0x00,0x00,0x00,0x00,
  0x00,0x00,0x00,0xaf,0xf6,0x00,0x00,0x00,0x00,0x00,0x00,0x00,0x07,0xff,0x90,0x00,0x00,0x00,0x00,0x00,0x00,0x00,0x4f,0xfb,
  0x00,0x00,0x00,0x00,0x00,0x00,0x00,0x02,0xff,0xd1,0x00,0x00,0x00,0x00,0x00,0x00,0x00,0x1d,0xff,0x20,0x00,0x00,0x00,0x00,
  0x00,0x00,0x00,0xcf,0xf4,0x00,0x00,0x00,0x00,0x00,0x00,0x00,0x09,0xff,0x70,0x00,0x00,0x00,0x00,0x00,0x00,0x00,0x6f,0xff,
  0xff,0xff,0xff,0xff,0xff,0xff,0xff,0x30,0xaf,0xff,0xff,0xff,0xff,0xff,0xff,0xff,0xff,0x30,0xaf,0xff,0xff,0xff,0xff,0xff,
  0xff,0xff,0xff,0x30,0x6f,0xff,0xff,0xc0,0x6f,0xff,0xff,0xc0,0x6f,0xff,0xff,0xc0,0x6f,0xf4,0x00,0x00,0x6f,0xf4,0x00,0x00,
  0x6f,0xf4,0x00,0x00,0x6f,0xf4,0x00,0x00,0x6f,0xf4,0x00,0x00,0x6f,0xf4,0x00,0x00,0x6f,0xf4,0x00,0x00,0x6f,0xf4,0x00,0x00,
  0x6f,0xf4,0x00,0x00,0x6f,0xf4,0x00,0x00,0x6f,0xf4,0x00,0x00,0x6f,0xf4,0x00,0x00,0x6f,0xf4,0x00,0x00,0x6f,0xf4,0x00,0x00,
  0x6f,0xf4,0x00,0x00,0x6f,0xf4,0x00,0x00,0x6f,0xf4,0x00,0x00,0x6f,0xf4,0x00,0x00,0x6f,0xf4,0x00,0x00,0x6f,0xf4,0x00,0x00,
  0x6f,0xf4,0x00,0x00,0x6f,0xff,0xff,0xc0,0x6f,0xff,0xff,0xc0,0x6f,0xff,0xff,0xc0,0xdf,0xa0,0x00,0x00,0x00,0x00,0x8f,0xe0,
  0x00,0x00,0x00,0x00,0x3f,0xf3,0x00,0x00,0x00,0x00,0x0e,0xf8,0x00,0x00,0x00,0x00,0x0a,0xfd,0x00,0x00,0x00,0x00,0x05,0xff,
  0x20,0x00,0x00,0x00,0x00,0xff,0x70,0x00,0x00,0x00,0x00,0xbf,0xc0,0x00,0x00,0x00,0x00,0x6f,0xf1,0x00,0x00,0x00,0x00,0x1f,
  0xf6,0x00,0x00,0x00,0x00,0x0c,0xfa,0x00,0x00,0x00,0x00,0x07,0xff,0x00,0x00,0x00,0x00,0x03,0xff,0x40,0x00,0x00,0x00,0x00,
  0xef,0x90,0x00,0x00,0x00,0x00,0x9f,0xe0,0x00,0x00,0x00,0x00,0x4f,0xf3,0x00,0x00,0x00,0x00,0x0f,0xf8,0x00,0x00,0x00,0x00,
  0x0a,0xfd,0x00,0x00,0x00,0x00,0x05,0xff,0x20,0x00,0x00,0x00,0x01,0xff,0x60,0x00,0x00,0x00,0x00,0xcf,0xb0,0x00,0x00,0x00,
  0x00,0x7f,0xf0,0x00,0x00,0x00,0x00,0x2f,0xf5,0x00,0x00,0x00,0x00,0x0d,0xfa,0x00,0x00,0x00,0x00,0x08,0xfe,0x00,0x1f,0xff,
  0xff,0xf2,0x1f,0xff,0xff,0xf2,0x1f,0xff,0xff,0xf2,0x00,0x00,0x9f,0xf2,0x00,0x00,0x9f,0xf2,0x00,0x00,0x9f,0xf2,0x00,0x00,
  0x9f,0xf2,0x00,0x00,0x9f,0xf2,0x00,0x00,0x9f,0xf2,0x00,0x00,0x9f,0xf2,0x00,0x00,0x9f,0xf2,0x00,0x00,0x9f,0xf2,0x00,0x00,
  0x9f,0xf2,0x00,0x00,0x9f,0xf2,0x00,0x00,0x9f,0xf2,0x00,0x00,0x9f,0xf2,0x00,0x00,0x9f,0xf2,0x00,0x00,0x9f,0xf2,0x00,0x00,
  0x9f,0xf2,0x00,0x00,0x9f,0xf2,0x00,0x00,0x9f,0xf2,0x00,0x00,0x9f,0xf2,0x00,0x00,0x9f,0xf2,0x00,0x00,0x9f,0xf2,0x1f,0xff,
  0xff,0xf2,0x1f,0xff,0xff,0xf2,0x1f,0xff,0xff,0xf2,0x00,0x00,0x00,0x06,0xff,0xf7,0x00,0x00,0x00,0x00,0x00,0x00,0x00,0x6f,
  0xff,0xff,0x70,0x00,0x00,0x00,0x00,0x00,0x05,0xff,0xf8,0xff,0xf7,0x00,0x00,0x00,0x00,0x00,0x5f,0xff,0x40,0x3e,0xff,0x70,
  0x00,0x00,0x00,0x05,0xff,0xe3,0x00,0x02,0xdf,0xf7,0x00,0x00,0x00,0x5f,0xfd,0x10,0x00,0x00,0x1c,0xff,0x70,0x00,0x05,0xff,
  0xc1,0x00,0x00,0x00,0x00,0xaf,0xf7,0x00,0x5f,0xfa,0x00,0x00,0x00,0x00,0x00,0x08,0xff,0x70,0x4f,0xff,0xff,0xff,0xff,0xff,
  0xff,0xff,0x40,0x4f,0xff,0xff,0xff,0xff,0xff,0xff,0xff,0x40,0x4f,0xff,0xff,0xff,0xff,0xff,0xff,0xff,0x40,0x2f,0xfb,0x00,
  0x00,0x05,0xff,0x60,0x00,0x00,0x8f,0xf2,0x00,0x00,0x0b,0xfc,0x00,0x00,0x01,0xdf,0x70,0x00,0x00,0x2f,0xf2,0x00,0x26,0xac,
  0xef,0xed,0x92,0x00,0x00,0x00,0xff,0xff,0xff,0xff,0xff,0x70,0x00,0x00,0xff,0xff,0xff,0xff,0xff,0xf5,0x00,0x00,0xd9,0x42,
  0x10,0x14,0xaf,0xfe,0x00,0x00,0x00,0x00,0x00,0x00,0x07,0xff,0x40,0x00,0x00,0x00,0x00,0x00,0x01,0xff,0x70,0x00,0x02,0x8c,
  0xef,0xff,0xff,0xff,0x90,0x00,0x8f,0xff,0xff,0xff,0xff,0xff,0xa0,0x07,0xff,0xff,0xff,0xff,0xff,0xff,0xa0,0x0e,0xff,0x94,
  0x20,0x00,0x00,0xff,0xa0,0x2f,0xfa,0x00,0x00,0x00,0x03,0xff,0xa0,0x2f,0xfa,0x00,0x00,0x00,0x0c,0xff,0xa0,0x0f,0xff,0x82,
  0x00,0x27,0xef,0xff,0xa0,0x0a,0xff,0xff,0xff,0xff,0xf9,0xff,0xa0,0x01,0xcf,0xff,0xff,0xff,0xa0,0xff,0xa0,0x00,0x07,0xcf,
  0xfe,0xa4,0x00,0xff,0xa0,0x4f,0xf7,0x00,0x00,0x00,0x00,0x00,0x00,0x4f,0xf7,0x00,0x00,0x00,0x00,0x00,0x00,0x4f,0xf7,0x00,
  0x00,0x00,0x00,0x00,0x00,0x4f,0xf7,0x00,0x00,0x00,0x00,0x00,0x00,0x4f,0xf7,0x00,0x00,0x00,0x00,0x00,0x00,0x4f,0xf7,0x00,
  0x00,0x00,0x00,0x00,0x00,0x4f,0xf7,0x00,0x00,0x00,0x00,0x00,0x00,0x4f,0xf7,0x02,0x9d,0xfe,0xb5,0x00,0x00,0x4f,0xf7,0x5f,
  0xff,0xff,0xff,0xb0,0x00,0x4f,0xfa,0xff,0xff,0xff,0xff,0xfb,0x00,0x4f,0xff,0xfa,0x30,0x03,0xaf,0xff,0x60,0x4f,0xff,0x80,
  0x00,0x00,0x08,0xff,0xd0,0x4f,0xfe,0x00,0x00,0x00,0x00,0xdf,0xf1,0x4f,0xf9,0x00,0x00,0x00,0x00,0x9f,0xf4,0x4f,0xf7,0x00,
  0x00,0x00,0x00,0x6f,0xf5,0x4f,0xf7,0x00,0x00,0x00,0x00,0x6f,0xf5,0x4f,0xf9,0x00,0x00,0x00,0x00,0x8f,0xf4,0x4f,0xfe,0x00,
  0x00,0x00,0x00,0xdf,0xf1,0x4f,0xff,0x80,0x00,0x00,0x08,0xff,0xd0,0x4f,0xff,0xfa,0x30,0x03,0xaf,0xff,0x60,0x4f,0xfa,0xff,
  0xff,0xff,0xff,0xfb,0x00,0x4f,0xf7,0x6f,0xff,0xff,0xff,0xb0,0x00,0x4f,0xf7,0x03,0x9d,0xfe,0xb5,0x00,0x00,0x00,0x00,0x07,
  0xbe,0xff,0xda,0x51,0x00,0x05,0xff,0xff,0xff,0xff,0xfa,0x00,0x6f,0xff,0xff,0xff,0xff,0xfa,0x03,0xff,0xfd,0x62,0x00,0x25,
  0xa9,0x0b,0xff,0xc0,0x00,0x00,0x00,0x00,0x0f,0xff,0x10,0x00,0x00,0x00,0x00,0x3f,0xfb,0x00,0x00,0x00,0x00,0x00,0x4f,0xf8,
  0x00,0x00,0x00,0x00,0x00,0x4f,0xf8,0x00,0x00,0x00,0x00,0x00,0x3f,0xfb,0x00,0x00,0x00,0x00,0x00,0x0f,0xff,0x10,0x00,0x00,
  0x00,0x00,0x0a,0xff,0xc0,0x00,0x00,0x00,0x00,0x03,0xff,0xfd,0x62,0x00,0x25,0xa9,0x00,0x6f,0xff,0xff,0xff,0xff,0xfa,0x00,
  0x05,0xff,0xff,0xff,0xff,0xfa,0x00,0x00,0x17,0xbe,0xfe,0xda,0x51,0x00,0x00,0x00,0x00,0x00,0x00,0x6f,0xf5,0x00,0x00,0x00,
  0x00,0x00,0x00,0x6f,0xf5,0x00,0x00,0x00,0x00,0x00,0x00,0x6f,0xf5,0x00,0x00,0x00,0x00,0x00,0x00,0x6f,0xf5,0x00,0x00,0x00,
  0x00,0x00,0x00,0x6f,0xf5,0x00,0x00,0x00,0x00,0x00,0x00,0x6f,0xf5,0x00,0x00,0x00,0x00,0x00,0x00,0x6f,0xf5,0x00,0x00,0x5b,
  0xef,0xda,0x30,0x6f,0xf5,0x00,0x0b,0xff,0xff,0xff,0xf6,0x6f,0xf5,0x00,0xaf,0xff,0xff,0xff,0xff,0xaf,0xf5,0x05,0xff,0xfa,
  0x30,0x03,0xaf,0xff,0xf5,0x0c,0xff,0x80,0x00,0x00,0x08,0xff,0xf5,0x0f,0xfe,0x00,0x00,0x00,0x00,0xdf,0xf5,0x3f,0xf9,0x00,
  0x00,0x00,0x00,0x8f,0xf5,0x5f,0xf7,0x00,0x00,0x00,0x00,0x6f,0xf5,0x5f,0xf7,0x00,0x00,0x00,0x00,0x6f,0xf5,0x3f,0xf9,0x00,
  0x00,0x00,0x00,0x8f,0xf5,0x0f,0xfe,0x00,0x00,0x00,0x00,0xdf,0xf5,0x0c,0xff,0x80,0x00,0x00,0x08,0xff,0xf5,0x05,0xff,0xfa,
  0x30,0x03,0xaf,0xff,0xf5,0x00,0xaf,0xff,0xff,0xff,0xff,0xaf,0xf5,0x00,0x0b,0xff,0xff,0xff,0xf6,0x6f,0xf5,0x00,0x00,0x5b,
  0xef,0xea,0x30,0x6f,0xf5,0x00,0x00,0x17,0xbe,0xff,0xc8,0x10,0x00,0x00,0x05,0xff,0xff,0xff,0xff,0xf6,0x00,0x00,0x6f,0xff,
  0xff,0xff,0xff,0xff,0x60,0x02,0xff,0xfa,0x41,0x01,0x3a,0xff,0xf1,0x0a,0xff,0x40,0x00,0x00,0x00,0x6f,0xf7,0x0f,0xfb,0x00,
  0x00,0x00,0x00,0x0e,0xfb,0x3f,0xff,0xff,0xff,0xff,0xff,0xff,0xfc,0x4f,0xff,0xff,0xff,0xff,0xff,0xff,0xfd,0x5f,0xff,0xff,
  0xff,0xff,0xff,0xff,0xfd,0x3f,0xf8,0x00,0x00,0x00,0x00,0x00,0x00,0x0f,0xfd,0x00,0x00,0x00,0x00,0x00,0x00,0x0b,0xff,0x90,
  0x00,0x00,0x00,0x00,0x83,0x02,0xff,0xfd,0x62,0x00,0x14,0x9f,0xf3,0x00,0x6f,0xff,0xff,0xff,0xff,0xff,0xf3,0x00,0x04,0xef,
  0xff,0xff,0xff,0xfe,0x60,0x00,0x00,0x06,0xad,0xff,0xea,0x60,0x00,0x00,0x00,0x04,0xbe,0xff,0xf2,0x00,0x00,0x7f,0xff,0xff,
  0xf2,0x00,0x02,0xff,0xff,0xff,0xf2,0x00,0x07,0xff,0xb2,0x00,0x00,0x00,0x0a,0xff,0x20,0x00,0x00,0x00,0x0b,0xff,0x00,0x00,
  0x00,0x00,0x0b,0xff,0x00,0x00,0x00,0x5f,0xff,0xff,0xff,0xff,0x60,0x5f,0xff,0xff,0xff,0xff,0x60,0x5f,0xff,0xff,0xff,0xff,
  0x60,0x00,0x0b,0xff,0x00,0x00,0x00,0x00,0x0b,0xff,0x00,0x00,0x00,0x00,0x0b,0xff,0x00,0x00,0x00,0x00,0x0b,0xff,0x00,0x00,
  0x00,0x00,0x0b,0xff,0x00,0x00,0x00,0x00,0x0b,0xff,0x00,0x00,0x00,0x00,0x0b,0xff,0x00,0x00,0x00,0x00,0x0b,0xff,0x00,0x00,
  0x00,0x00,0x0b,0xff,0x00,0x00,0x00,0x00,0x0b,0xff,0x00,0x00,0x00,0x00,0x0b,0xff,0x00,0x00,0x00,0x00,0x0b,0xff,0x00,0x00,
  0x00,0x00,0x0b,0xff,0x00,0x00,0x00,0x00,0x00,0x5b,0xef,0xda,0x30,0x6f,0xf5,0x00,0x0b,0xff,0xff,0xff,0xf6,0x6f,0xf5,0x00,
  0xbf,0xff,0xff,0xff,0xff,0xaf,0xf5,0x05,0xff,0xfa,0x30,0x03,0x9f,0xff,0xf5,0x0c,0xff,0x80,0x00,0x00,0x07,0xff,0xf5,0x1f,
  0xfe,0x00,0x00,0x00,0x00,0xdf,0xf5,0x3f,0xf9,0x00,0x00,0x00,0x00,0x8f,0xf5,0x5f,0xf7,0x00,0x00,0x00,0x00,0x6f,0xf5,0x5f,
  0xf7,0x00,0x00,0x00,0x00,0x6f,0xf5,0x3f,0xf9,0x00,0x00,0x00,0x00,0x8f,0xf5,0x1f,0xfe,0x00,0x00,0x00,0x00,0xdf,0xf5,0x0c,
  0xff,0x80,0x00,0x00,0x07,0xff,0xf5,0x05,0xff,0xfa,0x30,0x03,0x9f,0xff,0xf5,0x00,0xbf,0xff,0xff,0xff,0xff,0xaf,0xf4,0x00,
  0x0b,0xff,0xff,0xff,0xf6,0x6f,0xf3,0x00,0x00,0x5b,0xef,0xea,0x30,0x8f,0xf2,0x00,0x00,0x00,0x00,0x00,0x00,0xdf,0xf0,0x00,
  0x00,0x00,0x00,0x00,0x08,0xff,0xb0,0x00,0x5a,0x52,0x10,0x14,0xbf,0xff,0x40,0x00,0x5f,0xff,0xff,0xff,0xff,0xfb,0x00,0x00,
  0x5f,0xff,0xff,0xff,0xff,0xa0,0x00,0x00,0x05,0x9c,0xef,0xfd,0x94,0x00,0x00,0x4f,0xf7,0x00,0x00,0x00,0x00,0x00,0x00,0x4f,
  0xf7,0x00,0x00,0x00,0x00,0x00,0x00,0x4f,0xf7,0x00,0x00,0x00,0x00,0x00,0x00,0x4f,0xf7,0x00,0x00,0x00,0x00,0x00,0x00,0x4f,
  0xf7,0x00,0x00,0x00,0x00,0x00,0x00,0x4f,0xf7,0x00,0x00,0x00,0x00,0x00,0x00,0x4f,0xf7,0x00,0x00,0x00,0x00,0x00,0x00,0x4f,
  0xf7,0x02,0x8d,0xfe,0xc6,0x00,0x00,0x4f,0xf7,0x4f,0xff,0xff,0xff,0xb0,0x00,0x4f,0xfa,0xff,0xff,0xff,0xff,0xf8,0x00,0x4f,
  0xff,0xf9,0x30,0x03,0xbf,0xff,0x00,0x4f,0xff,0x60,0x00,0x00,0x0d,0xff,0x30,0x4f,0xfc,0x00,0x00,0x00,0x06,0xff,0x60,0x4f,
  0xf8,0x00,0x00,0x00,0x04,0xff,0x70,0x4f,0xf7,0x00,0x00,0x00,0x03,0xff,0x70,0x4f,0xf7,0x00,0x00,0x00,0x03,0xff,0x70,0x4f,
  0xf7,0x00,0x00,0x00,0x03,0xff,0x70,0x4f,0xf7,0x00,0x00,0x00,0x03,0xff,0x70,0x4f,0xf7,0x00,0x00,0x00,0x03,0xff,0x70,0x4f,
  0xf7,0x00,0x00,0x00,0x03,0xff,0x70,0x4f,0xf7,0x00,0x00,0x00,0x03,0xff,0x70,0x4f,0xf7,0x00,0x00,0x00,0x03,0xff,0x70,0x4f,
  0xf7,0x00,0x00,0x00,0x03,0xff,0x70,0x2f,0xf8,0x2f,0xf8,0x2f,0xf8,0x00,0x00,0x00,0x00,0x00,0x00,0x00,0x00,0x2f,0xf8,0x2f,
  0xf8,0x2f,0xf8,0x2f,0xf8,0x2f,0xf8,0x2f,0xf8,0x2f,0xf8,0x2f,0xf8,0x2f,0xf8,0x2f,0xf8,0x2f,0xf8,0x2f,0xf8,0x2f,0xf8,0x2f,
  0xf8,0x2f,0xf8,0x2f,0xf8,0x00,0x02,0xff,0x80,0x00,0x02,0xff,0x80,0x00,0x02,0xff,0x80,0x00,0x00,0x00,0x00,0x00,0x00,0x00,
  0x00,0x00,0x00,0x00,0x00,0x00,0x00,0x00,0x00,0x00,0x02,0xff,0x80,0x00,0x02,0xff,0x80,0x00,0x02,0xff,0x80,0x00,0x02,0xff,
  0x80,0x00,0x02,0xff,0x80,0x00,0x02,0xff,0x80,0x00,0x02,0xff,0x80,0x00,0x02,0xff,0x80,0x00,0x02,0xff,0x80,0x00,0x02,0xff,
  0x80,0x00,0x02,0xff,0x80,0x00,0x02,0xff,0x80,0x00,0x02,0xff,0x80,0x00,0x02,0xff,0x80,0x00,0x02,0xff,0x80,0x00,0x02,0xff,
  0x80,0x00,0x03,0xff,0x70,0x00,0x06,0xff,0x60,0x00,0x3d,0xff,0x30,0x8f,0xff,0xfd,0x00,0x8f,0xff,0xf4,0x00,0x8f,0xea,0x30,
  0x00,0x4f,0xf7,0x00,0x00,0x00,0x00,0x00,0x00,0x4f,0xf7,0x00,0x00,0x00,0x00,0x00,0x00,0x4f,0xf7,0x00,0x00,0x00,0x00,0x00,
  0x00,0x4f,0xf7,0x00,0x00,0x00,0x00,0x00,0x00,0x4f,0xf7,0x00,0x00,0x00,0x00,0x00,0x00,0x4f,0xf7,0x00,0x00,0x00,0x00,0x00,
  0x00,0x4f,0xf7,0x00,0x00,0x00,0x00,0x00,0x00,0x4f,0xf7,0x00,0x00,0x00,0x3e,0xff,0x50,0x4f,0xf7,0x00,0x00,0x04,0xff,0xe3,
  0x00,0x4f,0xf7,0x00,0x00,0x7f,0xfd,0x20,0x00,0x4f,0xf7,0x00,0x09,0xff,0xc1,0x00,0x00,0x4f,0xf7,0x00,0xbf,0xfa,0x00,0x00,
  0x00,0x4f,0xf7,0x1d,0xff,0x80,0x00,0x00,0x00,0x4f,0xfa,0xef,0xf6,0x00,0x00,0x00,0x00,0x4f,0xff,0xff,0x70,0x00,0x00,0x00,
  0x00,0x4f,0xfb,0xff,0xf5,0x00,0x00,0x00,0x00,0x4f,0xf7,0x3e,0xff,0x60,0x00,0x00,0x00,0x4f,0xf7,0x03,0xef,0xf6,0x00,0x00,
  0x00,0x4f,0xf7,0x00,0x2e,0xff,0x70,0x00,0x00,0x4f,0xf7,0x00,0x01,0xdf,0xf8,0x00,0x00,0x4f,0xf7,0x00,0x00,0x1c,0xff,0x90,
  0x00,0x4f,0xf7,0x00,0x00,0x01,0xcf,0xfa,0x00,0x4f,0xf7,0x00,0x00,0x00,0x0b,0xff,0xb0,0x2f,0xf8,0x2f,0xf8,0x2f,0xf8,0x2f,
  0xf8,0x2f,0xf8,0x2f,0xf8,0x2f,0xf8,0x2f,0xf8,0x2f,0xf8,0x2f,0xf8,0x2f,0xf8,0x2f,0xf8,0x2f,0xf8,0x2f,0xf8,0x2f,0xf8,0x2f,
  0xf8,0x2f,0xf8,0x2f,0xf8,0x2f,0xf8,0x2f,0xf8,0x2f,0xf8,0x2f,0xf8,0x2f,0xf8,0x4f,0xf7,0x02,0x9d,0xfe,0xa3,0x00,0x00,0x5b,
  0xef,0xd9,0x10,0x00,0x4f,0xf7,0x5f,0xff,0xff,0xff,0x50,0x0a,0xff,0xff,0xff,0xe2,0x00,0x4f,0xfa,0xff,0xff,0xff,0xff,0xf1,
  0xaf,0xff,0xff,0xff,0xfb,0x00,0x4f,0xff,0xf9,0x30,0x15,0xef,0xfc,0xfe,0x61,0x02,0x8f,0xff,0x20,0x4f,0xff,0x60,0x00,0x00,
  0x2f,0xff,0xe1,0x00,0x00,0x09,0xff,0x70,0x4f,0xfc,0x00,0x00,0x00,0x0c,0xff,0x60,0x00,0x00,0x03,0xff,0x90,0x4f,0xf8,0x00,
  0x00,0x00,0x0a,0xff,0x20,0x00,0x00,0x01,0xff,0xa0,0x4f,0xf7,0x00,0x00,0x00,0x0a,0xff,0x10,0x00,0x00,0x00,0xff,0xa0,0x4f,
  0xf7,0x00,0x00,0x00,0x0a,0xff,0x10,0x00,0x00,0x00,0xff,0xa0,0x4f,0xf7,0x00,0x00,0x00,0x0a,0xff,0x10,0x00,0x00,0x00,0xff,
  0xa0,0x4f,0xf7,0x00,0x00,0x00,0x0a,0xff,0x10,0x00,0x00,0x00,0xff,0xa0,0x4f,0xf7,0x00,0x00,0x00,0x0a,0xff,0x10,0x00,0x00,
  0x00,0xff,0xa0,0x4f,0xf7,0x00,0x00,0x00,0x0a,0xff,0x10,0x00,0x00,0x00,0xff,0xa0,0x4f,0xf7,0x00,0x00,0x00,0x0a,0xff,0x10,
  0x00,0x00,0x00,0xff,0xa0,0x4f,0xf7,0x00,0x00,0x00,0x0a,0xff,0x10,0x00,0x00,0x00,0xff,0xa0,0x4f,0xf7,0x00,0x00,0x00,0x0a,
  0xff,0x10,0x00,0x00,0x00,0xff,0xa0,0x4f,0xf7,0x02,0x8d,0xfe,0xc6,0x00,0x00,0x4f,0xf7,0x4f,0xff,0xff,0xff,0xb0,0x00,0x4f,
  0xfa,0xff,0xff,0xff,0xff,0xf8,0x00,0x4f,0xff,0xf9,0x30,0x03,0xbf,0xff,0x00,0x4f,0xff,0x60,0x00,0x00,0x0d,0xff,0x30,0x4f,
  0xfc,0x00,0x00,0x00,0x06,0xff,0x60,0x4f,0xf8,0x00,0x00,0x00,0x04,0xff,0x70,0x4f,0xf7,0x00,0x00,0x00,0x03,0xff,0x70,0x4f,
  0xf7,0x00,0x00,0x00,0x03,0xff,0x70,0x4f,0xf7,0x00,0x00,0x00,0x03,0xff,0x70,0x4f,0xf7,0x00,0x00,0x00,0x03,0xff,0x70,0x4f,
  0xf7,0x00,0x00,0x00,0x03,0xff,0x70,0x4f,0xf7,0x00,0x00,0x00,0x03,0xff,0x70,0x4f,0xf7,0x00,0x00,0x00,0x03,0xff,0x70,0x4f,
  0xf7,0x00,0x00,0x00,0x03,0xff,0x70,0x4f,0xf7,0x00,0x00,0x00,0x03,0xff,0x70,0x00,0x00,0x39,0xdf,0xfe,0xb5,0x00,0x00,0x00,
  0x09,0xff,0xff,0xff,0xff,0xd2,0x00,0x00,0x9f,0xff,0xff,0xff,0xff,0xfe,0x10,0x04,0xff,0xfb,0x40,0x02,0x8f,0xff,0xa0,0x0c,
  0xff,0xa0,0x00,0x00,0x05,0xff,0xf2,0x0f,0xff,0x00,0x00,0x00,0x00,0xaf,0xf6,0x3f,0xfa,0x00,0x00,0x00,0x00,0x5f,0xf9,0x4f,
  0xf8,0x00,0x00,0x00,0x00,0x2f,0xfa,0x4f,0xf8,0x00,0x00,0x00,0x00,0x2f,0xfa,0x3f,0xfa,0x00,0x00,0x00,0x00,0x5f,0xf9,0x0f,
  0xff,0x00,0x00,0x00,0x00,0xaf,0xf6,0x0c,0xff,0xa0,0x00,0x00,0x05,0xff,0xf2,0x04,0xff,0xfb,0x40,0x02,0x8f,0xff,0xa0,0x00,
  0x9f,0xff,0xff,0xff,0xff,0xfe,0x10,0x00,0x09,0xff,0xff,0xff,0xff,0xd2,0x00,0x00,0x00,0x39,0xdf,0xfe,0xb5,0x00,0x00,0x4f,
  0xf7,0x02,0x9d,0xfe,0xb5,0x00,0x00,0x4f,0xf7,0x5f,0xff,0xff,0xff,0xb0,0x00,0x4f,0xfa,0xff,0xff,0xff,0xff,0xfb,0x00,0x4f,
  0xff,0xfa,0x30,0x03,0xaf,0xff,0x60,0x4f,0xff,0x80,0x00,0x00,0x08,0xff,0xd0,0x4f,0xfe,0x00,0x00,0x00,0x00,0xdf,0xf1,0x4f,
  0xf9,0x00,0x00,0x00,0x00,0x9f,0xf4,0x4f,0xf7,0x00,0x00,0x00,0x00,0x6f,0xf5,0x4f,0xf7,0x00,0x00,0x00,0x00,0x6f,0xf5,0x4f,
  0xf9,0x00,0x00,0x00,0x00,0x8f,0xf4,0x4f,0xfe,0x00,0x00,0x00,0x00,0xdf,0xf1,0x4f,0xff,0x80,0x00,0x00,0x08,0xff,0xd0,0x4f,
  0xff,0xfa,0x30,0x03,0xaf,0xff,0x60,0x4f,0xfa,0xff,0xff,0xff,0xff,0xfb,0x00,0x4f,0xf7,0x6f,0xff,0xff,0xff,0xb0,0x00,0x4f,
  0xf7,0x03,0x9d,0xfe,0xb5,0x00,0x00,0x4f,0xf7,0x00,0x00,0x00,0x00,0x00,0x00,0x4f,0xf7,0x00,0x00,0x00,0x00,0x00,0x00,0x4f,
  0xf7,0x00,0x00,0x00,0x00,0x00,0x00,0x4f,0xf7,0x00,0x00,0x00,0x00,0x00,0x00,0x4f,0xf7,0x00,0x00,0x00,0x00,0x00,0x00,0x4f,
  0xf7,0x00,0x00,0x00,0x00,0x00,0x00,0x00,0x00,0x5b,0xef,0xda,0x30,0x6f,0xf5,0x00,0x0b,0xff,0xff,0xff,0xf6,0x6f,0xf5,0x00,
  0xaf,0xff,0xff,0xff,0xff,0xaf,0xf5,0x05,0xff,0xfa,0x30,0x03,0xaf,0xff,0xf5,0x0c,0xff,0x80,0x00,0x00,0x08,0xff,0xf5,0x0f,
  0xfe,0x00,0x00,0x00,0x00,0xdf,0xf5,0x3f,0xf9,0x00,0x00,0x00,0x00,0x8f,0xf5,0x5f,0xf7,0x00,0x00,0x00,0x00,0x6f,0xf5,0x5f,
  0xf7,0x00,0x00,0x00,0x00,0x6f,0xf5,0x3f,0xf9,0x00,0x00,0x00,0x00,0x8f,0xf5,0x0f,0xfe,0x00,0x00,0x00,0x00,0xdf,0xf5,0x0c,
  0xff,0x80,0x00,0x00,0x08,0xff,0xf5,0x05,0xff,0xfa,0x30,0x03,0xaf,0xff,0xf5,0x00,0xaf,0xff,0xff,0xff,0xff,0xaf,0xf5,0x00,
  0x0b,0xff,0xff,0xff,0xf6,0x6f,0xf5,0x00,0x00,0x5b,0xef,0xea,0x30,0x6f,0xf5,0x00,0x00,0x00,0x00,0x00,0x00,0x6f,0xf5,0x00,
  0x00,0x00,0x00,0x00,0x00,0x6f,0xf5,0x00,0x00,0x00,0x00,0x00,0x00,0x6f,0xf5,0x00,0x00,0x00,0x00,0x00,0x00,0x6f,0xf5,0x00,
  0x00,0x00,0x00,0x00,0x00,0x6f,0xf5,0x00,0x00,0x00,0x00,0x00,0x00,0x6f,0xf5,0x4f,0xf7,0x02,0x9d,0xff,0x50,0x4f,0xf7,0x5f,
  0xff,0xff,0x50,0x4f,0xfa,0xff,0xff,0xff,0x50,0x4f,0xff,0xfa,0x30,0x00,0x00,0x4f,0xff,0x70,0x00,0x00,0x00,0x4f,0xfd,0x00,
  0x00,0x00,0x00,0x4f,0xf9,0x00,0x00,0x00,0x00,0x4f,0xf7,0x00,0x00,0x00,0x00,0x4f,0xf7,0x00,0x00,0x00,0x00,0x4f,0xf7,0x00,
  0x00,0x00,0x00,0x4f,0xf7,0x00,0x00,0x00,0x00,0x4f,0xf7,0x00,0x00,0x00,0x00,0x4f,0xf7,0x00,0x00,0x00,0x00,0x4f,0xf7,0x00,
  0x00,0x00,0x00,0x4f,0xf7,0x00,0x00,0x00,0x00,0x4f,0xf7,0x00,0x00,0x00,0x00,0x00,0x07,0xbe,0xff,0xdc,0x83,0x00,0x02,0xef,
  0xff,0xff,0xff,0xff,0x40,0x0d,0xff,0xff,0xff,0xff,0xff,0x40,0x2f,0xff,0x62,0x00,0x13,0x7c,0x40,0x3f,0xf7,0x00,0x00,0x00,
  0x00,0x00,0x0f,0xfa,0x00,0x00,0x00,0x00,0x00,0x06,0xff,0xea,0x74,0x00,0x00,0x00,0x00,0x3b,0xff,0xff,0xfc,0x60,0x00,0x00,
  0x00,0x03,0x69,0xef,0xfd,0x20,0x00,0x00,0x00,0x00,0x05,0xff,0xc0,0x00,0x00,0x00,0x00,0x00,0xbf,0xf1,0x57,0x00,0x00,0x00,
  0x00,0xcf,0xf2,0x6f,0xe8,0x41,0x01,0x4b,0xff,0xf0,0x6f,0xff,0xff,0xff,0xff,0xff,0x80,0x08,0xff,0xff,0xff,0xff,0xf9,0x00,
  0x00,0x16,0xbe,0xff,0xd9,0x30,0x00,0x00,0x3f,0xf8,0x00,0x00,0x00,0x00,0x3f,0xf8,0x00,0x00,0x00,0x00,0x3f,0xf8,0x00,0x00,
  0x00,0x00,0x3f,0xf8,0x00,0x00,0x00,0x00,0x3f,0xf8,0x00,0x00,0x00,0x3f,0xff,0xff,0xff,0xff,0xf0,0x3f,0xff,0xff,0xff,0xff,
  0xf0,0x3f,0xff,0xff,0xff,0xff,0xf0,0x00,0x3f,0xf8,0x00,0x00,0x00,0x00,0x3f,0xf8,0x00,0x00,0x00,0x00,0x3f,0xf8,0x00,0x00,
  0x00,0x00,0x3f,0xf8,0x00,0x00,0x00,0x00,0x3f,0xf8,0x00,0x00,0x00,0x00,0x3f,0xf8,0x00,0x00,0x00,0x00,0x3f,0xf8,0x00,0x00,
  0x00,0x00,0x3f,0xf8,0x00,0x00,0x00,0x00,0x2f,0xf9,0x00,0x00,0x00,0x00,0x0f,0xfe,0x40,0x00,0x00,0x00,0x0c,0xff,0xff,0xff,
  0xf0,0x00,0x04,0xff,0xff,0xff,0xf0,0x00,0x00,0x3a,0xdf,0xff,0xf0,0x7f,0xf4,0x00,0x00,0x00,0x06,0xff,0x40,0x7f,0xf4,0x00,
  0x00,0x00,0x06,0xff,0x40,0x7f,0xf4,0x00,0x00,0x00,0x06,0xff,0x40,0x7f,0xf4,0x00,0x00,0x00,0x06,0xff,0x40,0x7f,0xf4,0x00,
  0x00,0x00,0x06,0xff,0x40,0x7f,0xf4,0x00,0x00,0x00,0x06,0xff,0x40,0x7f,0xf4,0x00,0x00,0x00,0x06,0xff,0x40,0x7f,0xf4,0x00,
  0x00,0x00,0x06,0xff,0x40,0x7f,0xf4,0x00,0x00,0x00,0x06,0xff,0x40,0x7f,0xf4,0x00,0x00,0x00,0x07,0xff,0x40,0x6f,0xf6,0x00,
  0x00,0x00,0x0c,0xff,0x40,0x3f,0xfd,0x00,0x00,0x00,0x6f,0xff,0x40,0x0e,0xff,0xb3,0x00,0x39,0xff,0xff,0x40,0x08,0xff,0xff,
  0xff,0xff,0xfa,0xff,0x40,0x00,0xbf,0xff,0xff,0xff,0x56,0xff,0x40,0x00,0x06,0xcf,0xfd,0x92,0x06,0xff,0x40,0x0e,0xfe,0x00,
  0x00,0x00,0x00,0x03,0xff,0xa0,0x08,0xff,0x50,0x00,0x00,0x00,0x09,0xff,0x40,0x02,0xff,0xb0,0x00,0x00,0x00,0x0e,0xfe,0x00,
  0x00,0xcf,0xf1,0x00,0x00,0x00,0x5f,0xf8,0x00,0x00,0x6f,0xf7,0x00,0x00,0x00,0xbf,0xf2,0x00,0x00,0x0f,0xfd,0x00,0x00,0x01,
  0xff,0xb0,0x00,0x00,0x09,0xff,0x30,0x00,0x07,0xff,0x50,0x00,0x00,0x03,0xff,0x90,0x00,0x0d,0xfe,0x00,0x00,0x00,0x00,0xdf,
  0xf0,0x00,0x3f,0xf9,0x00,0x00,0x00,0x00,0x7f,0xf6,0x00,0xaf,0xf3,0x00,0x00,0x00,0x00,0x1f,0xfc,0x00,0xff,0xd0,0x00,0x00,
  0x00,0x00,0x0b,0xff,0x26,0xff,0x60,0x00,0x00,0x00,0x00,0x04,0xff,0x8c,0xff,0x10,0x00,0x00,0x00,0x00,0x00,0xef,0xef,0xfa,
  0x00,0x00,0x00,0x00,0x00,0x00,0x8f,0xff,0xf4,0x00,0x00,0x00,0x00,0x00,0x00,0x2f,0xff,0xe0,0x00,0x00,0x00,0x9f,0xf1,0x00,
  0x00,0x07,0xff,0xf0,0x00,0x00,0x08,0xff,0x20,0x5f,0xf5,0x00,0x00,0x0b,0xff,0xf4,0x00,0x00,0x0d,0xfe,0x00,0x1f,0xfa,0x00,
  0x00,0x0f,0xff,0xf8,0x00,0x00,0x1f,0xf9,0x00,0x0c,0xfe,0x00,0x00,0x4f,0xfa,0xfc,0x00,0x00,0x5f,0xf5,0x00,0x08,0xff,0x20,
  0x00,0x8f,0xd4,0xff,0x10,0x00,0xaf,0xf1,0x00,0x04,0xff,0x70,0x00,0xcf,0x90,0xff,0x50,0x00,0xef,0xc0,0x00,0x00,0xff,0xb0,
  0x01,0xff,0x40,0xbf,0x90,0x02,0xff,0x80,0x00,0x00,0xbf,0xf0,0x05,0xff,0x00,0x7f,0xe0,0x06,0xff,0x40,0x00,0x00,0x7f,0xf3,
  0x09,0xfc,0x00,0x3f,0xf2,0x0b,0xff,0x00,0x00,0x00,0x3f,0xf8,0x0d,0xf7,0x00,0x0e,0xf6,0x0f,0xfb,0x00,0x00,0x00,0x0e,0xfc,
  0x2f,0xf3,0x00,0x0a,0xfb,0x3f,0xf7,0x00,0x00,0x00,0x0a,0xff,0x7f,0xf0,0x00,0x06,0xff,0x8f,0xf3,0x00,0x00,0x00,0x06,0xff,
  0xef,0xa0,0x00,0x02,0xff,0xef,0xe0,0x00,0x00,0x00,0x01,0xff,0xff,0x60,0x00,0x00,0xdf,0xff,0xa0,0x00,0x00,0x00,0x00,0xdf,
  0xff,0x20,0x00,0x00,0x9f,0xff,0x60,0x00,0x00,0x00,0x00,0x9f,0xfd,0x00,0x00,0x00,0x5f,0xff,0x10,0x00,0x00,0x03,0xff,0xe1,
  0x00,0x00,0x00,0x2f,0xff,0x20,0x00,0x7f,0xfb,0x00,0x00,0x00,0xdf,0xf5,0x00,0x00,0x0a,0xff,0x70,0x00,0x09,0xff,0x80,0x00,
  0x00,0x00,0xdf,0xf4,0x00,0x6f,0xfc,0x00,0x00,0x00,0x00,0x3f,0xfe,0x12,0xff,0xe1,0x00,0x00,0x00,0x00,0x06,0xff,0xcd,0xff,
  0x40,0x00,0x00,0x00,0x00,0x00,0xaf,0xff,0xf8,0x00,0x00,0x00,0x00,0x00,0x00,0x0e,0xff,0xc0,0x00,0x00,0x00,0x00,0x00,0x00,
  0x6f,0xff,0xf2,0x00,0x00,0x00,0x00,0x00,0x03,0xff,0xff,0xfc,0x00,0x00,0x00,0x00,0x00,0x1e,0xff,0x39,0xff,0x90,0x00,0x00,
  0x00,0x00,0xbf,0xf7,0x00,0xcf,0xf5,0x00,0x00,0x00,0x07,0xff,0xb0,0x00,0x2e,0xff,0x20,0x00,0x00,0x4f,0xfd,0x10,0x00,0x05,
  0xff,0xd0,0x00,0x01,0xef,0xf3,0x00,0x00,0x00,0x8f,0xfa,0x00,0x0b,0xff,0x60,0x00,0x00,0x00,0x0c,0xff,0x60,0x0e,0xfe,0x00,
  0x00,0x00,0x00,0x03,0xff,0xa0,0x07,0xff,0x50,0x00,0x00,0x00,0x09,0xff,0x30,0x01,0xff,0xc0,0x00,0x00,0x00,0x1f,0xfc,0x00,
  0x00,0x9f,0xf2,0x00,0x00,0x00,0x6f,0xf5,0x00,0x00,0x3f,0xf9,0x00,0x00,0x00,0xdf,0xe0,0x00,0x00,0x0c,0xff,0x00,0x00,0x04,
  0xff,0x70,0x00,0x00,0x05,0xff,0x60,0x00,0x0a,0xff,0x10,0x00,0x00,0x00,0xef,0xd0,0x00,0x1f,0xf9,0x00,0x00,0x00,0x00,0x7f,
  0xf3,0x00,0x7f,0xf3,0x00,0x00,0x00,0x00,0x1f,0xfa,0x00,0xef,0xc0,0x00,0x00,0x00,0x00,0x0a,0xff,0x14,0xff,0x50,0x00,0x00,
  0x00,0x00,0x03,0xff,0x7b,0xfe,0x00,0x00,0x00,0x00,0x00,0x00,0xcf,0xef,0xf7,0x00,0x00,0x00,0x00,0x00,0x00,0x5f,0xff,0xf1,
  0x00,0x00,0x00,0x00,0x00,0x00,0x0e,0xff,0x90,0x00,0x00,0x00,0x00,0x00,0x00,0x09,0xff,0x20,0x00,0x00,0x00,0x00,0x00,0x00,
  0x0d,0xfb,0x00,0x00,0x00,0x00,0x00,0x00,0x00,0x6f,0xf5,0x00,0x00,0x00,0x00,0x00,0x00,0x05,0xff,0xe0,0x00,0x00,0x00,0x00,
  0x00,0xaf,0xff,0xff,0x70,0x00,0x00,0x00,0x00,0x00,0xaf,0xff,0xfc,0x00,0x00,0x00,0x00,0x00,0x00,0xaf,0xfd,0x80,0x00,0x00,
  0x00,0x00,0x00,0x5f,0xff,0xff,0xff,0xff,0xff,0xf7,0x5f,0xff,0xff,0xff,0xff,0xff,0xf7,0x5f,0xff,0xff,0xff,0xff,0xff,0xf3,
  0x00,0x00,0x00,0x00,0x02,0xef,0x40,0x00,0x00,0x00,0x00,0x1e,0xf5,0x00,0x00,0x00,0x00,0x01,0xdf,0x60,0x00,0x00,0x00,0x00,
  0x1c,0xf7,0x00,0x00,0x00,0x00,0x00,0xcf,0x80,0x00,0x00,0x00,0x00,0x0b,0xf9,0x00,0x00,0x00,0x00,0x00,0xaf,0x90,0x00,0x00,
  0x00,0x00,0x0a,0xfa,0x00,0x00,0x00,0x00,0x00,0x9f,0xb0,0x00,0x00,0x00,0x00,0x08,0xfc,0x00,0x00,0x00,0x00,0x00,0x7f,0xff,
  0xff,0xff,0xff,0xff,0xf7,0xbf,0xff,0xff,0xff,0xff,0xff,0xf7,0xbf,0xff,0xff,0xff,0xff,0xff,0xf7,0x00,0x00,0x00,0x06,0xbe,
  0xff,0x50,0x00,0x00,0x00,0xbf,0xff,0xff,0x50,0x00,0x00,0x03,0xff,0xff,0xff,0x50,0x00,0x00,0x07,0xff,0xb3,0x00,0x00,0x00,
  0x00,0x0a,0xff,0x20,0x00,0x00,0x00,0x00,0x0a,0xff,0x00,0x00,0x00,0x00,0x00,0x0b,0xff,0x00,0x00,0x00,0x00,0x00,0x0b,0xff,
  0x00,0x00,0x00,0x00,0x00,0x0b,0xff,0x00,0x00,0x00,0x00,0x00,0x0b,0xff,0x00,0x00,0x00,0x00,0x00,0x0f,0xfe,0x00,0x00,0x00,
  0x00,0x03,0xbf,0xfa,0x00,0x00,0x00,0x4f,0xff,0xff,0xd1,0x00,0x00,0x00,0x4f,0xff,0xfa,0x00,0x00,0x00,0x00,0x4f,0xff,0xff,
  0xc0,0x00,0x00,0x00,0x00,0x04,0xdf,0xf9,0x00,0x00,0x00,0x00,0x00,0x1f,0xfd,0x00,0x00,0x00,0x00,0x00,0x0c,0xff,0x00,0x00,
  0x00,0x00,0x00,0x0b,0xff,0x00,0x00,0x00,0x00,0x00,0x0b,0xff,0x00,0x00,0x00,0x00,0x00,0x0b,0xff,0x00,0x00,0x00,0x00,0x00,
  0x0b,0xff,0x00,0x00,0x00,0x00,0x00,0x0a,0xff,0x00,0x00,0x00,0x00,0x00,0x09,0xff,0x30,0x00,0x00,0x00,0x00,0x07,0xff,0xc3,
  0x00,0x00,0x00,0x00,0x03,0xff,0xff,0xff,0x50,0x00,0x00,0x00,0xaf,0xff,0xff,0x50,0x00,0x00,0x00,0x05,0xbe,0xff,0x50,0x3f,
  0xf4,0x3f,0xf4,0x3f,0xf4,0x3f,0xf4,0x3f,0xf4,0x3f,0xf4,0x3f,0xf4,0x3f,0xf4,0x3f,0xf4,0x3f,0xf4,0x3f,0xf4,0x3f,0xf4,0x3f,
  0xf4,0x3f,0xf4,0x3f,0xf4,0x3f,0xf4,0x3f,0xf4,0x3f,0xf4,0x3f,0xf4,0x3f,0xf4,0x3f,0xf4,0x3f,0xf4,0x3f,0xf4,0x3f,0xf4,0x3f,
  0xf4,0x3f,0xf4,0x3f,0xf4,0x3f,0xf4,0x3f,0xf4,0x3f,0xf4,0x4f,0xfe,0xb6,0x00,0x00,0x00,0x00,0x4f,0xff,0xff,0xc0,0x00,0x00,
  0x00,0x4f,0xff,0xff,0xf4,0x00,0x00,0x00,0x00,0x02,0xaf,0xf9,0x00,0x00,0x00,0x00,0x00,0x1f,0xfb,0x00,0x00,0x00,0x00,0x00,
  0x0f,0xfc,0x00,0x00,0x00,0x00,0x00,0x0e,0xfc,0x00,0x00,0x00,0x00,0x00,0x0e,0xfc,0x00,0x00,0x00,0x00,0x00,0x0e,0xfc,0x00,
  0x00,0x00,0x00,0x00,0x0e,0xfd,0x00,0x00,0x00,0x00,0x00,0x0c,0xff,0x10,0x00,0x00,0x00,0x00,0x08,0xff,0xc3,0x00,0x00,0x00,
  0x00,0x01,0xcf,0xff,0xff,0x50,0x00,0x00,0x00,0x09,0xff,0xff,0x50,0x00,0x00,0x00,0xbf,0xff,0xff,0x50,0x00,0x00,0x07,0xff,
  0xd4,0x10,0x00,0x00,0x00,0x0c,0xff,0x20,0x00,0x00,0x00,0x00,0x0e,0xfe,0x00,0x00,0x00,0x00,0x00,0x0e,0xfc,0x00,0x00,0x00,
  0x00,0x00,0x0e,0xfc,0x00,0x00,0x00,0x00,0x00,0x0e,0xfc,0x00,0x00,0x00,0x00,0x00,0x0e,0xfc,0x00,0x00,0x00,0x00,0x00,0x0f,
  0xfb,0x00,0x00,0x00,0x00,0x00,0x1f,0xfa,0x00,0x00,0x00,0x00,0x02,0xaf,0xf8,0x00,0x00,0x00,0x4f,0xff,0xff,0xf4,0x00,0x00,
  0x00,0x4f,0xff,0xff,0xb0,0x00,0x00,0x00,0x4f,0xfe,0xb6,0x00,0x00,0x00,0x00,0x00,0x00,0x00,0x00,0x00,0x00,0x00,0x00,0x00,
  0x10,0x00,0x4a,0xef,0xec,0x72,0x00,0x00,0x00,0x04,0xd0,0x3c,0xff,0xff,0xff,0xff,0xc6,0x20,0x15,0xbf,0xf0,0xdf,0xc5,0x10,
  0x26,0xbf,0xff,0xff,0xff,0xfd,0x40,0xc5,0x00,0x00,0x00,0x01,0x6b,0xef,0xeb,0x50,0x00,0x10,0x00,0x00,0x00,0x00,0x00,0x00,
  0x00,0x00,0x00,0x8f,0xff,0xff,0xff,0xff,0xff,0xff,0xff,0xff,0xff,0xff,0xff,0xff,0xf8,0x8f,0xff,0xff,0xff,0xff,0xff,0xff,
  0xff,0xff,0xff,0xff,0xff,0xff,0xf8,0x8f,0xff,0xff,0xff,0xff,0xff,0xff,0xff,0xff,0xff,0xff,0xff,0xff,0xf8,0x00,0x00,0x00,
  0x00,0x48,0xce,0xff,0xdb,0x72,0x00,0x00,0x00,0x00,0x00,0x00,0x00,0x7e,0xff,0xff,0xee,0xff,0xff,0xc5,0x00,0x00,0x00,0x00,
  0x00,0x5e,0xfc,0x84,0x10,0x00,0x01,0x59,0xef,0xc1,0x00,0x00,0x00,0x07,0xfa,0x20,0x00,0x00,0x00,0x00,0x00,0x06,0xde,0x20,
  0x00,0x00,0x7d,0x30,0x00,0x00,0x00,0x00,0x00,0x00,0x00,0x09,0xe2,0x00,0x05,0xa0,0x00,0x00,0x00,0x00,0x00,0x00,0x00,0x00,
  0x00,0x4d,0x10,0x29,0x00,0x00,0x00,0x00,0x00,0x00,0x00,0x00,0x00,0x00,0x03,0xa0,0x60,0x00,0x00,0x00,0x00,0x00,0x00,0x00,
  0x00,0x00,0x00,0x00,0x34,0x00,0x01,0x8b,0xb8,0x10,0x00,0x00,0x39,0xcb,0x71,0x00,0x00,0x00,0x4b,0x40,0x03,0xb3,0x00,0x06,
  0xa2,0x00,0x5c,0x30,0x00,0x03,0xb0,0x00,0x00,0x0a,0x10,0x3a,0x00,0x00,0x01,0xc1,0x00,0x0b,0x10,0x00,0x00,0x01,0x90,0xa0,
  0x00,0x00,0x00,0x2a,0x00,0x2a,0x00,0x00,0x00,0x00,0x84,0x80,0x00,0x00,0x00,0x0b,0x00,0x47,0x00,0x00,0x00,0x00,0x3d,0x20,
  0x00,0x00,0x00,0x09,0x20,0x38,0x00,0x00,0x00,0x00,0x0c,0x00,0x00,0x00,0x00,0x09,0x10,0x1a,0x00,0x00,0x00,0x00,0x05,0x00,
  0x00,0x00,0x00,0x0b,0x00,0x0c,0x00,0x00,0x00,0x00,0x00,0x00,0x00,0x00,0x00,0x1a,0x00,0x06,0x70,0x00,0x00,0x00,0x00,0x00,
  0x00,0x00,0x00,0x75,0x00,0x00,0xc1,0x00,0x00,0x00,0x00,0x00,0x00,0x00,0x01,0xb0,0x00,0x00,0x2b,0x00,0x00,0x00,0x00,0x00,
  0x00,0x00,0x0b,0x20,0x00,0x00,0x05,0x90,0x00,0x00,0x00,0x00,0x00,0x00,0x95,0x00,0x00,0x00,0x00,0x86,0x00,0x00,0x00,0x00,
  0x00,0x07,0x80,0x00,0x00,0x00,0x00,0x0a,0x40,0x00,0x00,0x00,0x00,0x4a,0x00,0x00,0x00,0x00,0x00,0x00,0xc2,0x00,0x00,0x00,
  0x02,0xc0,0x00,0x00,0x00,0x00,0x00,0x00,0x2c,0x00,0x00,0x00,0x0c,0x10,0x00,0x00,0x00,0x00,0x00,0x00,0x04,0xa0,0x00,0x00,
  0xb3,0x00,0x00,0x00,0x00,0x00,0x00,0x00,0x00,0x78,0x00,0x08,0x60,0x00,0x00,0x00,0x00,0x00,0x00,0x00,0x00,0x0a,0x50,0x58,
  0x00,0x00,0x00,0x00,0x00,0x00,0x00,0x00,0x00,0x00,0xc6,0xa0,0x00,0x00,0x00,0x00,0x00,0x00,0x00,0x00,0x00,0x00,0x1b,0x00,
  0x00,0x00,0x00,0x00,0x00,0x8e,0xe7,0x00,0x00,0x00,0x00,0x00,0x00,0x0d,0xed,0x10,0x3f,0xfd,0x00,0x00,0x00,0x00,0x00,0x00,
  0x4f,0xfc,0x00,0x0d,0xff,0x30,0x00,0x00,0x00,0x00,0x00,0xaf,0xf5,0x00,0x07,0xff,0x80,0x00,0x00,0x00,0x00,0x00,0xff,0xf0,
  0x00,0x01,0xff,0xe0,0x00,0x00,0x00,0x00,0x05,0xff,0x90,0x00,0x00,0xbf,0xf6,0x44,0x44,0x44,0x44,0x4c,0xff,0x30,0x00,0x00,
  0x5f,0xff,0xff,0xff,0xff,0xff,0xff,0xfd,0x00,0x00,0x00,0x0e,0xff,0xff,0xff,0xff,0xff,0xff,0xf7,0x00,0x00,0x00,0x09,0xff,
  0x83,0x33,0x33,0x33,0xef,0xf1,0x00,0x00,0x00,0x03,0xff,0xb0,0x00,0x00,0x03,0xff,0xb0,0x00,0x00,0x00,0x00,0xcf,0xf1,0x00,
  0x00,0x09,0xff,0x50,0x00,0x00,0x00,0x00,0x6f,0xf7,0x00,0x00,0x0e,0xfe,0x00,0x00,0x00,0x00,0x00,0x1f,0xfd,0x00,0x00,0x5f,
  0xf8,0x00,0x00,0x00,0x00,0x00,0x0a,0xff,0x30,0x00,0xaf,0xf2,0x00,0x00,0x00,0x00,0x00,0x04,0xff,0x80,0x01,0xff,0xc0,0x00,
  0x00,0x00,0x00,0x00,0x00,0xef,0xe0,0x06,0xff,0x60,0x00,0x00,0x00,0x00,0x00,0x00,0x8f,0xf4,0x0c,0xff,0x10,0x00,0x00,0x00,
  0x00,0x00,0x00,0x2f,0xfa,0x2f,0xfa,0x00,0x00,0x00,0x00,0x00,0x00,0x00,0x0c,0xff,0x9f,0xf4,0x00,0x00,0x00,0x00,0x00,0x00,
  0x00,0x06,0xff,0xff,0xe0,0x00,0x00,0x00,0x00,0x00,0x00,0x00,0x00,0xff,0xff,0x80,0x00,0x00,0x00,0x00,0x00,0x00,0x00,0x00,
  0x9f,0xff,0x20,0x00,0x00,0x00,0x00,0x00,0x0e,0xfe,0x00,0x00,0x00,0x00,0x00,0x0d,0xff,0x10,0x00,0x00,0x7f,0xf7,0x00,0x00,
  0x00,0x00,0x00,0x06,0xff,0x70,0x00,0x00,0xdf,0xf1,0x00,0x00,0x00,0x00,0x00,0x00,0xff,0xe0,0x00,0x03,0xff,0xb0,0x00,0x00,
  0x00,0x00,0x00,0x00,0xaf,0xf4,0x00,0x08,0xff,0x70,0x00,0x00,0x00,0x00,0x00,0x00,0x6f,0xf9,0x00,0x0c,0xff,0x30,0x00,0x00,
  0x00,0x00,0x00,0x00,0x2f,0xfd,0x00,0x0e,0xff,0x10,0x00,0x00,0x00,0x00,0x00,0x00,0x1f,0xff,0x00,0x0f,0xff,0x00,0x00,0x00,
  0xbf,0xc0,0x00,0x00,0x0f,0xff,0x00,0x0f,0xff,0x10,0x00,0x00,0xcf,0xd0,0x00,0x00,0x0f,0xff,0x00,0x0e,0xff,0x30,0x00,0x00,
  0xef,0xf0,0x00,0x00,0x2f,0xff,0x00,0x0c,0xff,0x60,0x00,0x01,0xff,0xf2,0x00,0x00,0x6f,0xfd,0x00,0x09,0xff,0xd0,0x00,0x07,
  0xff,0xf8,0x00,0x00,0xcf,0xfa,0x00,0x03,0xff,0xfa,0x20,0x5f,0xfa,0xff,0x60,0x1a,0xff,0xf4,0x00,0x00,0xbf,0xff,0xff,0xff,
  0xf1,0xff,0xff,0xff,0xff,0xc0,0x00,0x00,0x1d,0xff,0xff,0xff,0x60,0x6f,0xff,0xff,0xfe,0x20,0x00,0x00,0x00,0x7d,0xff,0xc5,
  0x00,0x05,0xcf,0xfd,0x80,0x00,0x00,0x00,0x00,0xcf,0xe2,0x00,0x07,0xff,0x40,0x00,0x3f,0xf7,0x00,0x00,0xdf,0xa0,0x00,0x08,
  0xfd,0x00,0x00,0x3f,0xe2,0x00,0x00,0x2c,0xfa,0x00,0xcf,0xff,0x80,0xff,0xff,0xb0,0xaf,0xff,0x70,0x08,0xb7,0x00,0x00,0x18,
  0xef,0xd8,0x00,0x00,0x01,0xdf,0xff,0xff,0xd1,0x00,0x0a,0xfc,0x30,0x3c,0xfa,0x00,0x0f,0xe1,0x00,0x01,0xff,0x00,0x1f,0xc0,
  0x00,0x00,0xcf,0x10,0x0f,0xe0,0x00,0x01,0xef,0x00,0x0b,0xfc,0x30,0x3c,0xfa,0x00,0x01,0xef,0xff,0xff,0xd1,0x00,0x00,0x19,
  0xef,0xe8,0x10,0x00,0x0f,0xc0,0x00,0x00,0xdf,0x00,0x0c,0xf9,0x20,0x29,0xfc,0x00,0x03,0xff,0xff,0xff,0xf3,0x00,0x00,0x2a,
  0xdf,0xda,0x20,0x00,0x55,0x00,0x00,0x01,0x63,0xef,0x00,0x00,0x05,0xf7,0xaf,0x40,0x00,0x0a,0xf3,0x3f,0xd2,0x00,0x7f,0xc0,
  0x05,0xef,0xef,0xfc,0x10,0x00,0x04,0x66,0x30,0x00,0x00,0x00,0x00,0x00,0x00,0x00,0x00,0x00,0x00,0x00,0xcc,0x73,0x00,0x00,
  0x00,0x00,0x00,0x00,0x00,0x00,0xdf,0xff,0xe9,0x50,0x00,0x00,0x00,0x00,0x00,0x00,0x7d,0xff,0xff,0xff,0xc7,0x30,0x00,0x00,
  0x00,0x00,0x00,0x16,0xaf,0xff,0xff,0xfe,0x95,0x00,0x00,0x00,0x00,0x00,0x00,0x48,0xdf,0xff,0xff,0xfc,0x72,0x00,0x00,0x00,
  0x00,0x00,0x01,0x6b,0xff,0xff,0xff,0xd0,0x00,0x00,0x00,0x00,0x00,0x00,0x19,0xff,0xff,0xf0,0x00,0x00,0x00,0x00,0x02,0x7b,
  0xff,0xff,0xff,0xd0,0x00,0x00,0x00,0x49,0xdf,0xff,0xff,0xfb,0x62,0x00,0x00,0x27,0xbf,0xff,0xff,0xfd,0x94,0x00,0x00,0x00,
  0x7d,0xff,0xff,0xff,0xb7,0x20,0x00,0x00,0x00,0x00,0xdf,0xff,0xd9,0x40,0x00,0x00,0x00,0x00,0x00,0x00,0xcb,0x72,0x00,0x00,
  0x00,0x00,0x00,0x00,0x00,0x00,0x00,0x00,0x00,0x00,0x00,0x00,0x00,0x00,0x00,0x00,0x22,0x22,0x22,0x22,0x22,0x22,0x22,0x22,
  0x22,0x20,0xdf,0xff,0xff,0xff,0xff,0xff,0xff,0xff,0xff,0xf0,0xdf,0xff,0xff,0xff,0xff,0xff,0xff,0xff,0xff,0xf0,0x45,0x55,
  0x55,0x55,0x55,0x55,0x55,0x55,0x55,0x40,0x00,0x00,0x00,0x00,0x00,0x00,0x00,0x00,0x00,0x00,0xdf,0xff,0xff,0xff,0xff,0xff,
  0xff,0xff,0xff,0xf0,0xdf,0xff,0xff,0xff,0xff,0xff,0xff,0xff,0xff,0xf0,0x67,0x77,0x77,0x77,0x77,0x77,0x77,0x77,0x77,0x70,
  0x00,0x00,0x00,0x00,0x00,0x00,0x00,0x00,0x00,0x00,0x00,0x00,0x00,0x00,0x00,0x00,0x00,0x02,0x6b,0xe0,0x00,0x00,0x00,0x00,
  0x00,0x00,0x49,0xdf,0xff,0xf0,0x00,0x00,0x00,0x00,0x26,0xbf,0xff,0xff,0xfd,0x80,0x00,0x00,0x04,0x9d,0xff,0xff,0xff,0xb7,
  0x20,0x00,0x02,0x6b,0xff,0xff,0xff,0xe9,0x40,0x00,0x00,0x00,0xbf,0xff,0xff,0xfb,0x72,0x00,0x00,0x00,0x00,0x00,0xdf,0xff,
  0xfa,0x10,0x00,0x00,0x00,0x00,0x00,0x00,0xaf,0xff,0xff,0xfc,0x73,0x00,0x00,0x00,0x00,0x00,0x01,0x6a,0xff,0xff,0xff,0xea,
  0x51,0x00,0x00,0x00,0x00,0x00,0x03,0x8d,0xff,0xff,0xff,0xc7,0x30,0x00,0x00,0x00,0x00,0x00,0x16,0xaf,0xff,0xff,0xfe,0x90,
  0x00,0x00,0x00,0x00,0x00,0x00,0x48,0xdf,0xff,0xf0,0x00,0x00,0x00,0x00,0x00,0x00,0x00,0x01,0x6b,0xe0,0x00,0x00,0x00,0x00,
  0x00,0x00,0x00,0x00,0x00,0x00,0x22,0x22,0x22,0x22,0x22,0x22,0x22,0x22,0x22,0x20,0xdf,0xff,0xff,0xff,0xff,0xff,0xff,0xff,
  0xff,0xf0,0xdf,0xff,0xff,0xff,0xff,0xff,0xff,0xff,0xff,0xf0,0x45,0x55,0x55,0x55,0x55,0x55,0x55,0x55,0x55,0x40,0x00,0x00,
  0x00,0x00,0x00,0x00,0x00,0x00,0x00,0x00,0xdf,0xff,0xff,0xff,0xff,0xff,0xff,0xff,0xff,0xf0,0xdf,0xff,0xff,0xff,0xff,0xff,
  0xff,0xff,0xff,0xf0,0x67,0x77,0x77,0x77,0x77,0x77,0x77,0x77,0x77,0x70,0x00,0x00,0x00,0x00,0x00,0x34,0x43,0x00,0x00,0x00,
  0x00,0x00,0x00,0x00,0x00,0x04,0xaf,0xff,0xff,0xfb,0x50,0x00,0x00,0x00,0x00,0x00,0x02,0xcf,0xfc,0x86,0x68,0xbf,0xfd,0x40,
  0x00,0x00,0x00,0x00,0x6f,0xfa,0x20,0x00,0x00,0x01,0x8f,0xf8,0x00,0x00,0x00,0x07,0xfe,0x40,0x00,0x00,0x00,0x00,0x02,0xdf,
  0x90,0x00,0x00,0x4f,0xd1,0x00,0x00,0x00,0x00,0x00,0x00,0x0c,0xf7,0x00,0x00,0xef,0x20,0x00,0x00,0x00,0x00,0x00,0x00,0x01,
  0xef,0x20,0x07,0xf7,0x00,0x00,0x00,0x00,0x00,0x00,0x00,0x00,0x4f,0x90,0x0c,0xf0,0x00,0x00,0x00,0x00,0x00,0x00,0x00,0x00,
  0x0d,0xf0,0x1f,0xb0,0x00,0x00,0x00,0x00,0x00,0x00,0x00,0x00,0x08,0xf3,0x3f,0x70,0x00,0x00,0x00,0x00,0x00,0x00,0x00,0x00,
  0x05,0xf6,0x5f,0x60,0x00,0x00,0x00,0x00,0x00,0x00,0x00,0x00,0x03,0xf7,0x5f,0x60,0x00,0x00,0x00,0x00,0x00,0x00,0x00,0x00,
  0x03,0xf8,0x4f,0x70,0x00,0x00,0x00,0x00,0x00,0x00,0x00,0x00,0x04,0xf7,0x2f,0x90,0x00,0x00,0x00,0x00,0x00,0x00,0x00,0x00,
  0x06,0xf5,0x0e,0xd0,0x00,0x00,0x00,0x00,0x00,0x00,0x00,0x00,0x0b,0xf1,0x09,0xf4,0x00,0x00,0x00,0x00,0x00,0x00,0x00,0x00,
  0x1f,0xc0,0x02,0xfd,0x00,0x00,0x00,0x00,0x00,0x00,0x00,0x00,0xaf,0x50,0x00,0x9f,0x90,0x00,0x00,0x00,0x00,0x00,0x00,0x06,
  0xfb,0x00,0x00,0x0c,0xf9,0x00,0x00,0x00,0x00,0x00,0x00,0x7f,0xe1,0x00,0x00,0x01,0xcf,0xd3,0x00,0x00,0x00,0x00,0x2b,0xfd,
  0x20,0x00,0x00,0x00,0x08,0xff,0xc6,0x20,0x01,0x5a,0xff,0xa1,0x00,0x00,0x00,0x00,0x00,0x2a,0xff,0xff,0xff,0xff,0xc4,0x00,
  0x00,0x00,0x00,0x00,0x00,0x00,0x16,0x9b,0xba,0x72,0x00,0x00,0x00,0x00,0x00,0x00,0x00,0x01,0x6a,0xdf,0xfe,0xb7,0x10,0x00,
  0x00,0x00,0x00,0x00,0x00,0x8f,0xff,0xff,0xff,0xff,0xf9,0x10,0x00,0x00,0x00,0x00,0x2d,0xff,0xff,0xff,0xff,0xff,0xff,0xe4,
  0x00,0x00,0x00,0x02,0xef,0xff,0xff,0xff,0xff,0xff,0xff,0xff,0x40,0x00,0x00,0x1e,0xff,0xff,0xff,0xff,0xff,0xff,0xff,0xff,
  0xf2,0x00,0x00,0xaf,0xff,0xff,0xff,0xff,0xff,0xff,0xff,0xff,0xfc,0x00,0x03,0xff,0xff,0xff,0xff,0xff,0xff,0xff,0xff,0xff,
  0xff,0x50,0x0a,0xff,0xff,0xff,0xff,0xff,0xff,0xff,0xff,0xff,0xff,0xc0,0x0f,0xff,0xff,0xff,0xff,0xff,0xff,0xff,0xff,0xff,
  0xff,0xf1,0x2f,0xff,0xff,0xff,0xff,0xff,0xff,0xff,0xff,0xff,0xff,0xf5,0x4f,0xff,0xff,0xff,0xff,0xff,0xff,0xff,0xff,0xff,
  0xff,0xf7,0x5f,0xff,0xff,0xff,0xff,0xff,0xff,0xff,0xff,0xff,0xff,0xf8,0x4f,0xff,0xff,0xff,0xff,0xff,0xff,0xff,0xff,0xff,
  0xff,0xf7,0x2f,0xff,0xff,0xff,0xff,0xff,0xff,0xff,0xff,0xff,0xff,0xf5,0x0f,0xff,0xff,0xff,0xff,0xff,0xff,0xff,0xff,0xff,
  0xff,0xf1,0x0a,0xff,0xff,0xff,0xff,0xff,0xff,0xff,0xff,0xff,0xff,0xc0,0x03,0xff,0xff,0xff,0xff,0xff,0xff,0xff,0xff,0xff,
  0xff,0x50,0x00,0xaf,0xff,0xff,0xff,0xff,0xff,0xff,0xff,0xff,0xfd,0x00,0x00,0x1e,0xff,0xff,0xff,0xff,0xff,0xff,0xff,0xff,
  0xf2,0x00,0x00,0x02,0xef,0xff,0xff,0xff,0xff,0xff,0xff,0xff,0x40,0x00,0x00,0x00,0x2d,0xff,0xff,0xff,0xff,0xff,0xff,0xe4,
  0x00,0x00,0x00,0x00,0x00,0x8f,0xff,0xff,0xff,0xff,0xf9,0x10,0x00,0x00,0x00,0x00,0x00,0x01,0x6b,0xef,0xfe,0xb7,0x10,0x00,
  0x00,0x00,0x00,0x00,0x00,0x00,0x00,0x12,0x31,0x00,0x00,0x00,0x00,0x00,0x00,0x00,0x00,0x03,0x9e,0xff,0xff,0xea,0x40,0x00,
  0x00,0x00,0x00,0x00,0x02,0xbf,0xfc,0x86,0xff,0xff,0xfd,0x30,0x00,0x00,0x00,0x00,0x5f,0xfa,0x20,0x00,0xef,0xff,0xff,0xf7,
  0x00,0x00,0x00,0x05,0xfe,0x40,0x00,0x00,0xef,0xff,0xff,0xff,0x70,0x00,0x00,0x2f,0xd1,0x00,0x00,0x00,0xef,0xff,0xff,0xff,
  0xf5,0x00,0x00,0xcf,0x20,0x00,0x00,0x00,0xef,0xff,0xff,0xff,0xfe,0x00,0x05,0xf7,0x00,0x00,0x00,0x00,0xef,0xff,0xff,0xff,
  0xff,0x70,0x0b,0xf0,0x00,0x00,0x00,0x00,0xef,0xff,0xff,0xff,0xff,0xe0,0x0f,0xb0,0x00,0x00,0x00,0x00,0xef,0xff,0xff,0xff,
  0xff,0xf2,0x3f,0x70,0x00,0x00,0x00,0x00,0xef,0xff,0xff,0xff,0xff,0xf6,0x5f,0x60,0x00,0x00,0x00,0x00,0xef,0xff,0xff,0xff,
  0xff,0xf7,0x5f,0xdc,0xcc,0xcc,0xcc,0xcc,0xff,0xff,0xff,0xff,0xff,0xf8,0x4f,0xff,0xff,0xff,0xff,0xff,0xff,0xff,0xff,0xff,
  0xff,0xf7,0x1f,0xff,0xff,0xff,0xff,0xff,0xff,0xff,0xff,0xff,0xff,0xf4,0x0d,0xff,0xff,0xff,0xff,0xff,0xff,0xff,0xff,0xff,
  0xff,0xf1,0x08,0xff,0xff,0xff,0xff,0xff,0xff,0xff,0xff,0xff,0xff,0xb0,0x01,0xff,0xff,0xff,0xff,0xff,0xff,0xff,0xff,0xff,
  0xff,0x30,0x00,0x7f,0xff,0xff,0xff,0xff,0xff,0xff,0xff,0xff,0xfa,0x00,0x00,0x0b,0xff,0xff,0xff,0xff,0xff,0xff,0xff,0xff,
  0xd1,0x00,0x00,0x00,0xcf,0xff,0xff,0xff,0xff,0xff,0xff,0xfd,0x20,0x00,0x00,0x00,0x09,0xff,0xff,0xff,0xff,0xff,0xff,0xb1,
  0x00,0x00,0x00,0x00,0x00,0x3b,0xff,0xff,0xff,0xff,0xc4,0x00,0x00,0x00,0x00,0x00,0x00,0x00,0x16,0x9a,0xa9,0x62,0x00,0x00,
  0x00,0x00,0x4c,0x40,0x00,0x00,0x00,0x00,0x00,0x00,0x00,0x00,0x02,0xc6,0x4f,0x70,0x00,0x00,0x00,0x00,0x00,0x00,0x00,0x00,
  0x04,0xf7,0x2f,0x90,0x00,0x00,0x00,0x00,0x00,0x00,0x00,0x00,0x06,0xf5,0x0e,0xd0,0x00,0x00,0x00,0x00,0x00,0x00,0x00,0x00,
  0x0b,0xf1,0x09,0xf4,0x00,0x00,0x00,0x00,0x00,0x00,0x00,0x00,0x1f,0xc0,0x02,0xfd,0x00,0x00,0x00,0x00,0x00,0x00,0x00,0x00,
  0xaf,0x50,0x00,0x9f,0x90,0x00,0x00,0x00,0x00,0x00,0x00,0x06,0xfb,0x00,0x00,0x0c,0xf9,0x00,0x00,0x00,0x00,0x00,0x00,0x7f,
  0xe1,0x00,0x00,0x01,0xcf,0xd3,0x00,0x00,0x00,0x00,0x2b,0xfd,0x20,0x00,0x00,0x00,0x08,0xff,0xc6,0x20,0x01,0x5a,0xff,0xa1,
  0x00,0x00,0x00,0x00,0x00,0x2a,0xff,0xff,0xff,0xff,0xc4,0x00,0x00,0x00,0x00,0x00,0x00,0x00,0x16,0x9b,0xba,0x72,0x00,0x00,
  0x00,0x00,0x29,0x99,0x99,0x99,0x99,0x99,0x99,0x99,0x99,0x93,0x4f,0xff,0xff,0xff,0xff,0xff,0xff,0xff,0xff,0xf5,0x4f,0xff,
  0xff,0xff,0xff,0xff,0xff,0xff,0xff,0xf5,0x00,0x00,0x00,0x7f,0xd0,0x0c,0xf8,0x00,0x00,0x00,0x00,0x00,0x00,0x7f,0xd0,0x0c,
  0xf8,0x00,0x00,0x00,0x00,0x00,0x00,0x7f,0xd0,0x0c,0xf8,0x00,0x00,0x00,0x00,0x00,0x00,0x7f,0xd0,0x0c,0xf8,0x00,0x00,0x00,
  0x00,0x00,0x00,0x7f,0xd0,0x0c,0xf8,0x00,0x00,0x00,0x00,0x00,0x00,0x7f,0xd0,0x0c,0xf8,0x00,0x00,0x00,0x00,0x00,0x00,0x7f,
  0xd0,0x0c,0xf8,0x00,0x00,0x00,0x00,0x00,0x00,0x7f,0xd0,0x0c,0xf8,0x00,0x00,0x00,0x00,0x00,0x00,0x7f,0xd0,0x0c,0xf8,0x00,
  0x00,0x00,0x00,0x00,0x00,0x7f,0xd0,0x0c,0xf8,0x00,0x00,0x00,0x00,0x00,0x00,0x7f,0xd0,0x0c,0xf8,0x00,0x00,0x00,0x00,0x00,
  0x00,0x7f,0xd0,0x0c,0xf8,0x00,0x00,0x00,0x00,0x00,0x00,0x7f,0xd0,0x0c,0xf8,0x00,0x00,0x00,0x00,0x00,0x00,0x7f,0xd0,0x0c,
  0xf8,0x00,0x00,0x00,0x00,0x00,0x00,0x7f,0xd0,0x0c,0xf8,0x00,0x00,0x00,0x00,0x00,0x00,0x7f,0xd0,0x0c,0xf8,0x00,0x00,0x00,
  0x00,0x00,0x00,0x38,0x60,0x06,0x84,0x00,0x00,0x00,0xdf,0xff,0xff,0xff,0xff,0xff,0xff,0xff,0xff,0xf0,0xdf,0xff,0xff,0xff,
  0xff,0xff,0xff,0xff,0xff,0xf0,0x00,0x00,0x00,0x00,0x00,0x00,0x00,0x00,0x8f,0xf0,0x00,0x00,0x00,0x00,0x00,0x00,0x00,0x00,
  0x8f,0xf0,0x00,0x00,0x00,0x00,0x00,0x00,0x00,0x00,0x8f,0xf0,0x00,0x00,0x00,0x00,0x00,0x00,0x00,0x00,0x8f,0xf0,0x00,0x00,
  0x00,0x00,0x00,0x00,0x00,0x00,0x8f,0xf0,0x00,0x00,0x00,0x00,0x00,0x00,0x00,0x00,0x8f,0xf0,0x00,0x4c,0xfe,0xa2,0x00,0x06,
  0xff,0xff,0xfe,0x20,0x1f,0xff,0xff,0xff,0xc0,0x6f,0xff,0xff,0xff,0xf1,0x7f,0xff,0xff,0xff,0xf2,0x6f,0xff,0xff,0xff,0xf1,
  0x1f,0xff,0xff,0xff,0xb0,0x06,0xff,0xff,0xfe,0x20,0x00,0x4c,0xfe,0xa2,0x00,0xff,0xf0,0xff,0xf0,0xff,0xf0,0x00,0x00,0x00,
  0x00,0x00,0x00,0x00,0x00,0x00,0x00,0x00,0x00,0x00,0x00,0x00,0x00,0x00,0x02,0x00,0x00,0x00,0x00,0x00,0x00,0x00,0x00,0x00,
  0x00,0x00,0x05,0x00,0x00,0x00,0x00,0x00,0x00,0x00,0x00,0x00,0x00,0x00,0x0b,0x00,0x00,0x00,0x00,0x00,0x00,0x00,0x00,0x00,
  0x00,0x00,0x1f,0x30,0x00,0x00,0x00,0x00,0x00,0x00,0x00,0x00,0x00,0x00,0x8d,0xa0,0x00,0x00,0x00,0x00,0x00,0x00,0x00,0x00,
  0x00,0x01,0xf8,0xf3,0x00,0x00,0x00,0x00,0x00,0x00,0x00,0x00,0x00,0x0b,0xf0,0xdd,0x10,0x00,0x00,0x00,0x00,0x00,0x00,0x00,
  0x00,0x9f,0x70,0x5f,0xb0,0x00,0x00,0x00,0x00,0x00,0x00,0x00,0x0a,0xfb,0x00,0x08,0xfc,0x10,0x00,0x00,0x00,0x00,0x00,0x04,
  0xdf,0x90,0x00,0x00,0x7f,0xe6,0x00,0x00,0x00,0x01,0x37,0xce,0xa3,0x00,0x00,0x00,0x02,0x9e,0xd8,0x31,0x00,0x02,0x49,0xdd,
  0x92,0x00,0x00,0x00,0x01,0x8c,0xd9,0x52,0x10,0x00,0x00,0x06,0xef,0x80,0x00,0x00,0x6f,0xf7,0x00,0x00,0x00,0x00,0x00,0x00,
  0x1b,0xfa,0x00,0x07,0xfd,0x20,0x00,0x00,0x00,0x00,0x00,0x00,0x00,0xaf,0x60,0x4f,0xc0,0x00,0x00,0x00,0x00,0x00,0x00,0x00,
  0x00,0x0c,0xe0,0xce,0x10,0x00,0x00,0x00,0x00,0x00,0x00,0x00,0x00,0x01,0xf7,0xf4,0x00,0x00,0x00,0x00,0x00,0x00,0x00,0x00,
  0x00,0x00,0x8d,0xb0,0x00,0x00,0x00,0x00,0x00,0x00,0x00,0x00,0x00,0x00,0x2f,0x40,0x00,0x00,0x00,0x00,0x00,0x00,0x00,0x00,
  0x00,0x00,0x0c,0x00,0x00,0x00,0x00,0x00,0x00,0x00,0x00,0x00,0x00,0x00,0x05,0x00,0x00,0x00,0x00,0x00,0x00,0x00,0x00,0x00,
  0x00,0x00,0x02,0x00,0x00,0x00,0x00,0x00,0x00,0x00,0x00,0x00,0x00,0x00,0x00,0x00,0x00,0x00,0x00,0x00,0x00,0x00,0x00,0x00,
  0x00,0x00,0x02,0x00,0x00,0x00,0x00,0x00,0x00,0x00,0x00,0x00,0x00,0x00,0x0c,0x00,0x00,0x00,0x00,0x00,0x00,0x00,0x00,0x00,
  0x00,0x00,0x4f,0x20,0x00,0x00,0x00,0x00,0x00,0x00,0x00,0x00,0x00,0x00,0x9a,0x70,0x00,0x00,0x00,0x00,0x00,0x00,0x00,0x00,
  0x00,0x00,0xd1,0xc0,0x00,0x00,0x00,0x00,0x00,0x00,0x00,0x00,0x00,0x04,0x90,0xb2,0x00,0x00,0x00,0x00,0x00,0x00,0x00,0x00,
  0x00,0x09,0x40,0x57,0x00,0x00,0x00,0x00,0x00,0x00,0x00,0x00,0x00,0x0d,0x00,0x1c,0x00,0x00,0x00,0x00,0x00,0x45,0x55,0x55,
  0x55,0x7a,0x00,0x0b,0x65,0x55,0x55,0x55,0x40,0x1c,0xc6,0x66,0x66,0x62,0x00,0x02,0x66,0x66,0x66,0xdb,0x10,0x00,0x8b,0x10,
  0x00,0x00,0x00,0x00,0x00,0x00,0x2b,0x60,0x00,0x00,0x03,0xc4,0x00,0x00,0x00,0x00,0x00,0x06,0xc2,0x00,0x00,0x00,0x00,0x1b,
  0x90,0x00,0x00,0x00,0x01,0xb9,0x00,0x00,0x00,0x00,0x00,0x00,0x6c,0x00,0x00,0x00,0x0e,0x50,0x00,0x00,0x00,0x00,0x00,0x00,
  0x3b,0x00,0x00,0x00,0x0c,0x10,0x00,0x00,0x00,0x00,0x00,0x00,0x86,0x00,0x00,0x00,0x07,0x60,0x00,0x00,0x00,0x00,0x00,0x00,
  0xd1,0x00,0x6d,0x40,0x02,0xb0,0x00,0x00,0x00,0x00,0x00,0x02,0xb0,0x1a,0xa2,0xb8,0x00,0xc1,0x00,0x00,0x00,0x00,0x00,0x07,
  0x63,0xd6,0x00,0x07,0xc2,0x76,0x00,0x00,0x00,0x00,0x00,0x0d,0x9c,0x20,0x00,0x00,0x3c,0x7b,0x00,0x00,0x00,0x00,0x00,0x2f,
  0x80,0x00,0x00,0x00,0x00,0x9f,0x10,0x00,0x00,0x00,0x00,0x64,0x00,0x00,0x00,0x00,0x00,0x05,0x40,0x00,0x00,0x00,0x00,0x00,
  0x00,0x00,0x00,0x00,0x00,0x00,0x00,0x00,0x00,0x00,0x00,0x00,0x00,0x00,0x02,0x00,0x00,0x00,0x00,0x00,0x00,0x00,0x00,0x00,
  0x00,0x00,0x0c,0x00,0x00,0x00,0x00,0x00,0x00,0x00,0x00,0x00,0x00,0x00,0x4f,0x20,0x00,0x00,0x00,0x00,0x00,0x00,0x00,0x00,
  0x00,0x00,0x9f,0x70,0x00,0x00,0x00,0x00,0x00,0x00,0x00,0x00,0x00,0x00,0xef,0xd0,0x00,0x00,0x00,0x00,0x00,0x00,0x00,0x00,
  0x00,0x04,0xff,0xf2,0x00,0x00,0x00,0x00,0x00,0x00,0x00,0x00,0x00,0x09,0xff,0xf7,0x00,0x00,0x00,0x00,0x00,0x00,0x00,0x00,
  0x00,0x0e,0xff,0xfd,0x00,0x00,0x00,0x00,0x00,0x45,0x55,0x55,0x55,0x7f,0xff,0xff,0x65,0x55,0x55,0x55,0x40,0x1c,0xff,0xff,
  0xff,0xff,0xff,0xff,0xff,0xff,0xff,0xfb,0x10,0x00,0x8f,0xff,0xff,0xff,0xff,0xff,0xff,0xff,0xff,0x60,0x00,0x00,0x03,0xef,
  0xff,0xff,0xff,0xff,0xff,0xff,0xd2,0x00,0x00,0x00,0x00,0x1b,0xff,0xff,0xff,0xff,0xff,0xf9,0x00,0x00,0x00,0x00,0x00,0x00,
  0x6f,0xff,0xff,0xff,0xff,0x50,0x00,0x00,0x00,0x00,0x00,0x00,0x3f,0xff,0xff,0xff,0xff,0x10,0x00,0x00,0x00,0x00,0x00,0x00,
  0x8f,0xff,0xff,0xff,0xff,0x60,0x00,0x00,0x00,0x00,0x00,0x00,0xdf,0xff,0xff,0xff,0xff,0xb0,0x00,0x00,0x00,0x00,0x00,0x02,
  0xff,0xff,0xa2,0xbf,0xff,0xf1,0x00,0x00,0x00,0x00,0x00,0x07,0xff,0xf6,0x00,0x07,0xff,0xf6,0x00,0x00,0x00,0x00,0x00,0x0d,
  0xfc,0x20,0x00,0x00,0x3d,0xfb,0x00,0x00,0x00,0x00,0x00,0x2f,0x80,0x00,0x00,0x00,0x00,0x9f,0x10,0x00,0x00,0x00,0x00,0x64,
  0x00,0x00,0x00,0x00,0x00,0x05,0x40,0x00,0x00,0x00,0x00,0x00,0x00,0x00,0x00,0x00,0x00,0x00,0x00,0x00,0x00,0x00,0x00,0x00,
  0x4e,0x20,0x00,0x00,0x00,0x00,0x00,0x00,0x5f,0xc2,0x00,0x00,0x00,0x00,0x00,0x00,0x5f,0xff,0xb5,0x00,0x00,0x00,0x00,0x00,
  0x5f,0xef,0xff,0xe5,0x00,0x00,0x00,0x00,0x5f,0x36,0xdf,0xff,0x40,0x00,0x00,0x00,0x5f,0x30,0x03,0xcf,0x90,0x00,0x00,0x00,
  0x5f,0x30,0x00,0x0d,0x70,0x00,0x00,0x00,0x5f,0x30,0x00,0x0e,0x20,0x00,0x00,0x00,0x5f,0x30,0x00,0x67,0x00,0x00,0x00,0x00,
  0x5f,0x30,0x00,0x00,0x00,0x00,0x00,0x00,0x5f,0x30,0x00,0x00,0x00,0x00,0x00,0x00,0x5f,0x30,0x00,0x00,0x00,0x00,0x00,0x00,
  0x5f,0x30,0x00,0x00,0x00,0x00,0x00,0x00,0x5f,0x30,0x00,0x00,0x00,0x00,0x00,0x00,0x5f,0x30,0x00,0x00,0x00,0x00,0x00,0x00,
  0x5f,0x30,0x00,0x00,0x00,0x00,0x00,0x00,0x5f,0x30,0x00,0x00,0x00,0x00,0x58,0x73,0x5f,0x30,0x00,0x00,0x00,0x1e,0xff,0xff,
  0xef,0x30,0x00,0x00,0x00,0x6f,0xff,0xff,0xff,0x20,0x00,0x00,0x00,0x4f,0xff,0xff,0xfc,0x00,0x00,0x00,0x00,0x08,0xff,0xff,
  0x91,0x00,0x00,0x00,0x00,0x00,0x01,0x20,0x00,0x00,0x00,0x00,0x00,0x00,0x00,0x00,0x00,0x00,0x00,0x00,0x00,0x00,0x00,0x5c,
  0xff,0xc5,0x00,0x00,0x00,0x00,0x55,0x09,0xff,0xff,0xff,0xd5,0x00,0x00,0x05,0xfd,0x6f,0xf6,0x11,0x7e,0xff,0xc5,0x01,0x6f,
  0xf5,0xdf,0x60,0x00,0x00,0x8f,0xff,0xff,0xff,0x70,0x78,0x00,0x00,0x00,0x01,0x7c,0xfe,0xa3,0x00,0xdd,0xdd,0xdd,0xdd,0xdd,
  0xdd,0xdd,0xdd,0xdd,0xdd,0xdd,0xdd,0xd7,0xff,0xff,0xff,0xff,0xff,0xff,0xff,0xff,0xff,0xff,0xff,0xff,0xf8,0x14,0x44,0x44,
  0x44,0x44,0x44,0x44,0x44,0x44,0x44,0x44,0x42,0x4f,0xff,0xff,0xff,0xff,0xff,0xff,0xff,0xff,0xff,0xff,0xfa,0x4f,0xa6,0x66,
  0x66,0x66,0x66,0x66,0x66,0x66,0x66,0x66,0xfa,0x4f,0x60,0x00,0x00,0x00,0x00,0x00,0x00,0x00,0x00,0x00,0xfa,0x4f,0x60,0x00,
  0x00,0x00,0x00,0x00,0x00,0x00,0x00,0x00,0xfa,0x4f,0x60,0x00,0x00,0x00,0x00,0x00,0x00,0x00,0x00,0x00,0xfa,0x4f,0x60,0x00,
  0x00,0x00,0x00,0x00,0x00,0x00,0x00,0x00,0xfa,0x4f,0x60,0x00,0x00,0x00,0x00,0x00,0x00,0x00,0x00,0x00,0xfa,0x4f,0x60,0x00,
  0x00,0x00,0x00,0x00,0x00,0x00,0x00,0x00,0xfa,0x4f,0x60,0x00,0x00,0x00,0x00,0x00,0x00,0x00,0x00,0x00,0xfa,0x4f,0x60,0x00,
  0x00,0x00,0x00,0x00,0x00,0x00,0x00,0x00,0xfa,0x4f,0x60,0x00,0x00,0x00,0x00,0x00,0x00,0x00,0x00,0x00,0xfa,0x4f,0x60,0x00,
  0x00,0x00,0x00,0x00,0x00,0x00,0x00,0x00,0xfa,0x4f,0x60,0x00,0x00,0x00,0x00,0x00,0x00,0x00,0x00,0x00,0xfa,0x4f,0x60,0x00,
  0x00,0x00,0x00,0x00,0x00,0x00,0x00,0x00,0xfa,0x4f,0x60,0x00,0x00,0x00,0x00,0x00,0x00,0x00,0x00,0x00,0xfa,0x4f,0x60,0x00,
  0x00,0x00,0x00,0x00,0x00,0x00,0x00,0x00,0xfa,0x4f,0x60,0x00,0x00,0x00,0x00,0x00,0x00,0x00,0x00,0x00,0xfa,0x4f,0x60,0x00,
  0x00,0x00,0x00,0x00,0x00,0x00,0x00,0x00,0xfa,0x4f,0x60,0x00,0x00,0x00,0x00,0x00,0x00,0x00,0x00,0x00,0xfa,0x4f,0x60,0x00,
  0x00,0x00,0x00,0x00,0x00,0x00,0x00,0x00,0xfa,0x4f,0x60,0x00,0x00,0x00,0x00,0x00,0x00,0x00,0x00,0x00,0xfa,0x4f,0xff,0xff,
  0xff,0xff,0xff,0xff,0xff,0xff,0xff,0xff,0xfa,0x3b,0xbb,0xbb,0xbb,0xbb,0xbb,0xbb,0xbb,0xbb,0xbb,0xbb,0xb6,0x00,0x00,0x08,
  0xff,0xff,0xff,0xff,0xff,0xff,0x70,0x00,0x00,0x00,0x08,0xff,0xff,0xff,0xff,0xff,0xff,0x70,0x00,0x00,0x00,0x08,0xff,0xff,
  0xff,0xff,0xff,0xff,0x70,0x00,0x00,0x00,0x08,0xff,0x60,0x00,0x00,0x07,0xff,0x70,0x00,0x00,0x00,0x08,0xff,0x60,0x00,0x00,
  0x07,0xff,0x70,0x00,0x00,0x00,0x09,0xff,0x60,0x00,0x00,0x07,0xff,0x70,0x00,0x00,0x00,0x09,0xff,0x60,0x00,0x00,0x07,0xff,
  0x70,0x00,0x00,0x00,0x0a,0xff,0x50,0x00,0x00,0x07,0xff,0x70,0x00,0x00,0x00,0x0b,0xff,0x50,0x00,0x00,0x07,0xff,0x70,0x00,
  0x00,0x00,0x0c,0xff,0x40,0x00,0x00,0x07,0xff,0x70,0x00,0x00,0x00,0x0d,0xff,0x20,0x00,0x00,0x07,0xff,0x70,0x00,0x00,0x00,
  0x0f,0xff,0x10,0x00,0x00,0x07,0xff,0x70,0x00,0x00,0x00,0x2f,0xff,0x00,0x00,0x00,0x07,0xff,0x70,0x00,0x00,0x00,0x4f,0xfc,
  0x00,0x00,0x00,0x07,0xff,0x70,0x00,0x00,0x00,0x7f,0xf9,0x00,0x00,0x00,0x07,0xff,0x70,0x00,0x00,0x00,0xbf,0xf5,0x00,0x00,
  0x00,0x07,0xff,0x70,0x00,0x00,0x01,0xff,0xf0,0x00,0x00,0x00,0x07,0xff,0x70,0x00,0x00,0x09,0xff,0xb0,0x00,0x00,0x00,0x07,
  0xff,0x70,0x00,0x01,0x9f,0xff,0x30,0x00,0x00,0x00,0x07,0xff,0x70,0x00,0x8f,0xff,0xff,0xff,0xff,0xff,0xff,0xff,0xff,0xff,
  0xf0,0x8f,0xff,0xff,0xff,0xff,0xff,0xff,0xff,0xff,0xff,0xf0,0x8f,0xff,0xff,0xff,0xff,0xff,0xff,0xff,0xff,0xff,0xf0,0x8f,
  0xf0,0x00,0x00,0x00,0x00,0x00,0x00,0x00,0x8f,0xf0,0x8f,0xf0,0x00,0x00,0x00,0x00,0x00,0x00,0x00,0x8f,0xf0,0x8f,0xf0,0x00,
  0x00,0x00,0x00,0x00,0x00,0x00,0x8f,0xf0,0x8f,0xf0,0x00,0x00,0x00,0x00,0x00,0x00,0x00,0x8f,0xf0,0x8f,0xf0,0x00,0x00,0x00,
  0x00,0x00,0x00,0x00,0x8f,0xf0,0xdf,0xff,0xff,0xff,0xff,0xff,0xff,0xff,0xff,0xf0,0xdf,0xff,0xff,0xff,0xff,0xff,0xff,0xff,
  0xff,0xf0,0x00,0x00,0x00,0x00,0x00,0x00,0x00,0x00,0x00,0x00,0x00,0x00,0x00,0x00,0x00,0x00,0x00,0x00,0x00,0x00,0x00,0x00,
  0x00,0x00,0x00,0x00,0x00,0x00,0x00,0x00,0xdf,0xff,0xff,0xff,0xff,0xff,0xff,0xff,0xff,0xf0,0xdf,0xff,0xff,0xff,0xff,0xff,
  0xff,0xff,0xff,0xf0,0x00,0x00,0x00,0x00,0x00,0x00,0x00,0x00,0x00,0x00,0x00,0x00,0x00,0x00,0x00,0x00,0x00,0x00,0x00,0x00,
  0x00,0x00,0x00,0x00,0x00,0x00,0x00,0x00,0x00,0x00,0xdf,0xff,0xff,0xff,0xff,0xff,0xff,0xff,0xff,0xf0,0xdf,0xff,0xff,0xff,
  0xff,0xff,0xff,0xff,0xff,0xf0,0x00,0x00,0xcf,0xe1,0x00,0x09,0xff,0x30,0x00,0x5f,0xf4,0x00,0x02,0xff,0x60,0x00,0x0c,0xf8,
  0x00,0x00,0x38,0x70,0x00,0x00,0x2e,0xfb,0x00,0x00,0x03,0xff,0x80,0x00,0x00,0x5f,0xf4,0x00,0x00,0x07,0xfe,0x10,0x00,0x00,
  0x9f,0xb0,0x00,0x00,0x07,0x72,0x00,0x00,0x02,0x00,0x00,0x00,0x00,0x00,0x00,0x04,0x00,0x00,0x00,0x00,0x00,0x00,0x2e,0xc0,
  0x00,0x00,0x00,0x00,0x00,0x5f,0xd0,0x00,0x00,0x00,0x00,0x00,0x5f,0xfc,0x00,0x00,0x00,0x00,0x00,0xef,0xa0,0x00,0x00,0x00,
  0x00,0x00,0x06,0xff,0xc0,0x00,0x00,0x00,0x0a,0xfe,0x10,0x00,0x00,0x00,0x00,0x00,0x00,0x6f,0xfb,0x00,0x00,0x00,0x6f,0xf4,
  0x00,0x00,0x00,0x00,0x00,0x00,0x00,0x07,0xff,0xa0,0x00,0x04,0xff,0x70,0x00,0x00,0x00,0x00,0x00,0x00,0x00,0x00,0x7f,0xe2,
  0x00,0x1f,0xf8,0x00,0x00,0x00,0x00,0x00,0xef,0xff,0xff,0xff,0xff,0xff,0xff,0xff,0xff,0xff,0xff,0xff,0xff,0x50,0x77,0x77,
  0x77,0x77,0x7b,0x87,0x77,0x77,0xc8,0x77,0x77,0x77,0x78,0x20,0x00,0x00,0x00,0x00,0x5f,0xc1,0x00,0x04,0xfd,0x10,0x00,0x00,
  0x00,0x00,0x00,0x00,0x00,0x06,0xff,0xd1,0x00,0x04,0xff,0xe3,0x00,0x00,0x00,0x00,0x00,0x00,0x00,0x7f,0xfc,0x10,0x00,0x00,
  0x3e,0xff,0x40,0x00,0x00,0x00,0x00,0x00,0x0a,0xff,0xb0,0x00,0x00,0x00,0x01,0xdf,0xf5,0x00,0x00,0x00,0x00,0x02,0xcf,0xf8,
  0x00,0x00,0x00,0x00,0x00,0x1c,0xff,0x60,0x00,0x00,0x00,0x7f,0xfe,0x40,0x00,0x00,0x00,0x00,0x00,0x00,0xbf,0xf6,0x00,0x00,
  0x3d,0xff,0xa1,0x00,0x00,0x00,0x00,0x00,0x00,0x00,0x0a,0xff,0x30,0x00,0x2e,0xd4,0x00,0x00,0x00,0x00,0x00,0x00,0x00,0x00,
  0x00,0x96,0x00,0x00,0x02,0x00,0xdd,0xdd,0xdd,0xdd,0xdd,0xdd,0xdd,0xdd,0xdd,0xd0,0x00,0x00,0x00,0x00,0xff,0xff,0xff,0xff,
  0xff,0xff,0xff,0xff,0xff,0xf0,0x00,0x00,0x00,0x00,0xff,0x00,0x00,0xff,0x00,0x0f,0xf0,0x00,0x0f,0xf0,0x00,0x00,0x00,0x00,
  0xff,0x00,0x00,0xff,0x00,0x0f,0xf0,0x00,0x0f,0xf0,0x00,0x00,0x00,0x00,0xff,0x00,0x00,0xff,0x00,0x0f,0xf0,0x00,0x0f,0xf0,
  0x00,0x00,0x00,0x00,0xff,0x00,0x00,0xff,0x00,0x0f,0xf0,0x00,0x0f,0xf0,0x00,0x00,0x00,0x00,0xff,0x00,0x00,0xff,0x00,0x0f,
  0xf0,0x00,0x0f,0xf0,0x00,0x00,0x00,0x00,0xff,0x00,0x00,0xff,0x00,0x0f,0xf0,0x00,0x0f,0xf0,0x00,0x00,0x00,0x00,0xff,0x00,
  0x00,0xff,0x00,0x0f,0xf0,0x00,0x0f,0xf0,0x00,0x00,0x7e,0xdd,0xff,0xdd,0xdd,0xff,0xdd,0xdf,0xfd,0xdd,0xdf,0xfd,0xdd,0xd8,
  0x8f,0xff,0xff,0xff,0xff,0xff,0xff,0xff,0xff,0xff,0xff,0xff,0xff,0xf9,0x00,0x00,0x00,0x00,0x00,0x00,0x00,0x00,0x00,0x00,
  0x00,0x00,0x00,0x00,0xff,0xff,0xff,0xff,0xff,0xff,0xff,0xff,0xf1,0xff,0xdd,0xdd,0xdd,0xdd,0xdd,0xdd,0xdf,0xf1,0xff,0x10,
  0x00,0x00,0x00,0x00,0x00,0x0f,0xf1,0xff,0x10,0x00,0x00,0x00,0x00,0x00,0x0f,0xf1,0xff,0x10,0x00,0x00,0x00,0x00,0x00,0x0f,
  0xf0,0xff,0x10,0x00,0x00,0x00,0x00,0x00,0x1f,0xf0,0xff,0x10,0x00,0x00,0x00,0x00,0x00,0x4f,0xd0,0xff,0x10,0x00,0x00,0x00,
  0x00,0x00,0x7f,0xa0,0xff,0x10,0x00,0x00,0x00,0x00,0x00,0xbf,0x60,0x00,0x00,0x00,0x00,0x00,0x00,0x01,0xff,0x10,0x00,0x00,
  0x00,0x00,0x00,0x00,0x08,0xfb,0x00,0x00,0x00,0x00,0x00,0x00,0x00,0x1f,0xf4,0x00,0x00,0x00,0x00,0x00,0x00,0x00,0xaf,0xb0,
  0x00,0x00,0x00,0x00,0x00,0x00,0x05,0xff,0x20,0x00,0x00,0x00,0x00,0x00,0x00,0x3f,0xf7,0x00,0x00,0x00,0x00,0x00,0x00,0x03,
  0xef,0xb0,0x00,0x00,0x00,0x00,0x00,0x00,0x4f,0xfc,0x00,0x00,0x00,0x00,0x00,0x00,0x07,0xff,0xc1,0x00,0x00,0x00,0x00,0x00,
  0x00,0x03,0xdb,0x00,0x00,0x00,0x00,0x00,0x00,0x00,0x00,0x00,0x00,0x00,0x00,0x00,0x00,0x00,0x00,0x00,0x00,0x00,0x00,0x00,
  0x00,0x00,0x00,0x00,0x00,0x00,0x00,0x00,0x00,0x00,0x00,0x00,0xc8,0x10,0x00,0x00,0x00,0x00,0x00,0x00,0x00,0x00,0x02,0xff,
  0xe0,0x00,0x00,0x00,0x00,0x00,0x00,0x00,0x00,0x08,0xff,0x50,0x00,0x00,0x00,0x00,0x00,0x00,0x00,0x00,0x0e,0xfa,0x00,0x00,
  0x00,0x00,0x00,0x00,0x00,0x00,0x00,0x4f,0xf3,0x00,0x00,0x00,0x00,0x00,0x00,0x00,0x00,0x00,0xbf,0xc0,0x00,0x00,0x00,0x00,
  0x00,0x00,0x00,0x00,0x03,0xff,0x40,0x00,0x00,0x00,0x00,0x00,0x00,0x00,0x00,0x0b,0xfb,0x00,0x00,0x00,0x00,0x00,0x00,0x00,
  0x00,0x00,0x4f,0xf3,0x00,0x00,0x00,0x00,0x00,0x00,0x00,0x00,0x00,0xdf,0xa0,0x00,0x00,0x00,0x00,0x00,0x00,0x00,0x00,0x08,
  0xff,0x10,0x00,0x00,0x00,0x00,0x00,0x00,0x00,0x00,0x3f,0xf6,0x00,0x00,0x00,0x00,0x00,0x00,0x00,0x00,0x00,0xdf,0xb0,0x00,
  0x00,0x00,0x00,0x00,0x00,0x00,0x00,0x0b,0xfe,0x10,0x00,0x00,0x00,0x00,0x00,0x00,0x00,0x00,0x8f,0xf4,0x00,0x00,0x00,0x00,
  0x00,0x00,0x00,0x00,0x07,0xff,0x70,0x00,0x00,0x00,0x00,0x00,0x00,0x00,0x00,0x7f,0xfa,0x00,0x00,0x00,0x00,0x00,0x00,0x00,
  0x00,0x08,0xff,0xb0,0x00,0x00,0x00,0x00,0x00,0x00,0x00,0x01,0xbf,0xfa,0x00,0x00,0x00,0x00,0x00,0x00,0x00,0x00,0x4e,0xff,
  0x90,0x00,0x00,0x00,0x00,0x00,0x00,0x00,0x1a,0xff,0xf6,0x00,0x00,0x00,0x00,0x00,0x00,0x00,0x19,0xff,0xfd,0x30,0x00,0x00,
  0x00,0x00,0x00,0x00,0x00,0x08,0xff,0x70,0x00,0x00,0x00,0x00,0x00,0x00,0x00,0x00,0x00,0x52,0x00,0x00,0x00,0x00,0x00,0x00,
  0x00,0x00,0x00,0x1f,0xff,0xff,0xff,0xff,0xff,0xff,0xff,0xff,0xf6,0x1f,0xff,0xff,0xff,0xff,0xff,0xff,0xff,0xff,0xf6,0x1f,
  0xff,0xff,0xff,0xff,0xff,0xff,0xff,0xff,0xf6,0x00,0x00,0x00,0x00,0x5f,0xfa,0x00,0x00,0x00,0x00,0x00,0x00,0x00,0x00,0x5f,
  0xfa,0x00,0x00,0x00,0x00,0x00,0x00,0x00,0x00,0x5f,0xfa,0x00,0x00,0x00,0x00,0x00,0x00,0x00,0x00,0x5f,0xfa,0x00,0x00,0x00,
  0x00,0x00,0x00,0x00,0x00,0x5f,0xfa,0x00,0x00,0x00,0x00,0x00,0x00,0x00,0x00,0x5f,0xfa,0x00,0x00,0x00,0x00,0x00,0x00,0x00,
  0x00,0x5f,0xfa,0x00,0x00,0x00,0x00,0x00,0x00,0x00,0x00,0x5f,0xfa,0x00,0x00,0x00,0x00,0x00,0x00,0x00,0x00,0x5f,0xfa,0x00,
  0x00,0x00,0x00,0x00,0x00,0x00,0x00,0x5f,0xfa,0x00,0x00,0x00,0x00,0x00,0x00,0x00,0x00,0x5f,0xfa,0x00,0x00,0x00,0x00,0x00,
  0x00,0x00,0x00,0x5f,0xfa,0x00,0x00,0x00,0x00,0x00,0x00,0x00,0x00,0x5f,0xfa,0x00,0x00,0x00,0x00,0x00,0x00,0x00,0x00,0x5f,
  0xfa,0x00,0x00,0x00,0x00,0x00,0x00,0x00,0x00,0x5f,0xfa,0x00,0x00,0x00,0x00,0x00,0x00,0x00,0x00,0x5f,0xfa,0x00,0x00,0x00,
  0x00,0x00,0x00,0x00,0x00,0x5f,0xfa,0x00,0x00,0x00,0x00,0x00,0x00,0x00,0x00,0x5f,0xfa,0x00,0x00,0x00,0x00,0x00,0x00,0x00,
  0x00,0x5f,0xfa,0x00,0x00,0x00,0x00,0x34,0x44,0x44,0x44,0x44,0x44,0x44,0x44,0x44,0x44,0x44,0x40,0x8f,0xff,0xff,0xff,0xff,
  0xff,0xff,0xff,0xff,0xff,0xff,0x90,0x1f,0xd6,0x66,0x66,0x66,0x66,0x66,0x66,0x66,0x66,0xcf,0x10,0x08,0xf2,0x00,0x00,0x00,
  0x00,0x00,0x00,0x00,0x01,0xf9,0x00,0x01,0xfa,0x00,0x00,0x00,0x00,0x00,0x00,0x00,0x09,0xf1,0x00,0x00,0x8f,0x20,0x00,0x00,
  0x00,0x00,0x00,0x00,0x1f,0x90,0x00,0x00,0x1f,0xa0,0x00,0x00,0x00,0x00,0x00,0x00,0x9f,0x10,0x00,0x00,0x08,0xf2,0x00,0x00,
  0x00,0x00,0x00,0x01,0xf9,0x00,0x00,0x00,0x01,0xfa,0x00,0x00,0x00,0x00,0x00,0x09,0xf1,0x00,0x00,0x00,0x00,0x8f,0x20,0x00,
  0x00,0x00,0x00,0x1f,0x90,0x00,0x00,0x00,0x00,0x1f,0xa0,0x00,0x00,0x00,0x00,0x8f,0x20,0x00,0x00,0x00,0x00,0x08,0xf2,0x00,
  0x00,0x00,0x01,0xf9,0x00,0x00,0x00,0x00,0x00,0x01,0xf9,0x00,0x00,0x00,0x08,0xf2,0x00,0x00,0x00,0x00,0x00,0x00,0x8f,0x20,
  0x00,0x00,0x1f,0x90,0x00,0x00,0x00,0x00,0x00,0x00,0x1f,0x90,0x00,0x00,0x8f,0x20,0x00,0x00,0x00,0x00,0x00,0x00,0x08,0xf2,
  0x00,0x01,0xf9,0x00,0x00,0x00,0x00,0x00,0x00,0x00,0x01,0xf9,0x00,0x08,0xf2,0x00,0x00,0x00,0x00,0x00,0x00,0x00,0x00,0x8f,
  0x20,0x1f,0x90,0x00,0x00,0x00,0x00,0x00,0x00,0x00,0x00,0x1f,0x90,0x8f,0x20,0x00,0x00,0x00,0x00,0x00,0x00,0x00,0x00,0x08,
  0xf3,0xf9,0x00,0x00,0x00,0x00,0x00,0x00,0x00,0x00,0x00,0x01,0xfe,0xf2,0x00,0x00,0x00,0x00,0x00,0x00,0x00,0x00,0x00,0x00,
  0x8f,0x90,0x00,0x00,0x00,0x00,0x00,0x00,0x00,0x00,0x00,0x00,0x1f,0x20,0x00,0x00,0x00,0x00,0x00,0x00,0x00,0x00,0x00,0x00,
  0x03,0x00,0x00,0x00,0x00,0x00,0x00,0x08,0x99,0x99,0x99,0x99,0x99,0x99,0x99,0x99,0x99,0x90,0x0a,0xff,0xff,0xff,0xff,0xff,
  0xff,0xff,0xff,0xff,0xb0,0x04,0xff,0xff,0xff,0xff,0xff,0xff,0xff,0xff,0xff,0x50,0x00,0xef,0xf1,0x00,0x00,0x00,0x00,0x00,
  0x1f,0xfe,0x00,0x00,0x7f,0xf7,0x00,0x00,0x00,0x00,0x00,0x6f,0xf8,0x00,0x00,0x1f,0xfd,0x00,0x00,0x00,0x00,0x00,0xdf,0xf2,
  0x00,0x00,0x0b,0xff,0x30,0x00,0x00,0x00,0x03,0xff,0xc0,0x00,0x00,0x05,0xff,0x90,0x00,0x00,0x00,0x09,0xff,0x50,0x00,0x00,
  0x00,0xef,0xf0,0x00,0x00,0x00,0x0e,0xff,0x00,0x00,0x00,0x00,0x8f,0xf6,0x00,0x00,0x00,0x5f,0xf9,0x00,0x00,0x00,0x00,0x2f,
  0xfc,0x00,0x00,0x00,0xbf,0xf3,0x00,0x00,0x00,0x00,0x0b,0xff,0x20,0x00,0x02,0xff,0xc0,0x00,0x00,0x00,0x00,0x05,0xff,0x80,
  0x00,0x08,0xff,0x60,0x00,0x00,0x00,0x00,0x00,0xef,0xe0,0x00,0x0e,0xff,0x00,0x00,0x00,0x00,0x00,0x00,0x8f,0xf5,0x00,0x4f,
  0xf9,0x00,0x00,0x00,0x00,0x00,0x00,0x2f,0xfb,0x00,0xaf,0xf3,0x00,0x00,0x00,0x00,0x00,0x00,0x0c,0xff,0x11,0xff,0xd0,0x00,
  0x00,0x00,0x00,0x00,0x00,0x06,0xff,0x77,0xff,0x70,0x00,0x00,0x00,0x00,0x00,0x00,0x00,0xff,0xdd,0xff,0x10,0x00,0x00,0x00,
  0x00,0x00,0x00,0x00,0x9f,0xff,0xfa,0x00,0x00,0x00,0x00,0x00,0x00,0x00,0x00,0x3f,0xff,0xf4,0x00,0x00,0x00,0x00,0x00,0x00,
  0x00,0x00,0x0c,0xff,0xd0,0x00,0x00,0x00,0x00,0x0d,0xf3,0x00,0x03,0xfd,0x00,0x04,0xfd,0x00,0x0d,0xf4,0x00,0x00,0xaf,0x80,
  0x8f,0xa0,0x00,0x00,0x1f,0xf7,0xff,0x10,0x00,0x00,0x07,0xff,0xf7,0x00,0x00,0x00,0x00,0xdf,0xd0,0x00,0x00,0x02,0x22,0x22,
  0x22,0x22,0x22,0x22,0x22,0x22,0x22,0x22,0x22,0x00,0x4f,0xff,0xff,0xff,0xff,0xff,0xff,0xff,0xff,0xff,0xff,0xff,0x50,0x4f,
  0xff,0xff,0xff,0xff,0xff,0xff,0xff,0xff,0xff,0xff,0xff,0x50,0x4f,0xff,0xff,0xff,0xff,0xff,0xff,0xff,0xff,0xff,0xff,0xff,
  0x50,0x4f,0xff,0xff,0xff,0xff,0xff,0xff,0xff,0xff,0xff,0xff,0xff,0x50,0x28,0x88,0x88,0x88,0x88,0x88,0x88,0x88,0x88,0x88,
  0x88,0x88,0x20,0x88,0x88,0x88,0x88,0x88,0x88,0x88,0x88,0x88,0x88,0x50,0xff,0xff,0xff,0xff,0xff,0xff,0xff,0xff,0xff,0xff,
  0xb0,0x03,0x00,0x00,0x00,0x1f,0xd4,0x00,0x00,0x4e,0xff,0xb2,0x00,0x00,0x5c,0xff,0x80,0x00,0x00,0x3a,0xf5,0x00,0x00,0x00,
  0x10,0x00,0x00,0x07,0x70,0x00,0x00,0x00,0x00,0x2f,0xf1,0x00,0x00,0x00,0x00,0x9f,0xf8,0x00,0x00,0x00,0x00,0xee,0xee,0x00,
  0x00,0x00,0x05,0xf8,0x8f,0x50,0x00,0x00,0x0c,0xf1,0x1f,0xb0,0x00,0x00,0x2f,0xa0,0x0b,0xf2,0x00,0x00,0x9f,0x40,0x04,0xf8,
  0x00,0x00,0xed,0x00,0x00,0xde,0x00,0x06,0xf7,0x00,0x00,0x7f,0x50,0x0c,0xf1,0x00,0x00,0x1f,0xc0,0x2f,0xa0,0x00,0x00,0x0a,
  0xf2,0x9f,0x30,0x00,0x00,0x03,0xf9,0x34,0x00,0x00,0x00,0x00,0x43,0x00,0x01,0x7c,0xed,0xb6,0x00,0x00,0x00,0x5f,0xff,0xff,
  0xff,0xc1,0x00,0x04,0xff,0xc3,0x01,0x6f,0xfd,0x00,0x0e,0xfc,0x00,0x00,0x03,0xff,0x80,0x6f,0xf4,0x00,0x00,0x00,0x9f,0xf0,
  0xbf,0xe0,0x00,0x00,0x00,0x4f,0xf4,0xef,0xb0,0x00,0x00,0x00,0x1f,0xf7,0xff,0xa0,0x00,0x00,0x00,0x0f,0xf9,0xff,0xa0,0x00,
  0x00,0x00,0x0f,0xf9,0xef,0xb0,0x00,0x00,0x00,0x2f,0xf7,0xbf,0xe0,0x00,0x00,0x00,0x4f,0xf4,0x6f,0xf3,0x00,0x00,0x00,0xaf,
  0xf0,0x1f,0xfb,0x00,0x00,0x03,0xff,0x80,0x05,0xff,0xb2,0x00,0x5e,0xfd,0x00,0x00,0x7f,0xff,0xff,0xff,0xc1,0x00,0x00,0x03,
  0xad,0xfe,0xb6,0x00,0x00,0x00,0x3e,0xe8,0x00,0x4e,0xe8,0x00,0x2f,0xf6,0x00,0x3f,0xf6,0x00,0x2f,0xf2,0x00,0x3f,0xf1,0x00,
  0x3f,0xf0,0x00,0x4f,0xe0,0x00,0x4f,0xd0,0x00,0x5f,0xb0,0x00,0x5f,0x90,0x00,0x6f,0x80,0x00,0x7f,0x50,0x00,0x8f,0x40,0x00,
  0xaf,0x20,0x00,0xaf,0x10,0x00,0xdd,0x00,0x00,0xdc,0x00,0x01,0xf7,0x00,0x01,0xf7,0x00,0x05,0xf1,0x00,0x05,0xf1,0x00,0x0a,
  0xa0,0x00,0x0a,0x90,0x00,0x0e,0x30,0x00,0x0e,0x10,0x00,0x4a,0x00,0x00,0x58,0x00,0x00,0x50,0x00,0x00,0x50,0x00,0x00,0x00,
  0x00,0x00,0x49,0xde,0xfe,0xc9,0x40,0x00,0x00,0x00,0x00,0x00,0x4d,0xff,0xff,0xff,0xff,0xfc,0x30,0x00,0x00,0x00,0x06,0xff,
  0xff,0xff,0xff,0xff,0xff,0xf5,0x00,0x00,0x00,0x6f,0xff,0xf9,0x41,0x01,0x49,0xff,0xff,0x40,0x00,0x02,0xff,0xfd,0x20,0x00,
  0x00,0x00,0x2e,0xff,0xf1,0x00,0x0a,0xff,0xe1,0x00,0x00,0x00,0x00,0x02,0xef,0xf9,0x00,0x0f,0xff,0x40,0x00,0x00,0x00,0x00,
  0x00,0x6f,0xff,0x00,0x5f,0xfd,0x00,0x00,0x00,0x00,0x00,0x00,0x0f,0xff,0x30,0x7f,0xf9,0x00,0x00,0x00,0x00,0x00,0x00,0x0b,
  0xff,0x60,0x9f,0xf7,0x00,0x00,0x00,0x00,0x00,0x00,0x09,0xff,0x70,0x9f,0xf6,0x00,0x00,0x00,0x00,0x00,0x00,0x08,0xff,0x80,
  0x8f,0xf7,0x00,0x00,0x00,0x00,0x00,0x00,0x09,0xff,0x60,0x6f,0xfa,0x00,0x00,0x00,0x00,0x00,0x00,0x0c,0xff,0x40,0x1f,0xfe,
  0x00,0x00,0x00,0x00,0x00,0x00,0x1f,0xff,0x00,0x0b,0xff,0x60,0x00,0x00,0x00,0x00,0x00,0x8f,0xfa,0x00,0x03,0xff,0xe1,0x00,
  0x00,0x00,0x00,0x02,0xff,0xf2,0x00,0x00,0x8f,0xfb,0x00,0x00,0x00,0x00,0x0c,0xff,0x70,0x00,0x00,0x0b,0xff,0xb0,0x00,0x00,
  0x01,0xbf,0xfa,0x00,0x00,0x00,0x00,0xbf,0xfd,0x40,0x00,0x4e,0xff,0x90,0x00,0x00,0xdf,0xff,0xff,0xff,0xf0,0x00,0xff,0xff,
  0xff,0xff,0xc0,0xdf,0xff,0xff,0xff,0xf0,0x00,0xff,0xff,0xff,0xff,0xc0,0xdf,0xff,0xff,0xff,0xf0,0x00,0xff,0xff,0xff,0xff,
  0xc0,0x06,0xcc,0x70,0x7b,0x11,0xa7,0xd2,0x00,0x1d,0xf0,0x00,0x0f,0xd2,0x00,0x2d,0x7b,0x21,0xb7,0x07,0xdd,0x60,0x00,0x02,
  0x9c,0xff,0xec,0x95,0x00,0x00,0x7f,0xff,0xff,0xff,0xff,0xa0,0x03,0xff,0xff,0xff,0xff,0xff,0xa0,0x08,0xff,0xc5,0x10,0x12,
  0x5a,0x80,0x08,0xff,0x10,0x00,0x00,0x00,0x00,0x03,0xff,0xc4,0x10,0x00,0x00,0x00,0x00,0x5e,0xff,0xff,0xff,0x00,0x00,0x00,
  0x03,0xcf,0xff,0xff,0x00,0x00,0x00,0xaf,0xff,0xff,0xff,0x00,0x00,0x09,0xff,0xa4,0x10,0x00,0x00,0x00,0x0e,0xfb,0x00,0x00,
  0x00,0x00,0x00,0x0f,0xfc,0x00,0x00,0x00,0x00,0x00,0x0d,0xff,0xc5,0x20,0x01,0x37,0xc2,0x06,0xff,0xff,0xff,0xff,0xff,0xf3,
  0x00,0x7f,0xff,0xff,0xff,0xff,0xf3,0x00,0x02,0x7c,0xef,0xfd,0xc7,0x30,0x00,0x17,0x77,0x30,0x00,0x00,0x3f,0xff,0x70,0x00,
  0x19,0x85,0x55,0x79,0x30,0x1f,0xb0,0x00,0x7f,0x50,0x1f,0xb0,0x00,0x7f,0x50,0x1f,0xb0,0x00,0x7f,0x50,0x01,0x4d,0xdd,0x71,
  0x00,0x00,0x3f,0xff,0x70,0x00,0x13,0x31,0x00,0x00,0x00,0x00,0x03,0x32,0x4f,0xf8,0x00,0x00,0x00,0x00,0x2f,0xfa,0x3f,0xfa,
  0x00,0x00,0x00,0x00,0x4f,0xf9,0x0f,0xfd,0x00,0x00,0x00,0x00,0x7f,0xf6,0x0c,0xff,0x30,0x00,0x00,0x00,0xdf,0xf2,0x06,0xff,
  0xc0,0x00,0x00,0x07,0xff,0xc0,0x00,0xcf,0xfc,0x30,0x01,0x8f,0xff,0x30,0x00,0x1d,0xff,0xfe,0xef,0xff,0xf5,0x00,0x00,0x00,
  0x8f,0xff,0xff,0xfb,0x30,0x00,0x00,0x00,0x00,0x45,0x64,0x10,0x00,0x00,0x00,0x00,0x00,0x02,0x79,0xce,0xff,0xed,0xa7,0x30,
  0x00,0x00,0x00,0x00,0x00,0x18,0xdf,0xec,0xa9,0x88,0x9a,0xcf,0xfd,0x71,0x00,0x00,0x00,0x19,0xeb,0x61,0x00,0x00,0x00,0x00,
  0x00,0x26,0xbf,0x80,0x00,0x05,0xc7,0x00,0x00,0x00,0x00,0x00,0x00,0x00,0x00,0x01,0x7c,0x40,0x36,0x00,0x00,0x00,0x00,0x00,
  0x00,0x00,0x00,0x00,0x00,0x00,0x72,0x4b,0x50,0x00,0x00,0xab,0x00,0x00,0x04,0xb5,0x5f,0x70,0x00,0x00,0xdf,0x00,0x00,0x05,
  0xf7,0x5f,0x70,0x00,0x00,0xdf,0x00,0x00,0x05,0xf7,0x5f,0x70,0x00,0x00,0xdf,0x00,0x00,0x05,0xf7,0x5f,0x70,0x00,0x00,0xdf,
  0x00,0x00,0x05,0xf7,0x5d,0x71,0x11,0x11,0xcd,0x11,0x11,0x16,0xd6,0x00,0x7f,0xff,0xff,0x10,0xff,0xff,0xf9,0x00,0x00,0x5b,
  0xbb,0xbb,0x10,0xbb,0xbb,0xb7,0x00,0x8f,0xf9,0x00,0x00,0x00,0x8f,0xf8,0x00,0x00,0x00,0x9f,0xf8,0x8f,0xf9,0x00,0x00,0x00,
  0x8f,0xf8,0x00,0x00,0x00,0x9f,0xf8,0x8f,0xf9,0x00,0x00,0x00,0x8f,0xf8,0x00,0x00,0x00,0x9f,0xf8,0x8f,0xf9,0x00,0x00,0x00,
  0x8f,0xf8,0x00,0x00,0x00,0x9f,0xf8,0x00,0x00,0x1a,0x60,0x00,0x00,0x9f,0x10,0x00,0x03,0xf8,0x00,0x00,0x0c,0xf1,0x00,0x00,
  0x3f,0xa0,0x00,0x00,0xaf,0x40,0x00,0x01,0xfe,0x00,0x00,0x05,0xfb,0x00,0x00,0x09,0xf7,0x00,0x00,0x0d,0xf4,0x00,0x00,0x0f,
  0xf2,0x00,0x00,0x0f,0xf1,0x00,0x00,0x1f,0xf0,0x00,0x00,0x2f,0xf0,0x00,0x00,0x1f,0xf1,0x00,0x00,0x0f,0xf2,0x00,0x00,0x0d,
  0xf3,0x00,0x00,0x0a,0xf7,0x00,0x00,0x07,0xfa,0x00,0x00,0x02,0xfe,0x00,0x00,0x00,0xdf,0x30,0x00,0x00,0x6f,0x90,0x00,0x00,
  0x0e,0xe0,0x00,0x00,0x07,0xf6,0x00,0x00,0x00,0xce,0x00,0x00,0x00,0x2f,0x80,0x58,0x00,0x00,0x00,0x2f,0x70,0x00,0x00,0x09,
  0xf2,0x00,0x00,0x01,0xfb,0x00,0x00,0x00,0xaf,0x20,0x00,0x00,0x4f,0x90,0x00,0x00,0x0e,0xf0,0x00,0x00,0x0b,0xf4,0x00,0x00,
  0x07,0xf9,0x00,0x00,0x04,0xfc,0x00,0x00,0x02,0xfe,0x00,0x00,0x01,0xff,0x00,0x00,0x00,0xff,0x20,0x00,0x00,0xff,0x20,0x00,
  0x01,0xff,0x10,0x00,0x02,0xff,0x00,0x00,0x03,0xfe,0x00,0x00,0x07,0xfb,0x00,0x00,0x0a,0xf8,0x00,0x00,0x0d,0xf3,0x00,0x00,
  0x2f,0xd0,0x00,0x00,0x9f,0x70,0x00,0x00,0xef,0x10,0x00,0x06,0xf7,0x00,0x00,0x0e,0xd0,0x00,0x00,0x7f,0x30,0x00,0x00,0x11,
  0x00,0x00,0x00,0x00,0x00,0x00,0x00,0x00,0x00,0x00,0x01,0x00,0x00,0x00,0x00,0x00,0x00,0x29,0xf5,0x00,0x00,0x00,0x00,0x00,
  0x4b,0xff,0xd2,0x00,0x00,0x00,0x01,0x7d,0xff,0xa4,0x00,0x00,0x00,0x03,0x9f,0xfe,0x71,0x00,0x00,0x00,0x05,0xcf,0xfb,0x40,
  0x00,0x00,0x00,0x17,0xef,0xe8,0x20,0x00,0x00,0x00,0x00,0x4f,0xfe,0x30,0x00,0x00,0x00,0x00,0x00,0x03,0xaf,0xfc,0x60,0x00,
  0x00,0x00,0x00,0x00,0x01,0x7e,0xff,0x92,0x00,0x00,0x00,0x00,0x00,0x00,0x5c,0xff,0xc5,0x00,0x00,0x00,0x00,0x00,0x00,0x29,
  0xff,0xe8,0x20,0x00,0x00,0x00,0x00,0x00,0x17,0xdf,0xf4,0x00,0x00,0x00,0x00,0x00,0x00,0x04,0xb5,0x00,0x00,0x00,0x00,0x00,
  0x00,0x00,0x00,0x10,0x00,0x00,0x00,0x00,0x00,0x00,0x00,0x5f,0x92,0x00,0x00,0x00,0x00,0x00,0x00,0x2d,0xff,0xb4,0x00,0x00,
  0x00,0x00,0x00,0x00,0x4a,0xff,0xd7,0x10,0x00,0x00,0x00,0x00,0x00,0x18,0xef,0xf9,0x30,0x00,0x00,0x00,0x00,0x00,0x05,0xbf,
  0xfc,0x50,0x00,0x00,0x00,0x00,0x00,0x02,0x9f,0xfe,0x71,0x00,0x00,0x00,0x00,0x00,0x05,0xef,0xf4,0x00,0x00,0x00,0x00,0x17,
  0xdf,0xfa,0x30,0x00,0x00,0x00,0x39,0xff,0xe7,0x10,0x00,0x00,0x00,0x5c,0xff,0xc5,0x00,0x00,0x00,0x02,0x8e,0xff,0x92,0x00,
  0x00,0x00,0x00,0x4f,0xfd,0x71,0x00,0x00,0x00,0x00,0x00,0x5b,0x40,0x00,0x00,0x00,0x00,0x00,0x00,0x00,0x00,0x00,0x00,0x00,
  0x00,0x00,0x00,0x00,0x00,0x00,0x00,0x00,0x00,0x00,0x00,0x00,0x00,0x00,0x6a,0x00,0x00,0x00,0x00,0x00,0x00,0x00,0x00,0x00,
  0x00,0x00,0x05,0xff,0x20,0x00,0x00,0x00,0x00,0x00,0x00,0x00,0x00,0x00,0x00,0x3f,0xf4,0x00,0x00,0x00,0x00,0x00,0x00,0x00,
  0x00,0x00,0x00,0x02,0xff,0x50,0x00,0x00,0x00,0x00,0x00,0x00,0x00,0x00,0x00,0x00,0x2e,0xf6,0x00,0x00,0x00,0x00,0x00,0x00,
  0x00,0x00,0x00,0x00,0x01,0xdf,0x80,0x00,0x00,0x00,0x00,0x00,0x00,0x00,0x00,0x00,0x00,0x0c,0xf9,0x00,0x00,0x00,0x00,0x00,
  0x00,0x00,0x00,0x00,0x00,0x00,0xbf,0xa0,0x00,0x00,0x00,0x00,0x00,0x00,0x00,0x00,0x00,0x00,0x0a,0xfb,0x00,0x00,0x00,0x00,
  0x00,0x00,0x00,0x00,0x00,0x00,0x00,0x8f,0xc0,0x00,0x00,0x00,0x00,0x00,0x00,0x00,0x00,0x00,0x00,0x07,0xfd,0x10,0x00,0x00,
  0x00,0x00,0x00,0x00,0x00,0x00,0x00,0x00,0x6f,0xe1,0x00,0x00,0x00,0x00,0x00,0x00,0x00,0x00,0x00,0x00,0x04,0xfe,0x20,0x00,
  0x00,0x00,0x00,0x00,0x00,0x00,0x00,0x00,0x00,0x3f,0xf3,0x00,0x00,0x00,0x00,0x00,0x00,0x00,0x00,0x00,0x00,0x02,0xef,0x40,
  0x00,0x00,0x00,0x00,0x00,0x00,0x00,0x00,0x00,0x00,0x1e,0xf5,0x00,0x00,0x00,0x00,0x00,0x00,0x00,0x00,0x00,0x00,0x01,0xdf,
  0x70,0x00,0x00,0x00,0x00,0x00,0x00,0x00,0x00,0x00,0x00,0x0c,0xf8,0x00,0x00,0x00,0x00,0x00,0x00,0x00,0x00,0x00,0x00,0x00,
  0xbf,0x90,0x00,0x00,0x00,0x00,0x00,0x00,0x00,0x00,0x00,0x00,0x09,0xfb,0x00,0x00,0x00,0x00,0x00,0x00,0x00,0x00,0x00,0x00,
  0x00,0x8f,0xc0,0x00,0x00,0x00,0x00,0x00,0x00,0x00,0x00,0x00,0x00,0x06,0xfd,0x00,0x00,0x00,0x00,0x00,0x00,0x00,0x00,0x00,
  0x00,0x00,0x5f,0xd1,0x00,0x00,0x00,0x00,0x00,0x00,0x00,0x00,0x00,0x00,0x04,0xfe,0x20,0x00,0x00,0x00,0x00,0x00,0x00,0x00,
  0x00,0x00,0x00,0x3f,0xf2,0x00,0x00,0x00,0x00,0x00,0x00,0x00,0x00,0x00,0x00,0x00,0x2d,0x30,0x00,0x00,0x00,0x00,0x00,0x00,
  0x00,0x00,0x00,0x00,0x00,0x00,0x00,0x00,0x00,0x00,0x00,0x00,0x00,0x00,0x00,0x00,0x00,0x00,0x03,0x20,0x00,0x00,0x00,0x00,
  0x00,0x00,0x00,0x00,0x00,0x00,0x3f,0xd1,0x00,0x00,0x00,0x00,0x00,0x00,0x00,0x00,0x00,0x00,0x0b,0xfb,0x00,0x00,0x00,0x00,
  0x00,0x00,0x00,0x00,0x00,0x00,0x01,0xdf,0xa0,0x00,0x00,0x00,0x00,0x00,0x00,0x00,0x00,0x00,0x00,0x2e,0xf8,0x00,0x00,0x00,
  0x00,0x00,0x00,0x00,0x00,0x00,0x00,0x03,0xff,0x50,0x00,0x00,0x00,0x00,0x00,0x00,0x00,0x00,0x00,0x00,0x5f,0xf4,0x00,0x00,
  0x00,0x00,0x00,0x00,0x00,0x00,0x00,0x00,0x07,0xff,0x20,0x00,0x00,0x00,0x00,0x00,0x00,0x00,0x00,0x00,0x00,0x9f,0xe1,0x00,
  0x00,0x00,0x00,0x00,0x00,0x00,0x00,0x00,0x00,0x0b,0xfc,0x00,0x00,0x00,0x00,0x00,0x00,0x00,0x00,0x00,0x00,0x01,0xdf,0xb0,
  0x00,0x00,0x00,0x00,0x00,0x00,0x00,0x00,0x00,0x00,0x2e,0xf9,0x00,0x00,0x00,0x00,0x00,0x00,0x00,0x00,0x00,0x00,0x03,0xff,
  0x70,0x00,0x00,0x00,0x00,0x00,0x00,0x00,0x00,0x00,0x00,0x5f,0xf5,0x00,0x00,0x00,0x00,0x00,0x00,0x00,0x00,0x00,0x00,0x07,
  0xff,0x30,0x00,0x00,0x00,0x00,0x00,0x00,0x00,0x00,0x00,0x00,0x9f,0xe2,0x00,0x00,0x00,0x00,0x00,0x00,0x00,0x00,0x00,0x00,
  0x0b,0xfd,0x10,0x00,0x00,0x00,0x00,0x00,0x00,0x00,0x00,0x00,0x01,0xdf,0xc0,0x00,0x00,0x00,0x00,0x00,0x00,0x00,0x00,0x00,
  0x00,0x2e,0xfa,0x00,0x00,0x00,0x00,0x00,0x00,0x00,0x00,0x00,0x00,0x03,0xff,0x80,0x00,0x00,0x00,0x00,0x00,0x00,0x00,0x00,
  0x00,0x00,0x5f,0xf6,0x00,0x00,0x00,0x00,0x00,0x00,0x00,0x00,0x00,0x00,0x07,0xff,0x40,0x00,0x00,0x00,0x00,0x00,0x00,0x00,
  0x00,0x00,0x00,0x9f,0xf2,0x00,0x00,0x00,0x00,0x00,0x00,0x00,0x00,0x00,0x00,0x0b,0xfe,0x10,0x00,0x00,0x00,0x00,0x00,0x00,
  0x00,0x00,0x00,0x01,0xdf,0xb0,0x00,0x00,0x00,0x00,0x00,0x00,0x00,0x00,0x00,0x00,0x2b,0x20,0xfd,0xfd,0xfd,0xfd,0xfd,0xfd,
  0xfd,0xfd,0xfd,0xfd,0xfd,0xfd,0xfd,0xfd,0xfd,0xfd,0xfd,0xfd,0xfd,0xfd,0xfd,0xfd,0xfd,0xfd,0xfd,0xfd,0xfd,0xfd,0xfd,0xfd,
  0x10,0x00,0x00,0x00,0x00,0x00,0x00,0x00,0x00,0x00,0x00,0x00,0x01,0x62,0x00,0x00,0x00,0x00,0x00,0x00,0x00,0x00,0x00,0x00,
  0x00,0x62,0x0a,0x20,0x00,0x00,0x00,0x00,0x00,0x00,0x00,0x00,0x00,0x07,0x60,0x02,0xd3,0x00,0x00,0x00,0x00,0x00,0x00,0x00,
  0x00,0x00,0xaa,0x00,0x00,0x3e,0x70,0x00,0x00,0x00,0x00,0x00,0x00,0x00,0x3d,0xb0,0x00,0x00,0x03,0xed,0x50,0x00,0x00,0x00,
  0x00,0x00,0x2a,0xfb,0x00,0x00,0x00,0x00,0x1c,0xfe,0x95,0x21,0x00,0x13,0x7c,0xff,0x70,0x00,0x00,0x00,0x00,0x00,0x4c,0xff,
  0xff,0xff,0xff,0xff,0x92,0x00,0x00,0x00,0x00,0x00,0x00,0x00,0x27,0xbd,0xee,0xc9,0x51,0x00,0x00,0x00,0x00,0x00,0x00,0x00,
  0x00,0x00,0x01,0x74,0x00,0x00,0x00,0x00,0x00,0x00,0x00,0x00,0x00,0x00,0x00,0x8f,0xff,0xc4,0x00,0x00,0x00,0x00,0x00,0x00,
  0x00,0x00,0x00,0x7e,0xf9,0x24,0xcf,0xc4,0x00,0x00,0x00,0x00,0x00,0x00,0x00,0x7e,0xfa,0x20,0x00,0x05,0xdf,0xc4,0x00,0x00,
  0x00,0x00,0x00,0x7e,0xfa,0x20,0x00,0x00,0x00,0x05,0xdf,0xb3,0x00,0x00,0x00,0x6e,0xfb,0x30,0x00,0x00,0x00,0x00,0x00,0x06,
  0xef,0xb3,0x00,0x4e,0xfb,0x30,0x00,0x00,0x00,0x00,0x00,0x00,0x00,0x06,0xef,0xb0,0x6b,0x30,0x00,0x00,0x00,0x00,0x00,0x00,
  0x00,0x00,0x00,0x07,0xc1,0x00,0x00,0xdf,0xd0,0x00,0x00,0x00,0x07,0xff,0xf7,0x00,0x00,0x00,0x1f,0xf7,0xff,0x10,0x00,0x00,
  0xaf,0x80,0x8f,0xa0,0x00,0x04,0xfd,0x00,0x0d,0xf4,0x00,0x0d,0xf3,0x00,0x03,0xfd,0x00,0x00,0x7d,0xfd,0x70,0x00,0x0a,0xff,
  0xff,0xf9,0x00,0x3f,0xe4,0x04,0xef,0x30,0x7f,0x60,0x00,0x6f,0x70,0x7f,0x60,0x00,0x6f,0x70,0x3f,0xe4,0x03,0xef,0x30,0x0a,
  0xff,0xff,0xf9,0x00,0x00,0x7d,0xfd,0x70,0x00,0xcf,0xf4,0xcf,0xf4,0xcf,0xf4,0xcf,0xf4,0x5d,0xdd,0xdd,0xdd,0xdd,0xdd,0xdd,
  0xdd,0xdd,0xd5,0x5f,0xff,0xff,0xff,0xff,0xff,0xff,0xff,0xff,0xf5,0x5f,0x70,0x00,0x00,0x00,0x00,0x00,0x00,0x07,0xf5,0x5f,
  0x70,0x00,0x00,0x00,0x00,0x00,0x00,0x07,0xf5,0x5f,0x70,0x00,0x00,0x00,0x00,0x00,0x00,0x07,0xf5,0x5f,0x70,0x00,0x00,0x00,
  0x00,0x00,0x00,0x07,0xf5,0x5f,0x70,0x00,0x00,0x00,0x00,0x00,0x00,0x07,0xf5,0x5f,0x70,0x00,0x00,0x00,0x00,0x00,0x00,0x07,
  0xf5,0x5f,0x70,0x00,0x00,0x00,0x00,0x00,0x00,0x07,0xf5,0x5f,0x70,0x00,0x00,0x00,0x00,0x00,0x00,0x07,0xf5,0x5f,0x70,0x00,
  0x00,0x00,0x00,0x00,0x00,0x07,0xf5,0x5f,0x70,0x00,0x00,0x00,0x00,0x00,0x00,0x07,0xf5,0x5f,0x70,0x00,0x00,0x00,0x00,0x00,
  0x00,0x07,0xf5,0x13,0x7b,0x40,0x00,0x00,0x00,0x00,0x04,0xb7,0x31,0x00,0x7f,0x50,0x00,0x00,0x00,0x00,0x05,0xf7,0x00,0x00,
  0x01,0x9d,0xdd,0xdd,0xdd,0xdd,0xd9,0x10,0x00,0x00,0x00,0x9f,0xff,0xff,0xff,0xff,0xf9,0x00,0x00,0x34,0x44,0x44,0x44,0x44,
  0x44,0x44,0x30,0x8f,0xff,0xff,0xff,0xff,0xff,0xff,0x90,0x1f,0xd6,0x66,0x66,0x66,0x66,0xcf,0x10,0x08,0xf2,0x00,0x00,0x00,
  0x01,0xf9,0x00,0x01,0xfa,0x00,0x00,0x00,0x09,0xf1,0x00,0x00,0x8f,0x20,0x00,0x00,0x1f,0x90,0x00,0x00,0x1f,0xa0,0x00,0x00,
  0x9f,0x10,0x00,0x00,0x08,0xf2,0x00,0x01,0xf9,0x00,0x00,0x00,0x01,0xf9,0x00,0x08,0xf1,0x00,0x00,0x00,0x00,0x8f,0x20,0x1f,
  0x90,0x00,0x00,0x00,0x00,0x1f,0x90,0x8f,0x20,0x00,0x00,0x00,0x00,0x08,0xf3,0xf9,0x00,0x00,0x00,0x00,0x00,0x01,0xff,0xf2,
  0x00,0x00,0x00,0x00,0x00,0x00,0x8f,0x90,0x00,0x00,0x00,0x00,0x00,0x00,0x1f,0x20,0x00,0x00,0x00,0x00,0x00,0x00,0x03,0x00,
  0x00,0x00,0x00,0x00,0x00,0x00,0x00,0x00,0x00,0x00,0x00,0x00,0x00,0x00,0x00,0x00,0x00,0x00,0x00,0x00,0x0b,0x00,0x00,0x00,
  0x00,0x00,0x00,0x00,0x00,0x00,0x00,0x00,0x5f,0x60,0x00,0x00,0x00,0x00,0x00,0x00,0x00,0x00,0x00,0x00,0xdf,0xe0,0x00,0x00,
  0x00,0x00,0x00,0x00,0x00,0x00,0x00,0x05,0xf8,0xf6,0x00,0x00,0x00,0x00,0x00,0x00,0x00,0x00,0x00,0x0d,0xc0,0xce,0x00,0x00,
  0x00,0x00,0x00,0x00,0x00,0x00,0x00,0x5f,0x50,0x4f,0x60,0x00,0x00,0x00,0x00,0x00,0x00,0x00,0x00,0xdd,0x00,0x0c,0xe0,0x00,
  0x00,0x00,0x00,0x00,0x00,0x00,0x05,0xf5,0x00,0x04,0xf6,0x00,0x00,0x00,0x00,0x00,0x00,0x00,0x0d,0xd0,0x00,0x00,0xce,0x00,
  0x00,0x00,0x00,0x00,0x00,0x00,0x5f,0x50,0x00,0x00,0x4f,0x60,0x00,0x00,0x00,0x00,0x00,0x00,0xdd,0x00,0x00,0x00,0x0c,0xe0,
  0x00,0x00,0x00,0x00,0x00,0x05,0xf5,0x00,0x00,0x00,0x04,0xf6,0x00,0x00,0x00,0x00,0x00,0x0d,0xd0,0x00,0x00,0x00,0x00,0xce,
  0x00,0x00,0x00,0x00,0x00,0x5f,0x50,0x00,0x00,0x00,0x00,0x4f,0x60,0x00,0x00,0x00,0x00,0xdd,0x00,0x00,0x00,0x00,0x00,0x0c,
  0xe0,0x00,0x00,0x00,0x05,0xf5,0x00,0x00,0x00,0x00,0x00,0x04,0xf6,0x00,0x00,0x00,0x0d,0xd0,0x00,0x00,0x00,0x00,0x00,0x00,
  0xce,0x00,0x00,0x00,0x5f,0x50,0x00,0x00,0x00,0x00,0x00,0x00,0x4f,0x60,0x00,0x00,0xdd,0x00,0x00,0x00,0x00,0x00,0x00,0x00,
  0x0c,0xd0,0x00,0x05,0xf5,0x00,0x00,0x00,0x00,0x00,0x00,0x00,0x04,0xf6,0x00,0x0d,0xd0,0x00,0x00,0x00,0x00,0x00,0x00,0x00,
  0x00,0xcd,0x00,0x5f,0xff,0xff,0xff,0xff,0xff,0xff,0xff,0xff,0xff,0xff,0x60,0x8b,0xbb,0xbb,0xbb,0xbb,0xbb,0xbb,0xbb,0xbb,
  0xbb,0xbb,0x80,0x00,0x03,0xdd,0xdd,0xd5,0x00,0x00,0x00,0x03,0xff,0xff,0xf5,0x00,0x00,0x01,0xff,0xff,0xff,0xff,0xf3,0x00,
  0x13,0xff,0xff,0xff,0xff,0xf5,0x10,0xff,0xff,0xff,0xff,0xff,0xff,0xf1,0xff,0xff,0xff,0xff,0xff,0xff,0xf1,0xff,0xff,0xff,
  0xff,0xff,0xff,0xf1,0x9a,0xff,0xff,0xff,0xff,0xfb,0x91,0x01,0xff,0xff,0xff,0xff,0xf3,0x00,0x00,0x79,0xff,0xff,0xfa,0x71,
  0x00,0x00,0x03,0xff,0xff,0xf5,0x00,0x00,0x00,0x01,0x59,0xfa,0x52,0x00,0x00,0x00,0x00,0x05,0xf7,0x00,0x00,0x00,0xba,0x00,
  0x05,0xf7,0x00,0x08,0xb1,0xfd,0x00,0x05,0xf7,0x00,0x0b,0xf1,0x13,0xdd,0xd9,0x17,0xdd,0xd4,0x10,0x01,0xff,0xf9,0x07,0xff,
  0xf3,0x00,0x00,0x00,0x00,0x00,0x00,0x34,0x43,0x00,0x00,0x00,0x00,0x00,0x00,0x00,0x00,0x04,0xaf,0xff,0xff,0xfb,0x50,0x00,
  0x00,0x00,0x00,0x00,0x02,0xcf,0xfc,0x86,0x68,0xbf,0xfd,0x40,0x00,0x00,0x00,0x00,0x6f,0xfa,0x20,0x00,0x00,0x01,0x8f,0xf8,
  0x00,0x00,0x00,0x07,0xfe,0x40,0x00,0x00,0x00,0x00,0x02,0xdf,0x90,0x00,0x00,0x4f,0xd1,0x00,0x00,0x00,0x00,0x00,0x00,0x0c,
  0xf7,0x00,0x00,0xef,0x20,0x00,0x00,0x00,0x00,0x00,0x00,0x01,0xef,0x20,0x07,0xf7,0x00,0x00,0x00,0x00,0x00,0x00,0x00,0x00,
  0x4f,0x90,0x0c,0xf0,0x00,0x00,0x00,0x00,0x00,0x00,0x00,0x00,0x0d,0xf0,0x1f,0xb0,0x00,0x00,0x00,0x00,0x00,0x00,0x00,0x00,
  0x08,0xf3,0x3f,0x70,0x00,0x00,0x00,0x00,0x00,0x00,0x00,0x00,0x05,0xf6,0x5f,0x60,0x00,0x00,0x00,0x00,0x00,0x00,0x00,0x00,
  0x03,0xf7,0x13,0x10,0x00,0x00,0x00,0x00,0x00,0x00,0x00,0x00,0x00,0x31,0x00,0x00,0x00,0x00,0x00,0x34,0x43,0x00,0x00,0x00,
  0x00,0x00,0x00,0x00,0x00,0x04,0xaf,0xff,0xff,0xfb,0x50,0x00,0x00,0x00,0x00,0x00,0x02,0xcf,0xfc,0x86,0x68,0xbf,0xfd,0x40,
  0x00,0x00,0x00,0x00,0x6f,0xfa,0x20,0x00,0x00,0x01,0x8f,0xf8,0x00,0x00,0x00,0x07,0xfe,0x40,0x00,0x14,0x42,0x00,0x02,0xdf,
  0x90,0x00,0x00,0x4f,0xd1,0x00,0x4c,0xff,0xff,0xd5,0x00,0x0c,0xf7,0x00,0x00,0xef,0x20,0x09,0xff,0xff,0xff,0xff,0xb1,0x01,
  0xef,0x20,0x07,0xf7,0x00,0xaf,0xff,0xff,0xff,0xff,0xfc,0x00,0x4f,0x90,0x0c,0xf0,0x06,0xff,0xff,0xff,0xff,0xff,0xff,0x80,
  0x0d,0xf0,0x1f,0xb0,0x0d,0xff,0xff,0xff,0xff,0xff,0xff,0xf0,0x08,0xf3,0x3f,0x70,0x2f,0xff,0xff,0xff,0xff,0xff,0xff,0xf4,
  0x05,0xf6,0x5f,0x60,0x4f,0xff,0xff,0xff,0xff,0xff,0xff,0xf6,0x03,0xf7,0x5f,0x60,0x4f,0xff,0xff,0xff,0xff,0xff,0xff,0xf7,
  0x03,0xf8,0x4f,0x70,0x3f,0xff,0xff,0xff,0xff,0xff,0xff,0xf5,0x04,0xf7,0x2f,0x90,0x0f,0xff,0xff,0xff,0xff,0xff,0xff,0xf2,
  0x06,0xf5,0x0e,0xd0,0x09,0xff,0xff,0xff,0xff,0xff,0xff,0xc0,0x0b,0xf1,0x09,0xf4,0x01,0xef,0xff,0xff,0xff,0xff,0xff,0x30,
  0x1f,0xc0,0x02,0xfd,0x00,0x3e,0xff,0xff,0xff,0xff,0xf5,0x00,0xaf,0x50,0x00,0x9f,0x90,0x01,0xbf,0xff,0xff,0xfc,0x20,0x06,
  0xfb,0x00,0x00,0x0c,0xf9,0x00,0x02,0x8a,0xb8,0x30,0x00,0x7f,0xe1,0x00,0x00,0x01,0xcf,0xd3,0x00,0x00,0x00,0x00,0x2b,0xfd,
  0x20,0x00,0x00,0x00,0x08,0xff,0xc6,0x20,0x01,0x5a,0xff,0xa1,0x00,0x00,0x00,0x00,0x00,0x2a,0xff,0xff,0xff,0xff,0xc4,0x00,
  0x00,0x00,0x00,0x00,0x00,0x00,0x16,0x9b,0xba,0x72,0x00,0x00,0x00,0x00,0x00,0x00,0x00,0x00,0x00,0x12,0x31,0x00,0x00,0x00,
  0x00,0x00,0x00,0x00,0x00,0x03,0x9e,0xff,0xff,0xea,0x40,0x00,0x00,0x00,0x00,0x00,0x02,0xbf,0xfc,0x86,0xff,0xff,0xfd,0x30,
  0x00,0x00,0x00,0x00,0x5f,0xfa,0x20,0x00,0xef,0xff,0xff,0xf7,0x00,0x00,0x00,0x05,0xfe,0x40,0x00,0x00,0xef,0xff,0xff,0xff,
  0x70,0x00,0x00,0x2f,0xd1,0x00,0x00,0x00,0xef,0xff,0xff,0xff,0xf5,0x00,0x00,0xcf,0x20,0x00,0x00,0x00,0xef,0xff,0xff,0xff,
  0xfe,0x00,0x05,0xf7,0x00,0x00,0x00,0x00,0xef,0xff,0xff,0xff,0xff,0x70,0x0b,0xf0,0x00,0x00,0x00,0x00,0xef,0xff,0xff,0xff,
  0xff,0xe0,0x0f,0xb0,0x00,0x00,0x00,0x00,0xef,0xff,0xff,0xff,0xff,0xf2,0x3f,0x70,0x00,0x00,0x00,0x00,0xef,0xff,0xff,0xff,
  0xff,0xf6,0x5f,0x60,0x00,0x00,0x00,0x00,0xef,0xff,0xff,0xff,0xff,0xf7,0x5f,0x60,0x00,0x00,0x00,0x00,0x23,0x33,0x33,0x33,
  0x35,0xf8,0x4f,0x70,0x00,0x00,0x00,0x00,0x00,0x00,0x00,0x00,0x04,0xf7,0x1f,0x90,0x00,0x00,0x00,0x00,0x00,0x00,0x00,0x00,
  0x06,0xf4,0x0d,0xd0,0x00,0x00,0x00,0x00,0x00,0x00,0x00,0x00,0x0b,0xf1,0x08,0xf4,0x00,0x00,0x00,0x00,0x00,0x00,0x00,0x00,
  0x1f,0xb0,0x01,0xfd,0x00,0x00,0x00,0x00,0x00,0x00,0x00,0x00,0xaf,0x30,0x00,0x7f,0x90,0x00,0x00,0x00,0x00,0x00,0x00,0x06,
  0xfa,0x00,0x00,0x0b,0xf9,0x00,0x00,0x00,0x00,0x00,0x00,0x7f,0xd1,0x00,0x00,0x00,0xcf,0xd3,0x00,0x00,0x00,0x00,0x2b,0xfd,
  0x20,0x00,0x00,0x00,0x09,0xff,0xc6,0x20,0x01,0x5a,0xff,0xb1,0x00,0x00,0x00,0x00,0x00,0x3b,0xff,0xff,0xff,0xff,0xc4,0x00,
  0x00,0x00,0x00,0x00,0x00,0x00,0x16,0x9a,0xa9,0x62,0x00,0x00,0x00,0x00,0x00,0x00,0x00,0x00,0x00,0x04,0x30,0x00,0x00,0x00,
  0x00,0x00,0x00,0x00,0x00,0x00,0x0f,0xf1,0x00,0x00,0x00,0x00,0x00,0x00,0x00,0x00,0x00,0x0f,0xe0,0x00,0x00,0x00,0x00,0x00,
  0x00,0x00,0x00,0x00,0x2f,0xf0,0x00,0x00,0x00,0x00,0x00,0x00,0x00,0x00,0x00,0x7f,0xf1,0x00,0x00,0x00,0x00,0x00,0x00,0x00,
  0x00,0x00,0xcf,0xf5,0x00,0x00,0x00,0x00,0x00,0x00,0x00,0x00,0x04,0xfe,0xfb,0x00,0x00,0x00,0x00,0x00,0x00,0x00,0x00,0x0d,
  0xf5,0xcf,0x20,0x00,0x00,0x00,0x00,0x00,0x00,0x00,0x8f,0xd0,0x4f,0xc0,0x00,0x00,0x00,0x00,0x00,0x00,0x04,0xff,0x30,0x0a,
  0xf7,0x00,0x00,0x00,0x00,0x00,0x00,0x3f,0xf7,0x00,0x01,0xef,0x40,0x00,0x00,0x00,0x00,0x04,0xff,0x80,0x00,0x00,0x3f,0xf5,
  0x00,0x00,0x00,0x00,0x8f,0xf7,0x00,0x00,0x00,0x04,0xff,0x80,0x00,0x04,0x8f,0xfe,0x40,0x00,0x00,0x00,0x00,0x2d,0xfe,0x71,
  0x1f,0xff,0x80,0x00,0x00,0x00,0x00,0x00,0x01,0x9f,0xf2,0x05,0x50,0x00,0x00,0x00,0x00,0x00,0x00,0x00,0x02,0x60,0x00,0x01,
  0x11,0x11,0x11,0x00,0x00,0x00,0x3f,0xff,0xff,0xff,0x30,0x00,0x03,0x5b,0xbb,0xbb,0xbb,0x53,0x00,0x1f,0xb0,0x00,0x00,0x00,
  0xbf,0x10,0x1f,0xb0,0x00,0x00,0x00,0xbf,0x10,0x1f,0xb0,0x00,0x00,0x00,0xbf,0x10,0x1f,0xb0,0x27,0x77,0x20,0xbf,0x10,0x1f,
  0xb0,0x5f,0xff,0x50,0xbf,0x10,0x05,0x69,0xcf,0xff,0x50,0xbf,0x10,0x00,0x3f,0xff,0xff,0x50,0xbf,0x10,0x00,0x03,0x33,0x33,
  0x10,0xbf,0x10,0x00,0x00,0x00,0x00,0x00,0xbf,0x10,0x00,0x3d,0xdd,0xdd,0xdd,0x41,0x00,0x00,0x3f,0xff,0xff,0xff,0x30,0x00,
  0x00,0x00,0x00,0x00,0x00,0x57,0x00,0x00,0x00,0x00,0x00,0x00,0xbf,0x10,0x00,0x00,0x00,0x00,0x00,0xbf,0x10,0x00,0x00,0x00,
  0x00,0x00,0xbf,0x10,0x00,0x00,0x00,0x00,0x00,0xbf,0x10,0x00,0x00,0x00,0x00,0x00,0xbf,0x10,0x00,0x00,0x00,0x00,0x00,0xbf,
  0x10,0x00,0x00,0x00,0x00,0x00,0xbf,0x10,0x00,0x00,0x00,0x00,0x00,0xbf,0x10,0x00,0x00,0x00,0x00,0x11,0xad,0x10,0x00,0x00,
  0x00,0x00,0x9f,0x30,0x00,0x00,0x00,0x00,0x00,0x9f,0x30,0x00,0x00,0x00,0x00,0x00,0x9f,0x30,0x00,0x00,0x00,0x00,0x00,0x9f,
  0x30,0x00,0x00,0x00,0x00,0x00,0x9f,0x30,0x00,0x00,0x00,0x00,0x37,0x77,0x10,0x00,0x00,0x00,0x00,0x7f,0x50,0x00,0x00,0x00,
  0x00,0x00,0x7f,0x50,0x00,0x00,0x00,0x00,0x00,0x7f,0x50,0x00,0x00,0x00,0x00,0x4b,0x73,0x10,0x00,0x00,0x00,0x00,0x5f,0x70,
  0x00,0x00,0x00,0x00,0x3d,0x91,0x00,0x00,0x00,0x00,0x00,0x3f,0x90,0x00,0x00,0x00,0x00,0x1f,0xb0,0x00,0x00,0x00,0x00,0x00,
  0x1d,0xa0,0x00,0x00,0x00,0x00,0x00,0xaa,0xaa,0xaa,0xaa,0xaa,0xaa,0xaa,0xaa,0xa8,0xff,0xff,0xff,0xff,0xff,0xff,0xff,0xff,
  0xfe,0xfe,0x00,0x00,0x00,0x00,0x00,0x00,0x00,0xfe,0xfe,0x00,0x00,0x00,0x00,0x00,0x00,0x00,0xfe,0xfe,0x00,0x00,0x00,0x00,
  0x00,0x00,0x00,0xfe,0xfe,0x00,0x00,0x00,0x00,0x00,0x00,0x00,0xfe,0xfe,0x00,0x00,0x00,0x00,0x00,0x00,0x00,0xfe,0xfe,0x00,
  0x00,0x00,0x00,0x00,0x00,0x00,0xfe,0xfe,0x00,0x00,0x00,0x00,0x00,0x00,0x00,0xfe,0xfe,0x00,0x00,0x00,0x00,0x00,0x00,0x00,
  0xfe,0xfe,0x00,0x00,0x00,0x00,0x00,0x00,0x00,0xfe,0xfe,0x00,0x00,0x00,0x00,0x00,0x00,0x00,0xfe,0xff,0xff,0xff,0xff,0xff,
  0xff,0xff,0xff,0xfe,0xff,0x99,0x99,0x99,0x99,0x99,0x99,0x99,0xfe,0x76,0x00,0x00,0x00,0x00,0x00,0x00,0x00,0x76,0x00,0x17,
  0x77,0x30,0x00,0x00,0x3f,0xff,0x70,0x00,0x19,0x85,0x55,0x79,0x30,0x1f,0xb0,0x00,0x7f,0x50,0x1f,0xb0,0x00,0x7f,0x50,0x1f,
  0xb0,0x00,0x7f,0x50,0x01,0x4d,0xdd,0x71,0x00,0x00,0x3f,0xff,0x70,0x00,0x00,0x00,0x00,0x35,0x53,0x00,0x00,0x00,0x00,0x01,
  0x9f,0xff,0xff,0xf9,0x10,0x00,0x00,0x2e,0xff,0xff,0xff,0xff,0xd1,0x00,0x00,0xcf,0xfa,0x31,0x13,0xaf,0xfb,0x00,0x04,0xff,
  0x90,0x00,0x00,0x09,0xff,0x40,0x0a,0xff,0x00,0x00,0x00,0x01,0xff,0x90,0x0d,0xfb,0x00,0x00,0x00,0x00,0xbf,0xd0,0x0f,0xf8,
  0x00,0x00,0x00,0x00,0x9f,0xf0,0x1f,0xf7,0x00,0x00,0x00,0x00,0x7f,0xf0,0x1f,0xf6,0x00,0x00,0x00,0x00,0x6f,0xf1,0x2f,0xf6,
  0x00,0x00,0x00,0x00,0x6f,0xf1,0x2f,0xf6,0x00,0x00,0x00,0x00,0x6f,0xf1,0x2f,0xf6,0x00,0x00,0x00,0x00,0x6f,0xf1,0x2f,0xf6,
  0x00,0x00,0x00,0x00,0x6f,0xf1,0x2f,0xf6,0x00,0x00,0x00,0x00,0x6f,0xf1,0x2f,0xf6,0x00,0x00,0x00,0x00,0x6f,0xf1,0x2f,0xf6,
  0x00,0x00,0x00,0x00,0x6f,0xf1,0x2f,0xf6,0x00,0x00,0x00,0x00,0x6f,0xf1,0x06,0x62,0x00,0x00,0x00,0x00,0x26,0x60,0x2f,0xf6,
  0x00,0x00,0x00,0x00,0x6f,0xf1,0x2f,0xf6,0x00,0x00,0x00,0x00,0x6f,0xf1,0x2f,0xf6,0x00,0x00,0x00,0x00,0x6f,0xf1,0x2f,0xf6,
  0x00,0x00,0x00,0x00,0x6f,0xf1,0x2f,0xf6,0x00,0x00,0x00,0x00,0x6f,0xf1,0x2f,0xf6,0x00,0x00,0x00,0x00,0x6f,0xf1,0x2f,0xf6,
  0x00,0x00,0x00,0x00,0x6f,0xf1,0x2f,0xf6,0x00,0x00,0x00,0x00,0x6f,0xf1,0x1f,0xf6,0x00,0x00,0x00,0x00,0x7f,0xf1,0x1f,0xf7,
  0x00,0x00,0x00,0x00,0x7f,0xf0,0x0f,0xf9,0x00,0x00,0x00,0x00,0xaf,0xf0,0x0c,0xfc,0x00,0x00,0x00,0x00,0xdf,0xc0,0x08,0xff,
  0x20,0x00,0x00,0x03,0xff,0x70,0x02,0xff,0xd1,0x00,0x00,0x1d,0xff,0x10,0x00,0x8f,0xff,0x97,0x79,0xff,0xf7,0x00,0x00,0x09,
  0xff,0xff,0xff,0xff,0x90,0x00,0x00,0x00,0x3a,0xdf,0xfd,0x93,0x00,0x00,0x00,0x00,0x00,0x00,0x00,0x01,0x00,0x00,0x00,0x00,
  0x00,0x00,0x00,0x00,0x00,0x00,0x00,0x4f,0x50,0x00,0x00,0x00,0x00,0x00,0x00,0x00,0x00,0x00,0x04,0xff,0xf5,0x00,0x00,0x00,
  0x00,0x00,0x00,0x00,0x00,0x00,0x4f,0xd3,0xdf,0x50,0x00,0x00,0x00,0x00,0x00,0x00,0x00,0x04,0xfd,0x10,0x1d,0xf5,0x00,0x00,
  0x00,0x00,0x00,0x00,0x00,0x4f,0xd1,0x00,0x01,0xdf,0x50,0x00,0x00,0x00,0x00,0x00,0x04,0xfd,0x10,0x00,0x00,0x1d,0xf5,0x00,
  0x00,0x00,0x00,0x00,0x4f,0xd1,0x00,0x00,0x00,0x01,0xdf,0x40,0x00,0x00,0x00,0x04,0xfe,0x20,0x00,0x00,0x00,0x00,0x1d,0xf4,
  0x00,0x00,0x00,0x4f,0xe2,0x00,0x00,0x00,0x00,0x00,0x01,0xdf,0x40,0x00,0x04,0xfe,0x20,0x00,0x00,0x00,0x00,0x00,0x00,0x1d,
  0xf4,0x00,0x3f,0xe2,0x00,0x00,0x00,0x00,0x00,0x00,0x00,0x01,0xdf,0x40,0x9f,0xa0,0x00,0x00,0x00,0x00,0x00,0x00,0x00,0x00,
  0x9f,0xa0,0x09,0xf9,0x00,0x00,0x00,0x00,0x00,0x00,0x00,0x08,0xfa,0x00,0x00,0x9f,0x90,0x00,0x00,0x00,0x00,0x00,0x00,0x8f,
  0xa0,0x00,0x00,0x09,0xf9,0x00,0x00,0x00,0x00,0x00,0x08,0xfa,0x00,0x00,0x00,0x00,0x9f,0x90,0x00,0x00,0x00,0x00,0x8f,0xa0,
  0x00,0x00,0x00,0x00,0x0a,0xf9,0x00,0x00,0x00,0x08,0xfa,0x00,0x00,0x00,0x00,0x00,0x00,0xaf,0x90,0x00,0x00,0x8f,0xa0,0x00,
  0x00,0x00,0x00,0x00,0x00,0x0a,0xf9,0x00,0x08,0xfa,0x00,0x00,0x00,0x00,0x00,0x00,0x00,0x00,0xaf,0x80,0x8f,0xb0,0x00,0x00,
  0x00,0x00,0x00,0x00,0x00,0x00,0x0a,0xfc,0xfb,0x00,0x00,0x00,0x00,0x00,0x00,0x00,0x00,0x00,0x00,0xaf,0xb0,0x00,0x00,0x00,
  0x00,0x00,0x00,0x00,0x00,0x00,0x00,0x07,0x00,0x00,0x00,0x00,0x00,0x00,0x00,0x00,0x00,0x00,0x00,0x01,0x00,0x00,0x00,0x00,
  0x00,0x00,0x00,0x00,0x00,0x00,0x00,0x4f,0x50,0x00,0x00,0x00,0x00,0x00,0x00,0x00,0x00,0x00,0x04,0xff,0xf5,0x00,0x00,0x00,
  0x00,0x00,0x00,0x00,0x00,0x00,0x4f,0xff,0xff,0x50,0x00,0x00,0x00,0x00,0x00,0x00,0x00,0x04,0xff,0xff,0xff,0xf5,0x00,0x00,
  0x00,0x00,0x00,0x00,0x00,0x4f,0xff,0xff,0xff,0xff,0x50,0x00,0x00,0x00,0x00,0x00,0x04,0xff,0xff,0xff,0xff,0xff,0xf5,0x00,
  0x00,0x00,0x00,0x00,0x4f,0xff,0xff,0xff,0xff,0xff,0xff,0x40,0x00,0x00,0x00,0x04,0xff,0xff,0xff,0xff,0xff,0xff,0xff,0xf4,
  0x00,0x00,0x00,0x4f,0xff,0xff,0xff,0xff,0xff,0xff,0xff,0xff,0x40,0x00,0x04,0xff,0xff,0xff,0xff,0xff,0xff,0xff,0xff,0xff,
  0xf4,0x00,0x3f,0xff,0xff,0xff,0xff,0xff,0xff,0xff,0xff,0xff,0xff,0x40,0x9f,0xff,0xff,0xff,0xff,0xff,0xff,0xff,0xff,0xff,
  0xff,0xa0,0x09,0xff,0xff,0xff,0xff,0xff,0xff,0xff,0xff,0xff,0xfa,0x00,0x00,0x9f,0xff,0xff,0xff,0xff,0xff,0xff,0xff,0xff,
  0xa0,0x00,0x00,0x09,0xff,0xff,0xff,0xff,0xff,0xff,0xff,0xfa,0x00,0x00,0x00,0x00,0x9f,0xff,0xff,0xff,0xff,0xff,0xff,0xa0,
  0x00,0x00,0x00,0x00,0x0a,0xff,0xff,0xff,0xff,0xff,0xfa,0x00,0x00,0x00,0x00,0x00,0x00,0xaf,0xff,0xff,0xff,0xff,0xa0,0x00,
  0x00,0x00,0x00,0x00,0x00,0x0a,0xff,0xff,0xff,0xfa,0x00,0x00,0x00,0x00,0x00,0x00,0x00,0x00,0xaf,0xff,0xff,0xb0,0x00,0x00,
  0x00,0x00,0x00,0x00,0x00,0x00,0x0a,0xff,0xfb,0x00,0x00,0x00,0x00,0x00,0x00,0x00,0x00,0x00,0x00,0xaf,0xb0,0x00,0x00,0x00,
  0x00,0x00,0x00,0x00,0x00,0x00,0x00,0x07,0x00,0x00,0x00,0x00,0x00,0x00,0x00,0x02,0x8c,0xc9,0x20,0x00,0x00,0x3a,0xdc,0x81,
  0x00,0x00,0x00,0x5f,0xff,0xff,0xf4,0x00,0x06,0xff,0xff,0xff,0x40,0x00,0x04,0xff,0xff,0xff,0xff,0x20,0x3f,0xff,0xff,0xff,
  0xf2,0x00,0x0d,0xff,0xff,0xff,0xff,0xa0,0xcf,0xff,0xff,0xff,0xfc,0x00,0x2f,0xff,0xff,0xff,0xff,0xf4,0xff,0xff,0xff,0xff,
  0xff,0x10,0x4f,0xff,0xff,0xff,0xff,0xfd,0xff,0xff,0xff,0xff,0xff,0x30,0x4f,0xff,0xff,0xff,0xff,0xff,0xff,0xff,0xff,0xff,
  0xff,0x20,0x1f,0xff,0xff,0xff,0xff,0xff,0xff,0xff,0xff,0xff,0xff,0x00,0x0d,0xff,0xff,0xff,0xff,0xff,0xff,0xff,0xff,0xff,
  0xfb,0x00,0x06,0xff,0xff,0xff,0xff,0xff,0xff,0xff,0xff,0xff,0xf5,0x00,0x00,0xdf,0xff,0xff,0xff,0xff,0xff,0xff,0xff,0xff,
  0xc0,0x00,0x00,0x3f,0xff,0xff,0xff,0xff,0xff,0xff,0xff,0xff,0x30,0x00,0x00,0x06,0xff,0xff,0xff,0xff,0xff,0xff,0xff,0xf5,
  0x00,0x00,0x00,0x00,0x9f,0xff,0xff,0xff,0xff,0xff,0xff,0x80,0x00,0x00,0x00,0x00,0x0b,0xff,0xff,0xff,0xff,0xff,0xfb,0x00,
  0x00,0x00,0x00,0x00,0x01,0xdf,0xff,0xff,0xff,0xff,0xd0,0x00,0x00,0x00,0x00,0x00,0x00,0x2f,0xff,0xff,0xff,0xfe,0x10,0x00,
  0x00,0x00,0x00,0x00,0x00,0x05,0xff,0xff,0xff,0xf3,0x00,0x00,0x00,0x00,0x00,0x00,0x00,0x00,0x7f,0xff,0xff,0x50,0x00,0x00,
  0x00,0x00,0x00,0x00,0x00,0x00,0x0a,0xff,0xf8,0x00,0x00,0x00,0x00,0x00,0x00,0x00,0x00,0x00,0x00,0xdf,0xb0,0x00,0x00,0x00,
  0x00,0x00,0x00,0x00,0x00,0x00,0x00,0x2b,0x00,0x00,0x00,0x00,0x00,0x00,0x00,0x00,0x00,0x0e,0xee,0xee,0xee,0xee,0xee,0xee,
  0xee,0x10,0x00,0x00,0x00,0x0f,0xff,0xff,0xff,0xff,0xff,0xff,0xff,0x20,0x00,0x00,0x00,0x0f,0xff,0xff,0xff,0xff,0xff,0xff,
  0xff,0x20,0x00,0x00,0x00,0x0f,0x52,0x22,0x22,0x22,0x22,0x22,0x4f,0x20,0x00,0x00,0x00,0x0f,0x40,0x00,0x00,0x00,0x00,0x00,
  0x2f,0x20,0x00,0x00,0x00,0x0f,0xa8,0x88,0x88,0x88,0x88,0x88,0x9f,0x20,0x00,0x00,0x00,0x0f,0xff,0xff,0xff,0xff,0xff,0xff,
  0xff,0x20,0x00,0x00,0x00,0x0f,0xff,0xff,0xff,0xff,0xff,0xff,0xff,0x20,0x00,0x00,0x00,0x0f,0xba,0xaa,0xaa,0xaa,0xaa,0xaa,
  0xbf,0x20,0x00,0x00,0x00,0x0f,0x40,0x00,0x00,0x00,0x00,0x00,0x2f,0x20,0x00,0x00,0x00,0x0f,0x40,0x00,0x00,0x00,0x00,0x00,
  0x2f,0x20,0x00,0x00,0x00,0x0f,0x40,0x00,0x00,0x00,0x00,0x00,0x2f,0x20,0x00,0x00,0x00,0x0f,0x40,0x00,0x00,0x00,0x00,0x00,
  0x2f,0x20,0x00,0x00,0x00,0x0f,0x40,0x00,0x00,0x00,0x00,0x00,0x2f,0x20,0x00,0x00,0x00,0x0f,0x40,0x00,0x00,0x00,0x00,0x00,
  0x2f,0x20,0x00,0x00,0x00,0x0f,0x40,0x00,0x00,0x00,0x00,0x00,0x2f,0x20,0x00,0x00,0x00,0x0f,0x40,0x00,0x00,0x00,0x00,0x00,
  0x2f,0x20,0x00,0x36,0x74,0x0f,0x40,0x00,0x00,0x00,0x47,0x74,0x2f,0x20,0x0b,0xff,0xff,0xdf,0x30,0x00,0x00,0x0c,0xff,0xff,
  0xdf,0x10,0x3f,0xff,0xff,0xff,0x10,0x00,0x00,0x4f,0xff,0xff,0xff,0x00,0x0f,0xff,0xff,0xf9,0x00,0x00,0x00,0x2f,0xff,0xff,
  0xf9,0x00,0x04,0xdf,0xfe,0x70,0x00,0x00,0x00,0x04,0xdf,0xfd,0x70,0x00,0x00,0x00,0x10,0x00,0x00,0x00,0x00,0x00,0x00,0x00,
  0x00,0x00,0x00,0x00,0x00,0x00,0x00,0x24,0x20,0x00,0x00,0x00,0x00,0x00,0x00,0x00,0x00,0x00,0x1b,0xff,0xfc,0x20,0x00,0x00,
  0x00,0x00,0x00,0x00,0x00,0x00,0xcf,0xff,0xff,0xe1,0x00,0x00,0x00,0x00,0x00,0x00,0x00,0x05,0xff,0xff,0xff,0xf8,0x00,0x00,
  0x00,0x00,0x00,0x00,0x00,0x09,0xff,0xff,0xff,0xfb,0x00,0x00,0x00,0x00,0x00,0x02,0x54,0x09,0xff,0xff,0xff,0xfb,0x04,0x53,
  0x00,0x00,0x00,0x9f,0xff,0xeb,0xff,0xfd,0xff,0xfb,0xef,0xff,0xb1,0x00,0x0a,0xff,0xff,0xff,0xd4,0x00,0x03,0xcf,0xff,0xff,
  0xfc,0x00,0x2f,0xff,0xff,0xfc,0x00,0x00,0x00,0x0b,0xff,0xff,0xff,0x40,0x5f,0xff,0xff,0xf2,0x00,0x00,0x00,0x00,0xef,0xff,
  0xff,0x70,0x5f,0xff,0xff,0xb0,0x00,0x00,0x00,0x00,0x8f,0xff,0xff,0x70,0x1f,0xff,0xff,0x70,0x00,0x00,0x00,0x00,0x5f,0xff,
  0xff,0x20,0x06,0xff,0xff,0x70,0x00,0x00,0x00,0x00,0x5f,0xff,0xf8,0x00,0x00,0x5d,0xff,0xb0,0x00,0x00,0x00,0x00,0x8f,0xfd,
  0x60,0x00,0x00,0x00,0x4e,0xf2,0x00,0x00,0x00,0x01,0xee,0x50,0x00,0x00,0x00,0x02,0xff,0xfd,0x10,0x00,0x00,0x0b,0xff,0xf3,
  0x00,0x00,0x00,0x09,0xff,0xff,0xe5,0x00,0x04,0xdf,0xff,0xfb,0x00,0x00,0x00,0x0c,0xff,0xff,0xff,0xfe,0xff,0xff,0xff,0xfe,
  0x00,0x00,0x00,0x0b,0xff,0xff,0xff,0xfe,0xff,0xff,0xff,0xfd,0x00,0x00,0x00,0x06,0xff,0xff,0xff,0xf5,0xff,0xff,0xff,0xf8,
  0x00,0x00,0x00,0x00,0xbf,0xff,0xff,0x90,0x7f,0xff,0xff,0xd1,0x00,0x00,0x00,0x00,0x08,0xef,0xd6,0x00,0x05,0xcf,0xe9,0x10,
  0x00,0x00,0x00,0x00,0x00,0x00,0x00,0x24,0x20,0x00,0x00,0x00,0x00,0x00,0x00,0x00,0x00,0x00,0x1b,0xff,0xfc,0x20,0x00,0x00,
  0x00,0x00,0x00,0x00,0x00,0x00,0xcf,0xa6,0x9f,0xe1,0x00,0x00,0x00,0x00,0x00,0x00,0x00,0x06,0xf8,0x00,0x06,0xf8,0x00,0x00,
  0x00,0x00,0x00,0x00,0x00,0x09,0xf1,0x00,0x00,0xfb,0x00,0x00,0x00,0x00,0x00,0x02,0x55,0x09,0xf1,0x00,0x00,0xfb,0x04,0x53,
  0x00,0x00,0x00,0xaf,0xff,0xea,0xf3,0x02,0x01,0xfb,0xef,0xff,0xb1,0x00,0x0a,0xfb,0x56,0xdf,0xfd,0xff,0xfd,0xff,0xe7,0x5a,
  0xfc,0x00,0x2f,0xb0,0x00,0x09,0xff,0xff,0xff,0xfb,0x00,0x00,0x8f,0x40,0x5f,0x50,0x00,0x0d,0xff,0xff,0xff,0xff,0x10,0x00,
  0x3f,0x70,0x5f,0x60,0x00,0x5f,0xff,0xff,0xff,0xff,0x70,0x00,0x3f,0x70,0x1f,0xd1,0x00,0x8f,0xff,0xff,0xff,0xff,0xa0,0x00,
  0xcf,0x20,0x06,0xfe,0x97,0xbf,0xff,0xff,0xff,0xff,0xc7,0x9e,0xf8,0x00,0x00,0x4d,0xff,0xff,0xff,0xff,0xff,0xff,0xff,0xfd,
  0x60,0x00,0x00,0x00,0x4e,0xed,0xff,0xff,0xff,0xfe,0xee,0x50,0x00,0x00,0x00,0x02,0xfe,0x32,0xef,0xff,0xff,0xf4,0x1d,0xf3,
  0x00,0x00,0x00,0x09,0xf4,0x00,0x1a,0xff,0xfb,0x20,0x02,0xfb,0x00,0x00,0x00,0x0c,0xe0,0x00,0x00,0x9f,0xc0,0x00,0x00,0xce,
  0x00,0x00,0x00,0x0b,0xf0,0x00,0x01,0xfe,0xf3,0x00,0x00,0xdd,0x00,0x00,0x00,0x06,0xf9,0x00,0x0a,0xf5,0xfc,0x10,0x07,0xf8,
  0x00,0x00,0x00,0x00,0xbf,0xdb,0xef,0x90,0x7f,0xeb,0xdf,0xd1,0x00,0x00,0x00,0x00,0x08,0xef,0xd6,0x00,0x05,0xcf,0xe9,0x10,
  0x00,0x00,0x00,0x00,0x00,0x00,0x00,0x2e,0x20,0x00,0x00,0x00,0x00,0x00,0x00,0x00,0x00,0x00,0x00,0x2f,0x20,0x00,0x00,0x00,
  0x00,0x00,0x00,0x00,0x00,0x00,0x00,0x2f,0x20,0x00,0x00,0x03,0x00,0x00,0x00,0x06,0xd1,0x00,0x00,0x2f,0x20,0x00,0x00,0xcc,
  0x00,0x00,0x00,0x01,0xdd,0x10,0x00,0x2f,0x20,0x00,0x0c,0xd1,0x00,0x00,0x00,0x00,0x1d,0xd1,0x00,0x17,0x10,0x00,0xce,0x10,
  0x00,0x00,0x00,0x00,0x01,0xda,0x02,0x8a,0x93,0x03,0xd2,0x00,0x00,0x00,0x00,0x00,0x00,0x11,0x5f,0xff,0xff,0x80,0x00,0x00,
  0x00,0x00,0x00,0x00,0x00,0x03,0xff,0xff,0xff,0xf5,0x00,0x00,0x00,0x00,0x00,0x00,0x00,0x0a,0xff,0xff,0xff,0xfd,0x00,0x00,
  0x00,0x00,0x5a,0xaa,0xa6,0x0d,0xff,0xff,0xff,0xff,0x09,0xaa,0xaa,0x30,0x5a,0xaa,0xa6,0x0d,0xff,0xff,0xff,0xff,0x09,0xaa,
  0xaa,0x30,0x00,0x00,0x00,0x0a,0xff,0xff,0xff,0xfd,0x00,0x00,0x00,0x00,0x00,0x00,0x00,0x02,0xff,0xff,0xff,0xf4,0x00,0x00,
  0x00,0x00,0x00,0x00,0x00,0x10,0x4f,0xff,0xff,0x61,0x20,0x00,0x00,0x00,0x00,0x00,0x02,0xe4,0x01,0x68,0x62,0x08,0xe3,0x00,
  0x00,0x00,0x00,0x00,0x2e,0xb0,0x00,0x04,0x00,0x00,0xbe,0x30,0x00,0x00,0x00,0x02,0xec,0x00,0x00,0x2f,0x20,0x00,0x0b,0xe2,
  0x00,0x00,0x00,0x0b,0xc0,0x00,0x00,0x2f,0x20,0x00,0x00,0xb7,0x00,0x00,0x00,0x01,0x00,0x00,0x00,0x2f,0x20,0x00,0x00,0x00,
  0x00,0x00,0x00,0x00,0x00,0x00,0x00,0x2f,0x20,0x00,0x00,0x00,0x00,0x00,0x00,0x00,0x00,0x00,0x00,0x2f,0x20,0x00,0x00,0x00,
  0x00,0x00,0x00,0x00,0x00,0x00,0x00,0x00,0x00,0x05,0xac,0xb8,0x10,0x00,0x00,0x00,0x00,0x00,0x00,0x00,0x00,0x4c,0xe9,0xcf,
  0xff,0xff,0xf3,0x00,0x00,0x00,0x00,0x00,0x00,0x00,0x07,0xff,0xff,0xff,0xff,0xff,0xff,0x20,0x00,0x00,0x00,0x00,0x00,0x00,
  0x3f,0xff,0xff,0xff,0xff,0xff,0xff,0xb0,0x00,0x00,0x00,0x00,0x00,0x02,0x8f,0xff,0xff,0xff,0xff,0xff,0xff,0xf6,0x93,0x00,
  0x00,0x00,0x02,0xdf,0xff,0xff,0xff,0xff,0xff,0xff,0xff,0xff,0xff,0x30,0x00,0x00,0x0c,0xff,0xff,0xff,0xff,0xff,0xff,0xff,
  0xff,0xff,0xff,0x60,0x00,0x00,0x1e,0xff,0xff,0xff,0xff,0xff,0xff,0xff,0xff,0xff,0xff,0x20,0x00,0x0a,0xff,0xff,0xff,0xff,
  0xff,0xff,0xff,0xff,0xff,0xff,0xff,0xe3,0x00,0x9f,0xff,0xff,0xff,0xff,0xff,0xff,0xff,0xff,0xff,0xff,0xff,0xf7,0x19,0xff,
  0xff,0xff,0xff,0xff,0xff,0xff,0xff,0xff,0xff,0xff,0xff,0xe2,0x01,0x11,0x11,0x11,0x11,0x11,0x11,0x11,0x11,0x11,0x11,0x11,
  0x11,0x00,0x00,0x00,0x00,0x00,0x00,0x00,0xb3,0x00,0x00,0x00,0x00,0x00,0x00,0x00,0x00,0x00,0x00,0x00,0x00,0xc3,0x00,0x00,
  0x00,0x00,0x00,0x00,0x00,0x00,0x00,0x00,0x49,0xce,0xff,0xdb,0x61,0x00,0x00,0x00,0x00,0x00,0x00,0x00,0x6e,0xff,0xff,0xff,
  0xff,0xff,0x80,0x00,0x00,0x00,0x00,0x00,0x1b,0xff,0xff,0xff,0xff,0xff,0xff,0xfd,0x20,0x00,0x00,0x00,0x01,0xef,0xff,0xff,
  0xff,0xff,0xff,0xff,0xff,0xe2,0x00,0x00,0x00,0x0d,0xff,0xff,0xff,0xff,0xff,0xff,0xff,0xff,0xfd,0x10,0x00,0x00,0xaf,0xff,
  0xff,0xff,0xff,0xff,0xff,0xff,0xff,0xff,0xb0,0x00,0x05,0xff,0xff,0xff,0xff,0xff,0xff,0xff,0xff,0xff,0xff,0xf5,0x00,0x0b,
  0x87,0xad,0xff,0xff,0xff,0xff,0xff,0xff,0xfe,0xa8,0x8a,0x00,0x20,0x00,0x00,0x2c,0xc6,0x32,0x94,0x46,0xbf,0x90,0x00,0x00,
  0x20,0x00,0x00,0x00,0x04,0x00,0x00,0x82,0x00,0x05,0x00,0x00,0x00,0x00,0x00,0x00,0x00,0x00,0x00,0x00,0x82,0x00,0x00,0x00,
  0x00,0x00,0x00,0x00,0x00,0x00,0x00,0x00,0x00,0x82,0x00,0x00,0x00,0x00,0x00,0x00,0x00,0x00,0x00,0x00,0x00,0x00,0x82,0x00,
  0x00,0x00,0x00,0x00,0x00,0x00,0x00,0x00,0x00,0x00,0x00,0x82,0x00,0x00,0x00,0x00,0x00,0x00,0x00,0x00,0x00,0x00,0x00,0x00,
  0x82,0x00,0x00,0x00,0x00,0x00,0x00,0x00,0x00,0x00,0x00,0x00,0x00,0x82,0x00,0x00,0x00,0x00,0x00,0x00,0x00,0x00,0x00,0x00,
  0x00,0x00,0x82,0x00,0x00,0x00,0x00,0x00,0x00,0x00,0x00,0x00,0x00,0x03,0x00,0x82,0x00,0x00,0x00,0x00,0x00,0x00,0x00,0x00,
  0x00,0x00,0x0a,0x20,0xa1,0x00,0x00,0x00,0x00,0x00,0x00,0x00,0x00,0x00,0x00,0x02,0xa9,0x80,0x00,0x00,0x00,0x00,0x00,0x00,
  0x00,0x00,0x50,0x00,0x00,0x00,0x00,0x00,0x00,0x00,0x00,0x00,0x00,0x00,0x10,0x00,0x00,0x00,0x32,0x00,0x00,0x00,0x00,0x00,
  0x00,0x10,0x00,0x00,0x00,0x00,0x21,0x00,0x00,0x00,0x00,0x00,0x00,0x50,0x00,0x70,0x00,0x00,0x00,0x00,0x00,0x00,0x00,0x00,
  0x00,0x00,0x00,0x00,0x00,0x03,0x00,0x02,0x20,0x00,0x00,0x00,0x00,0x00,0x00,0x02,0x20,0x04,0x00,0x02,0x20,0x00,0x00,0x00,
  0x00,0x00,0x00,0x01,0x10,0x00,0x00,0x00,0x00,0x00,0x00,0x00,0x00,0x06,0x10,0x00,0x00,0x00,0x00,0x00,0x62,0x00,0x00,0x00,
  0x00,0x00,0x00,0x00,0x00,0x05,0xbb,0x40,0x10,0x00,0x00,0x00,0x00,0x00,0x00,0x07,0x00,0x6f,0xff,0xf3,0x00,0x00,0x00,0x00,
  0x00,0x00,0x00,0x01,0x00,0xcb,0x77,0xbb,0x00,0x02,0x92,0x00,0x00,0x00,0x00,0x00,0x07,0x50,0x00,0x06,0x50,0x02,0x72,0x00,
  0x00,0x00,0x00,0x00,0x08,0x48,0x00,0xa2,0x80,0x00,0x00,0x00,0x35,0x00,0x03,0x82,0x08,0x25,0x00,0x50,0x80,0x00,0x00,0x00,
  0x00,0x00,0x02,0x81,0x08,0x07,0x44,0x60,0x70,0x48,0x00,0x00,0x00,0x00,0x00,0x00,0x03,0x50,0x33,0x06,0x10,0x58,0x00,0x00,
  0x00,0x44,0x00,0x00,0x00,0x85,0x00,0x75,0x00,0x00,0x00,0x00,0x00,0x88,0x00,0x00,0x59,0x20,0x00,0x05,0x91,0x00,0x00,0x00,
  0x00,0x00,0x00,0x09,0x60,0x00,0x00,0x00,0x0a,0x40,0x28,0x20,0x00,0x10,0x00,0x77,0x00,0x31,0x00,0x13,0x00,0xc1,0x28,0x20,
  0x05,0x91,0x00,0xd0,0x00,0x63,0x00,0x46,0x00,0x49,0x00,0x00,0x05,0x91,0x04,0xa0,0x00,0x00,0x00,0x00,0x00,0x1d,0x00,0x00,
  0x00,0x00,0x04,0xa0,0x00,0x00,0x00,0x00,0x00,0x1e,0x00,0x00,0x00,0x00,0x02,0xe0,0x00,0x95,0x00,0x59,0x00,0x4b,0x00,0x00,
  0x00,0x00,0x00,0xc6,0x00,0x00,0x00,0x00,0x00,0xc5,0x00,0x00,0x00,0x00,0x00,0x2e,0x40,0x00,0x00,0x00,0x0a,0xa0,0x00,0x00,
  0x00,0x00,0x00,0x02,0xc9,0x20,0x00,0x05,0xd9,0x00,0x00,0x00,0x00,0x00,0x00,0x00,0x05,0xbd,0xcd,0xd9,0x20,0x00,0x00,0x00,
  0x00,0x00,0x00,0x00,0x00,0x40,0x00,0x00,0x00,0x00,0x00,0x00,0x00,0x00,0x00,0x00,0x60,0x00,0x00,0x00,0x00,0x00,0x00,0x00,
  0x00,0x20,0x06,0x10,0x00,0x00,0x00,0x00,0x00,0x00,0x00,0x05,0x10,0x18,0x00,0x00,0x03,0x00,0x00,0x00,0x00,0x00,0x45,0x00,
  0xa1,0x00,0x00,0x42,0x00,0x00,0x00,0x00,0x01,0xa0,0x00,0xc0,0x00,0x01,0x70,0x00,0x00,0x00,0x00,0x07,0x50,0x02,0xa0,0x00,
  0x09,0x10,0x00,0x00,0x00,0x00,0x08,0x40,0x04,0x90,0x00,0x38,0x00,0x00,0x00,0x00,0x00,0x03,0x90,0x02,0xa0,0x00,0x85,0x00,
  0x00,0x00,0x00,0x00,0x00,0x95,0x00,0xd0,0x00,0x94,0x00,0x00,0x00,0x00,0x00,0x00,0x08,0x60,0x95,0x00,0x66,0x00,0x00,0x00,
  0x00,0x00,0x00,0x00,0xa0,0x1d,0x20,0x1c,0x00,0x00,0x00,0x00,0x00,0x02,0x10,0x33,0x04,0xc0,0x07,0x90,0x12,0x00,0x00,0x02,
  0x40,0x00,0x02,0x00,0xa2,0x00,0x96,0x00,0x41,0x00,0x17,0x00,0x00,0x00,0x00,0x36,0x00,0x0b,0x00,0x08,0x00,0x93,0x00,0x00,
  0x00,0x00,0x06,0x00,0x06,0x20,0x05,0x70,0xc4,0x00,0x00,0x00,0x00,0x04,0x00,0x01,0x40,0x06,0xb0,0xac,0x00,0x00,0x00,0x00,
  0x01,0x00,0x00,0x10,0x0d,0x90,0x3f,0xb1,0x00,0x00,0x00,0x00,0x00,0x00,0x02,0xce,0x10,0x04,0xff,0x93,0x00,0x00,0x00,0x00,
  0x03,0x9f,0xe3,0x00,0x00,0x19,0xff,0xeb,0x98,0x78,0x9c,0xff,0xf8,0x10,0x00,0x00,0x00,0x05,0x9c,0xef,0xff,0xec,0x85,0x00,
  0x00,0x00,0x00,0x00,0x00,0x00,0x00,0x00,0x00,0x00,0x00,0x00,0x00,0x00,0x00,0x00,0x00,0x00,0x00,0x01,0x00,0x00,0x00,0x00,
  0x00,0x00,0x00,0x00,0x00,0x00,0x00,0x16,0xbe,0xff,0xfe,0xc8,0x30,0x00,0x00,0x00,0x00,0x00,0x00,0x00,0x18,0xff,0xff,0xfe,
  0xff,0xff,0xfb,0x20,0x00,0x00,0x00,0x00,0x00,0x03,0xef,0xfa,0x51,0x00,0x00,0x48,0xef,0xf7,0x00,0x00,0x00,0x00,0x00,0x5f,
  0xfb,0x20,0x00,0x00,0x00,0x00,0x08,0xff,0x90,0x00,0x00,0x00,0x04,0xff,0x80,0x00,0x00,0x00,0x00,0x00,0x00,0x4f,0xf8,0x00,
  0x00,0x00,0x2f,0xf7,0x00,0x00,0x00,0x00,0x00,0x00,0x00,0x03,0xff,0x60,0x00,0x00,0xbf,0x90,0x00,0x00,0x00,0x00,0x00,0x00,
  0x00,0x00,0x5f,0xe1,0x00,0x04,0xfe,0x00,0x00,0xbf,0xa0,0x00,0x00,0x5e,0xd4,0x00,0x0b,0xf8,0x00,0x0b,0xf6,0x00,0x07,0xff,
  0xf6,0x00,0x00,0xff,0xfd,0x00,0x02,0xff,0x00,0x0f,0xf1,0x00,0x08,0xff,0xf6,0x00,0x00,0xff,0xfe,0x00,0x00,0xcf,0x40,0x4f,
  0xc0,0x00,0x01,0xdf,0xc0,0x00,0x00,0x7f,0xf5,0x00,0x00,0x7f,0x80,0x6f,0x90,0x00,0x00,0x00,0x00,0x00,0x00,0x00,0x00,0x00,
  0x00,0x5f,0xa0,0x7f,0x80,0x00,0x00,0x00,0x00,0x00,0x00,0x00,0x00,0x00,0x00,0x3f,0xb0,0x7f,0x80,0x00,0x00,0x00,0x00,0x00,
  0x00,0x00,0x00,0x00,0x00,0x3f,0xb0,0x6f,0x90,0x00,0x00,0x00,0x00,0x00,0x00,0x00,0x00,0x00,0x00,0x5f,0xa0,0x4f,0xb0,0x00,
  0x00,0x00,0x00,0x00,0x00,0x00,0x00,0x00,0x00,0x7f,0x80,0x0f,0xf0,0x00,0x2a,0x00,0x00,0x00,0x00,0x00,0x08,0x50,0x00,0xcf,
  0x40,0x0b,0xf5,0x00,0xcf,0xc1,0x00,0x00,0x00,0x00,0x8f,0xf1,0x01,0xff,0x00,0x05,0xfd,0x00,0x1e,0xfd,0x50,0x00,0x00,0x2b,
  0xff,0x40,0x09,0xf9,0x00,0x00,0xcf,0x80,0x01,0xcf,0xfe,0xa9,0xad,0xff,0xe4,0x00,0x4f,0xf1,0x00,0x00,0x3f,0xf5,0x00,0x06,
  0xdf,0xff,0xff,0xe8,0x10,0x02,0xef,0x70,0x00,0x00,0x06,0xff,0x60,0x00,0x02,0x46,0x53,0x00,0x00,0x3e,0xfa,0x00,0x00,0x00,
  0x00,0x7f,0xf9,0x10,0x00,0x00,0x00,0x00,0x06,0xff,0xb0,0x00,0x00,0x00,0x00,0x05,0xff,0xf9,0x40,0x00,0x00,0x27,0xdf,0xf8,
  0x00,0x00,0x00,0x00,0x00,0x00,0x2a,0xff,0xff,0xec,0xdf,0xff,0xfc,0x40,0x00,0x00,0x00,0x00,0x00,0x00,0x00,0x28,0xdf,0xff,
  0xff,0xe9,0x40,0x00,0x00,0x00,0x00,0x00,0x00,0x00,0x00,0x00,0x00,0x12,0x20,0x00,0x00,0x00,0x00,0x00,0x00,0x00,0x00,0x00,
  0x00,0x00,0x00,0x01,0x00,0x00,0x00,0x00,0x00,0x00,0x00,0x00,0x00,0x00,0x00,0x16,0xbe,0xff,0xfe,0xc8,0x30,0x00,0x00,0x00,
  0x00,0x00,0x00,0x00,0x18,0xff,0xff,0xff,0xff,0xff,0xfb,0x20,0x00,0x00,0x00,0x00,0x00,0x03,0xef,0xff,0xff,0xff,0xff,0xff,
  0xff,0xf7,0x00,0x00,0x00,0x00,0x00,0x5f,0xff,0xff,0xff,0xff,0xff,0xff,0xff,0xff,0x90,0x00,0x00,0x00,0x04,0xff,0xff,0xff,
  0xff,0xff,0xff,0xff,0xff,0xff,0xf8,0x00,0x00,0x00,0x2f,0xff,0xff,0xff,0xff,0xff,0xff,0xff,0xff,0xff,0xff,0x60,0x00,0x00,
  0xbf,0xff,0xff,0xff,0xff,0xff,0xff,0xff,0xff,0xff,0xff,0xe1,0x00,0x04,0xff,0xff,0xff,0x40,0x5f,0xff,0xff,0xa1,0x2b,0xff,
  0xff,0xf8,0x00,0x0b,0xff,0xff,0xf8,0x00,0x09,0xff,0xff,0x00,0x02,0xff,0xff,0xff,0x00,0x0f,0xff,0xff,0xf7,0x00,0x09,0xff,
  0xff,0x00,0x01,0xff,0xff,0xff,0x40,0x4f,0xff,0xff,0xfe,0x20,0x3f,0xff,0xff,0x80,0x0a,0xff,0xff,0xff,0x80,0x6f,0xff,0xff,
  0xff,0xff,0xff,0xff,0xff,0xff,0xff,0xff,0xff,0xff,0xa0,0x7f,0xff,0xff,0xff,0xff,0xff,0xff,0xff,0xff,0xff,0xff,0xff,0xff,
  0xb0,0x7f,0xff,0xff,0xff,0xff,0xff,0xff,0xff,0xff,0xff,0xff,0xff,0xff,0xb0,0x6f,0xff,0xff,0xff,0xff,0xff,0xff,0xff,0xff,
  0xff,0xff,0xff,0xff,0xa0,0x4f,0xff,0xff,0xff,0xff,0xff,0xff,0xff,0xff,0xff,0xff,0xff,0xff,0x80,0x0f,0xff,0xff,0xd5,0xff,
  0xff,0xff,0xff,0xff,0xf7,0xaf,0xff,0xff,0x40,0x0b,0xff,0xff,0x30,0x3e,0xff,0xff,0xff,0xff,0x70,0x0e,0xff,0xff,0x00,0x05,
  0xff,0xff,0xe1,0x02,0xaf,0xff,0xff,0xd4,0x00,0xbf,0xff,0xf9,0x00,0x00,0xcf,0xff,0xfe,0x30,0x01,0x56,0x52,0x00,0x1b,0xff,
  0xff,0xf1,0x00,0x00,0x3f,0xff,0xff,0xf9,0x20,0x00,0x00,0x17,0xef,0xff,0xff,0x70,0x00,0x00,0x06,0xff,0xff,0xff,0xfd,0xb9,
  0xac,0xff,0xff,0xff,0xfa,0x00,0x00,0x00,0x00,0x7f,0xff,0xff,0xff,0xff,0xff,0xff,0xff,0xff,0xb0,0x00,0x00,0x00,0x00,0x05,
  0xff,0xff,0xff,0xff,0xff,0xff,0xff,0xf8,0x00,0x00,0x00,0x00,0x00,0x00,0x2a,0xff,0xff,0xff,0xff,0xff,0xfc,0x40,0x00,0x00,
  0x00,0x00,0x00,0x00,0x00,0x28,0xdf,0xff,0xff,0xe9,0x40,0x00,0x00,0x00,0x00,0x00,0x00,0x00,0x00,0x00,0x00,0x12,0x20,0x00,
  0x00,0x00,0x00,0x00,0x00,0x00,0x00,0x00,0x00,0x00,0x00,0x19,0xdc,0x00,0x00,0x00,0x00,0x00,0x01,0xdf,0xf5,0x00,0x00,0x00,
  0x00,0x00,0x0b,0xff,0x80,0x00,0x00,0x00,0x00,0x00,0x8f,0xfc,0x00,0x00,0x00,0x00,0x00,0x04,0xff,0xe1,0x00,0x00,0x00,0x00,
  0x00,0x1e,0xff,0x30,0x00,0x00,0x00,0x00,0x00,0xbf,0xf6,0x00,0x00,0x00,0x00,0x00,0x06,0xff,0xa0,0x00,0x00,0x00,0x00,0x00,
  0x2f,0xfd,0x00,0x00,0x00,0x03,0x81,0x00,0xcf,0xf3,0x00,0x00,0x00,0x4f,0xf8,0x06,0xff,0x80,0x00,0x00,0x00,0x6f,0xfe,0x2f,
  0xfd,0x00,0x00,0x00,0x00,0x2f,0xff,0xff,0xf2,0x00,0x00,0x00,0x00,0x0d,0xff,0xff,0x70,0x00,0x00,0x00,0x00,0x07,0xff,0xfc,
  0x00,0x00,0x00,0x00,0x00,0x01,0xef,0xe2,0x00,0x00,0x00,0x00,0x00,0x00,0x01,0x00,0x00,0x00,0x00,0x00,0x00,0x00,0x00,0x00,
  0x00,0x00,0x00,0x00,0x8d,0xee,0x70,0x00,0x00,0x00,0x00,0x00,0x00,0x2e,0xff,0xfe,0x20,0x00,0x00,0x00,0x00,0x00,0x04,0xff,
  0xff,0xf3,0x00,0x00,0x00,0x00,0x00,0x00,0x4f,0xff,0xff,0x50,0x00,0x00,0x00,0x00,0x00,0x03,0xff,0xff,0xf7,0x00,0x00,0x00,
  0x00,0x00,0x00,0x2e,0xff,0xff,0x90,0x00,0x00,0x00,0x00,0x00,0x00,0xdf,0xff,0xfc,0x00,0x00,0x00,0x00,0x58,0x10,0x0a,0xff,
  0xff,0xd1,0x00,0x00,0x00,0x3e,0xff,0x80,0x5f,0xff,0xff,0x20,0x00,0x00,0x00,0x8f,0xff,0xe2,0xff,0xff,0xf4,0x00,0x00,0x00,
  0x00,0x6f,0xff,0xff,0xff,0xff,0x70,0x00,0x00,0x00,0x00,0x3f,0xff,0xff,0xff,0xfb,0x00,0x00,0x00,0x00,0x00,0x0e,0xff,0xff,
  0xff,0xe1,0x00,0x00,0x00,0x00,0x00,0x09,0xff,0xff,0xff,0x30,0x00,0x00,0x00,0x00,0x00,0x02,0xff,0xff,0xf8,0x00,0x00,0x00,
  0x00,0x00,0x00,0x00,0xaf,0xff,0xd0,0x00,0x00,0x00,0x00,0x00,0x00,0x00,0x04,0x54,0x00,0x00,0x00,0x00,0x00,0x00,0x00,0x00,
  0x00,0x00,0x00,0x00,0x00,0x00,0x2d,0x7a,0x00,0x00,0x09,0xbe,0x00,0x00,0x01,0xef,0xfd,0x00,0x00,0x0f,0xff,0x50,0x00,0x1d,
  0xff,0xf2,0x00,0x00,0x0b,0xff,0xb0,0x00,0xcf,0xff,0x40,0x00,0x00,0x05,0xff,0xf3,0x0a,0xff,0xf6,0x00,0x00,0x00,0x00,0xff,
  0xfb,0x8f,0xff,0x80,0x00,0x00,0x00,0x00,0xaf,0xff,0xff,0xfc,0x00,0x00,0x00,0x00,0x00,0x4f,0xff,0xff,0xe1,0x00,0x00,0x00,
  0x00,0x00,0x0d,0xff,0xff,0x40,0x00,0x00,0x00,0x00,0x00,0x0b,0xff,0xff,0x00,0x00,0x00,0x00,0x00,0x00,0x7f,0xff,0xff,0x70,
  0x00,0x00,0x00,0x00,0x03,0xff,0xff,0xff,0xe0,0x00,0x00,0x00,0x00,0x1e,0xff,0xff,0xff,0xf6,0x00,0x00,0x00,0x00,0xcf,0xff,
  0xa4,0xff,0xfe,0x00,0x00,0x00,0x08,0xff,0xfd,0x00,0xaf,0xff,0x80,0x00,0x00,0x3f,0xff,0xf3,0x00,0x1e,0xff,0xf1,0x00,0x00,
  0xdf,0xff,0x80,0x00,0x04,0xff,0xd1,0x00,0x09,0xff,0xfd,0x00,0x00,0x00,0x8f,0x50,0x00,0x3f,0xff,0xf4,0x00,0x00,0x00,0x04,
  0x00,0x00,0x6f,0xff,0xa0,0x00,0x00,0x00,0x00,0x00,0x00,0x6f,0xff,0x10,0x00,0x00,0x00,0x00,0x00,0x00,0x1d,0xf6,0x00,0x00,
  0x00,0x00,0x00,0x00,0x00,0x01,0x20,0x00,0x00,0x00,0x00,0x00,0x00,0x00,0x00,0x00,0x00,0x00,0x00,0x00,0x00,0x00,0x00,0x00,
  0x00,0x00,0x00,0x00,0x00,0x00,0x00,0x01,0xdd,0x00,0x00,0x01,0x6b,0x00,0x00,0x00,0x00,0x2d,0xff,0x91,0x00,0x7f,0xef,0x70,
  0x00,0x00,0x02,0xef,0xff,0xf9,0x00,0xbf,0xff,0xf1,0x00,0x00,0x2e,0xff,0xff,0xe2,0x00,0x7f,0xff,0xfa,0x00,0x02,0xef,0xff,
  0xfe,0x20,0x00,0x1f,0xff,0xff,0x60,0x1d,0xff,0xff,0xe2,0x00,0x00,0x0b,0xff,0xff,0xf4,0xdf,0xff,0xfe,0x20,0x00,0x00,0x04,
  0xff,0xff,0xff,0xff,0xff,0xf4,0x00,0x00,0x00,0x00,0xcf,0xff,0xff,0xff,0xff,0x60,0x00,0x00,0x00,0x00,0x4f,0xff,0xff,0xff,
  0xf9,0x00,0x00,0x00,0x00,0x00,0x0b,0xff,0xff,0xff,0xc0,0x00,0x00,0x00,0x00,0x00,0x06,0xff,0xff,0xff,0xc0,0x00,0x00,0x00,
  0x00,0x00,0x3f,0xff,0xff,0xff,0xf9,0x00,0x00,0x00,0x00,0x02,0xef,0xff,0xff,0xff,0xff,0x50,0x00,0x00,0x00,0x1d,0xff,0xff,
  0xff,0xff,0xff,0xf3,0x00,0x00,0x00,0xbf,0xff,0xff,0xff,0xff,0xff,0xfe,0x10,0x00,0x08,0xff,0xff,0xfe,0x2d,0xff,0xff,0xff,
  0xc0,0x00,0x2f,0xff,0xff,0xf3,0x03,0xff,0xff,0xff,0xd0,0x00,0x1f,0xff,0xff,0x50,0x00,0x7f,0xff,0xfb,0x10,0x00,0x1f,0xff,
  0xf9,0x00,0x00,0x0b,0xfd,0xe3,0x00,0x00,0x0a,0xff,0xc0,0x00,0x00,0x00,0x50,0x00,0x00,0x00,0x00,0x1d,0x20,0x00,0x00,0x00,
  0x00,0x00,0x00,0x00,0x00,0x00,0x00,0x00,0x02,0x43,0x10,0x00,0x00,0x00,0x00,0x00,0x00,0x00,0x6c,0xff,0xff,0xfc,0x70,0x00,
  0x00,0x00,0x00,0x00,0x2d,0xff,0xff,0xff,0xff,0xfe,0x30,0x00,0x00,0x00,0x04,0xff,0xf9,0x30,0x00,0x28,0xff,0xf5,0x00,0x00,
  0x00,0x2f,0xfd,0x20,0x00,0x00,0x00,0x1c,0xff,0x40,0x00,0x00,0xdf,0xd1,0x00,0x00,0x00,0x00,0x00,0xcf,0xe0,0x00,0x05,0xff,
  0x20,0x00,0x00,0x00,0x00,0x00,0x1e,0xf8,0x00,0x0c,0xf9,0x00,0x00,0x00,0x00,0x00,0x00,0x07,0xfe,0x00,0x0f,0xf3,0x00,0x00,
  0x04,0x44,0x00,0x00,0x01,0xff,0x20,0x2f,0xf0,0x00,0x00,0x0f,0xff,0x20,0x00,0x00,0xef,0x40,0x3f,0xf0,0x00,0x00,0x0f,0xff,
  0x20,0x00,0x00,0xdf,0x50,0x2f,0xf0,0x00,0x00,0x0f,0xff,0x20,0x00,0x00,0xef,0x40,0x1f,0xf3,0x00,0x00,0x07,0x77,0x00,0x00,
  0x01,0xff,0x30,0x0c,0xf8,0x00,0x00,0x00,0x00,0x00,0x00,0x06,0xfe,0x00,0x07,0xff,0x10,0x00,0x00,0x00,0x00,0x00,0x0d,0xf9,
  0x00,0x00,0xef,0xc0,0x00,0x00,0x00,0x00,0x00,0xaf,0xf1,0x00,0x00,0x4f,0xfb,0x10,0x00,0x00,0x00,0x0a,0xff,0x60,0x00,0x00,
  0x06,0xff,0xe6,0x10,0x00,0x05,0xdf,0xf8,0x00,0x00,0x00,0x00,0x4e,0xff,0xfd,0xcd,0xff,0xff,0x50,0x00,0x00,0x00,0x00,0x00,
  0x8e,0xff,0xff,0xfe,0x91,0x00,0x00,0x00,0x00,0x00,0x00,0x00,0x35,0x65,0x30,0x00,0x00,0x00,0x00,0x00,0x00,0x00,0x00,0x00,
  0x00,0x00,0x00,0x00,0x00,0x00,0x00,0x00,0x00,0x00,0x00,0x38,0xde,0xff,0xd9,0x30,0x00,0x00,0x00,0x00,0x00,0x00,0x00,0x00,
  0x1b,0xff,0xff,0xff,0xff,0xfb,0x20,0x00,0x00,0x00,0x00,0x46,0x00,0x03,0xef,0xff,0xff,0xff,0xff,0xff,0xf6,0x00,0x00,0x00,
  0x06,0xff,0x90,0x2e,0xff,0xfb,0x51,0x01,0x6d,0xff,0xff,0xc5,0x10,0x15,0xbf,0xff,0xf2,0x0a,0xff,0x60,0x00,0x00,0x00,0x7f,
  0xff,0xff,0xff,0xff,0xff,0xff,0x30,0x00,0x84,0x00,0x00,0x00,0x00,0x02,0xcf,0xff,0xff,0xff,0xff,0xb2,0x00,0x00,0x00,0x00,
  0x00,0x00,0x00,0x00,0x03,0x9e,0xff,0xfe,0x94,0x00,0x00,0x00,0x00,0x00,0x00,0x00,0x00,0x00,0x00,0x00,0x01,0x00,0x00,0x00,
  0x00,0x19,0x30,0x00,0x00,0x00,0x00,0x00,0x00,0x04,0xdc,0x40,0x00,0x00,0x00,0x00,0x00,0x00,0x0a,0xfc,0x30,0x00,0x00,0x00,
  0x00,0x00,0x00,0x8f,0xf7,0x00,0x00,0x00,0x00,0x00,0x00,0x08,0xff,0xa0,0x00,0x00,0x00,0x00,0x00,0x00,0xaf,0xfb,0x00,0x00,
  0x00,0x00,0x00,0x00,0x0d,0xff,0xa0,0x00,0x00,0x00,0x00,0x00,0x02,0xff,0xf8,0x00,0x00,0x00,0x00,0x00,0x00,0x6f,0xff,0x40,
  0x00,0x00,0x00,0x00,0x00,0x0c,0xff,0xe1,0x00,0x00,0x00,0x00,0x00,0x04,0xff,0xf8,0x00,0x00,0x00,0x00,0x00,0x00,0xcf,0xfe,
  0x00,0x00,0x00,0x00,0x00,0x00,0x7f,0xff,0x10,0x00,0x00,0x00,0x00,0x00,0x1f,0xff,0x00,0x00,0x00,0x00,0x00,0x00,0x06,0xe9,
  0x00,0x00,0x00,0x00,0x00,0x00,0x00,0x00,0x00,0x00,0x00,0x00,0x00,0x00,0x00,0x00,0x00,0x00,0x9e,0xa3,0x00,0x00,0x00,0x00,
  0x00,0x00,0x00,0x00,0x05,0xff,0x50,0x00,0x00,0x00,0x00,0x00,0x1a,0x62,0x00,0x9f,0xe0,0x19,0x30,0x00,0x00,0x00,0x04,0xef,
  0x90,0x3e,0xe0,0x04,0xdc,0x40,0x00,0x00,0x00,0x3f,0xf6,0x00,0x00,0x00,0x0a,0xfc,0x30,0x00,0x00,0x0c,0xfa,0x00,0x00,0x00,
  0x00,0x8f,0xf7,0x00,0x00,0x01,0x52,0x00,0x00,0x00,0x00,0x08,0xff,0xa0,0x00,0x00,0x00,0x00,0x00,0x00,0x00,0x00,0xaf,0xfb,
  0x00,0x00,0x00,0x00,0x00,0x00,0x00,0x00,0x0d,0xff,0xa0,0x00,0x00,0x00,0x00,0x00,0x00,0x00,0x02,0xff,0xf8,0x00,0x00,0x00,
  0x00,0x00,0x00,0x00,0x00,0x6f,0xff,0x40,0x00,0x00,0x00,0x00,0x00,0x00,0x00,0x0c,0xff,0xe1,0x00,0x00,0x00,0x00,0x00,0x00,
  0x00,0x04,0xff,0xf8,0x00,0x00,0x00,0x00,0x00,0x00,0x00,0x00,0xcf,0xfe,0x00,0x00,0x00,0x00,0x00,0x00,0x00,0x00,0x7f,0xff,
  0x10,0x00,0x00,0x00,0x00,0x00,0x00,0x00,0x1f,0xff,0x00,0x00,0x00,0x00,0x00,0x00,0x00,0x00,0x06,0xe9,0x00,0x00,0x00,0x00,
  0x00,0x00,0x00,0x48,0xcd,0xee,0xdc,0x84,0x00,0x00,0x00,0x00,0x00,0x00,0x00,0x6e,0xc7,0x32,0x00,0x23,0x7c,0xe6,0x00,0x00,
  0x00,0x00,0x00,0x2d,0xb3,0x00,0x00,0x00,0x00,0x00,0x3b,0xd2,0x00,0x00,0x00,0x03,0xe6,0x00,0x00,0x00,0x00,0x00,0x00,0x00,
  0x7e,0x30,0x00,0x00,0x2e,0x40,0x00,0x00,0x00,0x00,0x00,0x00,0x00,0x04,0xe1,0x00,0x00,0xd6,0x00,0x00,0x00,0x00,0x00,0x00,
  0x00,0x00,0x00,0x7d,0x00,0x06,0xb0,0x00,0x00,0x00,0x00,0x00,0x00,0x00,0x00,0x00,0x0b,0x60,0x0e,0x30,0x00,0x00,0x00,0x00,
  0x00,0x00,0x00,0x00,0x00,0x03,0xe0,0x4c,0x00,0x00,0x00,0x00,0x00,0x00,0x00,0x00,0x00,0x00,0x00,0xc4,0x87,0x00,0x00,0x00,
  0x00,0x00,0x00,0x00,0x00,0x00,0x00,0x00,0x78,0xc3,0x00,0x00,0x00,0x00,0x00,0x00,0x00,0x00,0x00,0x00,0x00,0x3c,0xd1,0x00,
  0x00,0x00,0x00,0x00,0x00,0x00,0x00,0x00,0x00,0x00,0x2d,0xe0,0x00,0x00,0x00,0x00,0x00,0x00,0x00,0x00,0x00,0x00,0x00,0x0e,
  0xe0,0x00,0x00,0x00,0x00,0x00,0x00,0x00,0x00,0x00,0x00,0x00,0x0e,0xd1,0x00,0x00,0x00,0x00,0x00,0x00,0x00,0x00,0x00,0x00,
  0x00,0x2d,0xc3,0x00,0x00,0x00,0x00,0x00,0x00,0x00,0x00,0x00,0x00,0x00,0x3c,0x87,0x00,0x00,0x00,0x00,0x00,0x00,0x00,0x00,
  0x00,0x00,0x00,0x78,0x4c,0x00,0x00,0x00,0x00,0x00,0x00,0x00,0x00,0x00,0x00,0x00,0xc4,0x0e,0x20,0x00,0x00,0x00,0x00,0x00,
  0x00,0x00,0x00,0x00,0x03,0xe0,0x06,0xb0,0x00,0x00,0x00,0x00,0x00,0x00,0x00,0x00,0x00,0x0b,0x60,0x00,0xd6,0x00,0x00,0x00,
  0x00,0x00,0x00,0x00,0x00,0x00,0x6d,0x00,0x00,0x2e,0x40,0x00,0x00,0x00,0x00,0x00,0x00,0x00,0x04,0xe2,0x00,0x00,0x04,0xe6,
  0x00,0x00,0x00,0x00,0x00,0x00,0x00,0x6e,0x40,0x00,0x00,0x00,0x2d,0xa2,0x00,0x00,0x00,0x00,0x00,0x2a,0xd2,0x00,0x00,0x00,
  0x00,0x00,0x7e,0xb7,0x31,0x00,0x13,0x7b,0xe7,0x00,0x00,0x00,0x00,0x00,0x00,0x00,0x49,0xce,0xff,0xec,0x94,0x00,0x00,0x00,
  0x00,0x00,0x05,0x30,0x00,0x00,0x1e,0xf8,0x00,0x02,0x01,0xcf,0x90,0x8f,0x90,0x0c,0x80,0x1b,0xfb,0x00,0x00,0x00,0xaf,0x60,
  0x00,0x00,0x05,0x00,0x00,0x00,0x00,0x00,0x00,0x00,0x41,0x00,0x00,0x00,0x00,0x00,0x00,0x00,0x00,0x00,0x00,0x00,0x00,0x00,
  0x3d,0xff,0x70,0x00,0x00,0x00,0x00,0x00,0x00,0x00,0x00,0x00,0x00,0x00,0x04,0xff,0xff,0xfb,0x10,0x00,0x00,0x00,0x00,0x00,
  0x00,0x00,0x00,0x00,0x00,0x4f,0xfa,0x17,0xff,0xd2,0x00,0x00,0x00,0x00,0x00,0x00,0x00,0x00,0x00,0x04,0xff,0x90,0x00,0x2d,
  0xff,0x50,0x00,0x00,0x00,0x00,0x00,0x00,0x00,0x00,0x4f,0xf9,0x00,0x00,0x00,0xaf,0xf7,0x00,0x00,0x00,0x00,0x00,0x00,0x00,
  0x03,0xff,0x90,0x00,0x00,0x00,0x07,0xff,0xa0,0x00,0x00,0x00,0x00,0x00,0x00,0x5f,0xfa,0x00,0x00,0x00,0x00,0x00,0x3e,0xfd,
  0x20,0x00,0x00,0x00,0x00,0x08,0xff,0xa0,0x00,0x00,0x00,0x00,0x00,0x01,0xcf,0xe5,0x00,0x00,0x00,0x00,0x7f,0xfb,0x00,0x00,
  0x00,0x00,0x00,0x00,0x00,0x09,0xff,0xa1,0x00,0x00,0x00,0x08,0xc0,0x00,0x00,0x00,0x00,0x00,0x00,0x00,0x00,0x6f,0xfe,0x60,
  0x00,0x00,0x00,0x00,0x00,0x00,0x00,0x00,0x00,0x00,0x00,0x00,0x02,0xdf,0xfd,0x50,0x00,0x00,0x00,0x00,0x00,0x00,0x00,0x00,
  0x00,0x00,0x00,0x00,0x08,0xff,0xfe,0x80,0x00,0x00,0x00,0x00,0x00,0x00,0x00,0x00,0x00,0x00,0x00,0x00,0x3b,0xff,0x40,0x00,
  0x00,0x00,0x00,0x00,0x00,0x00,0x00,0x00,0x00,0x00,0x00,0x00,0x44,0x00,0x00,0x00,0x00,0x00,0x2b,0xea,0x20,0x00,0x00,0x00,
  0x00,0x00,0x00,0x00,0x00,0x00,0x00,0x00,0x05,0xff,0xff,0xf5,0x00,0x00,0x00,0x00,0x00,0x00,0x00,0x00,0x00,0x00,0x00,0x7f,
  0xf6,0x0a,0xff,0x90,0x00,0x00,0x00,0x00,0x00,0x00,0x00,0x00,0x00,0x09,0xfe,0x30,0x00,0x7f,0xfc,0x10,0x00,0x00,0x00,0x00,
  0x00,0x00,0x00,0x00,0xaf,0xe3,0x00,0x00,0x04,0xff,0xe4,0x00,0x00,0x00,0x00,0x00,0x00,0x00,0x0b,0xff,0x30,0x00,0x00,0x00,
  0x2c,0xff,0x80,0x00,0x00,0x00,0x00,0x00,0x02,0xdf,0xf4,0x00,0x00,0x00,0x00,0x00,0x9f,0xfc,0x20,0x00,0x00,0x00,0x00,0x6f,
  0xff,0x50,0x00,0x00,0x00,0x00,0x00,0x05,0xff,0xf9,0x10,0x00,0x00,0x00,0x6f,0xf7,0x00,0x00,0x00,0x00,0x00,0x00,0x00,0x1b,
  0xff,0xe7,0x00,0x00,0x00,0x07,0x90,0x00,0x00,0x00,0x00,0x00,0x00,0x00,0x00,0x6f,0xff,0xd6,0x00,0x00,0x00,0x00,0x00,0x00,
  0x00,0x00,0x00,0x00,0x00,0x00,0x01,0xbf,0xff,0xf9,0x20,0x00,0x00,0x00,0x00,0x00,0x00,0x00,0x00,0x00,0x00,0x00,0x04,0xdf,
  0xff,0xf4,0x00,0x00,0x00,0x00,0x00,0x00,0x00,0x00,0x00,0x00,0x00,0x00,0x06,0xef,0xa0,0x00,0x00,0x00,0x00,0x00,0x00,0x00,
  0x00,0x00,0x00,0x00,0x00,0x00,0x05,0x00,0x00,0x00,0x00,0x00,0x00,0x00,0x00,0xae,0xea,0x00,0x00,0x00,0x00,0x00,0x00,0x00,
  0x00,0x05,0xff,0xf3,0x00,0x00,0x00,0x00,0x00,0x00,0x00,0x00,0x1e,0xff,0x80,0x00,0x00,0x00,0x00,0x00,0x00,0x00,0x00,0xaf,
  0xfe,0x00,0x00,0x00,0x00,0x00,0x00,0x00,0x00,0x04,0xff,0xf4,0x00,0x00,0x00,0x00,0x00,0x00,0x00,0x00,0x0d,0xff,0xa0,0x00,
  0x00,0x00,0x00,0x00,0x00,0x00,0x00,0x8f,0xfe,0x10,0x00,0x00,0x00,0x00,0x00,0x00,0x00,0x03,0xff,0xf6,0x00,0x00,0x00,0x00,
  0x00,0x00,0x00,0x00,0x0c,0xff,0xb0,0x00,0x00,0x00,0x00,0x00,0x00,0x00,0x00,0x7f,0xff,0x20,0x00,0x00,0x00,0x00,0x00,0x00,
  0x00,0x02,0xff,0xf7,0x00,0x00,0x00,0x00,0x00,0x00,0x00,0x00,0x0b,0xff,0xd0,0x00,0x00,0x00,0x00,0x00,0x00,0x00,0x00,0x5f,
  0xff,0x30,0x00,0x00,0x00,0x00,0x00,0x00,0x00,0x01,0xef,0xf9,0x00,0x00,0x00,0x00,0x00,0x00,0x00,0x00,0x0a,0xff,0xe0,0x00,
  0x00,0x00,0x00,0x00,0x00,0x00,0x00,0x4f,0xff,0x40,0x00,0x00,0x00,0x00,0x00,0x00,0x00,0x00,0xef,0xfa,0x00,0x00,0x00,0x00,
  0x00,0x00,0x00,0x00,0x09,0xff,0xe1,0x00,0x00,0x00,0x00,0x00,0x00,0x00,0x00,0x3f,0xff,0x60,0x00,0x00,0x00,0x00,0x00,0x00,
  0x00,0x00,0xdf,0xff,0xff,0xff,0xff,0xff,0xff,0xff,0xff,0xf8,0x07,0xff,0xff,0xff,0xff,0xff,0xff,0xff,0xff,0xff,0xf9,0x2f,
  0xff,0xff,0xff,0xff,0xff,0xff,0xff,0xff,0xff,0xf9,0x00,0x00,0x00,0x00,0x00,0x00,0x00,0x00,0x11,0x11,0x00,0x00,0x00,0x00,
  0x00,0x00,0x00,0x00,0x00,0x9a,0xaa,0xaa,0xac,0x00,0x2a,0x77,0x77,0x77,0x77,0x77,0x77,0x20,0x00,0x00,0x06,0x40,0x53,0x00,
  0x00,0x00,0x00,0x00,0x00,0x00,0x00,0x00,0x05,0x30,0x29,0x66,0x66,0x66,0x66,0x66,0x63,0x00,0x00,0x00,0x07,0x10,0x00,0x00,
  0x00,0x29,0x77,0x77,0x74,0x00,0x00,0x00,0x08,0x00,0x00,0x00,0x00,0x81,0x00,0x00,0x00,0x00,0x00,0x00,0x09,0x00,0x00,0x00,
  0x00,0x66,0x22,0x22,0x10,0x00,0x00,0x00,0x09,0x00,0x00,0x00,0x00,0x03,0x9b,0xbb,0xa0,0x00,0x00,0x00,0x09,0x00,0x00,0x00,
  0x00,0x03,0x80,0x00,0x00,0x00,0x00,0x00,0x09,0x00,0x00,0x00,0x00,0x03,0x50,0x00,0x00,0x00,0x00,0x00,0x09,0x00,0x00,0x00,
  0x00,0x00,0x77,0x9a,0x00,0x00,0x00,0x00,0x18,0x00,0x00,0x00,0x00,0x00,0x09,0x53,0x00,0x00,0x00,0x00,0x36,0x00,0x00,0x00,
  0x00,0x00,0x09,0x00,0x00,0x00,0x00,0x00,0x45,0x00,0x00,0x00,0x00,0x00,0x07,0x76,0x66,0x66,0x66,0x66,0x93,0x00,0x00,0x01,
  0x11,0x10,0x00,0x00,0x00,0x00,0x00,0x00,0x00,0x00,0x1c,0xaa,0xaa,0xaa,0x80,0x00,0x00,0x00,0x00,0x00,0x00,0x00,0x54,0x00,
  0x00,0x00,0x37,0x77,0x77,0x77,0x77,0x77,0x7a,0x10,0x53,0x00,0x00,0x00,0x00,0x00,0x00,0x00,0x00,0x00,0x05,0x40,0x35,0x00,
  0x00,0x00,0x04,0x66,0x66,0x66,0x66,0x66,0x6a,0x10,0x26,0x00,0x00,0x00,0x05,0x77,0x77,0x79,0x10,0x00,0x00,0x00,0x08,0x00,
  0x00,0x00,0x00,0x00,0x00,0x03,0x60,0x00,0x00,0x00,0x09,0x00,0x00,0x00,0x00,0x12,0x22,0x27,0x40,0x00,0x00,0x00,0x09,0x00,
  0x00,0x00,0x00,0xbb,0xbb,0x82,0x00,0x00,0x00,0x00,0x09,0x00,0x00,0x00,0x00,0x00,0x00,0x91,0x00,0x00,0x00,0x00,0x09,0x00,
  0x00,0x00,0x00,0x00,0x00,0x72,0x00,0x00,0x00,0x00,0x09,0x00,0x00,0x00,0x00,0x0a,0x97,0x60,0x00,0x00,0x00,0x00,0x08,0x10,
  0x00,0x00,0x00,0x04,0x68,0x00,0x00,0x00,0x00,0x00,0x07,0x30,0x00,0x00,0x00,0x00,0x08,0x00,0x00,0x00,0x00,0x00,0x05,0x87,
  0x77,0x77,0x77,0x77,0x76,0x00,0x00,0x00,0x00,0x00,0x00,0x00,0x25,0x53,0x00,0x00,0x01,0x45,0x40,0x00,0x00,0x00,0x3c,0xff,
  0xff,0xc2,0x00,0x6f,0xff,0xff,0x90,0x00,0x02,0xff,0xfc,0xad,0xfe,0x15,0xff,0xba,0xdf,0xfb,0x00,0x0b,0xff,0x40,0x00,0x7f,
  0x9e,0xe1,0x00,0x09,0xff,0x60,0x2f,0xf9,0x00,0x00,0x0c,0xff,0x50,0x00,0x00,0xef,0xc0,0x5f,0xf5,0x00,0x00,0x08,0xff,0x10,
  0x00,0x00,0xaf,0xf0,0x7f,0xf2,0x00,0x00,0x06,0xff,0x00,0x00,0x00,0x8f,0xf1,0x8f,0xf1,0x00,0x00,0x06,0xff,0x00,0x00,0x00,
  0x7f,0xf1,0x7f,0xf2,0x00,0x00,0x06,0xff,0x00,0x00,0x00,0x9f,0xf0,0x5f,0xf4,0x00,0x00,0x03,0x99,0x00,0x00,0x00,0xdf,0xd0,
  0x2f,0xf7,0x00,0x00,0x00,0x00,0x00,0x00,0x02,0xff,0x80,0x0c,0xfd,0x00,0x00,0x00,0x00,0x00,0x00,0x0a,0xff,0x20,0x05,0xff,
  0x40,0x00,0x00,0x00,0x00,0x00,0x3f,0xfa,0x00,0x00,0xbf,0xd0,0x00,0x00,0x00,0x00,0x00,0xdf,0xf1,0x00,0x00,0x1e,0xfa,0x00,
  0x00,0x00,0x00,0x00,0x22,0x10,0x00,0x00,0x03,0xff,0xb0,0x00,0x00,0x00,0x00,0x00,0x00,0x00,0x00,0x00,0x3e,0xfd,0x30,0x00,
  0x00,0x00,0x00,0x00,0x00,0x00,0x00,0x01,0xbf,0xfa,0x30,0x00,0x00,0x00,0x00,0x00,0x00,0x00,0x39,0xef,0xff,0xfa,0x20,0x00,
  0x00,0x00,0x00,0x00,0x0a,0xff,0xfe,0xbc,0xff,0xf6,0x00,0x00,0x00,0x00,0x00,0x07,0xfd,0x40,0x00,0x2b,0xff,0x70,0x00,0x00,
  0x00,0x00,0x00,0x70,0x00,0x00,0x00,0xaf,0xf4,0x00,0x00,0x00,0x00,0x00,0x00,0x00,0x00,0x00,0x0e,0xfb,0x00,0x00,0x00,0x00,
  0x00,0x00,0x00,0x00,0x00,0x0a,0xed,0x00,0x00,0x00,0x3f,0xff,0xff,0xff,0xff,0xff,0xff,0xff,0xff,0xf3,0x3f,0xff,0xff,0xff,
  0xff,0xff,0xff,0xff,0xff,0xf3,0x2f,0xff,0xff,0xff,0xff,0xff,0xff,0xff,0xff,0xf3,0x06,0xff,0xfa,0x00,0x00,0x00,0x00,0x00,
  0x00,0x00,0x00,0x7f,0xff,0x90,0x00,0x00,0x00,0x00,0x00,0x00,0x00,0x09,0xff,0xf7,0x00,0x00,0x00,0x00,0x00,0x00,0x00,0x00,
  0xaf,0xff,0x60,0x00,0x00,0x00,0x00,0x00,0x00,0x00,0x0b,0xff,0xf5,0x00,0x00,0x00,0x00,0x00,0x00,0x00,0x00,0xcf,0xff,0x40,
  0x00,0x00,0x00,0x00,0x00,0x00,0x00,0x1d,0xff,0xf3,0x00,0x00,0x00,0x00,0x00,0x00,0x00,0x01,0xef,0xff,0x20,0x00,0x00,0x00,
  0x00,0x00,0x00,0x00,0x2e,0xff,0xe2,0x00,0x00,0x00,0x00,0x00,0x00,0x00,0x03,0xff,0xfd,0x10,0x00,0x00,0x00,0x00,0x00,0x00,
  0x00,0x4f,0xff,0xc0,0x00,0x00,0x00,0x00,0x00,0x00,0x00,0xaf,0xff,0x40,0x00,0x00,0x00,0x00,0x00,0x00,0x09,0xff,0xf5,0x00,
  0x00,0x00,0x00,0x00,0x00,0x00,0x7f,0xff,0x70,0x00,0x00,0x00,0x00,0x00,0x00,0x05,0xff,0xf9,0x00,0x00,0x00,0x00,0x00,0x00,
  0x00,0x4f,0xff,0xa0,0x00,0x00,0x00,0x00,0x00,0x00,0x02,0xef,0xfc,0x00,0x00,0x00,0x00,0x00,0x00,0x00,0x1e,0xff,0xd1,0x00,
  0x00,0x00,0x00,0x00,0x00,0x00,0xdf,0xfe,0x10,0x00,0x00,0x00,0x00,0x00,0x00,0x0b,0xff,0xe2,0x00,0x00,0x00,0x00,0x00,0x00,
  0x00,0xaf,0xff,0x30,0x00,0x00,0x00,0x00,0x00,0x00,0x08,0xff,0xf5,0x00,0x00,0x00,0x00,0x00,0x00,0x00,0x6f,0xff,0xff,0xff,
  0xff,0xff,0xff,0xff,0xff,0xf9,0xaf,0xff,0xff,0xff,0xff,0xff,0xff,0xff,0xff,0xf9,0xaf,0xff,0xff,0xff,0xff,0xff,0xff,0xff,
  0xff,0xf9,0x00,0x00,0x00,0x00,0x00,0x00,0x16,0x60,0x00,0x00,0x00,0x00,0x00,0x00,0x00,0x00,0x00,0x00,0x00,0x00,0x3f,0xf0,
  0x00,0x00,0x00,0x00,0x00,0x00,0x00,0x00,0x00,0x00,0x00,0x00,0x2f,0xf0,0x00,0x00,0x00,0x00,0x00,0x00,0x00,0x00,0x00,0x00,
  0x00,0x00,0x2f,0xf0,0x00,0x00,0x00,0x00,0x00,0x00,0x1b,0xb1,0x00,0x00,0x00,0x00,0x2f,0xf0,0x00,0x00,0x00,0x00,0xbb,0x20,
  0x2f,0xf1,0x00,0x00,0x00,0x00,0x1f,0xf0,0x00,0x00,0x00,0x00,0xff,0x20,0x1f,0xf0,0x00,0x00,0x00,0x00,0x1f,0xf0,0x00,0x00,
  0x00,0x00,0xff,0x20,0x1f,0xf0,0x00,0x00,0x00,0x00,0x1f,0xf0,0x00,0x00,0x00,0x00,0xff,0x20,0x0f,0xf0,0x00,0x00,0x00,0x00,
  0x1f,0xf0,0x00,0x00,0x00,0x00,0xff,0x20,0x0f,0xf0,0x00,0x00,0x00,0x00,0x1f,0xf0,0x00,0x00,0x00,0x00,0xff,0x20,0x0f,0xf0,
  0x00,0x00,0x00,0x00,0x1f,0xf0,0x00,0x00,0x00,0x00,0xff,0x20,0x0f,0xf0,0x00,0x00,0x00,0x00,0x1f,0xf0,0x00,0x00,0x00,0x00,
  0xff,0x20,0x0f,0xf0,0x00,0x00,0x00,0x00,0x1f,0xf0,0x00,0x00,0x00,0x00,0xff,0x20,0x0f,0xf0,0x00,0x00,0x00,0x00,0x1f,0xf0,
  0x00,0x00,0x00,0x00,0xff,0x20,0x0f,0xf0,0x00,0x00,0x00,0x00,0x1f,0xf0,0x00,0x00,0x00,0x00,0xff,0x20,0x0f,0xff,0xff,0xff,
  0xff,0xff,0xff,0xff,0xff,0xff,0xff,0xff,0xff,0x20,0x0e,0xee,0xee,0xee,0xee,0xee,0xef,0xfe,0xee,0xee,0xee,0xee,0xff,0x20,
  0x00,0x00,0x00,0x00,0x00,0x00,0x1f,0xf0,0x00,0x00,0x00,0x00,0xfe,0x30,0x00,0x00,0x00,0x00,0x00,0x00,0x1f,0xf0,0x00,0x00,
  0x00,0x00,0x00,0x00,0x00,0x00,0x00,0x00,0x00,0x00,0x1f,0xf0,0x00,0x00,0x00,0x00,0x00,0x00,0x00,0x00,0x00,0x00,0x00,0x00,
  0x1f,0xf0,0x00,0x00,0x00,0x00,0x00,0x00,0x00,0x00,0x00,0x00,0x00,0x00,0x1f,0xf0,0x00,0x00,0x00,0x00,0x00,0x00,0x00,0x00,
  0x00,0x00,0x00,0x00,0x1f,0xf0,0x00,0x00,0x00,0x00,0x00,0x00,0x00,0x00,0x00,0x00,0x00,0x00,0x1f,0xf0,0x00,0x00,0x00,0x00,
  0x00,0x00,0x00,0x00,0x00,0x00,0x00,0x00,0x1f,0xf0,0x00,0x00,0x00,0x00,0x00,0x00,0x00,0x00,0x00,0x00,0x00,0x00,0x2f,0xf0,
  0x00,0x00,0x00,0x00,0x00,0x00,0x00,0x00,0x00,0x00,0x00,0x00,0x2f,0xf0,0x00,0x00,0x00,0x00,0x00,0x00,0x00,0x00,0x00,0x00,
  0x00,0x00,0x3f,0xf0,0x00,0x00,0x00,0x00,0x00,0x00,0x00,0x00,0x00,0x00,0x00,0x00,0x2c,0xc0,0x00,0x00,0x00,0x00,0x00,0x00,
  0x00,0x00,0x00,0x00,0xff,0xff,0xff,0xff,0xff,0xf2,0x00,0x00,0x00,0x00,0x00,0x00,0x00,0x00,0xff,0xdd,0xdd,0xdd,0xdf,0xf2,
  0x00,0x00,0x00,0x00,0x00,0x00,0x00,0x00,0xff,0x10,0x00,0x00,0x0f,0xf2,0x00,0x00,0x00,0x00,0x00,0x00,0x00,0x00,0xff,0x10,
  0x00,0x00,0x0f,0xf2,0x00,0x00,0x00,0x00,0x00,0x00,0x00,0x00,0xff,0x10,0x00,0x00,0x0f,0xf2,0x00,0x00,0x00,0x00,0x00,0x00,
  0x00,0x00,0xff,0x10,0x00,0x00,0x0f,0xf2,0x00,0x00,0x00,0x00,0x00,0x00,0x00,0x00,0xff,0x10,0x00,0x00,0x0f,0xf2,0x00,0x00,
  0x00,0x00,0x00,0x00,0x00,0x00,0xff,0x10,0x00,0x00,0x0f,0xf2,0x00,0x00,0x00,0x00,0x00,0x00,0x00,0x00,0xff,0x10,0x00,0x00,
  0x0f,0xf2,0x00,0x00,0x00,0x00,0x00,0x00,0x00,0x00,0xff,0x20,0x00,0x00,0x0f,0xf2,0x00,0x00,0x00,0x00,0x00,0x00,0x00,0x00,
  0xff,0x20,0x00,0x00,0x0f,0xf3,0x11,0x11,0x11,0x00,0x0f,0xff,0xff,0xff,0xff,0x30,0x00,0x00,0x0f,0xff,0xff,0xff,0xff,0x10,
  0x0f,0xfd,0xdd,0xdd,0xff,0x30,0x00,0x00,0x0c,0xcc,0xcc,0xcc,0xff,0x10,0x0f,0xf2,0x00,0x00,0x44,0x00,0x00,0x00,0x00,0x00,
  0x00,0x00,0xef,0x10,0x0f,0xf2,0x00,0x00,0x00,0x00,0x00,0x00,0x00,0x00,0x00,0x00,0xef,0x10,0x0f,0xf2,0x00,0x00,0x00,0x00,
  0x00,0x00,0x00,0x00,0x00,0x00,0xef,0x10,0x0f,0xf2,0x00,0x00,0x00,0x00,0x00,0x00,0x00,0x00,0x00,0x00,0xef,0x10,0x0f,0xf2,
  0x00,0x00,0x00,0x00,0x00,0x00,0x00,0x00,0x00,0x00,0xef,0x10,0x0f,0xf2,0x00,0x00,0x00,0x00,0x00,0x00,0x00,0x00,0x00,0x00,
  0xef,0x10,0x0f,0xf2,0x00,0x00,0x00,0x00,0x00,0x00,0x00,0x00,0x00,0x00,0xef,0x10,0x0f,0xf2,0x00,0x00,0x00,0x00,0x00,0x00,
  0x00,0x00,0x00,0x00,0xef,0x10,0x0f,0xf2,0x00,0x00,0x00,0x00,0x00,0x00,0x00,0x00,0x00,0x00,0xef,0x10,0x0f,0xf2,0x00,0x00,
  0x00,0x00,0x00,0x00,0x00,0x00,0x00,0x00,0xef,0x10,0x0f,0xfd,0xdd,0xdd,0xdd,0xdd,0xdd,0xdd,0xdd,0xdd,0xdd,0xdd,0xff,0x10,
  0x0f,0xff,0xff,0xff,0xff,0xff,0xff,0xff,0xff,0xff,0xff,0xff,0xff,0x20,0x0f,0xf2,0x00,0x00,0x00,0x00,0x00,0x00,0x00,0x00,
  0x00,0x00,0xff,0x20,0x0f,0xf2,0x00,0x00,0x00,0x00,0x00,0x00,0x00,0x00,0x00,0x00,0xff,0x20,0x04,0x41,0x00,0x00,0x00,0x00,
  0x00,0x00,0x00,0x00,0x00,0x00,0x88,0x10,0x19,0x99,0x99,0x99,0x99,0x93,0x2f,0xff,0xff,0xff,0xff,0xf5,0x2f,0xff,0xff,0xff,
  0xff,0xf5,0x2f,0xf3,0x00,0x00,0x00,0x00,0x2f,0xf3,0x00,0x00,0x00,0x00,0x2f,0xf3,0x00,0x00,0x00,0x00,0x2f,0xf3,0x00,0x00,
  0x00,0x00,0x2f,0xf3,0x00,0x00,0x00,0x00,0x2f,0xf3,0x00,0x00,0x00,0x00,0x2f,0xf3,0x00,0x00,0x00,0x00,0x2f,0xf3,0x00,0x00,
  0x00,0x00,0x2f,0xf3,0x00,0x00,0x00,0x00,0x2f,0xf3,0x00,0x00,0x00,0x00,0x2f,0xf3,0x00,0x00,0x00,0x00,0x2f,0xf3,0x00,0x00,
  0x00,0x00,0x2f,0xf3,0x00,0x00,0x00,0x00,0x2f,0xf3,0x00,0x00,0x00,0x00,0x2f,0xf3,0x00,0x00,0x00,0x00,0x2f,0xf3,0x00,0x00,
  0x00,0x00,0x18,0x81,0x00,0x00,0x00,0x00,0x29,0x99,0x99,0x99,0x99,0x91,0x4f,0xff,0xff,0xff,0xff,0xf3,0x4f,0xff,0xff,0xff,
  0xff,0xf3,0x00,0x00,0x00,0x00,0x2f,0xf3,0x00,0x00,0x00,0x00,0x2f,0xf3,0x00,0x00,0x00,0x00,0x2f,0xf3,0x00,0x00,0x00,0x00,
  0x2f,0xf3,0x00,0x00,0x00,0x00,0x2f,0xf3,0x00,0x00,0x00,0x00,0x2f,0xf3,0x00,0x00,0x00,0x00,0x2f,0xf3,0x00,0x00,0x00,0x00,
  0x2f,0xf3,0x00,0x00,0x00,0x00,0x2f,0xf3,0x00,0x00,0x00,0x00,0x2f,0xf3,0x00,0x00,0x00,0x00,0x2f,0xf3,0x00,0x00,0x00,0x00,
  0x2f,0xf3,0x00,0x00,0x00,0x00,0x2f,0xf3,0x00,0x00,0x00,0x00,0x2f,0xf3,0x00,0x00,0x00,0x00,0x2f,0xf3,0x00,0x00,0x00,0x00,
  0x2f,0xf3,0x00,0x00,0x00,0x00,0x18,0x81,0x02,0x20,0x00,0x00,0x00,0x00,0x2f,0xf3,0x00,0x00,0x00,0x00,0x2f,0xf3,0x00,0x00,
  0x00,0x00,0x2f,0xf3,0x00,0x00,0x00,0x00,0x2f,0xf3,0x00,0x00,0x00,0x00,0x2f,0xf3,0x00,0x00,0x00,0x00,0x2f,0xf3,0x00,0x00,
  0x00,0x00,0x2f,0xf3,0x00,0x00,0x00,0x00,0x2f,0xf3,0x00,0x00,0x00,0x00,0x2f,0xf3,0x00,0x00,0x00,0x00,0x2f,0xf3,0x00,0x00,
  0x00,0x00,0x2f,0xf3,0x00,0x00,0x00,0x00,0x2f,0xf3,0x00,0x00,0x00,0x00,0x2f,0xf3,0x00,0x00,0x00,0x00,0x2f,0xf3,0x00,0x00,
  0x00,0x00,0x2f,0xf3,0x00,0x00,0x00,0x00,0x2f,0xf3,0x00,0x00,0x00,0x00,0x2f,0xfa,0x99,0x99,0x99,0x93,0x2f,0xff,0xff,0xff,
  0xff,0xf5,0x2f,0xff,0xff,0xff,0xff,0xf5,0x00,0x00,0x00,0x00,0x02,0x20,0x00,0x00,0x00,0x00,0x2f,0xf3,0x00,0x00,0x00,0x00,
  0x2f,0xf3,0x00,0x00,0x00,0x00,0x2f,0xf3,0x00,0x00,0x00,0x00,0x2f,0xf3,0x00,0x00,0x00,0x00,0x2f,0xf3,0x00,0x00,0x00,0x00,
  0x2f,0xf3,0x00,0x00,0x00,0x00,0x2f,0xf3,0x00,0x00,0x00,0x00,0x2f,0xf3,0x00,0x00,0x00,0x00,0x2f,0xf3,0x00,0x00,0x00,0x00,
  0x2f,0xf3,0x00,0x00,0x00,0x00,0x2f,0xf3,0x00,0x00,0x00,0x00,0x2f,0xf3,0x00,0x00,0x00,0x00,0x2f,0xf3,0x00,0x00,0x00,0x00,
  0x2f,0xf3,0x00,0x00,0x00,0x00,0x2f,0xf3,0x00,0x00,0x00,0x00,0x2f,0xf3,0x29,0x99,0x99,0x99,0xaf,0xf3,0x4f,0xff,0xff,0xff,
  0xff,0xf3,0x4f,0xff,0xff,0xff,0xff,0xf3,0x29,0x99,0x99,0x99,0x99,0x99,0x99,0x99,0x99,0x93,0x4f,0xff,0xff,0xff,0xff,0xff,
  0xff,0xff,0xff,0xf5,0x4f,0xff,0xff,0xff,0xff,0xff,0xff,0xff,0xff,0xf5,0x02,0x20,0x2f,0xf3,0x2f,0xf3,0x2f,0xf3,0x2f,0xf3,
  0x2f,0xf3,0x2f,0xf3,0x2f,0xf3,0x2f,0xf3,0x2f,0xf3,0x2f,0xf3,0x2f,0xf3,0x2f,0xf3,0x2f,0xf3,0x2f,0xf3,0x2f,0xf3,0x2f,0xf3,
  0x2f,0xf3,0x2f,0xf3,0x2f,0xf3,0x2f,0xf3,0x2f,0xf3,0x2f,0xf3,0x2f,0xf3,0x2f,0xf3,0x2f,0xf3,0x2f,0xf3,0x2f,0xf3,0x2f,0xf3,
  0x2f,0xf3,0x2f,0xf3,0x2f,0xf3,0x2f,0xf3,0x2f,0xf3,0x2f,0xf3,0x2f,0xf3,0x18,0x81,0x29,0x99,0x99,0x99,0x99,0x99,0x99,0x99,
  0x99,0x93,0x4f,0xff,0xff,0xff,0xff,0xff,0xff,0xff,0xff,0xf5,0x4f,0xff,0xff,0xff,0xff,0xff,0xff,0xff,0xff,0xf5,0x00,0x00,
  0x00,0x00,0x2f,0xf3,0x00,0x00,0x00,0x00,0x00,0x00,0x00,0x00,0x2f,0xf3,0x00,0x00,0x00,0x00,0x00,0x00,0x00,0x00,0x2f,0xf3,
  0x00,0x00,0x00,0x00,0x00,0x00,0x00,0x00,0x2f,0xf3,0x00,0x00,0x00,0x00,0x00,0x00,0x00,0x00,0x2f,0xf3,0x00,0x00,0x00,0x00,
  0x00,0x00,0x00,0x00,0x2f,0xf3,0x00,0x00,0x00,0x00,0x00,0x00,0x00,0x00,0x2f,0xf3,0x00,0x00,0x00,0x00,0x00,0x00,0x00,0x00,
  0x2f,0xf3,0x00,0x00,0x00,0x00,0x00,0x00,0x00,0x00,0x2f,0xf3,0x00,0x00,0x00,0x00,0x00,0x00,0x00,0x00,0x2f,0xf3,0x00,0x00,
  0x00,0x00,0x00,0x00,0x00,0x00,0x2f,0xf3,0x00,0x00,0x00,0x00,0x00,0x00,0x00,0x00,0x2f,0xf3,0x00,0x00,0x00,0x00,0x00,0x00,
  0x00,0x00,0x2f,0xf3,0x00,0x00,0x00,0x00,0x00,0x00,0x00,0x00,0x2f,0xf3,0x00,0x00,0x00,0x00,0x00,0x00,0x00,0x00,0x2f,0xf3,
  0x00,0x00,0x00,0x00,0x00,0x00,0x00,0x00,0x2f,0xf3,0x00,0x00,0x00,0x00,0x00,0x00,0x00,0x00,0x18,0x81,0x00,0x00,0x00,0x00,
  0x00,0x00,0x00,0x00,0x02,0x20,0x00,0x00,0x00,0x00,0x00,0x00,0x00,0x00,0x2f,0xf3,0x00,0x00,0x00,0x00,0x00,0x00,0x00,0x00,
  0x2f,0xf3,0x00,0x00,0x00,0x00,0x00,0x00,0x00,0x00,0x2f,0xf3,0x00,0x00,0x00,0x00,0x00,0x00,0x00,0x00,0x2f,0xf3,0x00,0x00,
  0x00,0x00,0x00,0x00,0x00,0x00,0x2f,0xf3,0x00,0x00,0x00,0x00,0x00,0x00,0x00,0x00,0x2f,0xf3,0x00,0x00,0x00,0x00,0x00,0x00,
  0x00,0x00,0x2f,0xf3,0x00,0x00,0x00,0x00,0x00,0x00,0x00,0x00,0x2f,0xf3,0x00,0x00,0x00,0x00,0x00,0x00,0x00,0x00,0x2f,0xf3,
  0x00,0x00,0x00,0x00,0x00,0x00,0x00,0x00,0x2f,0xf3,0x00,0x00,0x00,0x00,0x00,0x00,0x00,0x00,0x2f,0xf3,0x00,0x00,0x00,0x00,
  0x00,0x00,0x00,0x00,0x2f,0xf3,0x00,0x00,0x00,0x00,0x00,0x00,0x00,0x00,0x2f,0xf3,0x00,0x00,0x00,0x00,0x00,0x00,0x00,0x00,
  0x2f,0xf3,0x00,0x00,0x00,0x00,0x00,0x00,0x00,0x00,0x2f,0xf3,0x00,0x00,0x00,0x00,0x00,0x00,0x00,0x00,0x2f,0xf3,0x00,0x00,
  0x00,0x00,0x29,0x99,0x99,0x99,0xaf,0xfa,0x99,0x99,0x99,0x93,0x4f,0xff,0xff,0xff,0xff,0xff,0xff,0xff,0xff,0xf5,0x4f,0xff,
  0xff,0xff,0xff,0xff,0xff,0xff,0xff,0xf5,0x00,0x00,0x00,0x00,0x22,0x22,0x00,0x00,0x00,0x00,0x00,0x00,0x00,0x05,0xff,0xff,
  0x60,0x00,0x00,0x00,0x00,0x00,0x00,0x05,0xff,0xff,0x60,0x00,0x00,0x00,0x00,0x00,0x00,0x05,0xff,0xff,0x60,0x00,0x00,0x00,
  0x00,0x00,0x00,0x05,0xff,0xff,0x60,0x00,0x00,0x00,0x00,0x00,0x00,0x05,0xff,0xff,0x60,0x00,0x00,0x00,0x00,0x00,0x00,0x05,
  0xff,0xff,0x60,0x00,0x00,0x00,0x00,0x00,0x00,0x05,0xff,0xff,0x60,0x00,0x00,0x00,0x00,0x00,0x00,0x05,0xff,0xff,0x60,0x00,
  0x00,0x00,0x00,0x00,0x00,0x05,0xff,0xff,0x60,0x00,0x00,0x00,0x00,0x00,0x00,0x05,0xff,0xff,0x60,0x00,0x00,0x00,0x00,0x00,
  0x00,0x05,0xff,0xff,0x60,0x00,0x00,0x00,0x00,0x00,0x00,0x05,0xff,0xff,0x60,0x00,0x00,0x00,0x00,0x00,0x00,0x05,0xff,0xff,
  0x60,0x00,0x00,0x00,0x00,0x00,0x00,0x05,0xff,0xff,0x60,0x00,0x00,0x00,0x00,0x00,0x00,0x05,0xff,0xff,0x60,0x00,0x00,0x00,
  0x3d,0xdd,0xdd,0xde,0xff,0xff,0xed,0xdd,0xdd,0xd4,0x4f,0xff,0xff,0xff,0xff,0xff,0xff,0xff,0xff,0xf5,0x4f,0xff,0xff,0xff,
  0xff,0xff,0xff,0xff,0xff,0xf5,0x4f,0xff,0xff,0xff,0xff,0xff,0xff,0xff,0xff,0xf5,0x4f,0xff,0xff,0xff,0xff,0xff,0xff,0xff,
  0xff,0xf5,0x03,0x33,0x33,0x33,0x33,0x33,0x33,0x33,0x33,0x31,0x3d,0xdd,0xdd,0xdd,0xdd,0xdd,0xdd,0xdd,0xdd,0xd4,0x4f,0xff,
  0xff,0xff,0xff,0xff,0xff,0xff,0xff,0xf5,0x4f,0xff,0xff,0xff,0xff,0xff,0xff,0xff,0xff,0xf5,0x4f,0xff,0xff,0xff,0xff,0xff,
  0xff,0xff,0xff,0xf5,0x4f,0xff,0xff,0xff,0xff,0xff,0xff,0xff,0xff,0xf5,0x03,0x33,0x33,0x33,0x33,0x33,0x33,0x33,0x33,0x31,
  0x00,0x00,0x00,0x00,0x02,0x20,0x00,0x00,0x00,0x00,0x2f,0xf3,0x00,0x00,0x00,0x00,0x2f,0xf3,0x00,0x00,0x00,0x00,0x2f,0xf3,
  0x00,0x00,0x00,0x00,0x2f,0xf3,0x00,0x00,0x00,0x00,0x2f,0xf3,0x00,0x00,0x00,0x00,0x2f,0xf3,0x00,0x00,0x00,0x00,0x2f,0xf3,
  0x00,0x00,0x00,0x00,0x2f,0xf3,0x00,0x00,0x00,0x00,0x2f,0xf3,0x00,0x00,0x00,0x00,0x2f,0xf3,0x00,0x00,0x00,0x00,0x2f,0xf3,
  0x00,0x00,0x00,0x00,0x2f,0xf3,0x00,0x00,0x00,0x00,0x2f,0xf3,0x00,0x00,0x00,0x00,0x3f,0xf2,0x00,0x00,0x00,0x00,0x6f,0xf0,
  0x00,0x00,0x00,0x01,0xdf,0xb0,0x29,0x99,0x99,0xae,0xff,0x40,0x4f,0xff,0xff,0xff,0xf9,0x00,0x4f,0xff,0xff,0xec,0x60,0x00,
  0x02,0x20,0x00,0x00,0x00,0x00,0x2f,0xf3,0x00,0x00,0x00,0x00,0x2f,0xf3,0x00,0x00,0x00,0x00,0x2f,0xf3,0x00,0x00,0x00,0x00,
  0x2f,0xf3,0x00,0x00,0x00,0x00,0x2f,0xf3,0x00,0x00,0x00,0x00,0x2f,0xf3,0x00,0x00,0x00,0x00,0x2f,0xf3,0x00,0x00,0x00,0x00,
  0x2f,0xf3,0x00,0x00,0x00,0x00,0x2f,0xf3,0x00,0x00,0x00,0x00,0x2f,0xf3,0x00,0x00,0x00,0x00,0x2f,0xf3,0x00,0x00,0x00,0x00,
  0x2f,0xf3,0x00,0x00,0x00,0x00,0x2f,0xf3,0x00,0x00,0x00,0x00,0x1f,0xf4,0x00,0x00,0x00,0x00,0x0f,0xf7,0x00,0x00,0x00,0x00,
  0x0a,0xfd,0x10,0x00,0x00,0x00,0x03,0xff,0xea,0x99,0x99,0x93,0x00,0x8f,0xff,0xff,0xff,0xf5,0x00,0x05,0xce,0xff,0xff,0xf5,
  0x00,0x01,0x68,0x99,0x99,0x93,0x00,0x3e,0xff,0xff,0xff,0xf5,0x01,0xef,0xff,0xff,0xff,0xf5,0x08,0xff,0x50,0x00,0x00,0x00,
  0x0d,0xf9,0x00,0x00,0x00,0x00,0x0f,0xf5,0x00,0x00,0x00,0x00,0x2f,0xf3,0x00,0x00,0x00,0x00,0x2f,0xf3,0x00,0x00,0x00,0x00,
  0x2f,0xf3,0x00,0x00,0x00,0x00,0x2f,0xf3,0x00,0x00,0x00,0x00,0x2f,0xf3,0x00,0x00,0x00,0x00,0x2f,0xf3,0x00,0x00,0x00,0x00,
  0x2f,0xf3,0x00,0x00,0x00,0x00,0x2f,0xf3,0x00,0x00,0x00,0x00,0x2f,0xf3,0x00,0x00,0x00,0x00,0x2f,0xf3,0x00,0x00,0x00,0x00,
  0x2f,0xf3,0x00,0x00,0x00,0x00,0x2f,0xf3,0x00,0x00,0x00,0x00,0x2f,0xf3,0x00,0x00,0x00,0x00,0x18,0x81,0x00,0x00,0x00,0x00,
  0x29,0x99,0x99,0x86,0x10,0x00,0x4f,0xff,0xff,0xff,0xe4,0x00,0x4f,0xff,0xff,0xff,0xff,0x10,0x00,0x00,0x00,0x05,0xff,0x90,
  0x00,0x00,0x00,0x00,0x8f,0xe0,0x00,0x00,0x00,0x00,0x4f,0xf1,0x00,0x00,0x00,0x00,0x2f,0xf3,0x00,0x00,0x00,0x00,0x2f,0xf3,
  0x00,0x00,0x00,0x00,0x2f,0xf3,0x00,0x00,0x00,0x00,0x2f,0xf3,0x00,0x00,0x00,0x00,0x2f,0xf3,0x00,0x00,0x00,0x00,0x2f,0xf3,
  0x00,0x00,0x00,0x00,0x2f,0xf3,0x00,0x00,0x00,0x00,0x2f,0xf3,0x00,0x00,0x00,0x00,0x2f,0xf3,0x00,0x00,0x00,0x00,0x2f,0xf3,
  0x00,0x00,0x00,0x00,0x2f,0xf3,0x00,0x00,0x00,0x00,0x2f,0xf3,0x00,0x00,0x00,0x00,0x2f,0xf3,0x00,0x00,0x00,0x00,0x18,0x81,
  0x00,0x1e,0xff,0xff,0xff,0xff,0xff,0xff,0xff,0xff,0xff,0x80,0x00,0x00,0x8d,0x55,0x55,0x55,0x55,0x55,0x55,0x55,0x55,0x58,
  0xf1,0x00,0x01,0xf4,0x00,0x00,0x00,0x00,0x00,0x00,0x00,0x00,0x00,0xd9,0x00,0x08,0xd0,0x00,0x00,0x00,0x00,0x00,0x00,0x00,
  0x00,0x00,0x5f,0x10,0x0e,0x50,0x00,0x00,0x00,0x00,0x00,0x00,0x00,0x00,0x00,0x0d,0x90,0x7e,0x00,0x00,0x00,0x00,0x00,0x00,
  0x00,0x00,0x00,0x00,0x05,0xf1,0xb6,0x00,0x00,0x00,0x00,0x00,0x00,0x00,0x00,0x00,0x00,0x00,0xd5,0x00,0x00,0x00,0x00,0x00,
  0x00,0x00,0x00,0x00,0x00,0x00,0x00,0x00,0x41,0x00,0x00,0x00,0x00,0x00,0x00,0x00,0x00,0x00,0x00,0x00,0x31,0xca,0x00,0x00,
  0x00,0x00,0x00,0x00,0x00,0x00,0x00,0x00,0x01,0xf5,0x4f,0x20,0x00,0x00,0x00,0x00,0x00,0x00,0x00,0x00,0x00,0x09,0xd0,0x0c,
  0x90,0x00,0x00,0x00,0x00,0x00,0x00,0x00,0x00,0x00,0x1f,0x50,0x03,0xf1,0x00,0x00,0x00,0x00,0x00,0x00,0x00,0x00,0x00,0x9c,
  0x00,0x00,0xba,0x00,0x00,0x00,0x00,0x00,0x00,0x00,0x00,0x03,0xf4,0x00,0x00,0x3f,0xff,0xff,0xff,0xff,0xff,0xff,0xff,0xff,
  0xff,0xb0,0x00,0x00,0x01,0x22,0x22,0x22,0x22,0x22,0x22,0x22,0x22,0x22,0x00,0x00,0x00,0x00,0x00,0x00,0x00,0x00,0x00,0x00,
  0x00,0x00,0x00,0x00,0x00,0xae,0x60,0x00,0x00,0x00,0x00,0x00,0x00,0x00,0x00,0x00,0x19,0xf4,0x4c,0xfd,0x50,0x00,0x00,0x00,
  0x00,0x00,0x00,0x00,0x08,0xff,0xa1,0x00,0x5d,0xfc,0x40,0x00,0x00,0x00,0x00,0x00,0x07,0xef,0xa2,0x00,0x00,0x00,0x5d,0xfb,
  0x30,0x00,0x00,0x00,0x06,0xef,0xa2,0x00,0x00,0x00,0x00,0x00,0x5d,0xfb,0x20,0x00,0x05,0xdf,0xb3,0x00,0x00,0x00,0x00,0x00,
  0x00,0x00,0x5d,0xfa,0x24,0xcf,0xb3,0x00,0x00,0x00,0x00,0x00,0x00,0x00,0x00,0x00,0x5d,0xff,0xc3,0x00,0x00,0x00,0x00,0x00,
  0x00,0x00,0x00,0x00,0x00,0x00,0x43,0x00,0x00,0x00,0x00,0x00,0x00,0x00,0x00,0x27,0x30,0x00,0x00,0x00,0x00,0x5f,0x70,0x00,
  0x00,0x19,0x70,0x25,0x79,0x30,0x00,0x1f,0xb0,0x00,0x7f,0x50,0x00,0x03,0x5b,0x70,0x13,0x8b,0x20,0x00,0x3f,0x90,0x00,0x9f,
  0x30,0x00,0x01,0x6d,0x60,0x11,0x00,0x00,0x00,0x5f,0x70,0x00,0x00,0x01,0x11,0x00,0x5f,0xff,0x50,0x5f,0xff,0x50,0x5f,0xff,
  0x50,0x39,0x99,0x30,0x00,0x00,0x00,0x00,0x00,0x00,0x00,0x00,0x00,0x00,0x00,0x00,0x00,0x00,0x00,0x00,0x00,0x00,0x00,0x51,
  0x00,0x00,0x00,0x00,0x00,0x00,0x00,0x00,0x00,0x00,0x00,0x08,0x08,0x00,0x00,0x00,0x00,0x00,0x00,0x00,0x00,0x00,0x00,0x00,
  0x3a,0x08,0x50,0x00,0x00,0x00,0x00,0x00,0x00,0x00,0x00,0x00,0x00,0xc5,0x03,0xe0,0x00,0x00,0x00,0x00,0x00,0x00,0x00,0x00,
  0x00,0x07,0xf0,0x00,0xe9,0x00,0x00,0x00,0x00,0x00,0x00,0x00,0x00,0x00,0x1f,0xa0,0x00,0x8f,0x30,0x00,0x00,0x00,0x00,0x00,
  0x00,0x00,0x15,0xcf,0x50,0x00,0x3f,0xd6,0x20,0x00,0x00,0x00,0x00,0x15,0x9d,0xff,0xff,0x00,0x00,0x0e,0xff,0xfe,0xa6,0x20,
  0x00,0x04,0x55,0x55,0x55,0x54,0x00,0x00,0x03,0x55,0x55,0x55,0x54,0x10,0x04,0x50,0x00,0x00,0x00,0x00,0x00,0x00,0x00,0x00,
  0x00,0x46,0x00,0x00,0x8a,0x00,0x00,0x00,0x00,0x00,0x00,0x00,0x00,0x08,0xa0,0x00,0x00,0x0a,0xd3,0x00,0x00,0x00,0x00,0x00,
  0x00,0x02,0xcc,0x00,0x00,0x00,0x00,0xcf,0x70,0x00,0x00,0x00,0x00,0x00,0x5f,0xe1,0x00,0x00,0x00,0x00,0x1e,0xfb,0x00,0x00,
  0x00,0x00,0x09,0xff,0x20,0x00,0x00,0x00,0x00,0x05,0xfc,0x00,0x00,0x00,0x00,0x09,0xf7,0x00,0x00,0x00,0x00,0x00,0x05,0xf6,
  0x00,0x00,0x00,0x00,0x04,0xf7,0x00,0x00,0x00,0x00,0x00,0x06,0xf1,0x00,0x00,0x00,0x00,0x00,0xf8,0x00,0x00,0x00,0x00,0x00,
  0x07,0xc0,0x00,0x04,0xd5,0x00,0x00,0xa9,0x00,0x00,0x00,0x00,0x00,0x08,0x70,0x00,0x8f,0xff,0xa0,0x00,0x5a,0x00,0x00,0x00,
  0x00,0x00,0x09,0x20,0x2c,0xfc,0x6b,0xfd,0x30,0x0a,0x00,0x00,0x00,0x00,0x00,0x07,0x05,0xe9,0x20,0x00,0x18,0xe7,0x07,0x00,
  0x00,0x00,0x00,0x00,0x04,0x66,0x00,0x00,0x00,0x00,0x05,0x74,0x00,0x00,0x00,0x00,0x00,0x01,0x00,0x00,0x00,0x00,0x00,0x00,
  0x01,0x00,0x00,0x00,0x00,0x00,0x03,0x8c,0xee,0xc8,0x20,0x00,0x00,0x00,0x00,0xaf,0xff,0xff,0xff,0xf9,0x00,0x00,0x00,0x1d,
  0xff,0xfd,0xbb,0xef,0xff,0xc1,0x00,0x00,0xcf,0xfc,0x30,0x00,0x04,0xdf,0xfb,0x00,0x07,0xff,0xb0,0x00,0x00,0x00,0x0c,0xff,
  0x60,0x0e,0xfe,0x10,0x00,0x00,0x00,0x01,0xff,0xd0,0x3f,0xf8,0x00,0x00,0x00,0x00,0x00,0x9f,0xf2,0x5f,0xf4,0x00,0x00,0x00,
  0x00,0x00,0x5f,0xf5,0x6f,0xf3,0x00,0x00,0x00,0x00,0x00,0x4f,0xf6,0x5f,0xf5,0x00,0x00,0x00,0x00,0x00,0x5f,0xf4,0x2f,0xf9,
  0x00,0x00,0x00,0x00,0x00,0xaf,0xf2,0x0d,0xff,0x20,0x00,0x00,0x00,0x03,0xff,0xc0,0x05,0xff,0xe2,0x00,0x00,0x00,0x3e,0xff,
  0x40,0x00,0x9f,0xff,0x83,0x11,0x39,0xff,0xf8,0x00,0x00,0x09,0xff,0xff,0xff,0xff,0xff,0x80,0x00,0x00,0x00,0x4c,0xff,0xff,
  0xff,0xb4,0x00,0x00,0x00,0x00,0x00,0x17,0xff,0x71,0x00,0x00,0x00,0x00,0x00,0x00,0x05,0xff,0x50,0x00,0x00,0x00,0x00,0x00,
  0x00,0x05,0xff,0x50,0x00,0x00,0x00,0x00,0x00,0x00,0x05,0xff,0x50,0x00,0x00,0x00,0x00,0x04,0xdd,0xdd,0xff,0xdd,0xdd,0x30,
  0x00,0x00,0x05,0xff,0xff,0xff,0xff,0xff,0x40,0x00,0x00,0x00,0x00,0x05,0xff,0x50,0x00,0x00,0x00,0x00,0x00,0x00,0x05,0xff,
  0x50,0x00,0x00,0x00,0x00,0x00,0x00,0x05,0xff,0x50,0x00,0x00,0x00,0x00,0x00,0x00,0x04,0xcc,0x30,0x00,0x00,0x00,0x00,0x00,
  0x00,0x00,0x00,0x00,0x00,0x05,0x99,0x99,0x99,0x80,0x00,0x00,0x00,0x00,0x00,0x00,0x00,0x6f,0xff,0xff,0xff,0xe0,0x00,0x00,
  0x00,0x00,0x00,0x00,0x01,0x77,0x77,0x9f,0xff,0xe0,0x00,0x00,0x00,0x00,0x00,0x00,0x00,0x00,0x02,0xdf,0xff,0xe0,0x00,0x00,
  0x00,0x00,0x00,0x00,0x00,0x00,0x2e,0xff,0xbf,0xe0,0x00,0x00,0x00,0x00,0x00,0x00,0x00,0x02,0xef,0xf8,0x2f,0xe0,0x00,0x00,
  0x07,0xcf,0xff,0xda,0x30,0x2e,0xff,0x70,0x2f,0xe0,0x00,0x03,0xef,0xff,0xff,0xff,0xfa,0xef,0xf7,0x00,0x2f,0xd0,0x00,0x4f,
  0xff,0xfb,0x99,0xdf,0xff,0xff,0x60,0x00,0x2e,0x20,0x02,0xff,0xf9,0x10,0x00,0x03,0xdf,0xfc,0x00,0x00,0x12,0x00,0x0b,0xff,
  0x70,0x00,0x00,0x00,0x1d,0xff,0x40,0x00,0x00,0x00,0x2f,0xfb,0x00,0x00,0x00,0x00,0x02,0xff,0xb0,0x00,0x00,0x00,0x6f,0xf4,
  0x00,0x00,0x00,0x00,0x00,0xbf,0xf0,0x00,0x00,0x00,0x8f,0xf1,0x00,0x00,0x00,0x00,0x00,0x8f,0xf2,0x00,0x00,0x00,0x9f,0xf0,
  0x00,0x00,0x00,0x00,0x00,0x7f,0xf3,0x00,0x00,0x00,0x8f,0xf2,0x00,0x00,0x00,0x00,0x00,0x9f,0xf1,0x00,0x00,0x00,0x4f,0xf7,
  0x00,0x00,0x00,0x00,0x00,0xdf,0xe0,0x00,0x00,0x00,0x0e,0xfe,0x10,0x00,0x00,0x00,0x07,0xff,0x80,0x00,0x00,0x00,0x07,0xff,
  0xd2,0x00,0x00,0x00,0x7f,0xff,0x10,0x00,0x00,0x00,0x00,0xaf,0xff,0x94,0x23,0x6c,0xff,0xf4,0x00,0x00,0x00,0x00,0x00,0x09,
  0xff,0xff,0xff,0xff,0xff,0x40,0x00,0x00,0x00,0x00,0x00,0x00,0x4c,0xff,0xff,0xff,0x91,0x00,0x00,0x00,0x00,0x00,0x00,0x00,
  0x00,0x14,0x65,0x40,0x00,0x00,0x00,0x00,0x00,0x00,0x00,0x10,0x00,0x00,0x12,0x00,0x0b,0xea,0x00,0x00,0xdc,0x50,0x0e,0x1a,
  0x50,0x03,0xb2,0xa0,0x07,0x62,0xd0,0x04,0x91,0xc0,0x01,0xd0,0xa5,0x05,0x90,0xc0,0x00,0xb3,0x2c,0x07,0x61,0xc0,0x00,0x59,
  0x0b,0x2a,0x31,0xc0,0x00,0x0d,0x04,0x9d,0x12,0xb0,0x00,0x9f,0x80,0xcb,0x02,0xb0,0x03,0xf3,0x9c,0x10,0x03,0xb0,0x1d,0x9d,
  0x24,0xd3,0x03,0xa0,0x88,0xd7,0xd2,0x2c,0x52,0xb0,0x9a,0x2c,0x5c,0x01,0xb1,0xc0,0x5e,0xa4,0xac,0x10,0x00,0xc0,0x2b,0x8d,
  0xbe,0x00,0x00,0xc0,0x0d,0x00,0x2a,0x00,0x00,0xc0,0x0d,0x10,0x2b,0x00,0x01,0xc0,0x06,0x80,0x0b,0x50,0x02,0xa0,0x00,0xd0,
  0x01,0xd6,0x04,0x80,0x00,0xa4,0x00,0x17,0x06,0x70,0x00,0x85,0x00,0x00,0x06,0x70,0x00,0x85,0x00,0x00,0x06,0x70,0x00,0x8e,
  0xee,0xee,0xee,0x70,0x00,0x00,0x00,0x00,0x00,0x59,0x60,0x00,0x00,0x00,0x00,0x00,0x00,0x80,0x80,0x00,0x00,0x00,0x00,0x00,
  0x00,0x60,0x61,0x00,0x00,0x00,0x00,0x00,0x00,0x60,0x61,0x00,0x00,0x00,0x00,0x00,0x00,0x60,0x61,0x00,0x00,0x00,0x00,0x00,
  0x00,0x60,0x61,0x00,0x00,0x00,0x00,0x09,0x95,0x60,0x61,0x00,0x00,0x01,0x88,0x44,0x08,0x60,0x61,0x00,0x03,0x17,0x12,0xa3,
  0x07,0x60,0x61,0x00,0x85,0xa8,0x00,0xb3,0x07,0x60,0x61,0x00,0x60,0x4a,0x00,0xb3,0x07,0x60,0x61,0x00,0x60,0x17,0x00,0xb3,
  0x07,0x60,0x61,0x00,0x60,0x00,0x00,0x61,0x07,0x60,0x61,0x00,0x60,0x00,0x00,0x00,0x01,0x20,0x63,0x00,0x60,0x00,0x00,0x00,
  0x00,0x00,0x0b,0x00,0x60,0x00,0x00,0x00,0x00,0x00,0x09,0x10,0x60,0x00,0x00,0x00,0x00,0x00,0x09,0x10,0x60,0x00,0x00,0x00,
  0x00,0x00,0x09,0x10,0x60,0x00,0x00,0x00,0x00,0x00,0x09,0x10,0x70,0x00,0x00,0x00,0x00,0x00,0x09,0x10,0xa9,0x86,0x53,0x20,
  0x00,0x00,0x0a,0x10,0x00,0x13,0x46,0x78,0x99,0x99,0xa9,0x00,0x0f,0xff,0xff,0xff,0xff,0xff,0xff,0xff,0xff,0xff,0x10,0x1f,
  0xff,0xff,0xff,0xff,0xff,0xff,0xff,0xff,0xff,0x20,0x00,0x00,0x00,0x00,0x00,0x00,0x00,0x00,0x00,0x00,0x00,0x00,0x00,0x00,
  0x00,0x00,0x00,0x00,0x00,0x00,0x00,0x00,0x00,0x00,0x00,0x00,0x00,0x00,0x00,0x00,0x00,0x00,0x00,0x00,0x00,0x00,0x00,0x00,
  0x00,0x00,0x00,0x00,0x00,0x00,0x1f,0xff,0xff,0xff,0xff,0xff,0xff,0xff,0xff,0xff,0x20,0x0e,0xee,0xee,0xee,0xef,0xff,0xee,
  0xee,0xee,0xee,0x10,0x00,0x00,0x00,0x00,0x07,0xf7,0x00,0x00,0x00,0x00,0x00,0x00,0x00,0x00,0x00,0x07,0xf7,0x00,0x00,0x00,
  0x00,0x00,0x00,0x00,0x00,0x00,0x07,0xf7,0x00,0x00,0x00,0x00,0x00,0x00,0x00,0x00,0x00,0x07,0xf7,0x00,0x00,0x00,0x00,0x00,
  0x00,0x00,0x00,0x00,0x07,0xf7,0x00,0x00,0x00,0x00,0x00,0x00,0x00,0x00,0x00,0x07,0xf7,0x00,0x00,0x00,0x00,0x00,0x00,0x00,
  0x00,0x00,0x07,0xf7,0x00,0x00,0x00,0x00,0x00,0x00,0x00,0x00,0x00,0x07,0xf7,0x00,0x00,0x00,0x00,0x00,0x00,0x00,0x00,0x00,
  0x07,0xf7,0x00,0x00,0x00,0x00,0x00,0x00,0x00,0x00,0x00,0x07,0xf7,0x00,0x00,0x00,0x00,0x00,0x00,0x00,0x00,0x00,0x07,0xf7,
  0x00,0x00,0x00,0x00,0x00,0x00,0x00,0x00,0x00,0x07,0xf7,0x00,0x00,0x00,0x00,0x00,0x00,0x00,0x00,0x00,0x07,0xf7,0x00,0x00,
  0x00,0x00,0x00,0x00,0x00,0x00,0x00,0x06,0xd6,0x00,0x00,0x00,0x00,0x00,0x00,0x01,0x63,0x00,0x00,0x00,0x00,0x00,0x00,0x0b,
  0xff,0xea,0x40,0x00,0x00,0x00,0x00,0x07,0xcf,0xff,0xfe,0x71,0x00,0x00,0x00,0x00,0x01,0x6c,0xff,0xff,0x80,0x00,0x00,0x00,
  0x00,0x00,0x28,0xff,0xf5,0x00,0x00,0x00,0x00,0x00,0x00,0x18,0xc0,0x00,0x00,0x00,0x00,0x00,0x00,0x00,0x00,0x00,0x00,0x00,
  0x00,0x00,0x00,0x00,0x00,0x00,0x08,0xeb,0x73,0x00,0x00,0x00,0x00,0x00,0x1e,0xff,0xff,0xe8,0x20,0x00,0x00,0x00,0x00,0x37,
  0xcf,0xff,0xfc,0x50,0x00,0x00,0x00,0x00,0x01,0x7e,0xff,0xfc,0x00,0x00,0x00,0x00,0x00,0x00,0x5d,0xf8,0x00,0x00,0x00,0x00,
  0x00,0x00,0x00,0x50,0x00,0x00,0x00,0x00,0x00,0x00,0x00,0x00,0x00,0x00,0x00,0x00,0x00,0x00,0x00,0x00,0x00,0x00,0x03,0x00,
  0x00,0x00,0x00,0x00,0x00,0x00,0x4f,0xfd,0x84,0x00,0x00,0x00,0x00,0x00,0x8e,0xff,0xff,0xe9,0x30,0x00,0x00,0x00,0x00,0x27,
  0xcf,0xff,0xfd,0x71,0x00,0x00,0x00,0x00,0x01,0x7d,0xff,0xff,0x92,0x00,0x00,0x00,0x00,0x00,0x39,0xff,0xff,0x80,0x00,0x00,
  0x00,0x00,0x00,0x18,0xff,0x80,0x00,0x00,0x00,0x00,0x00,0x00,0x29,0x00,0x00,0x00,0x00,0x00,0x00,0x00,0x00,0x00,0x00,0x00,
  0x26,0x00,0x00,0x00,0x00,0x00,0x00,0x00,0x00,0x00,0x00,0x00,0x00,0x00,0x03,0xef,0x50,0x00,0x00,0x00,0x00,0x00,0x00,0x00,
  0x00,0x00,0x00,0x00,0x00,0x4f,0xff,0xa0,0x00,0x00,0x00,0x00,0x00,0x00,0x00,0x00,0x00,0x00,0x00,0x06,0xff,0xf6,0x00,0x00,
  0x00,0x00,0x00,0x00,0x00,0x00,0x00,0x00,0x00,0x00,0xaf,0xfd,0x30,0x00,0x00,0x00,0x00,0x00,0x00,0x00,0x00,0x00,0x00,0x00,
  0x4d,0xff,0xa0,0x00,0x00,0x00,0x00,0x00,0x00,0x00,0x00,0x00,0x00,0x00,0x2b,0xff,0xf5,0x00,0x00,0x03,0x50,0x00,0x00,0x00,
  0x00,0x00,0x00,0x00,0x2a,0xff,0xfb,0x10,0x00,0x00,0x5f,0xf3,0x00,0x00,0x00,0x00,0x00,0x00,0x3a,0xff,0xfe,0x60,0x00,0x00,
  0x08,0xff,0xf8,0x00,0x00,0x00,0x00,0x00,0x7d,0xff,0xff,0x91,0x00,0x00,0x01,0xbf,0xfe,0x40,0x00,0x00,0x00,0x00,0x00,0xbf,
  0xff,0xa2,0x00,0x00,0x00,0x4e,0xff,0xa1,0x00,0x00,0x00,0x00,0x00,0x00,0x2e,0x82,0x00,0x00,0x00,0x1a,0xff,0xe5,0x00,0x00,
  0x00,0x00,0x00,0x00,0x00,0x00,0x00,0x00,0x00,0x18,0xff,0xf9,0x10,0x00,0x00,0x00,0x00,0x00,0x00,0x00,0x00,0x00,0x00,0x18,
  0xff,0xfd,0x30,0x00,0x00,0x00,0x21,0x00,0x00,0x00,0x00,0x00,0x00,0x3a,0xff,0xfe,0x70,0x00,0x00,0x00,0x02,0xec,0x00,0x00,
  0x00,0x00,0x02,0x7d,0xff,0xff,0x91,0x00,0x00,0x00,0x00,0x3e,0xff,0x80,0x00,0x00,0x00,0xbf,0xff,0xff,0x81,0x00,0x00,0x00,
  0x00,0x05,0xff,0xf8,0x00,0x00,0x00,0x00,0x5f,0xfd,0x71,0x00,0x00,0x00,0x00,0x00,0x8f,0xff,0x60,0x00,0x00,0x00,0x00,0x08,
  0x30,0x00,0x00,0x00,0x00,0x00,0x0a,0xff,0xe3,0x00,0x00,0x00,0x00,0x00,0x00,0x00,0x00,0x00,0x00,0x00,0x02,0xdf,0xfb,0x10,
  0x00,0x00,0x00,0x00,0x00,0x00,0x00,0x00,0x00,0x00,0x00,0x7f,0xff,0x60,0x00,0x00,0x00,0x00,0x00,0x00,0x00,0x00,0x00,0x00,
  0x00,0x4d,0xff,0xc2,0x00,0x00,0x00,0x00,0x00,0x00,0x00,0x00,0x00,0x00,0x00,0x4c,0xff,0xf6,0x00,0x00,0x00,0x00,0x00,0x00,
  0x00,0x00,0x00,0x00,0x00,0x5c,0xff,0xf9,0x10,0x00,0x00,0x00,0x00,0x00,0x00,0x00,0x00,0x00,0x02,0x8e,0xff,0xfb,0x20,0x00,
  0x00,0x00,0x00,0x00,0x00,0x00,0x00,0x00,0x27,0xcf,0xff,0xfb,0x30,0x00,0x00,0x00,0x00,0x00,0x00,0x00,0x00,0x15,0x9d,0xff,
  0xff,0xfa,0x30,0x00,0x00,0x00,0x00,0x00,0x00,0x00,0x00,0x0d,0xff,0xff,0xff,0xd7,0x10,0x00,0x00,0x00,0x00,0x00,0x00,0x00,
  0x00,0x00,0x09,0xff,0xfc,0x72,0x00,0x00,0x00,0x00,0x00,0x00,0x00,0x00,0x00,0x00,0x00,0x04,0x95,0x10,0x00,0x00,0x00,0x00,
  0x00,0x00,0x00,0x00,0x00,0x00,0x00,0x00,0x00,0x00,0x4b,0xef,0xeb,0x40,0x00,0xdf,0x90,0x00,0x0b,0xff,0xff,0xff,0xf8,0x02,
  0xff,0x30,0x00,0xcf,0xff,0xff,0xff,0xff,0x47,0xfd,0x00,0x06,0xff,0xf8,0x10,0x3c,0xff,0xad,0xf8,0x00,0x0d,0xff,0x80,0x00,
  0x01,0xef,0xff,0xf2,0x00,0x1f,0xff,0x00,0x00,0x00,0x8f,0xff,0xc0,0x00,0x4f,0xfa,0x00,0x00,0x00,0x3f,0xff,0x70,0x00,0x5f,
  0xf8,0x00,0x00,0x00,0x0f,0xff,0x10,0x00,0x5f,0xf8,0x00,0x00,0x00,0x0d,0xfd,0x00,0x00,0x4f,0xfa,0x00,0x00,0x00,0x0a,0xff,
  0x00,0x00,0x1f,0xfe,0x00,0x00,0x00,0x1f,0xff,0x30,0x00,0x0d,0xff,0x60,0x00,0x00,0xbf,0xff,0x80,0x00,0x07,0xff,0xf8,0x20,
  0x2a,0xff,0xff,0xf4,0x00,0x00,0xdf,0xff,0xff,0xff,0xff,0xff,0xff,0xf5,0x00,0x2e,0xff,0xff,0xff,0xfa,0x7f,0xff,0xf5,0x00,
  0x00,0x7c,0xef,0xfd,0x70,0x05,0xcf,0xf5,0x00,0x03,0x9d,0xff,0xeb,0x50,0x00,0x00,0x00,0x6f,0xff,0xff,0xff,0xfc,0x00,0x00,
  0x03,0xff,0xff,0xff,0xff,0xff,0xa0,0x00,0x0b,0xff,0xe5,0x10,0x28,0xff,0xf1,0x00,0x0f,0xff,0x20,0x00,0x00,0x8f,0xf4,0x00,
  0x1f,0xfb,0x00,0x00,0x00,0x4f,0xf6,0x00,0x2f,0xf8,0x00,0x00,0x00,0x4f,0xf5,0x00,0x3f,0xf8,0x00,0x00,0x00,0x8f,0xf3,0x00,
  0x3f,0xf8,0x00,0x00,0x02,0xff,0xf0,0x00,0x3f,0xf8,0x00,0x03,0x8f,0xff,0x80,0x00,0x3f,0xf8,0x08,0xff,0xff,0xfb,0x00,0x00,
  0x3f,0xf8,0x08,0xff,0xff,0xf8,0x10,0x00,0x3f,0xf8,0x08,0xff,0xff,0xff,0xf5,0x00,0x3f,0xf8,0x00,0x00,0x14,0xaf,0xff,0x30,
  0x3f,0xf8,0x00,0x00,0x00,0x05,0xff,0xb0,0x3f,0xf8,0x00,0x00,0x00,0x00,0xdf,0xe0,0x3f,0xf8,0x00,0x00,0x00,0x00,0xcf,0xf0,
  0x3f,0xf8,0x00,0x00,0x00,0x00,0xef,0xe0,0x3f,0xff,0x40,0x00,0x00,0x06,0xff,0xb0,0x3f,0xff,0xf9,0x30,0x02,0x8f,0xff,0x60,
  0x3f,0xff,0xff,0xff,0xff,0xff,0xfd,0x00,0x3f,0xfe,0xff,0xff,0xff,0xff,0xd2,0x00,0x3f,0xf8,0x5b,0xef,0xfe,0xb6,0x00,0x00,
  0x3f,0xf8,0x00,0x00,0x00,0x00,0x00,0x00,0x3f,0xf8,0x00,0x00,0x00,0x00,0x00,0x00,0x3f,0xf8,0x00,0x00,0x00,0x00,0x00,0x00,
  0x3f,0xf8,0x00,0x00,0x00,0x00,0x00,0x00,0x3f,0xf8,0x00,0x00,0x00,0x00,0x00,0x00,0x3f,0xf8,0x00,0x00,0x00,0x00,0x00,0x00,
  0x8f,0xd8,0x00,0x00,0x00,0x00,0x03,0xff,0xa0,0x8f,0xff,0xa0,0x00,0x00,0x00,0x09,0xff,0x30,0x25,0xcf,0xf3,0x00,0x00,0x00,
  0x0f,0xfd,0x00,0x00,0x1f,0xf9,0x00,0x00,0x00,0x6f,0xf6,0x00,0x00,0x09,0xfe,0x00,0x00,0x00,0xdf,0xf0,0x00,0x00,0x04,0xff,
  0x50,0x00,0x03,0xff,0x90,0x00,0x00,0x00,0xef,0xa0,0x00,0x09,0xff,0x20,0x00,0x00,0x00,0x8f,0xf0,0x00,0x1f,0xfb,0x00,0x00,
  0x00,0x00,0x2f,0xf6,0x00,0x6f,0xf5,0x00,0x00,0x00,0x00,0x0d,0xfb,0x00,0xdf,0xe0,0x00,0x00,0x00,0x00,0x07,0xff,0x13,0xff,
  0x80,0x00,0x00,0x00,0x00,0x01,0xff,0x7a,0xff,0x10,0x00,0x00,0x00,0x00,0x00,0xbf,0xdf,0xfa,0x00,0x00,0x00,0x00,0x00,0x00,
  0x5f,0xff,0xf4,0x00,0x00,0x00,0x00,0x00,0x00,0x0f,0xff,0xd0,0x00,0x00,0x00,0x00,0x00,0x00,0x0a,0xff,0x60,0x00,0x00,0x00,
  0x00,0x00,0x00,0x07,0xff,0x30,0x00,0x00,0x00,0x00,0x00,0x00,0x07,0xff,0x30,0x00,0x00,0x00,0x00,0x00,0x00,0x07,0xff,0x30,
  0x00,0x00,0x00,0x00,0x00,0x00,0x07,0xff,0x30,0x00,0x00,0x00,0x00,0x00,0x00,0x07,0xff,0x30,0x00,0x00,0x00,0x00,0x00,0x00,
  0x07,0xff,0x30,0x00,0x00,0x00,0x00,0x00,0x4a,0xdf,0xfe,0xc7,0x10,0x00,0x00,0x0a,0xff,0xff,0xff,0xff,0xe3,0x00,0x00,0x6f,
  0xff,0xff,0xff,0xff,0xfb,0x00,0x00,0xaf,0xfb,0x41,0x00,0x13,0x79,0x00,0x00,0xbf,0xf1,0x00,0x00,0x00,0x00,0x00,0x00,0x7f,
  0xfa,0x10,0x00,0x00,0x00,0x00,0x00,0x0b,0xff,0xfc,0x95,0x10,0x00,0x00,0x00,0x00,0xdf,0xff,0xff,0xfb,0x20,0x00,0x00,0x1c,
  0xfc,0x45,0x7b,0xff,0xf6,0x00,0x00,0xbf,0xd0,0x00,0x00,0x3e,0xff,0x50,0x05,0xff,0x30,0x00,0x00,0x02,0xff,0xd0,0x0c,0xfd,
  0x00,0x00,0x00,0x00,0x9f,0xf4,0x1f,0xf9,0x00,0x00,0x00,0x00,0x4f,0xf8,0x4f,0xf8,0x00,0x00,0x00,0x00,0x2f,0xfa,0x5f,0xf8,
  0x00,0x00,0x00,0x00,0x2f,0xfb,0x4f,0xf9,0x00,0x00,0x00,0x00,0x4f,0xfa,0x2f,0xfd,0x00,0x00,0x00,0x00,0x7f,0xf9,0x0f,0xff,
  0x30,0x00,0x00,0x00,0xdf,0xf5,0x09,0xff,0xd0,0x00,0x00,0x08,0xff,0xf1,0x02,0xff,0xfd,0x51,0x03,0xaf,0xff,0x80,0x00,0x7f,
  0xff,0xff,0xff,0xff,0xfd,0x00,0x00,0x07,0xff,0xff,0xff,0xff,0xc1,0x00,0x00,0x00,0x28,0xdf,0xfe,0xa5,0x00,0x00,0x00,0x00,
  0x06,0xce,0xfd,0x82,0x00,0x00,0x00,0x01,0xcf,0xff,0xff,0xff,0x50,0x00,0x00,0x0d,0xff,0xff,0xff,0xff,0xf4,0x00,0x00,0x9f,
  0xfe,0x61,0x04,0xcf,0xfe,0x00,0x01,0xff,0xf3,0x00,0x00,0x0c,0xff,0x70,0x07,0xff,0x80,0x00,0x00,0x03,0xff,0xd0,0x0c,0xff,
  0x20,0x00,0x00,0x00,0xdf,0xf2,0x0f,0xfe,0x00,0x00,0x00,0x00,0x9f,0xf5,0x2f,0xfb,0x00,0x00,0x00,0x00,0x6f,0xf8,0x3f,0xf9,
  0x00,0x00,0x00,0x00,0x4f,0xf9,0x4f,0xff,0xff,0xff,0xff,0xff,0xff,0xfa,0x5f,0xff,0xff,0xff,0xff,0xff,0xff,0xfb,0x4f,0xff,
  0xff,0xff,0xff,0xff,0xff,0xfa,0x3f,0xf8,0x00,0x00,0x00,0x00,0x3f,0xf9,0x2f,0xfa,0x00,0x00,0x00,0x00,0x4f,0xf8,0x0f,0xfd,
  0x00,0x00,0x00,0x00,0x7f,0xf5,0x0c,0xff,0x10,0x00,0x00,0x00,0xbf,0xf2,0x07,0xff,0x60,0x00,0x00,0x01,0xff,0xd0,0x01,0xff,
  0xe2,0x00,0x00,0x0b,0xff,0x70,0x00,0x9f,0xfe,0x51,0x03,0xbf,0xfe,0x00,0x00,0x0d,0xff,0xff,0xff,0xff,0xf4,0x00,0x00,0x01,
  0xcf,0xff,0xff,0xff,0x50,0x00,0x00,0x00,0x06,0xce,0xfd,0x82,0x00,0x00,0x00,0x0a,0xfe,0xc6,0x00,0x00,0x00,0x00,0x00,0x00,
  0x0a,0xff,0xff,0x90,0x00,0x00,0x00,0x00,0x00,0x0a,0xff,0xff,0xf3,0x00,0x00,0x00,0x00,0x00,0x00,0x02,0xcf,0xf9,0x00,0x00,
  0x00,0x00,0x00,0x00,0x00,0x2f,0xff,0x00,0x00,0x00,0x00,0x00,0x00,0x00,0x0b,0xff,0x50,0x00,0x00,0x00,0x00,0x00,0x00,0x05,
  0xff,0xb0,0x00,0x00,0x00,0x00,0x00,0x00,0x00,0xff,0xf1,0x00,0x00,0x00,0x00,0x00,0x00,0x05,0xff,0xf7,0x00,0x00,0x00,0x00,
  0x00,0x00,0x0c,0xff,0xfd,0x00,0x00,0x00,0x00,0x00,0x00,0x4f,0xff,0xff,0x30,0x00,0x00,0x00,0x00,0x00,0xbf,0xf7,0xff,0x90,
  0x00,0x00,0x00,0x00,0x03,0xff,0xa0,0xff,0xe0,0x00,0x00,0x00,0x00,0x0a,0xff,0x20,0x9f,0xf5,0x00,0x00,0x00,0x00,0x2f,0xfb,
  0x00,0x3f,0xfb,0x00,0x00,0x00,0x00,0x9f,0xf3,0x00,0x0d,0xff,0x10,0x00,0x00,0x01,0xff,0xc0,0x00,0x07,0xff,0x70,0x00,0x00,
  0x08,0xff,0x50,0x00,0x01,0xff,0xd0,0x00,0x00,0x0f,0xfd,0x00,0x00,0x00,0xbf,0xf2,0x00,0x00,0x7f,0xf6,0x00,0x00,0x00,0x5f,
  0xf8,0x00,0x00,0xef,0xe0,0x00,0x00,0x00,0x0e,0xfe,0x00,0x06,0xff,0x70,0x00,0x00,0x00,0x09,0xff,0x40,0x0d,0xfe,0x00,0x00,
  0x00,0x00,0x03,0xff,0xa0,0x7f,0xf4,0x00,0x00,0x00,0x06,0xff,0x40,0x00,0x7f,0xf4,0x00,0x00,0x00,0x06,0xff,0x40,0x00,0x7f,
  0xf4,0x00,0x00,0x00,0x06,0xff,0x40,0x00,0x7f,0xf4,0x00,0x00,0x00,0x06,0xff,0x40,0x00,0x7f,0xf4,0x00,0x00,0x00,0x06,0xff,
  0x40,0x00,0x7f,0xf4,0x00,0x00,0x00,0x06,0xff,0x40,0x00,0x7f,0xf4,0x00,0x00,0x00,0x06,0xff,0x40,0x00,0x7f,0xf4,0x00,0x00,
  0x00,0x06,0xff,0x40,0x00,0x7f,0xf4,0x00,0x00,0x00,0x06,0xff,0x40,0x00,0x7f,0xf4,0x00,0x00,0x00,0x06,0xff,0x40,0x00,0x7f,
  0xf5,0x00,0x00,0x00,0x08,0xff,0x40,0x00,0x7f,0xfa,0x00,0x00,0x00,0x1e,0xff,0x40,0x00,0x7f,0xff,0x93,0x10,0x15,0xdf,0xff,
  0x40,0x00,0x7f,0xfc,0xff,0xff,0xff,0xf9,0xff,0x80,0x00,0x7f,0xf4,0xdf,0xff,0xff,0xb0,0xdf,0xff,0x50,0x7f,0xf4,0x18,0xef,
  0xd7,0x00,0x3d,0xea,0x10,0x7f,0xf4,0x00,0x00,0x00,0x00,0x00,0x00,0x00,0x7f,0xf4,0x00,0x00,0x00,0x00,0x00,0x00,0x00,0x7f,
  0xf4,0x00,0x00,0x00,0x00,0x00,0x00,0x00,0x7f,0xf4,0x00,0x00,0x00,0x00,0x00,0x00,0x00,0x7f,0xf4,0x00,0x00,0x00,0x00,0x00,
  0x00,0x00,0x7f,0xf4,0x00,0x00,0x00,0x00,0x00,0x00,0x00,0xef,0xff,0xff,0xff,0xff,0xff,0xff,0xfc,0x00,0xef,0xff,0xff,0xff,
  0xff,0xff,0xff,0xfc,0x00,0xef,0xff,0xff,0xff,0xff,0xff,0xff,0xfc,0x00,0x00,0xdf,0xf0,0x00,0x00,0x0f,0xfb,0x00,0x00,0x00,
  0xdf,0xf0,0x00,0x00,0x0f,0xfb,0x00,0x00,0x00,0xdf,0xf0,0x00,0x00,0x0f,0xfb,0x00,0x00,0x00,0xdf,0xf0,0x00,0x00,0x0f,0xfb,
  0x00,0x00,0x00,0xdf,0xf0,0x00,0x00,0x0f,0xfb,0x00,0x00,0x00,0xdf,0xf0,0x00,0x00,0x0f,0xfb,0x00,0x00,0x00,0xdf,0xf0,0x00,
  0x00,0x0f,0xfb,0x00,0x00,0x00,0xdf,0xf0,0x00,0x00,0x0f,0xfb,0x00,0x00,0x00,0xdf,0xf0,0x00,0x00,0x0f,0xfc,0x00,0x00,0x00,
  0xdf,0xf0,0x00,0x00,0x0f,0xff,0x20,0x00,0x00,0xdf,0xf0,0x00,0x00,0x0e,0xff,0xff,0x30,0x00,0xdf,0xf0,0x00,0x00,0x0a,0xff,
  0xff,0x30,0x00,0xdf,0xf0,0x00,0x00,0x01,0xbf,0xfc,0x20,0x00,0x00,0x6b,0xef,0xff,0xff,0xff,0xff,0xf2,0x00,0x2d,0xff,0xff,
  0xff,0xff,0xff,0xff,0xf2,0x00,0xdf,0xff,0xff,0xff,0xff,0xff,0xff,0xf2,0x07,0xff,0xfb,0x40,0x02,0x8f,0xff,0x70,0x00,0x0d,
  0xff,0xa0,0x00,0x00,0x04,0xff,0xf0,0x00,0x1f,0xff,0x00,0x00,0x00,0x00,0xaf,0xf5,0x00,0x4f,0xfa,0x00,0x00,0x00,0x00,0x5f,
  0xf9,0x00,0x5f,0xf8,0x00,0x00,0x00,0x00,0x2f,0xfa,0x00,0x4f,0xf8,0x00,0x00,0x00,0x00,0x2f,0xfb,0x00,0x3f,0xfb,0x00,0x00,
  0x00,0x00,0x5f,0xf9,0x00,0x0f,0xff,0x10,0x00,0x00,0x00,0xaf,0xf6,0x00,0x0b,0xff,0xa0,0x00,0x00,0x05,0xff,0xf2,0x00,0x04,
  0xff,0xfb,0x40,0x02,0x8f,0xff,0xb0,0x00,0x00,0x9f,0xff,0xff,0xff,0xff,0xfe,0x10,0x00,0x00,0x08,0xff,0xff,0xff,0xff,0xd2,
  0x00,0x00,0x00,0x00,0x29,0xdf,0xfe,0xb5,0x00,0x00,0x00,0x8f,0xff,0xff,0xff,0xff,0xff,0xff,0xf9,0x8f,0xff,0xff,0xff,0xff,
  0xff,0xff,0xf9,0x8f,0xff,0xff,0xff,0xff,0xff,0xff,0xf9,0x00,0x00,0x00,0x6f,0xf6,0x00,0x00,0x00,0x00,0x00,0x00,0x6f,0xf6,
  0x00,0x00,0x00,0x00,0x00,0x00,0x6f,0xf6,0x00,0x00,0x00,0x00,0x00,0x00,0x6f,0xf6,0x00,0x00,0x00,0x00,0x00,0x00,0x6f,0xf6,
  0x00,0x00,0x00,0x00,0x00,0x00,0x6f,0xf6,0x00,0x00,0x00,0x00,0x00,0x00,0x6f,0xf6,0x00,0x00,0x00,0x00,0x00,0x00,0x5f,0xf6,
  0x00,0x00,0x00,0x00,0x00,0x00,0x4f,0xf8,0x00,0x00,0x00,0x00,0x00,0x00,0x2f,0xfe,0x30,0x00,0x00,0x00,0x00,0x00,0x0d,0xff,
  0xff,0xf4,0x00,0x00,0x00,0x00,0x04,0xff,0xff,0xf4,0x00,0x00,0x00,0x00,0x00,0x3a,0xef,0xf4,0x00,0x00,0x00,0x5b,0x80,0x1a,
  0xef,0xc5,0x00,0x00,0x00,0x1c,0xff,0x90,0xdf,0xff,0xff,0xa0,0x00,0x00,0xcf,0xff,0x94,0xff,0xff,0xff,0xf9,0x00,0x07,0xff,
  0xf9,0x16,0xff,0x60,0x9f,0xff,0x30,0x0d,0xff,0x80,0x07,0xff,0x30,0x0b,0xff,0x90,0x1f,0xfe,0x00,0x07,0xff,0x30,0x02,0xff,
  0xd0,0x4f,0xfa,0x00,0x07,0xff,0x30,0x00,0xef,0xf0,0x5f,0xf8,0x00,0x07,0xff,0x30,0x00,0xcf,0xf0,0x5f,0xf8,0x00,0x07,0xff,
  0x30,0x00,0xdf,0xf0,0x3f,0xfa,0x00,0x07,0xff,0x30,0x00,0xef,0xe0,0x0f,0xfe,0x00,0x07,0xff,0x30,0x03,0xff,0xb0,0x0c,0xff,
  0x90,0x07,0xff,0x30,0x0c,0xff,0x70,0x04,0xff,0xfa,0x27,0xff,0x35,0xdf,0xfe,0x00,0x00,0xaf,0xff,0xff,0xff,0xff,0xff,0xf5,
  0x00,0x00,0x0a,0xff,0xff,0xff,0xff,0xff,0x60,0x00,0x00,0x00,0x4a,0xef,0xff,0xfd,0x92,0x00,0x00,0x00,0x00,0x00,0x07,0xff,
  0x30,0x00,0x00,0x00,0x00,0x00,0x00,0x07,0xff,0x30,0x00,0x00,0x00,0x00,0x00,0x00,0x07,0xff,0x30,0x00,0x00,0x00,0x00,0x00,
  0x00,0x07,0xff,0x30,0x00,0x00,0x00,0x00,0x00,0x00,0x07,0xff,0x30,0x00,0x00,0x00,0x00,0x00,0x00,0x07,0xff,0x30,0x00,0x00,
  0x00,0x5f,0xf5,0x00,0x07,0xff,0x30,0x00,0xaf,0xf1,0x5f,0xf5,0x00,0x07,0xff,0x30,0x00,0xaf,0xf1,0x5f,0xf5,0x00,0x07,0xff,
  0x30,0x00,0xaf,0xf1,0x5f,0xf5,0x00,0x07,0xff,0x30,0x00,0xaf,0xf1,0x5f,0xf5,0x00,0x07,0xff,0x30,0x00,0xaf,0xf1,0x5f,0xf5,
  0x00,0x07,0xff,0x30,0x00,0xaf,0xf1,0x5f,0xf5,0x00,0x07,0xff,0x30,0x00,0xaf,0xf1,0x5f,0xf5,0x00,0x07,0xff,0x30,0x00,0xaf,
  0xf1,0x5f,0xf5,0x00,0x07,0xff,0x30,0x00,0xaf,0xf1,0x5f,0xf7,0x00,0x07,0xff,0x30,0x00,0xbf,0xf0,0x3f,0xfa,0x00,0x07,0xff,
  0x30,0x00,0xff,0xf0,0x0f,0xff,0x30,0x07,0xff,0x30,0x08,0xff,0xb0,0x0a,0xff,0xf9,0x38,0xff,0x44,0xbf,0xff,0x50,0x01,0xef,
  0xff,0xff,0xff,0xff,0xff,0xfb,0x00,0x00,0x2b,0xff,0xff,0xff,0xff,0xff,0x80,0x00,0x00,0x00,0x38,0xcf,0xff,0xeb,0x71,0x00,
  0x00,0x00,0x00,0x00,0x07,0xff,0x30,0x00,0x00,0x00,0x00,0x00,0x00,0x07,0xff,0x30,0x00,0x00,0x00,0x00,0x00,0x00,0x07,0xff,
  0x30,0x00,0x00,0x00,0x00,0x00,0x00,0x07,0xff,0x30,0x00,0x00,0x00,0x00,0x00,0x00,0x07,0xff,0x30,0x00,0x00,0x00,0x00,0x00,
  0x00,0x07,0xff,0x30,0x00,0x00,0x00,0x00,0x06,0x98,0x40,0x00,0x00,0x37,0x85,0x00,0x00,0x02,0xdf,0xff,0xfa,0x00,0x0a,0xff,
  0xff,0xc1,0x00,0x0c,0xf9,0x58,0xff,0x80,0x9f,0xf8,0x6a,0xfc,0x00,0x5f,0x70,0x00,0x3f,0xf7,0xfe,0x10,0x00,0x7f,0x50,0x9f,
  0x00,0x00,0x05,0xff,0xf3,0x00,0x00,0x0f,0x90,0xbc,0x00,0x00,0x00,0xcf,0xa0,0x00,0x00,0x0c,0xb0,0xbc,0x00,0x00,0x00,0x9f,
  0xb0,0x00,0x00,0x0c,0xb0,0xae,0x00,0x00,0x02,0xff,0xf5,0x00,0x00,0x0f,0x90,0x5f,0x70,0x00,0x0c,0xf8,0xff,0x20,0x00,0x7f,
  0x50,0x0d,0xf9,0x57,0xef,0x90,0x9f,0xf7,0x58,0xfd,0x00,0x02,0xdf,0xff,0xfb,0x00,0x0b,0xff,0xff,0xe2,0x00,0x00,0x05,0x88,
  0x40,0x00,0x00,0x49,0x96,0x00,0x00,0x00,0x00,0x00,0x00,0x00,0x00,0x00,0x00,0x00,0x10,0x00,0x4a,0xef,0xec,0x72,0x00,0x00,
  0x00,0x04,0xd0,0x3c,0xff,0xff,0xff,0xff,0xc6,0x20,0x15,0xbf,0xf0,0xdf,0xb5,0x10,0x26,0xbf,0xff,0xff,0xff,0xfd,0x40,0xb4,
  0x00,0x00,0x00,0x01,0x6b,0xef,0xeb,0x50,0x00,0x00,0x00,0x00,0x00,0x00,0x00,0x00,0x00,0x00,0x00,0x00,0x4a,0xef,0xec,0x71,
  0x00,0x00,0x00,0x04,0xd0,0x3c,0xff,0xff,0xff,0xff,0xc6,0x20,0x14,0xbf,0xf0,0xdf,0xc5,0x10,0x26,0xbf,0xff,0xff,0xff,0xfd,
  0x40,0xc5,0x00,0x00,0x00,0x01,0x6b,0xef,0xeb,0x50,0x00,0x10,0x00,0x00,0x00,0x00,0x00,0x00,0x00,0x00,0x00,0x00,0x00,0x00,
  0x00,0x00,0x00,0x00,0x2b,0x00,0x00,0x00,0x00,0x00,0x00,0x00,0x00,0x00,0xdf,0xc0,0x00,0x00,0x00,0x00,0x00,0x00,0x00,0x0a,
  0xff,0x60,0x00,0x00,0x00,0x00,0x00,0x00,0x00,0x6f,0xfa,0x00,0x00,0x00,0x00,0x00,0x00,0x00,0x02,0xff,0xd0,0x00,0x00,0xdf,
  0xff,0xff,0xff,0xff,0xff,0xff,0xff,0xff,0xf0,0xdf,0xff,0xff,0xff,0xff,0xff,0xff,0xff,0xff,0xf0,0x00,0x00,0x00,0x00,0x0d,
  0xff,0x20,0x00,0x00,0x00,0x00,0x00,0x00,0x00,0x9f,0xf7,0x00,0x00,0x00,0x00,0x00,0x00,0x00,0x05,0xff,0xb0,0x00,0x00,0x00,
  0x00,0x00,0x00,0x00,0x1e,0xfe,0x10,0x00,0x00,0x00,0x00,0xdf,0xff,0xff,0xff,0xff,0xff,0xff,0xff,0xff,0xf0,0xdf,0xff,0xff,
  0xff,0xff,0xff,0xff,0xff,0xff,0xf0,0x00,0x00,0xcf,0xf4,0x00,0x00,0x00,0x00,0x00,0x00,0x00,0x09,0xff,0x70,0x00,0x00,0x00,
  0x00,0x00,0x00,0x00,0x5f,0xfb,0x00,0x00,0x00,0x00,0x00,0x00,0x00,0x00,0xbf,0xe1,0x00,0x00,0x00,0x00,0x00,0x00,0x00,0x00,
  0x0a,0x30,0x00,0x00,0x00,0x00,0x00,0x00,0x00,0x00,0x00,0x00,0x00,0x00,0x00,0x00,0x00,0x49,0xd0,0x00,0x00,0x00,0x00,0x00,
  0x00,0x37,0xcf,0xff,0xf0,0x00,0x00,0x00,0x00,0x15,0xae,0xff,0xff,0xfe,0xa0,0x00,0x00,0x03,0x8c,0xff,0xff,0xff,0xc8,0x30,
  0x00,0x01,0x6a,0xef,0xff,0xff,0xea,0x51,0x00,0x00,0x00,0xbf,0xff,0xff,0xfc,0x73,0x00,0x00,0x00,0x00,0x00,0xdf,0xff,0xfa,
  0x20,0x00,0x00,0x00,0x00,0x00,0x00,0xbf,0xff,0xff,0xfc,0x73,0x00,0x00,0x00,0x00,0x00,0x01,0x6a,0xef,0xff,0xff,0xea,0x51,
  0x00,0x00,0x00,0x00,0x00,0x03,0x8c,0xff,0xff,0xff,0xc8,0x30,0x00,0x00,0x00,0x00,0x00,0x15,0xae,0xff,0xff,0xff,0xa0,0x00,
  0x00,0x00,0x00,0x00,0x00,0x37,0xcf,0xff,0xf0,0x00,0x00,0x00,0x00,0x00,0x00,0x00,0x00,0x59,0xd0,0x00,0x00,0x00,0x00,0x00,
  0x00,0x00,0x00,0x00,0x00,0x00,0x00,0x00,0x00,0x00,0x00,0x00,0x00,0x00,0x00,0xdf,0xff,0xff,0xff,0xff,0xff,0xff,0xff,0xff,
  0xf0,0xdf,0xff,0xff,0xff,0xff,0xff,0xff,0xff,0xff,0xf0,0xba,0x51,0x00,0x00,0x00,0x00,0x00,0x00,0x00,0x00,0xdf,0xff,0xc8,
  0x30,0x00,0x00,0x00,0x00,0x00,0x00,0x8e,0xff,0xff,0xfe,0xa6,0x10,0x00,0x00,0x00,0x00,0x00,0x37,0xcf,0xff,0xff,0xfd,0x84,
  0x00,0x00,0x00,0x00,0x00,0x00,0x59,0xef,0xff,0xff,0xfb,0x62,0x00,0x00,0x00,0x00,0x00,0x02,0x7b,0xff,0xff,0xff,0xd0,0x00,
  0x00,0x00,0x00,0x00,0x00,0x19,0xff,0xff,0xf0,0x00,0x00,0x00,0x00,0x02,0x7b,0xff,0xff,0xff,0xd0,0x00,0x00,0x01,0x59,0xef,
  0xff,0xff,0xfb,0x62,0x00,0x00,0x37,0xcf,0xff,0xff,0xfd,0x84,0x00,0x00,0x00,0x8e,0xff,0xff,0xfe,0xa6,0x10,0x00,0x00,0x00,
  0x00,0xdf,0xff,0xc8,0x30,0x00,0x00,0x00,0x00,0x00,0x00,0xba,0x51,0x00,0x00,0x00,0x00,0x00,0x00,0x00,0x00,0x00,0x00,0x00,
  0x00,0x00,0x00,0x00,0x00,0x00,0x00,0x00,0x00,0x00,0x00,0x00,0x00,0x00,0x00,0x00,0x00,0xdf,0xff,0xff,0xff,0xff,0xff,0xff,
  0xff,0xff,0xf0,0xdf,0xff,0xff,0xff,0xff,0xff,0xff,0xff,0xff,0xf0,0x00,0x00,0x00,0x00,0xaf,0xc0,0x00,0x00,0x00,0x00,0x00,
  0x00,0x00,0x00,0xaf,0xc0,0x00,0x00,0x00,0x00,0x00,0x00,0x00,0x00,0xaf,0xc0,0x00,0x00,0x00,0x00,0x00,0x00,0x00,0x00,0xaf,
  0xc0,0x00,0x00,0x00,0x00,0x00,0x00,0x00,0x00,0xaf,0xc0,0x00,0x00,0x00,0x00,0x00,0x00,0x00,0x00,0xaf,0xc0,0x00,0x00,0x00,
  0x00,0xdf,0xff,0xff,0xff,0xff,0xff,0xff,0xff,0xff,0xf0,0xdf,0xff,0xff,0xff,0xff,0xff,0xff,0xff,0xff,0xf0,0x00,0x00,0x00,
  0x00,0xaf,0xc0,0x00,0x00,0x00,0x00,0x00,0x00,0x00,0x00,0xaf,0xc0,0x00,0x00,0x00,0x00,0x00,0x00,0x00,0x00,0xaf,0xc0,0x00,
  0x00,0x00,0x00,0x00,0x00,0x00,0x00,0xaf,0xc0,0x00,0x00,0x00,0x00,0x00,0x00,0x00,0x00,0xaf,0xc0,0x00,0x00,0x00,0x00,0x00,
  0x00,0x00,0x00,0xaf,0xc0,0x00,0x00,0x00,0x00,0x00,0x00,0x00,0x00,0x00,0x00,0x00,0x00,0x00,0x00,0x00,0x00,0x00,0x00,0x00,
  0x00,0x00,0x00,0x00,0x00,0x00,0x00,0x00,0x00,0x00,0x00,0x00,0x00,0x00,0x00,0xdf,0xff,0xff,0xff,0xff,0xff,0xff,0xff,0xff,
  0xf0,0xdf,0xff,0xff,0xff,0xff,0xff,0xff,0xff,0xff,0xf0,0x00,0x00,0x00,0x00,0x00,0x00,0x00,0x00,0xdf,0xf1,0x00,0x00,0x00,
  0x00,0x00,0x00,0x00,0x03,0xf4,0x00,0x00,0x00,0x00,0x00,0x00,0x00,0x00,0x09,0xe0,0x00,0x00,0x00,0x00,0x00,0x00,0x00,0x00,
  0x0f,0x80,0x00,0x00,0x00,0x00,0x00,0x00,0x00,0x00,0x5f,0x20,0x00,0x00,0x00,0x00,0x00,0x00,0x00,0x00,0xbc,0x00,0x00,0x00,
  0x00,0x00,0x00,0x00,0x00,0x01,0xf7,0x00,0x00,0x00,0x00,0x00,0x00,0x00,0x00,0x07,0xf1,0x00,0x00,0x00,0x00,0x00,0x00,0x00,
  0x00,0x0d,0xb0,0x00,0x00,0x00,0x00,0x20,0x00,0x00,0x00,0x3f,0x50,0x00,0x00,0x01,0x7c,0xf5,0x00,0x00,0x00,0x9f,0x00,0x00,
  0x00,0x0f,0xdf,0xfb,0x00,0x00,0x00,0xfa,0x00,0x00,0x00,0x01,0x09,0xff,0x10,0x00,0x05,0xf4,0x00,0x00,0x00,0x00,0x04,0xff,
  0x60,0x00,0x0b,0xe0,0x00,0x00,0x00,0x00,0x00,0xef,0xc0,0x00,0x1f,0x80,0x00,0x00,0x00,0x00,0x00,0x8f,0xf2,0x00,0x7f,0x20,
  0x00,0x00,0x00,0x00,0x00,0x3f,0xf8,0x00,0xdd,0x00,0x00,0x00,0x00,0x00,0x00,0x0d,0xfd,0x03,0xf7,0x00,0x00,0x00,0x00,0x00,
  0x00,0x08,0xff,0x39,0xf1,0x00,0x00,0x00,0x00,0x00,0x00,0x02,0xff,0x9f,0xb0,0x00,0x00,0x00,0x00,0x00,0x00,0x00,0xcf,0xff,
  0x50,0x00,0x00,0x00,0x00,0x00,0x00,0x00,0x7f,0xff,0x00,0x00,0x00,0x00,0x00,0x00,0x00,0x00,0x1f,0xfa,0x00,0x00,0x00,0x00,
  0x00,0x00,0x00,0x00,0x0c,0xf4,0x00,0x00,0x00,0x00,0x00,0x00,0x00,0x00,0x06,0xe0,0x00,0x00,0x00,0x00,0x00,0x00,0x00,0x00,
  0x0f,0xff,0x10,0x00,0x00,0x00,0x00,0x00,0x00,0x0f,0xff,0x10,0x00,0x00,0x00,0x00,0x00,0x00,0x0f,0xff,0x10,0x00,0x00,0x00,
  0x00,0x00,0x00,0x0f,0xff,0x10,0x00,0x00,0x00,0x00,0x00,0x00,0x00,0x00,0x00,0x00,0x00,0x00,0x00,0x00,0x00,0x00,0x00,0x00,
  0x00,0x00,0x00,0x00,0x00,0x00,0x00,0x00,0x00,0x00,0x00,0x00,0x00,0x00,0x00,0x00,0x00,0x00,0x00,0x00,0x00,0x00,0x00,0x00,
  0x00,0x00,0x00,0x00,0x00,0x00,0x00,0x00,0x00,0x00,0x00,0x00,0x00,0x00,0x00,0x00,0x00,0x00,0x00,0x00,0x00,0x00,0x00,0x00,
  0x00,0x00,0x00,0x00,0x00,0x00,0x00,0x00,0x00,0x3f,0xfd,0x00,0x00,0x00,0x00,0x0c,0xff,0x50,0x3f,0xfd,0x00,0x00,0x00,0x00,
  0x0c,0xff,0x50,0x3f,0xfd,0x00,0x00,0x00,0x00,0x0c,0xff,0x50,0x3f,0xfd,0x00,0x00,0x00,0x00,0x0c,0xff,0x50,0x3f,0xfd,0x00,
  0x00,0x00,0x00,0x0c,0xff,0x50,0x3f,0xfd,0x00,0x00,0x00,0x00,0x0c,0xff,0x50,0x3f,0xfd,0x00,0x00,0x00,0x00,0x0c,0xff,0x50,
  0x3f,0xfd,0x00,0x00,0x00,0x00,0x0c,0xff,0x50,0x00,0x00,0x00,0x00,0x00,0x00,0x00,0x00,0x00,0x00,0x00,0x00,0x00,0x00,0x00,
  0x00,0x00,0x00,0x00,0x00,0x00,0x00,0x00,0x00,0x00,0x00,0x00,0x00,0x00,0x00,0x00,0x00,0x00,0x00,0x00,0x00,0x00,0x00,0x00,
  0x00,0x00,0x00,0x00,0x00,0x00,0x00,0x00,0x00,0x00,0x00,0x00,0x00,0x00,0x00,0x00,0x00,0x00,0x00,0x00,0x00,0x00,0x00,0x00,
  0x00,0x00,0x00,0x00,0x00,0x00,0x00,0x00,0x00,0x00,0x00,0x00,0x0f,0xff,0x10,0x00,0x00,0x00,0x00,0x00,0x00,0x0f,0xff,0x10,
  0x00,0x00,0x00,0x00,0x00,0x00,0x0f,0xff,0x10,0x00,0x00,0x00,0x00,0x00,0x00,0x0f,0xff,0x10,0x00,0x00,0x00,0x00,0x00,0x00,
  0x0d,0x20,0x00,0x00,0x00,0x1f,0x30,0x00,0x00,0x00,0x1f,0x30,0x00,0x00,0x00,0x1f,0x30,0x00,0x00,0x00,0x1f,0x30,0x00,0x00,
  0x00,0x1f,0x30,0x00,0x00,0x00,0x1f,0x30,0x00,0x00,0x00,0x1f,0x30,0x00,0x00,0x00,0x1f,0x30,0x00,0x00,0x00,0x1f,0x30,0x00,
  0x00,0x00,0x1f,0x30,0x00,0x00,0x00,0x1f,0x30,0x00,0x00,0x00,0x1f,0x30,0x00,0x00,0x00,0x1f,0x30,0x00,0x00,0x00,0x1f,0x30,
  0x00,0x00,0x00,0x1f,0x30,0x00,0x00,0x00,0x1f,0x30,0x00,0x47,0x84,0x1f,0x30,0x1d,0xff,0xff,0xdf,0x30,0x6f,0xff,0xff,0xff,
  0x10,0x4f,0xff,0xff,0xfc,0x00,0x07,0xef,0xff,0xa1,0x00,0x00,0x01,0x20,0x00,0x00,0x00,0x00,0x00,0xa7,0x30,0x00,0x00,0x00,
  0x00,0x00,0x00,0x00,0xef,0xfe,0x95,0x00,0x00,0x00,0x00,0x00,0x00,0xef,0xff,0xff,0xfb,0x72,0x00,0x00,0x00,0x00,0xec,0xff,
  0xff,0xff,0xff,0x50,0x00,0x00,0x00,0xe3,0x04,0x9e,0xff,0xff,0x60,0x00,0x00,0x00,0xe3,0x00,0x00,0x38,0xdf,0x60,0x00,0x00,
  0x00,0xe3,0x00,0x00,0x00,0x0b,0x60,0x00,0x00,0x00,0xe3,0x00,0x00,0x00,0x0b,0x60,0x00,0x00,0x00,0xe3,0x00,0x00,0x00,0x0b,
  0x60,0x00,0x00,0x00,0xe3,0x00,0x00,0x00,0x0b,0x60,0x00,0x00,0x00,0xe3,0x00,0x00,0x00,0x0b,0x60,0x00,0x00,0x00,0xe3,0x00,
  0x00,0x00,0x0b,0x60,0x00,0x00,0x00,0xe3,0x00,0x00,0x00,0x0b,0x60,0x00,0x00,0x00,0xe3,0x00,0x00,0x00,0x0b,0x60,0x00,0x00,
  0x00,0xe3,0x00,0x00,0x00,0x0b,0x60,0x00,0x00,0x00,0xe3,0x00,0x00,0x00,0x0b,0x60,0x00,0x00,0x00,0xe3,0x00,0x00,0x00,0x0b,
  0x60,0x01,0x69,0x71,0xe3,0x00,0x00,0x00,0x0b,0x60,0x1e,0xff,0xfe,0xf3,0x00,0x00,0x00,0x0b,0x60,0x6f,0xff,0xff,0xf2,0x00,
  0x00,0x00,0x0b,0x60,0x5f,0xff,0xff,0xd0,0x00,0x06,0x97,0x2b,0x60,0x09,0xff,0xfb,0x20,0x01,0xef,0xff,0xff,0x60,0x00,0x01,
  0x00,0x00,0x04,0xff,0xff,0xff,0x50,0x00,0x00,0x00,0x00,0x02,0xff,0xff,0xfe,0x10,0x00,0x00,0x00,0x00,0x00,0x6e,0xff,0xb2,
  0x00,0x00,0x00,0x00,0x00,0x00,0x00,0x00,0x00,0x00,0x00,0x00,0x00,0x00,0x00,0x00,0x00,0x00,0x18,0x88,0x75,0x10,0x00,0x00,
  0x00,0x00,0x00,0x00,0x00,0x00,0x00,0x07,0xbf,0xff,0xfc,0x40,0x00,0x00,0x00,0x00,0x00,0x00,0x00,0x00,0x00,0x02,0xff,0xff,
  0xe2,0x00,0x00,0x00,0x00,0x00,0x00,0x00,0x00,0x00,0x07,0xff,0xc0,0x00,0x00,0x00,0x00,0x00,0x00,0x00,0x00,0x00,0x00,0x8f,
  0xfc,0x00,0x00,0x00,0x00,0x00,0x00,0x00,0x00,0x00,0x00,0x09,0xff,0xc0,0x00,0x00,0x00,0x00,0x00,0x00,0x00,0x00,0x00,0x00,
  0x9f,0xfc,0x00,0x00,0x00,0x00,0x00,0x00,0x00,0x00,0x00,0x00,0x09,0xff,0xc0,0x00,0x00,0x00,0x00,0x00,0x01,0x94,0x00,0x00,
  0x00,0x8f,0xfc,0x00,0x00,0x00,0x00,0x00,0x00,0x00,0x3d,0xd6,0x00,0x06,0xff,0xc0,0x00,0x00,0x00,0x00,0x00,0x00,0x00,0x00,
  0x8f,0xd4,0x3f,0xfe,0x10,0x00,0x00,0x00,0x00,0x00,0x00,0x00,0x00,0x05,0xff,0xff,0xf3,0x00,0x00,0x00,0x00,0x00,0x00,0x00,
  0x00,0x00,0x00,0x4f,0xff,0x80,0x00,0x00,0x00,0x00,0x00,0x00,0x00,0x00,0x00,0x00,0x7f,0xff,0xf3,0x00,0x00,0x00,0x00,0x00,
  0x00,0x00,0x00,0x00,0x02,0xff,0xff,0xff,0x40,0x00,0x00,0x00,0x00,0x00,0x00,0x00,0x00,0x0c,0xff,0x23,0xff,0xf4,0x00,0x00,
  0x00,0x00,0x00,0x00,0x00,0x00,0x6f,0xf7,0x00,0x5f,0xff,0x30,0x00,0x00,0x00,0x00,0x00,0x00,0x00,0xef,0xc0,0x00,0x09,0xff,
  0xe1,0x00,0x00,0x00,0x00,0x00,0x00,0x08,0xff,0x20,0x00,0x01,0xff,0xfb,0x00,0x00,0x00,0x00,0x00,0x00,0x1f,0xf8,0x00,0x00,
  0x00,0x8f,0xff,0x30,0x00,0x00,0x53,0x00,0x00,0x8f,0xe1,0x00,0x00,0x00,0x2f,0xff,0x80,0x00,0x00,0x2e,0x30,0x01,0xff,0x70,
  0x00,0x00,0x00,0x0c,0xff,0x80,0x00,0x00,0x07,0xf2,0x0c,0xfe,0x00,0x00,0x00,0x00,0x04,0xff,0x50,0x00,0x00,0x00,0xef,0xff,
  0xf6,0x00,0x00,0x00,0x00,0x00,0x34,0x00,0x00,0x00,0x00,0x8f,0xff,0xe0,0x00,0x00,0x00,0x00,0x00,0x00,0x00,0x00,0x00,0x00,
  0x3f,0xff,0x80,0x00,0x00,0x00,0x00,0x00,0x00,0x00,0x00,0x00,0x00,0x3f,0xff,0x10,0x00,0x00,0x00,0x00,0x00,0x00,0x00,0x00,
  0x00,0x00,0x5f,0xf7,0x00,0x00,0x00,0x00,0x00,0x00,0x00,0x00,0x00,0x00,0x00,0x07,0x60,0x00,0x00,0x00,0x00,0x00,0x00,0x00,
  0x00,0x00,0x00,0x01,0x8d,0xff,0xc5,0x00,0x1d,0xe5,0x12,0x9f,0x80,0x9f,0x50,0x00,0x0c,0xf2,0xdf,0x00,0x00,0x06,0xf6,0xed,
  0x00,0x00,0x04,0xf8,0xdf,0x00,0x00,0x06,0xf6,0x9f,0x40,0x00,0x0c,0xf2,0x1d,0xe5,0x02,0x9f,0x80,0x01,0x9d,0xff,0xc5,0x00,
  0x00,0x00,0x22,0x00,0x00,0x02,0xbf,0xff,0xe7,0x00,0x1e,0xf6,0x23,0xbf,0x90,0x9f,0x60,0x00,0x0c,0xf2,0xdf,0x00,0x00,0x06,
  0xf6,0x98,0x00,0x00,0x03,0xa5,0x6f,0x40,0x00,0x06,0xf4,0x6f,0x50,0x00,0x07,0xf4,0x6f,0x50,0x00,0x07,0xf4,0x6f,0x50,0x00,
  0x07,0xf4,0x6f,0x50,0x00,0x07,0xf4,0x6f,0x50,0x00,0x07,0xf4,0x4f,0x70,0x00,0x0b,0xf4,0x1f,0xd2,0x00,0x8f,0xf4,0x05,0xff,
  0xef,0xc8,0xf4,0x00,0x15,0x64,0x01,0x30,0x3f,0x80,0x00,0x00,0x6f,0x60,0x0d,0xe0,0x00,0x00,0xcf,0x00,0x06,0xf6,0x00,0x03,
  0xf9,0x00,0x00,0xed,0x00,0x0a,0xf2,0x00,0x00,0x8f,0x30,0x1f,0xb0,0x00,0x00,0x2f,0xa0,0x7f,0x50,0x00,0x00,0x0b,0xf1,0xee,
  0x00,0x00,0x00,0x04,0xfc,0xf7,0x00,0x00,0x00,0x00,0xdf,0xf1,0x00,0x00,0x00,0x00,0x23,0x20,0x00,0x00,0x4b,0x50,0x00,0x00,
  0x00,0x00,0x00,0x04,0xb5,0x5f,0x70,0x00,0x00,0x00,0x00,0x00,0x05,0xf7,0x5f,0x70,0x00,0x00,0x00,0x00,0x00,0x05,0xf7,0x5f,
  0x70,0x00,0x00,0x00,0x00,0x00,0x05,0xf7,0x5f,0x70,0x00,0x00,0x00,0x00,0x00,0x05,0xf7,0x5d,0x71,0x00,0x00,0x00,0x00,0x00,
  0x16,0xd6,0x00,0x7f,0x50,0x00,0x00,0x00,0x03,0xf9,0x00,0x00,0x5b,0x63,0x33,0x33,0x33,0x35,0xb7,0x00,0x00,0x00,0x9f,0xff,
  0xff,0xff,0xfb,0x00,0x00,0x00,0x00,0x69,0x99,0x99,0x99,0x97,0x00,0x00,0x00,0x00,0x00,0x00,0x00,0x00,0x00,0x00,0x00,0x27,
  0x30,0x00,0x00,0x67,0x00,0x00,0x02,0x73,0x5f,0x70,0x00,0x00,0xdf,0x00,0x00,0x05,0xf7,0x5f,0x70,0x00,0x00,0xdf,0x00,0x00,
  0x05,0xf7,0x5f,0x70,0x00,0x00,0xdf,0x00,0x00,0x05,0xf7,0x5f,0x70,0x00,0x00,0xdf,0x00,0x00,0x05,0xf7,0x5f,0x70,0x00,0x00,
  0xdf,0x00,0x00,0x05,0xf7,0x5f,0x70,0x00,0x00,0xdf,0x00,0x00,0x05,0xf7,0x5f,0x70,0x00,0x00,0xdf,0x00,0x00,0x05,0xf7,0x4a,
  0x40,0x00,0x00,0x00,0x00,0x00,0x00,0x00,0x00,0x00,0x00,0x03,0xa6,0x4f,0xfe,0x84,0x00,0x00,0x00,0x00,0x00,0x00,0x00,0x00,
  0x38,0xdf,0xf6,0x04,0xbf,0xff,0xfb,0x86,0x32,0x10,0x01,0x23,0x58,0xbf,0xff,0xfb,0x50,0x00,0x01,0x6b,0xff,0xff,0xff,0xff,
  0xff,0xff,0xff,0xff,0xb7,0x20,0x00,0x00,0x00,0x00,0x04,0x79,0xcd,0xef,0xfe,0xdc,0x97,0x40,0x00,0x00,0x00,0x00,0x00,0x00,
  0x00,0x02,0xc6,0x00,0x00,0x00,0x00,0x04,0xf7,0x00,0x00,0x00,0x00,0x06,0xf5,0x00,0x00,0x00,0x00,0x0b,0xf1,0x00,0x00,0x00,
  0x00,0x2f,0xc0,0x00,0x00,0x00,0x00,0xaf,0x50,0x00,0x00,0x00,0x06,0xfb,0x00,0x00,0x00,0x00,0x7f,0xe1,0x00,0x00,0x00,0x2b,
  0xfd,0x20,0x00,0x01,0x5a,0xff,0xa1,0x00,0x00,0xef,0xff,0xc4,0x00,0x00,0x00,0xaa,0x72,0x00,0x00,0x00,0x00,0xba,0x00,0x00,
  0x00,0x00,0x00,0xde,0x00,0x00,0x00,0x00,0x00,0xbf,0x00,0x00,0x00,0x00,0x00,0x7f,0x50,0x00,0x00,0x00,0x00,0x2f,0xb0,0x00,
  0x00,0x00,0x00,0x0b,0xf4,0x00,0x00,0x00,0x00,0x02,0xfe,0x20,0x00,0x00,0x00,0x00,0x5f,0xe3,0x00,0x00,0x00,0x00,0x06,0xff,
  0x80,0x00,0x00,0x00,0x00,0x3d,0xfe,0x83,0x00,0x00,0x00,0x00,0x7e,0xff,0xf8,0x00,0x00,0x00,0x00,0x48,0xb6,0x00,0x00,0x00,
  0x00,0x08,0xff,0x70,0x00,0x00,0x00,0x00,0x00,0x00,0x00,0x08,0xff,0x70,0x00,0x00,0x00,0x00,0x00,0x00,0x00,0x08,0xff,0x70,
  0x00,0x00,0x00,0x00,0x00,0x00,0x00,0x00,0x00,0x00,0x00,0x00,0x00,0x00,0xdf,0xf2,0x00,0x00,0x00,0x00,0x00,0x00,0x00,0x00,
  0xdf,0xf2,0x00,0x00,0x00,0x00,0x00,0x02,0xa1,0x00,0xdf,0xf2,0x00,0x00,0x00,0x00,0x02,0xaf,0xf2,0x00,0x00,0x00,0x00,0x00,
  0x00,0x02,0xaf,0xff,0xf2,0x00,0x00,0x00,0x00,0x00,0x02,0xaf,0xff,0xff,0xf2,0x00,0x00,0x00,0x00,0x02,0x9f,0xff,0xfa,0x7f,
  0xf2,0x00,0x00,0x00,0x01,0x9f,0xff,0xfa,0x20,0x5f,0xf2,0x00,0x00,0x01,0x9f,0xff,0xfa,0x20,0x00,0x5f,0xf2,0x00,0x01,0x9f,
  0xff,0xfb,0x20,0x00,0x00,0x5f,0xf2,0x01,0x8f,0xff,0xfb,0x30,0x00,0x00,0x00,0x5f,0xf2,0x2f,0xff,0xfb,0x30,0x00,0x00,0x00,
  0x00,0x5f,0xf2,0x4f,0xfb,0x30,0x00,0x00,0x00,0x00,0x00,0x5f,0xf2,0x4f,0xfb,0x30,0x00,0x00,0x00,0x00,0x00,0x5f,0xf2,0x3f,
  0xff,0xfb,0x30,0x00,0x00,0x00,0x00,0x5f,0xf2,0x01,0x9f,0xff,0xfb,0x20,0x00,0x00,0x00,0x5f,0xf2,0x00,0x01,0x9f,0xff,0xfa,
  0x20,0x00,0x00,0x5f,0xf2,0x00,0x00,0x01,0x9f,0xff,0xfa,0x20,0x00,0x5f,0xf2,0x00,0x00,0x00,0x02,0x9f,0xff,0xf9,0x20,0x5f,
  0xf2,0x00,0x00,0x00,0x00,0x02,0xaf,0xff,0xf9,0x7f,0xf2,0x00,0x00,0x00,0x00,0x00,0x02,0xaf,0xff,0xff,0xf2,0x00,0x00,0x00,
  0x00,0x00,0x00,0x02,0xaf,0xff,0xf2,0x00,0x00,0x00,0x00,0x00,0x00,0x00,0x02,0xaf,0xf2,0x00,0x00,0x00,0x00,0x00,0x00,0x00,
  0x00,0x02,0xa1,0x00,0x00,0x6f,0xf9,0x00,0x00,0x00,0x00,0x00,0x00,0x00,0x00,0x6f,0xf9,0x00,0x00,0x00,0x00,0x00,0x00,0x00,
  0x00,0x6f,0xf9,0x00,0x00,0x00,0x00,0x00,0x00,0x00,0x00,0x00,0x00,0x00,0x00,0x00,0x00,0x00,0x00,0x00,0x00,0x00,0x00,0x00,
  0x00,0x00,0x9f,0xf7,0x00,0x0b,0x30,0x00,0x00,0x00,0x00,0x00,0x9f,0xf7,0x00,0x1f,0xfb,0x30,0x00,0x00,0x00,0x00,0x9f,0xf7,
  0x00,0x1f,0xff,0xfa,0x20,0x00,0x00,0x00,0x00,0x00,0x00,0x1f,0xff,0xff,0xfa,0x20,0x00,0x00,0x00,0x00,0x00,0x1f,0xf8,0x9f,
  0xff,0xfa,0x20,0x00,0x00,0x00,0x00,0x1f,0xf7,0x01,0x9f,0xff,0xfa,0x20,0x00,0x00,0x00,0x1f,0xf7,0x00,0x02,0xaf,0xff,0xfa,
  0x20,0x00,0x00,0x1f,0xf7,0x00,0x00,0x02,0xaf,0xff,0xf9,0x20,0x00,0x1f,0xf7,0x00,0x00,0x00,0x02,0xaf,0xff,0xf9,0x10,0x1f,
  0xf7,0x00,0x00,0x00,0x00,0x02,0xbf,0xff,0xf3,0x1f,0xf7,0x00,0x00,0x00,0x00,0x00,0x03,0xbf,0xf5,0x1f,0xf7,0x00,0x00,0x00,
  0x00,0x00,0x03,0xbf,0xf5,0x1f,0xf7,0x00,0x00,0x00,0x00,0x02,0xaf,0xff,0xf4,0x1f,0xf7,0x00,0x00,0x00,0x02,0xaf,0xff,0xf9,
  0x20,0x1f,0xf7,0x00,0x00,0x02,0xaf,0xff,0xfa,0x20,0x00,0x1f,0xf7,0x00,0x01,0x9f,0xff,0xfa,0x20,0x00,0x00,0x1f,0xf7,0x01,
  0x9f,0xff,0xfa,0x20,0x00,0x00,0x00,0x1f,0xf8,0x8f,0xff,0xfa,0x20,0x00,0x00,0x00,0x00,0x1f,0xff,0xff,0xfa,0x20,0x00,0x00,
  0x00,0x00,0x00,0x1f,0xff,0xfb,0x30,0x00,0x00,0x00,0x00,0x00,0x00,0x1f,0xfb,0x30,0x00,0x00,0x00,0x00,0x00,0x00,0x00,0x0b,
  0x30,0x00,0x00,0x00,0x00,0x00,0x00,0x00,0x00,0x00,0x00,0x00,0x00,0x09,0xb3,0x00,0x00,0x00,0x8f,0x80,0x00,0x00,0x0b,0xfa,
  0x00,0x00,0x02,0xff,0x70,0x00,0x00,0x8f,0xe0,0x00,0x00,0x0c,0xb0,0x00,0x00,0x10,0x00,0x01,0xaf,0xff,0x80,0x0b,0xc2,0x02,
  0xb9,0x0f,0x30,0x00,0x3e,0x0f,0x20,0x00,0x3e,0x0a,0xc3,0x13,0xc9,0x01,0x9e,0xfe,0x80,0x27,0x77,0x4f,0xff,0x4f,0xff,0x4f,
  0xff,0x00,0xe9,0x06,0xf1,0x0d,0x80,0x4f,0x10,0x17,0x77,0x20,0x2f,0xff,0x40,0x1f,0xff,0x20,0x0f,0xff,0x10,0x0e,0xff,0x00,
  0x0d,0xff,0x00,0x0c,0xfe,0x00,0x0b,0xfc,0x00,0x0a,0xfb,0x00,0x09,0xfa,0x00,0x08,0xf9,0x00,0x06,0xf7,0x00,0x05,0xf6,0x00,
  0x04,0xf5,0x00,0x03,0xf4,0x00,0x02,0xf3,0x00,0x00,0x00,0x00,0x03,0x33,0x00,0x0f,0xff,0x20,0x0f,0xff,0x20,0x0f,0xff,0x20,
  0x00,0x02,0x9d,0xff,0xea,0x40,0x00,0x00,0x7f,0xff,0xff,0xff,0xfa,0x00,0x07,0xff,0xc5,0x33,0x6d,0xff,0xb0,0x2f,0xfa,0x00,
  0x00,0x00,0xcf,0xf5,0x8f,0xe1,0x00,0x00,0x00,0x3f,0xfa,0xdf,0x90,0x00,0x00,0x00,0x0f,0xfd,0x26,0x30,0x00,0x00,0x00,0x1f,
  0xfc,0x00,0x00,0x00,0x00,0x00,0x6f,0xf8,0x00,0x00,0x00,0x00,0x04,0xff,0xf1,0x00,0x00,0x00,0x00,0x9f,0xff,0x40,0x00,0x00,
  0x00,0x4e,0xff,0xd3,0x00,0x00,0x00,0x02,0xff,0xf7,0x00,0x00,0x00,0x00,0x07,0xfe,0x10,0x00,0x00,0x00,0x00,0x09,0xf9,0x00,
  0x00,0x00,0x00,0x00,0x09,0xf8,0x00,0x00,0x00,0x00,0x00,0x07,0xc6,0x00,0x00,0x00,0x00,0x00,0x00,0x00,0x00,0x00,0x00,0x00,
  0x00,0x00,0x00,0x00,0x00,0x00,0x00,0x00,0x0f,0xff,0x10,0x00,0x00,0x00,0x00,0x0f,0xff,0x10,0x00,0x00,0x00,0x00,0x0f,0xff,
  0x10,0x00,0x00,0x33,0x31,0xff,0xf5,0xff,0xf5,0xff,0xf5,0x22,0x20,0x00,0x00,0x00,0x00,0x00,0x00,0x00,0x00,0x00,0x00,0x00,
  0x00,0x00,0x00,0x66,0x62,0xff,0xf5,0xff,0xf5,0xff,0xf5,0x13,0x33,0x5f,0xff,0x5f,0xff,0x5f,0xff,0x02,0x22,0x00,0x00,0x00,
  0x00,0x00,0x00,0x00,0x00,0x00,0x00,0x00,0x00,0x00,0x00,0x27,0x77,0x4f,0xff,0x4f,0xff,0x4f,0xff,0x00,0xe9,0x06,0xf1,0x0d,
  0x80,0x4f,0x10,0x00,0x5f,0xb0,0x00,0x5f,0xb0,0x00,0xdf,0x70,0x00,0xdf,0x70,0x06,0xff,0x20,0x05,0xff,0x20,0x0e,0xfe,0x00,
  0x0d,0xfe,0x00,0x6f,0xfa,0x00,0x5f,0xfa,0x00,0x7f,0xfa,0x00,0x7f,0xfa,0x00,0x7f,0xfa,0x00,0x7f,0xfa,0x00,0x04,0xff,0xd0,
  0x04,0xff,0xd0,0x04,0xff,0xd0,0x04,0xff,0xd0,0x04,0xff,0xc0,0x04,0xff,0xc0,0x08,0xff,0x40,0x08,0xff,0x40,0x0c,0xfc,0x00,
  0x0c,0xfc,0x00,0x1f,0xf3,0x00,0x0f,0xf3,0x00,0x5f,0xb0,0x00,0x4f,0xb0,0x00,0x00,0x5f,0xb0,0x00,0xdf,0x70,0x06,0xff,0x20,
  0x0e,0xfe,0x00,0x6f,0xfa,0x00,0x7f,0xfa,0x00,0x7f,0xfa,0x00,0x03,0xff,0xe0,0x03,0xff,0xe0,0x04,0xff,0xc0,0x08,0xff,0x40,
  0x0c,0xfc,0x00,0x0f,0xf4,0x00,0x4f,0xc0,0x00,0x00,0x00,0x00,0x00,0x00,0x00,0x0f,0xff,0xff,0xff,0xff,0x30,0x0f,0x00,0x00,
  0x00,0x00,0x00,0x0f,0x00,0x00,0x00,0x00,0x00,0x0f,0x00,0x00,0x00,0x00,0x00,0x0f,0x00,0x00,0x00,0x00,0x00,0x0f,0x00,0x00,
  0x00,0x00,0x00,0x0f,0x00,0x00,0x00,0x00,0x00,0x0f,0x00,0x00,0x00,0x00,0x00,0x0f,0x00,0x00,0x00,0x00,0x00,0x0f,0x00,0x00,
  0x00,0x00,0x00,0x0f,0x00,0x00,0x00,0x00,0x00,0x0f,0x00,0x00,0x00,0x00,0x00,0x0f,0x00,0x00,0x00,0x00,0x00,0x0f,0x00,0x00,
  0x00,0x00,0x00,0x0f,0x00,0x00,0x00,0x00,0x00,0x00,0x00,0x00,0x00,0x00,0x00,0x00,0x00,0x00,0x00,0x0f,0x00,0x00,0x00,0x00,
  0x00,0x0f,0x00,0x00,0x00,0x00,0x00,0x0f,0x00,0x00,0x00,0x00,0x00,0x0f,0x00,0x00,0x00,0x00,0x00,0x0f,0x00,0x00,0x00,0x00,
  0x00,0x0f,0x00,0x00,0x00,0x00,0x00,0x0f,0x00,0x00,0x00,0x00,0x00,0x0f,0x00,0x00,0x00,0x00,0x00,0x0f,0x00,0x00,0x00,0x00,
  0x00,0x0f,0x00,0x00,0x00,0x00,0x00,0x0f,0x00,0x00,0x00,0x00,0x00,0x0f,0x00,0x00,0x00,0x00,0x00,0x0f,0x00,0x00,0x00,0x00,
  0x00,0x0f,0x00,0x2f,0xff,0xff,0xff,0xff,0x00,0xde,0xee,0xee,0xef,0xd0,0x00,0x00,0x0d,0xd0,0x0e,0xee,0xef,0xd0,0x0d,0x00,
  0x00,0xd0,0x0d,0x00,0x00,0xd0,0x0d,0x00,0x00,0xd0,0x0d,0x00,0x00,0xd0,0x0d,0x00,0x00,0xd0,0x0d,0x00,0x00,0xd0,0x0d,0x00,
  0x00,0xd0,0x0d,0x00,0x00,0xd0,0x0d,0x00,0x00,0xd0,0x0d,0x00,0x00,0xde,0xed,0x00,0x00,0x00,0x00,0x0e,0xee,0x00,0x00,0x0d,
  0x0d,0x00,0x00,0x0d,0x0d,0x00,0x00,0x0d,0x0d,0x00,0x00,0x0d,0x0d,0x00,0x00,0x0d,0x0d,0x00,0x00,0x0d,0x0d,0x00,0x00,0x0d,
  0x0d,0x00,0x00,0x0d,0x0d,0x00,0x00,0x0d,0x0d,0x00,0x00,0x0d,0x0d,0xbd,0xdd,0xdd,0x0d,0xd0,0x00,0x00,0x0d,0xd0,0x00,0x00,
  0x0d,0xbe,0xee,0xee,0xee,0x00,0x00,0x00,0x01,0x00,0x00,0x00,0x00,0x00,0x0e,0x20,0xb1,0x00,0x00,0x00,0x7b,0x06,0xc0,0x00,
  0x00,0x01,0xe2,0x0e,0x30,0x00,0x00,0x09,0x90,0x8a,0x00,0x00,0x00,0x2e,0x11,0xf2,0x00,0x00,0x00,0xb7,0x0a,0x80,0x00,0x00,
  0x04,0xe0,0x3e,0x10,0x00,0x00,0x0d,0x50,0xc7,0x00,0x00,0x00,0x6c,0x04,0xd0,0x00,0x00,0x00,0xe4,0x0d,0x50,0x00,0x00,0x08,
  0xb0,0x6c,0x00,0x00,0x00,0x1f,0x20,0xe3,0x00,0x00,0x00,0x99,0x08,0xa0,0x00,0x00,0x00,0xd5,0x0c,0x60,0x00,0x00,0x00,0x5d,
  0x04,0xe0,0x00,0x00,0x00,0x0c,0x60,0xb7,0x00,0x00,0x00,0x03,0xe0,0x2e,0x10,0x00,0x00,0x00,0xa8,0x09,0x90,0x00,0x00,0x00,
  0x2f,0x11,0xe2,0x00,0x00,0x00,0x08,0xa0,0x7b,0x00,0x00,0x00,0x01,0xe3,0x0e,0x40,0x00,0x00,0x00,0x7b,0x05,0xd0,0x00,0x00,
  0x00,0x0d,0x40,0xc6,0x00,0x00,0x00,0x05,0xd0,0x3e,0x00,0x00,0x00,0x00,0xc6,0x0a,0x80,0x00,0x00,0x00,0x3e,0x02,0xf1,0x00,
  0x00,0x00,0x07,0x10,0x40,0x00,0x00,0x10,0x00,0x00,0x00,0x00,0x0c,0x01,0xe1,0x00,0x00,0x00,0x00,0x0a,0x80,0x9a,0x00,0x00,
  0x00,0x00,0x02,0xf1,0x1e,0x30,0x00,0x00,0x00,0x00,0x9a,0x07,0xc0,0x00,0x00,0x00,0x00,0x1e,0x30,0xd5,0x00,0x00,0x00,0x00,
  0x07,0xc0,0x5d,0x00,0x00,0x00,0x00,0x00,0xd5,0x0c,0x60,0x00,0x00,0x00,0x00,0x5d,0x03,0xe1,0x00,0x00,0x00,0x00,0x0c,0x60,
  0xa8,0x00,0x00,0x00,0x00,0x03,0xe1,0x2f,0x20,0x00,0x00,0x00,0x00,0xa8,0x08,0xa0,0x00,0x00,0x00,0x00,0x2f,0x21,0xe3,0x00,
  0x00,0x00,0x00,0x08,0xa0,0x6c,0x00,0x00,0x00,0x00,0x04,0xe0,0x3f,0x00,0x00,0x00,0x00,0x0d,0x60,0xb7,0x00,0x00,0x00,0x00,
  0x6d,0x04,0xe0,0x00,0x00,0x00,0x00,0xe4,0x0d,0x60,0x00,0x00,0x00,0x07,0xb0,0x6c,0x00,0x00,0x00,0x00,0x1f,0x20,0xe4,0x00,
  0x00,0x00,0x00,0x99,0x08,0xb0,0x00,0x00,0x00,0x02,0xe1,0x1f,0x20,0x00,0x00,0x00,0x0b,0x70,0x99,0x00,0x00,0x00,0x00,0x4e,
  0x02,0xe1,0x00,0x00,0x00,0x00,0xd5,0x0b,0x70,0x00,0x00,0x00,0x06,0xc0,0x4e,0x00,0x00,0x00,0x00,0x0e,0x40,0xd5,0x00,0x00,
  0x00,0x00,0x04,0x00,0x80,0x00,0x00,0x00,0x00,0x15,0x55,0x55,0x55,0x00,0x3f,0xff,0xff,0xfb,0x00,0x3f,0xff,0xff,0xf2,0x00,
  0x3f,0xff,0xff,0x90,0x00,0x3f,0xff,0xff,0x20,0x00,0x3f,0xff,0xfb,0x00,0x00,0x3f,0xff,0xf5,0x00,0x00,0x3f,0xff,0xf0,0x00,
  0x00,0x3f,0xff,0xc0,0x00,0x00,0x3f,0xff,0x80,0x00,0x00,0x3f,0xff,0x60,0x00,0x00,0x3f,0xff,0x30,0x00,0x00,0x3f,0xff,0x20,
  0x00,0x00,0x3f,0xff,0x10,0x00,0x00,0x3f,0xff,0x00,0x00,0x00,0x3f,0xff,0x00,0x00,0x00,0x3f,0xff,0x10,0x00,0x00,0x3f,0xff,
  0x20,0x00,0x00,0x3f,0xff,0x40,0x00,0x00,0x3f,0xff,0x70,0x00,0x00,0x3f,0xff,0xa0,0x00,0x00,0x3f,0xff,0xe0,0x00,0x00,0x3f,
  0xff,0xf2,0x00,0x00,0x3f,0xff,0xf8,0x00,0x00,0x3f,0xff,0xfd,0x00,0x00,0x3f,0xff,0xff,0x40,0x00,0x3f,0xff,0xff,0xc0,0x00,
  0x3f,0xff,0xff,0xf5,0x00,0x3f,0xff,0xff,0xfe,0x00,0x05,0x55,0x55,0x55,0x10,0x0b,0xff,0xff,0xff,0x30,0x02,0xff,0xff,0xff,
  0x30,0x00,0x9f,0xff,0xff,0x30,0x00,0x2f,0xff,0xff,0x30,0x00,0x0b,0xff,0xff,0x30,0x00,0x05,0xff,0xff,0x30,0x00,0x00,0xff,
  0xff,0x30,0x00,0x00,0xcf,0xff,0x30,0x00,0x00,0x8f,0xff,0x30,0x00,0x00,0x5f,0xff,0x30,0x00,0x00,0x3f,0xff,0x30,0x00,0x00,
  0x1f,0xff,0x30,0x00,0x00,0x0f,0xff,0x30,0x00,0x00,0x0f,0xff,0x30,0x00,0x00,0x0f,0xff,0x30,0x00,0x00,0x0f,0xff,0x30,0x00,
  0x00,0x2f,0xff,0x30,0x00,0x00,0x4f,0xff,0x30,0x00,0x00,0x6f,0xff,0x30,0x00,0x00,0x9f,0xff,0x30,0x00,0x00,0xdf,0xff,0x30,
  0x00,0x02,0xff,0xff,0x30,0x00,0x07,0xff,0xff,0x30,0x00,0x0d,0xff,0xff,0x30,0x00,0x4f,0xff,0xff,0x30,0x00,0xcf,0xff,0xff,
  0x30,0x04,0xff,0xff,0xff,0x30,0x0d,0xff,0xff,0xff,0x30,
};

static const kb_glyph_t face30_glyphs[] = {
  {0x00020,0,0,0,0,10,0},
  {0x00021,4,22,4,-22,12,0},
  {0x00022,9,8,2,-22,14,44},
  {0x00023,21,22,2,-22,25,84},
  {0x00024,15,26,2,-22,19,326},
  {0x00025,26,22,1,-22,28,534},
  {0x00026,22,22,1,-22,23,820},
  {0x00027,4,8,2,-22,8,1062},
  {0x00028,8,27,2,-23,12,1078},
  {0x00029,8,27,2,-23,12,1186},
  {0x0002a,15,14,0,-22,15,1294},
  {0x0002b,19,18,3,-18,25,1406},
  {0x0002c,5,7,2,-4,10,1586},
  {0x0002d,9,2,1,-9,11,1607},
  {0x0002e,4,4,3,-4,10,1617},
  {0x0002f,11,25,0,-22,10,1625},
  {0x00030,16,22,2,-22,19,1775},
  {0x00031,14,22,3,-22,19,1951},
  {0x00032,15,22,2,-22,19,2105},
  {0x00033,15,22,2,-22,19,2281},
  {0x00034,17,22,1,-22,19,2457},
  {0x00035,15,22,2,-22,19,2655},
  {0x00036,16,22,2,-22,19,2831},
  {0x00037,15,22,2,-22,19,3007},
  {0x00038,16,22,2,-22,19,3183},
  {0x00039,16,22,1,-22,19,3359},
  {0x0003a,4,16,3,-16,10,3535},
  {0x0003b,5,19,2,-16,10,3567},
  {0x0003c,19,16,3,-17,25,3624},
  {0x0003d,19,8,3,-14,25,3784},
  {0x0003e,19,16,3,-17,25,3864},
  {0x0003f,12,22,2,-22,16,4024},
  {0x00040,26,26,2,-21,30,4156},
  {0x00041,21,22,0,-22,21,4494},
  {0x00042,17,22,2,-22,21,4736},
  {0x00043,19,22,1,-22,21,4934},
  {0x00044,20,22,2,-22,23,5154},
  {0x00045,16,22,2,-22,19,5374},
  {0x00046,14,22,2,-22,17,5550},
  {0x00047,20,22,1,-22,23,5704},
  {0x00048,18,22,2,-22,23,5924},
  {0x00049,4,22,2,-22,9,6122},
  {0x0004a,8,28,-2,-22,9,6166},
  {0x0004b,19,22,2,-22,20,6278},
  {0x0004c,15,22,2,-22,17,6498},
  {0x0004d,21,22,2,-22,26,6674},
  {0x0004e,18,22,2,-22,22,6916},
  {0x0004f,21,22,1,-22,24,7114},
  {0x00050,16,22,2,-22,18,7356},
  {0x00051,21,26,1,-22,24,7532},
  {0x00052,18,22,2,-22,21,7818},
  {0x00053,16,22,2,-22,19,8016},
  {0x00054,20,22,-1,-22,18,8192},
  {0x00055,18,22,2,-22,22,8412},
  {0x00056,21,22,0,-22,21,8610},
  {0x00057,28,22,1,-22,30,8852},
  {0x00058,20,22,0,-22,21,9160},
  {0x00059,19,22,0,-22,18,9380},
  {0x0005a,19,22,1,-22,21,9600},
  {0x0005b,7,27,2,-23,12,9820},
  {0x0005c,11,25,0,-22,10,9928},
  {0x0005d,8,27,2,-23,12,10078},
  {0x0005e,19,8,3,-22,25,10186},
  {0x0005f,17,3,-1,4,15,10266},
  {0x00060,8,6,2,-24,15,10293},
  {0x00061,15,16,1,-16,18,10317},
  {0x00062,16,23,2,-23,19,10445},
  {0x00063,14,16,1,-16,16,10629},
  {0x00064,16,23,1,-23,19,10741},
  {0x00065,16,16,1,-16,18,10925},
  {0x00066,12,23,0,-23,11,11053},
  {0x00067,16,22,1,-16,19,11191},
  {0x00068,15,23,2,-23,19,11367},
  {0x00069,4,23,2,-23,8,11551},
  {0x0006a,7,29,-1,-23,8,11597},
  {0x0006b,16,23,2,-23,17,11713},
  {0x0006c,4,23,2,-23,8,11897},
  {0x0006d,25,16,2,-16,29,11943},
  {0x0006e,15,16,2,-16,19,12151},
  {0x0006f,16,16,1,-16,18,12279},
  {0x00070,16,22,2,-16,19,12407},
  {0x00071,16,22,1,-16,19,12583},
  {0x00072,11,16,2,-16,12,12759},
  {0x00073,14,16,1,-16,16,12855},
  {0x00074,12,21,0,-21,12,12967},
  {0x00075,15,16,2,-16,19,13093},
  {0x00076,17,16,0,-16,18,13221},
  {0x00077,23,16,1,-16,25,13365},
  {0x00078,17,16,0,-16,18,13557},
  {0x00079,17,22,0,-16,18,13701},
  {0x0007a,14,16,1,-16,16,13899},
  {0x0007b,13,28,3,-23,19,14011},
  {0x0007c,4,30,3,-23,10,14207},
  {0x0007d,13,28,3,-23,19,14267},
  {0x0007e,19,6,3,-12,25,14463},
  {0x000ac,19,8,3,-13,25,17170},
  {0x000b0,11,9,2,-22,15,15406},
  {0x000b1,19,19,3,-19,25,40645},
  {0x000b4,8,6,5,-24,15,15367},
  {0x000b7,4,4,3,-12,10,23337},
  {0x002c6,11,6,2,-24,15,23261},
  {0x002c7,11,6,2,-24,15,20769},
  {0x002ca,8,6,5,-24,15,19110},
  {0x002cb,8,6,2,-24,15,19134},
  {0x002d8,11,4,2,-24,15,15460},
  {0x002d9,3,3,6,-23,15,17295},
  {0x002da,9,8,3,-26,15,23297},
  {0x003a9,21,22,1,-22,23,21215},
  {0x003b1,18,16,1,-16,20,37736},
  {0x003b2,15,29,2,-23,19,37880},
  {0x003b3,17,22,0,-16,18,38112},
  {0x003b4,16,23,1,-23,18,38310},
  {0x003b5,14,16,1,-16,16,21478},
  {0x003b8,16,23,1,-23,18,38494},
  {0x003bb,17,23,0,-23,18,38678},
  {0x003bc,17,22,2,-16,19,38885},
  {0x003c0,17,16,1,-16,18,39083},
  {0x003c3,18,16,1,-16,19,39227},
  {0x003c4,16,16,1,-16,18,39371},
  {0x003c6,18,22,1,-16,20,39499},
  {0x003c8,18,22,1,-16,20,39697},
  {0x003c9,23,16,1,-16,25,15175},
  {0x00414,21,27,1,-22,23,18693},
  {0x00422,20,22,-1,-22,18,20019},
  {0x00e51,13,14,1,-14,15,24958},
  {0x010e6,22,24,1,-17,24,32242},
  {0x01416,20,27,2,-27,23,42939},
  {0x0141b,20,27,1,-27,23,42669},
  {0x015dc,20,17,5,-17,30,23345},
  {0x01d17,16,10,1,-9,18,21630},
  {0x01d25,14,17,0,-17,15,23931},
  {0x01d52,10,9,1,-19,12,42099},
  {0x01d54,10,6,1,-20,12,42144},
  {0x01d55,10,6,1,-15,12,15484},
  {0x01d58,10,10,1,-19,12,42174},
  {0x01d5b,11,10,0,-19,13,42224},
  {0x02014,28,3,1,-9,30,14523},
  {0x02018,5,7,2,-22,10,43647},
  {0x02019,5,7,2,-22,10,43668},
  {0x0201c,11,7,2,-22,16,43563},
  {0x0201d,11,7,2,-22,16,43605},
  {0x02022,10,9,4,-15,18,17250},
  {0x02026,24,4,3,-4,30,21847},
  {0x0203f,28,5,-2,2,24,42455},
  {0x02200,21,22,0,-22,21,14933},
  {0x02207,22,22,-1,-22,20,20527},
  {0x02211,20,28,0,-22,20,32506},
  {0x0221a,20,25,0,-24,19,40835},
  {0x0221e,19,12,3,-15,25,39895},
  {0x02220,22,22,2,-22,27,31640},
  {0x02229,16,18,3,-18,22,25406},
  {0x0222a,16,18,3,-18,22,25550},
  {0x02234,17,16,1,-18,19,41085},
  {0x02235,17,16,1,-18,19,41229},
  {0x02248,19,11,3,-15,25,40015},
  {0x02260,19,18,3,-19,25,40125},
  {0x02261,19,12,3,-15,25,18990},
  {0x02264,19,17,3,-17,25,40305},
  {0x02265,19,17,3,-17,25,40475},
  {0x02266,19,23,3,-20,25,15744},
  {0x02267,19,23,3,-20,25,15514},
  {0x02299,21,21,2,-20,25,30172},
  {0x02312,26,5,2,-24,30,21710},
  {0x02500,20,3,-1,-12,18,34064},
  {0x02501,20,6,-1,-13,18,34788},
  {0x02502,4,37,7,-29,18,34094},
  {0x0250c,12,20,7,-12,18,33584},
  {0x02510,12,20,-1,-12,18,33704},
  {0x02514,12,20,7,-29,18,33824},
  {0x02518,12,20,-1,-29,18,33944},
  {0x0252c,20,20,-1,-12,18,34168},
  {0x02534,20,20,-1,-29,18,34368},
  {0x0253b,20,22,-1,-29,18,34568},
  {0x02565,20,20,-1,-12,18,16970},
  {0x0256d,12,20,7,-12,18,35088},
  {0x0256e,12,20,-1,-12,18,35208},
  {0x0256f,12,20,-1,-29,18,34848},
  {0x02570,12,20,7,-29,18,34968},
  {0x02594,25,6,-1,-29,23,20805},
  {0x025a1,24,24,2,-20,28,18405},
  {0x025b3,23,24,0,-20,23,23643},
  {0x025bd,23,24,0,-20,23,20239},
  {0x025bf,15,16,0,-16,15,23515},
  {0x025c6,23,24,0,-20,23,25982},
  {0x025c7,23,24,0,-20,23,25694},
  {0x025c9,24,24,1,-20,26,24206},
  {0x025cb,24,24,1,-20,26,15974},
  {0x025cf,24,23,1,-19,26,16262},
  {0x025d4,24,24,1,-20,26,24494},
  {0x025d5,24,24,1,-20,26,16538},
  {0x025de,12,12,0,-8,12,42525},
  {0x025df,12,12,0,-8,12,42597},
  {0x025e0,24,13,1,-20,26,24050},
  {0x025e1,24,12,1,-8,26,16826},
  {0x02600,23,22,2,-22,27,27338},
  {0x02601,28,12,1,-11,30,27602},
  {0x02602,25,22,1,-22,27,27770},
  {0x02603,23,28,2,-28,27,28056},
  {0x02605,23,23,2,-22,27,17865},
  {0x02606,23,23,2,-22,27,17589},
  {0x0261c,23,15,2,-18,27,31882},
  {0x0261d,15,22,2,-22,18,36676},
  {0x0261e,23,15,2,-18,27,32062},
  {0x0263a,27,28,2,-25,31,28645},
  {0x0263b,27,28,2,-25,31,29037},
  {0x02640,18,26,2,-22,22,36028},
  {0x02642,23,23,2,-22,27,36262},
  {0x02661,23,22,2,-22,27,14669},
  {0x02665,23,22,2,-22,27,26270},
  {0x02668,21,23,3,-22,27,28392},
  {0x02669,9,23,2,-22,14,41373},
  {0x0266a,15,23,2,-22,19,18141},
  {0x0266b,17,26,5,-22,27,41488},
  {0x0266c,23,23,2,-22,27,26534},
  {0x0270c,11,23,6,-23,25,36538},
  {0x02713,16,17,4,-19,25,29429},
  {0x02714,19,17,3,-19,25,29565},
  {0x02717,18,23,3,-22,25,29735},
  {0x02718,20,23,3,-23,25,29942},
  {0x02727,23,24,1,-23,25,17301},
  {0x02729,25,24,0,-23,25,35716},
  {0x0273f,23,22,1,-22,25,26810},
  {0x02740,23,22,1,-22,25,27074},
  {0x03001,7,7,2,-3,30,43209},
  {0x03002,8,7,2,-4,30,43237},
  {0x03003,12,15,9,-18,30,21125},
  {0x03006,26,29,2,-25,30,41722},
  {0x03007,26,26,2,-24,30,30839},
  {0x0300a,12,28,17,-25,30,43997},
  {0x0300b,13,28,1,-25,30,44165},
  {0x0300c,11,17,17,-25,30,43689},
  {0x0300d,11,15,2,-12,30,43791},
  {0x0300e,8,14,18,-24,30,43881},
  {0x0300f,8,15,3,-12,30,43937},
  {0x03010,9,29,18,-26,30,44361},
  {0x03011,9,29,3,-26,30,44506},
  {0x03012,21,22,1,-21,30,36852},
  {0x0301c,28,9,1,-16,30,30403},
  {0x03078,30,14,0,-15,31,31430},
  {0x0309b,8,7,21,-23,31,31177},
  {0x0309c,6,7,22,-25,31,21457},
  {0x030ce,22,25,3,-22,31,19744},
  {0x030d8,30,15,0,-17,31,31205},
  {0x030df,15,24,7,-21,31,37094},
  {0x030ee,18,20,6,-14,31,19564},
  {0x030fb,5,5,13,-13,30,15391},
  {0x030fd,15,15,8,-18,30,30529},
  {0x030fe,20,19,8,-22,30,30649},
  {0x03141,18,15,6,-18,30,25231},
  {0x03145,22,16,4,-19,30,24782},
  {0x051f8,27,28,1,-24,30,33192},
  {0x05c6e,27,29,1,-25,30,32786},
  {0x05f61,29,30,0,-25,30,37286},
  {0x076ca,28,29,1,-25,30,19158},
  {0x0a20d,18,19,5,-19,30,42284},
  {0x0a4b3,18,8,5,-19,30,21775},
  {0x0fe35,26,8,1,-9,30,14565},
  {0x0fe36,26,9,1,-18,30,23040},
  {0x0fe39,26,8,1,-9,30,35328},
  {0x0fe3a,26,8,1,-17,30,35432},
  {0x0fe3f,26,8,1,-9,30,23157},
  {0x0fe40,26,9,1,-18,30,35536},
  {0x0ff01,5,21,12,-21,30,43281},
  {0x0ff08,7,26,19,-21,30,21895},
  {0x0ff09,7,27,4,-21,30,21999},
  {0x0ff0c,4,8,13,-4,30,43265},
  {0x0ff0f,25,27,1,-21,30,22347},
  {0x0ff1a,4,16,13,-16,30,43491},
  {0x0ff1b,4,20,13,-16,30,43523},
  {0x0ff1c,16,15,7,-16,30,22107},
  {0x0ff1e,16,15,7,-16,30,22227},
  {0x0ff1f,14,21,8,-21,30,43344},
  {0x0ff3c,23,26,3,-21,30,22698},
  {0x0ff3e,12,14,9,-21,30,20929},
  {0x0ff3f,21,2,5,2,30,20883},
  {0x0ff40,8,6,11,-22,30,20905},
  {0x0ff4f,14,16,8,-16,30,21013},
  {0x0ff5c,2,30,14,-22,29,23010},
  {0x0ff5e,18,6,6,-12,30,18325},
  {0x0ff61,9,8,1,-8,15,21590},
  {0x0ff65,5,5,5,-14,15,35701},
  {0x0ff89,13,25,1,-23,15,25056},
  {0x0ff9e,11,8,1,-23,15,35653},
  {0x0ff9f,9,8,1,-23,15,25366},
  {0x0ffe3,26,2,2,-22,30,18379},
};

const kb_font_t kb_font_face30 = {
  .glyphs = face30_glyphs,
  .count = 285,
  .bitmap = face30_bitmap,
  .ascent = 28,
  .descent = 8,
  .line_height = 36,
  .size = 30,
};
