/* Generated by tools/gen_fonts.py - do not edit. */
#include "kb_font.h"

static const uint8_t face64_bitmap[] = {
  0x5f,0xff,0xff,0xf0,0x5f,0xff,0xff,0xf0,0x5f,0xff,0xff,0xf0,0x5f,0xff,0xff,0xf0,0x5f,0xff,0xff,0xf0,0x5f,0xff,0xff,0xf0,
  0x5f,0xff,0xff,0xf0,0x5f,0xff,0xff,0xf0,0x5f,0xff,0xff,0xf0,0x5f,0xff,0xff,0xf0,0x5f,0xff,0xff,0xf0,0x5f,0xff,0xff,0xf0,
  0x5f,0xff,0xff,0xf0,0x5f,0xff,0xff,0xf0,0x5f,0xff,0xff,0xf0,0x5f,0xff,0xff,0xf0,0x5f,0xff,0xff,0xf0,0x5f,0xff,0xff,0xf0,
  0x5f,0xff,0xff,0xf0,0x5f,0xff,0xff,0xf0,0x5f,0xff,0xff,0xf0,0x4f,0xff,0xff,0xf0,0x3f,0xff,0xff,0xe0,0x2f,0xff,0xff,0xd0,
  0x2f,0xff,0xff,0xc0,0x1f,0xff,0xff,0xb0,0x0f,0xff,0xff,0xa0,0x0f,0xff,0xff,0x90,0x0e,0xff,0xff,0x90,0x0d,0xff,0xff,0x80,
  0x0c,0xff,0xff,0x70,0x0b,0xff,0xff,0x60,0x00,0x00,0x00,0x00,0x00,0x00,0x00,0x00,0x00,0x00,0x00,0x00,0x00,0x00,0x00,0x00,
  0x00,0x00,0x00,0x00,0x00,0x00,0x00,0x00,0x00,0x00,0x00,0x00,0x5f,0xff,0xff,0xf0,0x5f,0xff,0xff,0xf0,0x5f,0xff,0xff,0xf0,
  0x5f,0xff,0xff,0xf0,0x5f,0xff,0xff,0xf0,0x5f,0xff,0xff,0xf0,0x5f,0xff,0xff,0xf0,0x5f,0xff,0xff,0xf0,0xdf,0xff,0xf7,0x00,
  0x00,0x00,0xff,0xff,0xf4,0xdf,0xff,0xf7,0x00,0x00,0x00,0xff,0xff,0xf4,0xdf,0xff,0xf7,0x00,0x00,0x00,0xff,0xff,0xf4,0xdf,
  0xff,0xf7,0x00,0x00,0x00,0xff,0xff,0xf4,0xdf,0xff,0xf7,0x00,0x00,0x00,0xff,0xff,0xf4,0xdf,0xff,0xf7,0x00,0x00,0x00,0xff,
  0xff,0xf4,0xdf,0xff,0xf7,0x00,0x00,0x00,0xff,0xff,0xf4,0xdf,0xff,0xf7,0x00,0x00,0x00,0xff,0xff,0xf4,0xdf,0xff,0xf7,0x00,
  0x00,0x00,0xff,0xff,0xf4,0xdf,0xff,0xf7,0x00,0x00,0x00,0xff,0xff,0xf4,0xdf,0xff,0xf7,0x00,0x00,0x00,0xff,0xff,0xf4,0xdf,
  0xff,0xf7,0x00,0x00,0x00,0xff,0xff,0xf4,0xdf,0xff,0xf7,0x00,0x00,0x00,0xff,0xff,0xf4,0xdf,0xff,0xf7,0x00,0x00,0x00,0xff,
  0xff,0xf4,0xdf,0xff,0xf7,0x00,0x00,0x00,0xff,0xff,0xf4,0xdf,0xff,0xf7,0x00,0x00,0x00,0xff,0xff,0xf4,0xdf,0xff,0xf7,0x00,
  0x00,0x00,0xff,0xff,0xf4,0x00,0x00,0x00,0x00,0x00,0x00,0x00,0x00,0x00,0x2f,0xff,0xfe,0x00,0x00,0x00,0x00,0x0e,0xff,0xff,
  0x10,0x00,0x00,0x00,0x00,0x00,0x00,0x00,0x00,0x00,0x00,0x00,0x00,0x6f,0xff,0xfa,0x00,0x00,0x00,0x00,0x3f,0xff,0xfd,0x00,
  0x00,0x00,0x00,0x00,0x00,0x00,0x00,0x00,0x00,0x00,0x00,0x00,0xaf,0xff,0xf6,0x00,0x00,0x00,0x00,0x7f,0xff,0xf9,0x00,0x00,
  0x00,0x00,0x00,0x00,0x00,0x00,0x00,0x00,0x00,0x00,0x00,0xef,0xff,0xf2,0x00,0x00,0x00,0x00,0xbf,0xff,0xf5,0x00,0x00,0x00,
  0x00,0x00,0x00,0x00,0x00,0x00,0x00,0x00,0x00,0x02,0xff,0xff,0xe0,0x00,0x00,0x00,0x00,0xff,0xff,0xf1,0x00,0x00,0x00,0x00,
  0x00,0x00,0x00,0x00,0x00,0x00,0x00,0x00,0x06,0xff,0xff,0xa0,0x00,0x00,0x00,0x03,0xff,0xff,0xd0,0x00,0x00,0x00,0x00,0x00,
  0x00,0x00,0x00,0x00,0x00,0x00,0x00,0x0a,0xff,0xff,0x60,0x00,0x00,0x00,0x07,0xff,0xff,0x90,0x00,0x00,0x00,0x00,0x00,0x00,
  0x00,0x00,0x00,0x00,0x00,0x00,0x0d,0xff,0xff,0x20,0x00,0x00,0x00,0x0b,0xff,0xff,0x50,0x00,0x00,0x00,0x00,0x00,0x00,0x00,
  0x00,0x00,0x00,0x00,0x00,0x1f,0xff,0xfe,0x00,0x00,0x00,0x00,0x0f,0xff,0xff,0x10,0x00,0x00,0x00,0x00,0x00,0x00,0x00,0x00,
  0x00,0x00,0x00,0x00,0x5f,0xff,0xfa,0x00,0x00,0x00,0x00,0x3f,0xff,0xfd,0x00,0x00,0x00,0x00,0x00,0x00,0x00,0x00,0x00,0x00,
  0x00,0x00,0x00,0x9f,0xff,0xf6,0x00,0x00,0x00,0x00,0x7f,0xff,0xf9,0x00,0x00,0x00,0x00,0x00,0x00,0x00,0x00,0x00,0x00,0x00,
  0x00,0x00,0xdf,0xff,0xf2,0x00,0x00,0x00,0x00,0xbf,0xff,0xf5,0x00,0x00,0x00,0x00,0x00,0x00,0x00,0x00,0x00,0x00,0x00,0x00,
  0x01,0xff,0xff,0xe0,0x00,0x00,0x00,0x00,0xff,0xff,0xf1,0x00,0x00,0x00,0x00,0x00,0x00,0x00,0x8f,0xff,0xff,0xff,0xff,0xff,
  0xff,0xff,0xff,0xff,0xff,0xff,0xff,0xff,0xff,0xff,0xff,0xff,0xff,0xff,0xb0,0x00,0x00,0x8f,0xff,0xff,0xff,0xff,0xff,0xff,
  0xff,0xff,0xff,0xff,0xff,0xff,0xff,0xff,0xff,0xff,0xff,0xff,0xff,0xb0,0x00,0x00,0x8f,0xff,0xff,0xff,0xff,0xff,0xff,0xff,
  0xff,0xff,0xff,0xff,0xff,0xff,0xff,0xff,0xff,0xff,0xff,0xff,0xb0,0x00,0x00,0x8f,0xff,0xff,0xff,0xff,0xff,0xff,0xff,0xff,
  0xff,0xff,0xff,0xff,0xff,0xff,0xff,0xff,0xff,0xff,0xff,0xb0,0x00,0x00,0x8f,0xff,0xff,0xff,0xff,0xff,0xff,0xff,0xff,0xff,
  0xff,0xff,0xff,0xff,0xff,0xff,0xff,0xff,0xff,0xff,0xb0,0x00,0x00,0x00,0x00,0x00,0x00,0x00,0x9f,0xff,0xf7,0x00,0x00,0x00,
  0x00,0x6f,0xff,0xf9,0x00,0x00,0x00,0x00,0x00,0x00,0x00,0x00,0x00,0x00,0x00,0x00,0x00,0xdf,0xff,0xf3,0x00,0x00,0x00,0x00,
  0xaf,0xff,0xf5,0x00,0x00,0x00,0x00,0x00,0x00,0x00,0x00,0x00,0x00,0x00,0x00,0x01,0xff,0xff,0xf0,0x00,0x00,0x00,0x00,0xef,
  0xff,0xf1,0x00,0x00,0x00,0x00,0x00,0x00,0x00,0x00,0x00,0x00,0x00,0x00,0x05,0xff,0xff,0xb0,0x00,0x00,0x00,0x02,0xff,0xff,
  0xd0,0x00,0x00,0x00,0x00,0x00,0x00,0x00,0x00,0x00,0x00,0x00,0x00,0x09,0xff,0xff,0x70,0x00,0x00,0x00,0x07,0xff,0xff,0x90,
  0x00,0x00,0x00,0x00,0x00,0x00,0x00,0x00,0x00,0x00,0x00,0x00,0x0e,0xff,0xff,0x20,0x00,0x00,0x00,0x0b,0xff,0xff,0x50,0x00,
  0x00,0x00,0x00,0x00,0x00,0x00,0x00,0x00,0x00,0x00,0x00,0x2f,0xff,0xfe,0x00,0x00,0x00,0x00,0x0e,0xff,0xff,0x10,0x00,0x00,
  0x00,0x00,0x00,0x00,0x00,0x00,0x00,0x00,0x00,0x00,0x6f,0xff,0xfa,0x00,0x00,0x00,0x00,0x3f,0xff,0xfd,0x00,0x00,0x00,0x00,
  0x00,0x00,0x00,0x00,0x00,0x00,0x00,0x00,0x00,0xaf,0xff,0xf6,0x00,0x00,0x00,0x00,0x7f,0xff,0xf9,0x00,0x00,0x00,0x00,0x00,
  0x00,0x00,0x00,0x00,0x00,0x00,0x00,0x00,0xef,0xff,0xf2,0x00,0x00,0x00,0x00,0xbf,0xff,0xf5,0x00,0x00,0x00,0x00,0x00,0x00,
  0x00,0x1f,0xff,0xff,0xff,0xff,0xff,0xff,0xff,0xff,0xff,0xff,0xff,0xff,0xff,0xff,0xff,0xff,0xff,0xff,0xff,0xf2,0x00,0x00,
  0x1f,0xff,0xff,0xff,0xff,0xff,0xff,0xff,0xff,0xff,0xff,0xff,0xff,0xff,0xff,0xff,0xff,0xff,0xff,0xff,0xf2,0x00,0x00,0x1f,
  0xff,0xff,0xff,0xff,0xff,0xff,0xff,0xff,0xff,0xff,0xff,0xff,0xff,0xff,0xff,0xff,0xff,0xff,0xff,0xf2,0x00,0x00,0x1f,0xff,
  0xff,0xff,0xff,0xff,0xff,0xff,0xff,0xff,0xff,0xff,0xff,0xff,0xff,0xff,0xff,0xff,0xff,0xff,0xf2,0x00,0x00,0x1f,0xff,0xff,
  0xff,0xff,0xff,0xff,0xff,0xff,0xff,0xff,0xff,0xff,0xff,0xff,0xff,0xff,0xff,0xff,0xff,0xf2,0x00,0x00,0x00,0x00,0x00,0x00,
  0x00,0x5f,0xff,0xfa,0x00,0x00,0x00,0x00,0x3f,0xff,0xfd,0x00,0x00,0x00,0x00,0x00,0x00,0x00,0x00,0x00,0x00,0x00,0x00,0x00,
  0x9f,0xff,0xf6,0x00,0x00,0x00,0x00,0x6f,0xff,0xf9,0x00,0x00,0x00,0x00,0x00,0x00,0x00,0x00,0x00,0x00,0x00,0x00,0x00,0xdf,
  0xff,0xf2,0x00,0x00,0x00,0x00,0xaf,0xff,0xf5,0x00,0x00,0x00,0x00,0x00,0x00,0x00,0x00,0x00,0x00,0x00,0x00,0x01,0xff,0xff,
  0xe0,0x00,0x00,0x00,0x00,0xef,0xff,0xf1,0x00,0x00,0x00,0x00,0x00,0x00,0x00,0x00,0x00,0x00,0x00,0x00,0x05,0xff,0xff,0xa0,
  0x00,0x00,0x00,0x02,0xff,0xff,0xd0,0x00,0x00,0x00,0x00,0x00,0x00,0x00,0x00,0x00,0x00,0x00,0x00,0x09,0xff,0xff,0x60,0x00,
  0x00,0x00,0x06,0xff,0xff,0x90,0x00,0x00,0x00,0x00,0x00,0x00,0x00,0x00,0x00,0x00,0x00,0x00,0x0d,0xff,0xff,0x20,0x00,0x00,
  0x00,0x0a,0xff,0xff,0x50,0x00,0x00,0x00,0x00,0x00,0x00,0x00,0x00,0x00,0x00,0x00,0x00,0x1f,0xff,0xfe,0x00,0x00,0x00,0x00,
  0x0e,0xff,0xff,0x10,0x00,0x00,0x00,0x00,0x00,0x00,0x00,0x00,0x00,0x00,0x00,0x00,0x5f,0xff,0xfa,0x00,0x00,0x00,0x00,0x2f,
  0xff,0xfd,0x00,0x00,0x00,0x00,0x00,0x00,0x00,0x00,0x00,0x00,0x00,0x00,0x00,0x9f,0xff,0xf6,0x00,0x00,0x00,0x00,0x6f,0xff,
  0xf9,0x00,0x00,0x00,0x00,0x00,0x00,0x00,0x00,0x00,0x00,0x00,0x00,0x00,0xdf,0xff,0xf2,0x00,0x00,0x00,0x00,0xaf,0xff,0xf5,
  0x00,0x00,0x00,0x00,0x00,0x00,0x00,0x00,0x00,0x00,0x00,0x00,0x01,0xff,0xff,0xe0,0x00,0x00,0x00,0x00,0xef,0xff,0xf1,0x00,
  0x00,0x00,0x00,0x00,0x00,0x00,0x00,0x00,0x00,0x00,0x00,0x05,0xff,0xff,0xa0,0x00,0x00,0x00,0x02,0xff,0xff,0xd0,0x00,0x00,
  0x00,0x00,0x00,0x00,0x00,0x00,0x00,0x00,0x00,0x00,0x00,0x00,0x00,0x08,0xff,0xa0,0x00,0x00,0x00,0x00,0x00,0x00,0x00,0x00,
  0x00,0x00,0x00,0x00,0x00,0x08,0xff,0xa0,0x00,0x00,0x00,0x00,0x00,0x00,0x00,0x00,0x00,0x00,0x00,0x00,0x00,0x08,0xff,0xa0,
  0x00,0x00,0x00,0x00,0x00,0x00,0x00,0x00,0x00,0x00,0x00,0x00,0x00,0x08,0xff,0xa0,0x00,0x00,0x00,0x00,0x00,0x00,0x00,0x00,
  0x00,0x00,0x00,0x00,0x00,0x08,0xff,0xa0,0x00,0x00,0x00,0x00,0x00,0x00,0x00,0x00,0x00,0x00,0x00,0x00,0x00,0x08,0xff,0xa0,
  0x00,0x00,0x00,0x00,0x00,0x00,0x00,0x00,0x00,0x00,0x00,0x00,0x00,0x08,0xff,0xa0,0x00,0x00,0x00,0x00,0x00,0x00,0x00,0x00,
  0x00,0x00,0x00,0x26,0x9c,0xef,0xff,0xff,0xed,0xb8,0x52,0x00,0x00,0x00,0x00,0x00,0x00,0x00,0x6c,0xff,0xff,0xff,0xff,0xff,
  0xff,0xff,0xff,0xea,0x50,0x00,0x00,0x00,0x00,0x4d,0xff,0xff,0xff,0xff,0xff,0xff,0xff,0xff,0xff,0xff,0xf9,0x00,0x00,0x00,
  0x07,0xff,0xff,0xff,0xff,0xff,0xff,0xff,0xff,0xff,0xff,0xff,0xf9,0x00,0x00,0x00,0x7f,0xff,0xff,0xff,0xff,0xff,0xff,0xff,
  0xff,0xff,0xff,0xff,0xf9,0x00,0x00,0x02,0xff,0xff,0xff,0xfe,0x94,0x18,0xff,0xa1,0x23,0x57,0xae,0xff,0xf9,0x00,0x00,0x0b,
  0xff,0xff,0xff,0x80,0x00,0x08,0xff,0xa0,0x00,0x00,0x00,0x15,0xa8,0x00,0x00,0x1f,0xff,0xff,0xf5,0x00,0x00,0x08,0xff,0xa0,
  0x00,0x00,0x00,0x00,0x00,0x00,0x00,0x6f,0xff,0xff,0xa0,0x00,0x00,0x08,0xff,0xa0,0x00,0x00,0x00,0x00,0x00,0x00,0x00,0x8f,
  0xff,0xff,0x40,0x00,0x00,0x08,0xff,0xa0,0x00,0x00,0x00,0x00,0x00,0x00,0x00,0xaf,0xff,0xff,0x10,0x00,0x00,0x08,0xff,0xa0,
  0x00,0x00,0x00,0x00,0x00,0x00,0x00,0xaf,0xff,0xff,0x10,0x00,0x00,0x08,0xff,0xa0,0x00,0x00,0x00,0x00,0x00,0x00,0x00,0x9f,
  0xff,0xff,0x40,0x00,0x00,0x08,0xff,0xa0,0x00,0x00,0x00,0x00,0x00,0x00,0x00,0x6f,0xff,0xff,0xc0,0x00,0x00,0x08,0xff,0xa0,
  0x00,0x00,0x00,0x00,0x00,0x00,0x00,0x1f,0xff,0xff,0xf9,0x00,0x00,0x08,0xff,0xa0,0x00,0x00,0x00,0x00,0x00,0x00,0x00,0x0b,
  0xff,0xff,0xff,0xd5,0x00,0x08,0xff,0xa0,0x00,0x00,0x00,0x00,0x00,0x00,0x00,0x02,0xff,0xff,0xff,0xff,0xfb,0x7a,0xff,0xa0,
  0x00,0x00,0x00,0x00,0x00,0x00,0x00,0x00,0x5f,0xff,0xff,0xff,0xff,0xff,0xff,0xe8,0x52,0x00,0x00,0x00,0x00,0x00,0x00,0x00,
  0x04,0xef,0xff,0xff,0xff,0xff,0xff,0xff,0xff,0xe9,0x40,0x00,0x00,0x00,0x00,0x00,0x00,0x19,0xff,0xff,0xff,0xff,0xff,0xff,
  0xff,0xff,0xfd,0x60,0x00,0x00,0x00,0x00,0x00,0x00,0x17,0xdf,0xff,0xff,0xff,0xff,0xff,0xff,0xff,0xfd,0x20,0x00,0x00,0x00,
  0x00,0x00,0x00,0x02,0x69,0xcf,0xff,0xff,0xff,0xff,0xff,0xff,0xf5,0x00,0x00,0x00,0x00,0x00,0x00,0x00,0x00,0x08,0xff,0xdc,
  0xff,0xff,0xff,0xff,0xff,0x40,0x00,0x00,0x00,0x00,0x00,0x00,0x00,0x08,0xff,0xa0,0x05,0xbf,0xff,0xff,0xff,0xe0,0x00,0x00,
  0x00,0x00,0x00,0x00,0x00,0x08,0xff,0xa0,0x00,0x03,0xcf,0xff,0xff,0xf7,0x00,0x00,0x00,0x00,0x00,0x00,0x00,0x08,0xff,0xa0,
  0x00,0x00,0x0c,0xff,0xff,0xfd,0x00,0x00,0x00,0x00,0x00,0x00,0x00,0x08,0xff,0xa0,0x00,0x00,0x01,0xff,0xff,0xff,0x20,0x00,
  0x00,0x00,0x00,0x00,0x00,0x08,0xff,0xa0,0x00,0x00,0x00,0xaf,0xff,0xff,0x40,0x00,0x00,0x00,0x00,0x00,0x00,0x08,0xff,0xa0,
  0x00,0x00,0x00,0x7f,0xff,0xff,0x50,0x00,0x00,0x00,0x00,0x00,0x00,0x08,0xff,0xa0,0x00,0x00,0x00,0x6f,0xff,0xff,0x50,0x00,
  0x00,0x00,0x00,0x00,0x00,0x08,0xff,0xa0,0x00,0x00,0x00,0x8f,0xff,0xff,0x40,0x00,0x00,0x00,0x00,0x00,0x00,0x08,0xff,0xa0,
  0x00,0x00,0x00,0xcf,0xff,0xff,0x20,0x85,0x00,0x00,0x00,0x00,0x00,0x08,0xff,0xa0,0x00,0x00,0x04,0xff,0xff,0xfe,0x00,0xbf,
  0xc4,0x00,0x00,0x00,0x00,0x08,0xff,0xa0,0x00,0x00,0x3e,0xff,0xff,0xf9,0x00,0xbf,0xff,0xd7,0x10,0x00,0x00,0x08,0xff,0xa0,
  0x00,0x07,0xff,0xff,0xff,0xf2,0x00,0xbf,0xff,0xff,0xfc,0x84,0x20,0x08,0xff,0xa2,0x5a,0xff,0xff,0xff,0xff,0x80,0x00,0xbf,
  0xff,0xff,0xff,0xff,0xff,0xff,0xff,0xff,0xff,0xff,0xff,0xff,0xfa,0x00,0x00,0xbf,0xff,0xff,0xff,0xff,0xff,0xff,0xff,0xff,
  0xff,0xff,0xff,0xff,0xa0,0x00,0x00,0x17,0xdf,0xff,0xff,0xff,0xff,0xff,0xff,0xff,0xff,0xff,0xff,0xe5,0x00,0x00,0x00,0x00,
  0x03,0x8d,0xff,0xff,0xff,0xff,0xff,0xff,0xff,0xff,0xc6,0x00,0x00,0x00,0x00,0x00,0x00,0x00,0x14,0x7a,0xcd,0xef,0xff,0xfd,
  0xb9,0x51,0x00,0x00,0x00,0x00,0x00,0x00,0x00,0x00,0x00,0x00,0x00,0x08,0xff,0xa0,0x00,0x00,0x00,0x00,0x00,0x00,0x00,0x00,
  0x00,0x00,0x00,0x00,0x00,0x08,0xff,0xa0,0x00,0x00,0x00,0x00,0x00,0x00,0x00,0x00,0x00,0x00,0x00,0x00,0x00,0x08,0xff,0xa0,
  0x00,0x00,0x00,0x00,0x00,0x00,0x00,0x00,0x00,0x00,0x00,0x00,0x00,0x08,0xff,0xa0,0x00,0x00,0x00,0x00,0x00,0x00,0x00,0x00,
  0x00,0x00,0x00,0x00,0x00,0x08,0xff,0xa0,0x00,0x00,0x00,0x00,0x00,0x00,0x00,0x00,0x00,0x00,0x00,0x00,0x00,0x08,0xff,0xa0,
  0x00,0x00,0x00,0x00,0x00,0x00,0x00,0x00,0x00,0x00,0x00,0x00,0x00,0x08,0xff,0xa0,0x00,0x00,0x00,0x00,0x00,0x00,0x00,0x00,
  0x00,0x00,0x00,0x00,0x00,0x08,0xff,0xa0,0x00,0x00,0x00,0x00,0x00,0x00,0x00,0x00,0x00,0x00,0x00,0x00,0x00,0x08,0xff,0xa0,
  0x00,0x00,0x00,0x00,0x00,0x00,0x00,0x00,0x00,0x00,0x05,0xad,0xef,0xec,0x83,0x00,0x00,0x00,0x00,0x00,0x00,0x00,0x00,0x00,
  0x00,0x00,0x0c,0xff,0xff,0x30,0x00,0x00,0x00,0x00,0x00,0x00,0x00,0x05,0xef,0xff,0xff,0xff,0xff,0xb2,0x00,0x00,0x00,0x00,
  0x00,0x00,0x00,0x00,0x00,0x00,0x6f,0xff,0xf9,0x00,0x00,0x00,0x00,0x00,0x00,0x00,0x00,0x9f,0xff,0xff,0xff,0xff,0xff,0xff,
  0x40,0x00,0x00,0x00,0x00,0x00,0x00,0x00,0x00,0x01,0xef,0xff,0xe1,0x00,0x00,0x00,0x00,0x00,0x00,0x00,0x09,0xff,0xff,0xff,
  0xff,0xff,0xff,0xff,0xf3,0x00,0x00,0x00,0x00,0x00,0x00,0x00,0x00,0x09,0xff,0xff,0x60,0x00,0x00,0x00,0x00,0x00,0x00,0x00,
  0x5f,0xff,0xff,0xd5,0x10,0x28,0xff,0xff,0xfe,0x00,0x00,0x00,0x00,0x00,0x00,0x00,0x00,0x3f,0xff,0xfc,0x00,0x00,0x00,0x00,
  0x00,0x00,0x00,0x00,0xef,0xff,0xfb,0x00,0x00,0x00,0x3f,0xff,0xff,0x80,0x00,0x00,0x00,0x00,0x00,0x00,0x00,0xcf,0xff,0xf3,
  0x00,0x00,0x00,0x00,0x00,0x00,0x00,0x06,0xff,0xff,0xe0,0x00,0x00,0x00,0x05,0xff,0xff,0xf0,0x00,0x00,0x00,0x00,0x00,0x00,
  0x05,0xff,0xff,0xa0,0x00,0x00,0x00,0x00,0x00,0x00,0x00,0x0c,0xff,0xff,0x60,0x00,0x00,0x00,0x00,0xdf,0xff,0xf6,0x00,0x00,
  0x00,0x00,0x00,0x00,0x0e,0xff,0xff,0x10,0x00,0x00,0x00,0x00,0x00,0x00,0x00,0x0f,0xff,0xff,0x00,0x00,0x00,0x00,0x00,0x7f,
  0xff,0xf9,0x00,0x00,0x00,0x00,0x00,0x00,0x9f,0xff,0xf6,0x00,0x00,0x00,0x00,0x00,0x00,0x00,0x00,0x3f,0xff,0xfc,0x00,0x00,
  0x00,0x00,0x00,0x3f,0xff,0xfd,0x00,0x00,0x00,0x00,0x00,0x02,0xff,0xff,0xd0,0x00,0x00,0x00,0x00,0x00,0x00,0x00,0x00,0x5f,
  0xff,0xf9,0x00,0x00,0x00,0x00,0x00,0x0f,0xff,0xff,0x00,0x00,0x00,0x00,0x00,0x0c,0xff,0xff,0x30,0x00,0x00,0x00,0x00,0x00,
  0x00,0x00,0x00,0x6f,0xff,0xf8,0x00,0x00,0x00,0x00,0x00,0x0f,0xff,0xff,0x00,0x00,0x00,0x00,0x00,0x5f,0xff,0xfa,0x00,0x00,
  0x00,0x00,0x00,0x00,0x00,0x00,0x00,0x7f,0xff,0xf8,0x00,0x00,0x00,0x00,0x00,0x0e,0xff,0xff,0x10,0x00,0x00,0x00,0x00,0xef,
  0xff,0xf1,0x00,0x00,0x00,0x00,0x00,0x00,0x00,0x00,0x00,0x6f,0xff,0xf8,0x00,0x00,0x00,0x00,0x00,0x0f,0xff,0xff,0x00,0x00,
  0x00,0x00,0x08,0xff,0xff,0x70,0x00,0x00,0x00,0x00,0x00,0x00,0x00,0x00,0x00,0x5f,0xff,0xf9,0x00,0x00,0x00,0x00,0x00,0x0f,
  0xff,0xff,0x00,0x00,0x00,0x00,0x2f,0xff,0xfd,0x00,0x00,0x00,0x00,0x00,0x00,0x00,0x00,0x00,0x00,0x3f,0xff,0xfc,0x00,0x00,
  0x00,0x00,0x00,0x3f,0xff,0xfd,0x00,0x00,0x00,0x00,0xbf,0xff,0xf4,0x00,0x00,0x00,0x00,0x00,0x00,0x00,0x00,0x00,0x00,0x0f,
  0xff,0xff,0x00,0x00,0x00,0x00,0x00,0x7f,0xff,0xfa,0x00,0x00,0x00,0x05,0xff,0xff,0xa0,0x00,0x00,0x00,0x00,0x00,0x00,0x00,
  0x00,0x00,0x00,0x0c,0xff,0xff,0x60,0x00,0x00,0x00,0x00,0xcf,0xff,0xf6,0x00,0x00,0x00,0x0e,0xff,0xff,0x10,0x00,0x00,0x00,
  0x00,0x00,0x00,0x00,0x00,0x00,0x00,0x06,0xff,0xff,0xd0,0x00,0x00,0x00,0x05,0xff,0xff,0xf0,0x00,0x00,0x00,0x8f,0xff,0xf7,
  0x00,0x00,0x00,0x00,0x00,0x00,0x00,0x00,0x00,0x00,0x00,0x00,0xef,0xff,0xfa,0x00,0x00,0x00,0x2e,0xff,0xff,0x90,0x00,0x00,
  0x02,0xff,0xff,0xd0,0x00,0x00,0x00,0x00,0x00,0x00,0x00,0x00,0x00,0x00,0x00,0x00,0x5f,0xff,0xff,0xc5,0x10,0x28,0xff,0xff,
  0xfe,0x10,0x00,0x00,0x0b,0xff,0xff,0x40,0x00,0x00,0x00,0x00,0x00,0x00,0x00,0x00,0x00,0x00,0x00,0x00,0x0a,0xff,0xff,0xff,
  0xff,0xff,0xff,0xff,0xf4,0x00,0x00,0x00,0x4f,0xff,0xfb,0x00,0x00,0x00,0x00,0x00,0x00,0x00,0x00,0x00,0x00,0x00,0x00,0x00,
  0x00,0xaf,0xff,0xff,0xff,0xff,0xff,0xff,0x40,0x00,0x00,0x00,0xdf,0xff,0xf2,0x00,0x00,0x00,0x00,0x00,0x00,0x00,0x00,0x00,
  0x00,0x00,0x00,0x00,0x00,0x06,0xef,0xff,0xff,0xff,0xff,0xb2,0x00,0x00,0x00,0x08,0xff,0xff,0x80,0x00,0x00,0x00,0x00,0x00,
  0x00,0x00,0x00,0x00,0x00,0x00,0x00,0x00,0x00,0x00,0x05,0xad,0xef,0xec,0x83,0x00,0x00,0x00,0x00,0x2f,0xff,0xfd,0x00,0x00,
  0x00,0x00,0x04,0x9d,0xef,0xed,0x94,0x00,0x00,0x00,0x00,0x00,0x00,0x00,0x00,0x00,0x00,0x00,0x00,0x00,0x00,0x00,0x00,0xbf,
  0xff,0xf4,0x00,0x00,0x00,0x04,0xdf,0xff,0xff,0xff,0xff,0xd4,0x00,0x00,0x00,0x00,0x00,0x00,0x00,0x00,0x00,0x00,0x00,0x00,
  0x00,0x00,0x04,0xff,0xff,0xb0,0x00,0x00,0x00,0x6f,0xff,0xff,0xff,0xff,0xff,0xff,0x60,0x00,0x00,0x00,0x00,0x00,0x00,0x00,
  0x00,0x00,0x00,0x00,0x00,0x00,0x0d,0xff,0xff,0x20,0x00,0x00,0x06,0xff,0xff,0xff,0xff,0xff,0xff,0xff,0xf6,0x00,0x00,0x00,
  0x00,0x00,0x00,0x00,0x00,0x00,0x00,0x00,0x00,0x00,0x7f,0xff,0xf8,0x00,0x00,0x00,0x2f,0xff,0xff,0xe6,0x10,0x16,0xef,0xff,
  0xff,0x20,0x00,0x00,0x00,0x00,0x00,0x00,0x00,0x00,0x00,0x00,0x00,0x01,0xff,0xff,0xe0,0x00,0x00,0x00,0xcf,0xff,0xfd,0x10,
  0x00,0x00,0x1d,0xff,0xff,0xc0,0x00,0x00,0x00,0x00,0x00,0x00,0x00,0x00,0x00,0x00,0x00,0x0a,0xff,0xff,0x50,0x00,0x00,0x03,
  0xff,0xff,0xf2,0x00,0x00,0x00,0x02,0xff,0xff,0xf2,0x00,0x00,0x00,0x00,0x00,0x00,0x00,0x00,0x00,0x00,0x00,0x4f,0xff,0xfb,
  0x00,0x00,0x00,0x09,0xff,0xff,0x90,0x00,0x00,0x00,0x00,0x9f,0xff,0xf9,0x00,0x00,0x00,0x00,0x00,0x00,0x00,0x00,0x00,0x00,
  0x00,0xdf,0xff,0xf2,0x00,0x00,0x00,0x0d,0xff,0xff,0x40,0x00,0x00,0x00,0x00,0x4f,0xff,0xfc,0x00,0x00,0x00,0x00,0x00,0x00,
  0x00,0x00,0x00,0x00,0x07,0xff,0xff,0x80,0x00,0x00,0x00,0x0f,0xff,0xff,0x00,0x00,0x00,0x00,0x00,0x0f,0xff,0xff,0x00,0x00,
  0x00,0x00,0x00,0x00,0x00,0x00,0x00,0x00,0x1f,0xff,0xfe,0x00,0x00,0x00,0x00,0x2f,0xff,0xfd,0x00,0x00,0x00,0x00,0x00,0x0d,
  0xff,0xff,0x20,0x00,0x00,0x00,0x00,0x00,0x00,0x00,0x00,0x00,0xaf,0xff,0xf5,0x00,0x00,0x00,0x00,0x3f,0xff,0xfc,0x00,0x00,
  0x00,0x00,0x00,0x0c,0xff,0xff,0x30,0x00,0x00,0x00,0x00,0x00,0x00,0x00,0x00,0x03,0xff,0xff,0xc0,0x00,0x00,0x00,0x00,0x4f,
  0xff,0xfb,0x00,0x00,0x00,0x00,0x00,0x0b,0xff,0xff,0x40,0x00,0x00,0x00,0x00,0x00,0x00,0x00,0x00,0x0d,0xff,0xff,0x20,0x00,
  0x00,0x00,0x00,0x3f,0xff,0xfc,0x00,0x00,0x00,0x00,0x00,0x0c,0xff,0xff,0x30,0x00,0x00,0x00,0x00,0x00,0x00,0x00,0x00,0x6f,
  0xff,0xf9,0x00,0x00,0x00,0x00,0x00,0x2f,0xff,0xfd,0x00,0x00,0x00,0x00,0x00,0x0d,0xff,0xff,0x20,0x00,0x00,0x00,0x00,0x00,
  0x00,0x00,0x01,0xff,0xff,0xe0,0x00,0x00,0x00,0x00,0x00,0x0f,0xff,0xff,0x00,0x00,0x00,0x00,0x00,0x0f,0xff,0xff,0x00,0x00,
  0x00,0x00,0x00,0x00,0x00,0x00,0x0a,0xff,0xff,0x50,0x00,0x00,0x00,0x00,0x00,0x0d,0xff,0xff,0x40,0x00,0x00,0x00,0x00,0x4f,
  0xff,0xfd,0x00,0x00,0x00,0x00,0x00,0x00,0x00,0x00,0x3f,0xff,0xfc,0x00,0x00,0x00,0x00,0x00,0x00,0x09,0xff,0xff,0x90,0x00,
  0x00,0x00,0x00,0x9f,0xff,0xf9,0x00,0x00,0x00,0x00,0x00,0x00,0x00,0x00,0xcf,0xff,0xf3,0x00,0x00,0x00,0x00,0x00,0x00,0x03,
  0xff,0xff,0xf2,0x00,0x00,0x00,0x02,0xff,0xff,0xf3,0x00,0x00,0x00,0x00,0x00,0x00,0x00,0x06,0xff,0xff,0x90,0x00,0x00,0x00,
  0x00,0x00,0x00,0x00,0xcf,0xff,0xfd,0x10,0x00,0x00,0x1d,0xff,0xff,0xc0,0x00,0x00,0x00,0x00,0x00,0x00,0x00,0x1e,0xff,0xfe,
  0x10,0x00,0x00,0x00,0x00,0x00,0x00,0x00,0x3f,0xff,0xff,0xe6,0x10,0x16,0xef,0xff,0xff,0x20,0x00,0x00,0x00,0x00,0x00,0x00,
  0x00,0x9f,0xff,0xf6,0x00,0x00,0x00,0x00,0x00,0x00,0x00,0x00,0x07,0xff,0xff,0xff,0xff,0xff,0xff,0xff,0xf6,0x00,0x00,0x00,
  0x00,0x00,0x00,0x00,0x03,0xff,0xff,0xc0,0x00,0x00,0x00,0x00,0x00,0x00,0x00,0x00,0x00,0x7f,0xff,0xff,0xff,0xff,0xff,0xff,
  0x70,0x00,0x00,0x00,0x00,0x00,0x00,0x00,0x0c,0xff,0xff,0x30,0x00,0x00,0x00,0x00,0x00,0x00,0x00,0x00,0x00,0x04,0xdf,0xff,
  0xff,0xff,0xff,0xd4,0x00,0x00,0x00,0x00,0x00,0x00,0x00,0x00,0x6f,0xff,0xf9,0x00,0x00,0x00,0x00,0x00,0x00,0x00,0x00,0x00,
  0x00,0x00,0x04,0x9d,0xef,0xed,0x94,0x00,0x00,0x00,0x00,0x00,0x00,0x00,0x00,0x00,0x00,0x15,0x9c,0xef,0xfe,0xdb,0x96,0x20,
  0x00,0x00,0x00,0x00,0x00,0x00,0x00,0x00,0x00,0x00,0x00,0x00,0x00,0x00,0x29,0xff,0xff,0xff,0xff,0xff,0xff,0xfe,0xa4,0x00,
  0x00,0x00,0x00,0x00,0x00,0x00,0x00,0x00,0x00,0x00,0x00,0x05,0xff,0xff,0xff,0xff,0xff,0xff,0xff,0xff,0xff,0x70,0x00,0x00,
  0x00,0x00,0x00,0x00,0x00,0x00,0x00,0x00,0x00,0x7f,0xff,0xff,0xff,0xff,0xff,0xff,0xff,0xff,0xff,0x70,0x00,0x00,0x00,0x00,
  0x00,0x00,0x00,0x00,0x00,0x00,0x06,0xff,0xff,0xff,0xff,0xff,0xff,0xff,0xff,0xff,0xff,0x70,0x00,0x00,0x00,0x00,0x00,0x00,
  0x00,0x00,0x00,0x00,0x1f,0xff,0xff,0xff,0xe8,0x41,0x01,0x25,0x9d,0xff,0xff,0x70,0x00,0x00,0x00,0x00,0x00,0x00,0x00,0x00,
  0x00,0x00,0x9f,0xff,0xff,0xfa,0x10,0x00,0x00,0x00,0x00,0x39,0xff,0x70,0x00,0x00,0x00,0x00,0x00,0x00,0x00,0x00,0x00,0x00,
  0xff,0xff,0xff,0xa0,0x00,0x00,0x00,0x00,0x00,0x00,0x18,0x60,0x00,0x00,0x00,0x00,0x00,0x00,0x00,0x00,0x00,0x04,0xff,0xff,
  0xfe,0x10,0x00,0x00,0x00,0x00,0x00,0x00,0x00,0x00,0x00,0x00,0x00,0x00,0x00,0x00,0x00,0x00,0x00,0x07,0xff,0xff,0xf9,0x00,
  0x00,0x00,0x00,0x00,0x00,0x00,0x00,0x00,0x00,0x00,0x00,0x00,0x00,0x00,0x00,0x00,0x00,0x09,0xff,0xff,0xf5,0x00,0x00,0x00,
  0x00,0x00,0x00,0x00,0x00,0x00,0x00,0x00,0x00,0x00,0x00,0x00,0x00,0x00,0x00,0x0a,0xff,0xff,0xf5,0x00,0x00,0x00,0x00,0x00,
  0x00,0x00,0x00,0x00,0x00,0x00,0x00,0x00,0x00,0x00,0x00,0x00,0x00,0x08,0xff,0xff,0xf7,0x00,0x00,0x00,0x00,0x00,0x00,0x00,
  0x00,0x00,0x00,0x00,0x00,0x00,0x00,0x00,0x00,0x00,0x00,0x06,0xff,0xff,0xfb,0x00,0x00,0x00,0x00,0x00,0x00,0x00,0x00,0x00,
  0x00,0x00,0x00,0x00,0x00,0x00,0x00,0x00,0x00,0x02,0xff,0xff,0xff,0x20,0x00,0x00,0x00,0x00,0x00,0x00,0x00,0x00,0x00,0x00,
  0x00,0x00,0x00,0x00,0x00,0x00,0x00,0x00,0xcf,0xff,0xff,0xb0,0x00,0x00,0x00,0x00,0x00,0x00,0x00,0x00,0x00,0x00,0x00,0x00,
  0x00,0x00,0x00,0x00,0x00,0x00,0x5f,0xff,0xff,0xf7,0x00,0x00,0x00,0x00,0x00,0x00,0x00,0x00,0x00,0x00,0x00,0x00,0x00,0x00,
  0x00,0x00,0x00,0x00,0x0d,0xff,0xff,0xff,0x50,0x00,0x00,0x00,0x00,0x00,0x00,0x00,0x00,0x00,0x00,0x00,0x00,0x00,0x00,0x00,
  0x00,0x00,0x03,0xff,0xff,0xff,0xf3,0x00,0x00,0x00,0x00,0x00,0x00,0x00,0x00,0x00,0x00,0x00,0x00,0x00,0x00,0x00,0x00,0x00,
  0x00,0xdf,0xff,0xff,0xff,0x30,0x00,0x00,0x00,0x00,0x00,0x00,0x00,0x00,0x00,0x00,0x00,0x00,0x00,0x00,0x00,0x00,0x2d,0xff,
  0xff,0xff,0xff,0xe2,0x00,0x00,0x00,0x00,0x00,0x00,0x00,0x00,0x00,0x00,0x00,0x00,0x00,0x00,0x00,0x03,0xef,0xff,0xff,0xff,
  0xff,0xfe,0x20,0x00,0x00,0x00,0x00,0x00,0x00,0x00,0x00,0x00,0x00,0x00,0x00,0x00,0x00,0x3e,0xff,0xff,0xff,0xff,0xff,0xff,
  0xe2,0x00,0x00,0x00,0x00,0x00,0x00,0x00,0x00,0x00,0x00,0x00,0x00,0x00,0x01,0xef,0xff,0xff,0xd3,0xdf,0xff,0xff,0xfe,0x10,
  0x00,0x00,0x00,0x00,0x00,0x00,0x01,0xff,0xff,0xfa,0x00,0x00,0x0c,0xff,0xff,0xfe,0x10,0x1d,0xff,0xff,0xff,0xd1,0x00,0x00,
  0x00,0x00,0x00,0x00,0x03,0xff,0xff,0xf8,0x00,0x00,0x8f,0xff,0xff,0xf2,0x00,0x01,0xdf,0xff,0xff,0xfd,0x10,0x00,0x00,0x00,
  0x00,0x00,0x05,0xff,0xff,0xf6,0x00,0x02,0xff,0xff,0xff,0x50,0x00,0x00,0x1d,0xff,0xff,0xff,0xd1,0x00,0x00,0x00,0x00,0x00,
  0x07,0xff,0xff,0xf3,0x00,0x09,0xff,0xff,0xfb,0x00,0x00,0x00,0x02,0xef,0xff,0xff,0xfc,0x00,0x00,0x00,0x00,0x00,0x0b,0xff,
  0xff,0xf0,0x00,0x0f,0xff,0xff,0xf2,0x00,0x00,0x00,0x00,0x2e,0xff,0xff,0xff,0xc0,0x00,0x00,0x00,0x00,0x0f,0xff,0xff,0xa0,
  0x00,0x5f,0xff,0xff,0xc0,0x00,0x00,0x00,0x00,0x02,0xef,0xff,0xff,0xfc,0x00,0x00,0x00,0x00,0x3f,0xff,0xff,0x50,0x00,0x9f,
  0xff,0xff,0x70,0x00,0x00,0x00,0x00,0x00,0x2e,0xff,0xff,0xff,0xb0,0x00,0x00,0x00,0x9f,0xff,0xff,0x00,0x00,0xcf,0xff,0xff,
  0x30,0x00,0x00,0x00,0x00,0x00,0x03,0xef,0xff,0xff,0xfb,0x00,0x00,0x00,0xef,0xff,0xf9,0x00,0x00,0xef,0xff,0xff,0x10,0x00,
  0x00,0x00,0x00,0x00,0x00,0x3f,0xff,0xff,0xff,0xa0,0x00,0x05,0xff,0xff,0xf2,0x00,0x00,0xff,0xff,0xff,0x10,0x00,0x00,0x00,
  0x00,0x00,0x00,0x03,0xff,0xff,0xff,0xfa,0x00,0x0d,0xff,0xff,0xb0,0x00,0x00,0xef,0xff,0xff,0x20,0x00,0x00,0x00,0x00,0x00,
  0x00,0x00,0x4f,0xff,0xff,0xff,0x90,0x7f,0xff,0xff,0x30,0x00,0x00,0xdf,0xff,0xff,0x40,0x00,0x00,0x00,0x00,0x00,0x00,0x00,
  0x04,0xff,0xff,0xff,0xf9,0xef,0xff,0xfa,0x00,0x00,0x00,0xbf,0xff,0xff,0x90,0x00,0x00,0x00,0x00,0x00,0x00,0x00,0x00,0x4f,
  0xff,0xff,0xff,0xff,0xff,0xf1,0x00,0x00,0x00,0x8f,0xff,0xff,0xe0,0x00,0x00,0x00,0x00,0x00,0x00,0x00,0x00,0x05,0xff,0xff,
  0xff,0xff,0xff,0x60,0x00,0x00,0x00,0x3f,0xff,0xff,0xf7,0x00,0x00,0x00,0x00,0x00,0x00,0x00,0x00,0x00,0x5f,0xff,0xff,0xff,
  0xfb,0x00,0x00,0x00,0x00,0x0d,0xff,0xff,0xff,0x20,0x00,0x00,0x00,0x00,0x00,0x00,0x00,0x00,0x05,0xff,0xff,0xff,0xf8,0x00,
  0x00,0x00,0x00,0x06,0xff,0xff,0xff,0xd1,0x00,0x00,0x00,0x00,0x00,0x00,0x00,0x00,0x07,0xff,0xff,0xff,0xff,0x70,0x00,0x00,
  0x00,0x00,0xdf,0xff,0xff,0xfe,0x30,0x00,0x00,0x00,0x00,0x00,0x00,0x02,0xbf,0xff,0xff,0xff,0xff,0xf7,0x00,0x00,0x00,0x00,
  0x3f,0xff,0xff,0xff,0xf8,0x10,0x00,0x00,0x00,0x00,0x01,0x8f,0xff,0xff,0xff,0xff,0xff,0xff,0x70,0x00,0x00,0x00,0x05,0xff,
  0xff,0xff,0xff,0xfa,0x62,0x10,0x12,0x48,0xcf,0xff,0xff,0xff,0xfc,0xff,0xff,0xff,0xf7,0x00,0x00,0x00,0x00,0x6f,0xff,0xff,
  0xff,0xff,0xff,0xff,0xff,0xff,0xff,0xff,0xff,0xff,0x60,0x7f,0xff,0xff,0xff,0x70,0x00,0x00,0x00,0x04,0xef,0xff,0xff,0xff,
  0xff,0xff,0xff,0xff,0xff,0xff,0xff,0xc2,0x00,0x07,0xff,0xff,0xff,0xf7,0x00,0x00,0x00,0x00,0x1a,0xff,0xff,0xff,0xff,0xff,
  0xff,0xff,0xff,0xff,0xe6,0x00,0x00,0x00,0x7f,0xff,0xff,0xff,0x70,0x00,0x00,0x00,0x00,0x29,0xff,0xff,0xff,0xff,0xff,0xff,
  0xff,0xb5,0x00,0x00,0x00,0x00,0x07,0xff,0xff,0xff,0xf7,0x00,0x00,0x00,0x00,0x00,0x04,0x8b,0xdf,0xff,0xfd,0xb9,0x51,0x00,
  0x00,0x00,0x00,0x00,0x00,0x00,0x00,0x00,0x00,0xdf,0xff,0xf7,0xdf,0xff,0xf7,0xdf,0xff,0xf7,0xdf,0xff,0xf7,0xdf,0xff,0xf7,
  0xdf,0xff,0xf7,0xdf,0xff,0xf7,0xdf,0xff,0xf7,0xdf,0xff,0xf7,0xdf,0xff,0xf7,0xdf,0xff,0xf7,0xdf,0xff,0xf7,0xdf,0xff,0xf7,
  0xdf,0xff,0xf7,0xdf,0xff,0xf7,0xdf,0xff,0xf7,0xdf,0xff,0xf7,0x00,0x00,0x00,0x00,0x07,0xff,0xff,0x90,0x00,0x00,0x00,0x00,
  0x1f,0xff,0xff,0x10,0x00,0x00,0x00,0x00,0xaf,0xff,0xf7,0x00,0x00,0x00,0x00,0x04,0xff,0xff,0xe0,0x00,0x00,0x00,0x00,0x0c,
  0xff,0xff,0x70,0x00,0x00,0x00,0x00,0x5f,0xff,0xfe,0x00,0x00,0x00,0x00,0x00,0xdf,0xff,0xf8,0x00,0x00,0x00,0x00,0x05,0xff,
  0xff,0xf1,0x00,0x00,0x00,0x00,0x0c,0xff,0xff,0xa0,0x00,0x00,0x00,0x00,0x4f,0xff,0xff,0x40,0x00,0x00,0x00,0x00,0xbf,0xff,
  0xfd,0x00,0x00,0x00,0x00,0x01,0xff,0xff,0xf8,0x00,0x00,0x00,0x00,0x07,0xff,0xff,0xf2,0x00,0x00,0x00,0x00,0x0d,0xff,0xff,
  0xd0,0x00,0x00,0x00,0x00,0x3f,0xff,0xff,0x80,0x00,0x00,0x00,0x00,0x7f,0xff,0xff,0x40,0x00,0x00,0x00,0x00,0xcf,0xff,0xff,
  0x00,0x00,0x00,0x00,0x01,0xff,0xff,0xfc,0x00,0x00,0x00,0x00,0x04,0xff,0xff,0xf9,0x00,0x00,0x00,0x00,0x08,0xff,0xff,0xf6,
  0x00,0x00,0x00,0x00,0x0b,0xff,0xff,0xf3,0x00,0x00,0x00,0x00,0x0e,0xff,0xff,0xf1,0x00,0x00,0x00,0x00,0x0f,0xff,0xff,0xf0,
  0x00,0x00,0x00,0x00,0x2f,0xff,0xff,0xd0,0x00,0x00,0x00,0x00,0x4f,0xff,0xff,0xc0,0x00,0x00,0x00,0x00,0x6f,0xff,0xff,0xb0,
  0x00,0x00,0x00,0x00,0x6f,0xff,0xff,0xa0,0x00,0x00,0x00,0x00,0x7f,0xff,0xff,0xa0,0x00,0x00,0x00,0x00,0x7f,0xff,0xff,0x90,
  0x00,0x00,0x00,0x00,0x7f,0xff,0xff,0xa0,0x00,0x00,0x00,0x00,0x6f,0xff,0xff,0xa0,0x00,0x00,0x00,0x00,0x6f,0xff,0xff,0xb0,
  0x00,0x00,0x00,0x00,0x4f,0xff,0xff,0xc0,0x00,0x00,0x00,0x00,0x2f,0xff,0xff,0xd0,0x00,0x00,0x00,0x00,0x0f,0xff,0xff,0xf0,
  0x00,0x00,0x00,0x00,0x0e,0xff,0xff,0xf1,0x00,0x00,0x00,0x00,0x0b,0xff,0xff,0xf4,0x00,0x00,0x00,0x00,0x08,0xff,0xff,0xf6,
  0x00,0x00,0x00,0x00,0x04,0xff,0xff,0xf9,0x00,0x00,0x00,0x00,0x01,0xff,0xff,0xfd,0x00,0x00,0x00,0x00,0x00,0xcf,0xff,0xff,
  0x10,0x00,0x00,0x00,0x00,0x7f,0xff,0xff,0x50,0x00,0x00,0x00,0x00,0x2f,0xff,0xff,0x90,0x00,0x00,0x00,0x00,0x0d,0xff,0xff,
  0xe0,0x00,0x00,0x00,0x00,0x07,0xff,0xff,0xf3,0x00,0x00,0x00,0x00,0x01,0xff,0xff,0xf8,0x00,0x00,0x00,0x00,0x00,0xbf,0xff,
  0xfd,0x00,0x00,0x00,0x00,0x00,0x4f,0xff,0xff,0x40,0x00,0x00,0x00,0x00,0x0c,0xff,0xff,0xa0,0x00,0x00,0x00,0x00,0x05,0xff,
  0xff,0xf1,0x00,0x00,0x00,0x00,0x00,0xdf,0xff,0xf8,0x00,0x00,0x00,0x00,0x00,0x5f,0xff,0xfe,0x00,0x00,0x00,0x00,0x00,0x0c,
  0xff,0xff,0x70,0x00,0x00,0x00,0x00,0x04,0xff,0xff,0xe0,0x00,0x00,0x00,0x00,0x00,0xaf,0xff,0xf7,0x00,0x00,0x00,0x00,0x00,
  0x1f,0xff,0xff,0x10,0x00,0x00,0x00,0x00,0x07,0xff,0xff,0x90,0x9f,0xff,0xf6,0x00,0x00,0x00,0x00,0x00,0x1f,0xff,0xfe,0x10,
  0x00,0x00,0x00,0x00,0x08,0xff,0xff,0x90,0x00,0x00,0x00,0x00,0x00,0xef,0xff,0xf3,0x00,0x00,0x00,0x00,0x00,0x7f,0xff,0xfc,
  0x00,0x00,0x00,0x00,0x00,0x1f,0xff,0xff,0x40,0x00,0x00,0x00,0x00,0x08,0xff,0xff,0xc0,0x00,0x00,0x00,0x00,0x01,0xff,0xff,
  0xf4,0x00,0x00,0x00,0x00,0x00,0xbf,0xff,0xfc,0x00,0x00,0x00,0x00,0x00,0x4f,0xff,0xff,0x30,0x00,0x00,0x00,0x00,0x0e,0xff,
  0xff,0xa0,0x00,0x00,0x00,0x00,0x09,0xff,0xff,0xf1,0x00,0x00,0x00,0x00,0x03,0xff,0xff,0xf6,0x00,0x00,0x00,0x00,0x00,0xef,
  0xff,0xfc,0x00,0x00,0x00,0x00,0x00,0x9f,0xff,0xff,0x20,0x00,0x00,0x00,0x00,0x5f,0xff,0xff,0x70,0x00,0x00,0x00,0x00,0x1f,
  0xff,0xff,0xb0,0x00,0x00,0x00,0x00,0x0d,0xff,0xff,0xf0,0x00,0x00,0x00,0x00,0x0a,0xff,0xff,0xf4,0x00,0x00,0x00,0x00,0x07,
  0xff,0xff,0xf7,0x00,0x00,0x00,0x00,0x04,0xff,0xff,0xfa,0x00,0x00,0x00,0x00,0x01,0xff,0xff,0xfe,0x00,0x00,0x00,0x00,0x00,
  0xff,0xff,0xff,0x00,0x00,0x00,0x00,0x00,0xef,0xff,0xff,0x20,0x00,0x00,0x00,0x00,0xcf,0xff,0xff,0x40,0x00,0x00,0x00,0x00,
  0xbf,0xff,0xff,0x50,0x00,0x00,0x00,0x00,0xbf,0xff,0xff,0x60,0x00,0x00,0x00,0x00,0xaf,0xff,0xff,0x60,0x00,0x00,0x00,0x00,
  0xaf,0xff,0xff,0x70,0x00,0x00,0x00,0x00,0xaf,0xff,0xff,0x60,0x00,0x00,0x00,0x00,0xbf,0xff,0xff,0x60,0x00,0x00,0x00,0x00,
  0xbf,0xff,0xff,0x50,0x00,0x00,0x00,0x00,0xcf,0xff,0xff,0x40,0x00,0x00,0x00,0x00,0xef,0xff,0xff,0x20,0x00,0x00,0x00,0x00,
  0xff,0xff,0xff,0x00,0x00,0x00,0x00,0x02,0xff,0xff,0xfd,0x00,0x00,0x00,0x00,0x04,0xff,0xff,0xfa,0x00,0x00,0x00,0x00,0x07,
  0xff,0xff,0xf7,0x00,0x00,0x00,0x00,0x0a,0xff,0xff,0xf4,0x00,0x00,0x00,0x00,0x0d,0xff,0xff,0xf0,0x00,0x00,0x00,0x00,0x1f,
  0xff,0xff,0xb0,0x00,0x00,0x00,0x00,0x5f,0xff,0xff,0x70,0x00,0x00,0x00,0x00,0x9f,0xff,0xff,0x20,0x00,0x00,0x00,0x00,0xef,
  0xff,0xfc,0x00,0x00,0x00,0x00,0x03,0xff,0xff,0xf6,0x00,0x00,0x00,0x00,0x09,0xff,0xff,0xf1,0x00,0x00,0x00,0x00,0x0e,0xff,
  0xff,0xa0,0x00,0x00,0x00,0x00,0x4f,0xff,0xff,0x30,0x00,0x00,0x00,0x00,0xbf,0xff,0xfc,0x00,0x00,0x00,0x00,0x01,0xff,0xff,
  0xf5,0x00,0x00,0x00,0x00,0x08,0xff,0xff,0xc0,0x00,0x00,0x00,0x00,0x1f,0xff,0xff,0x40,0x00,0x00,0x00,0x00,0x7f,0xff,0xfc,
  0x00,0x00,0x00,0x00,0x00,0xef,0xff,0xf3,0x00,0x00,0x00,0x00,0x08,0xff,0xff,0xa0,0x00,0x00,0x00,0x00,0x1f,0xff,0xfe,0x10,
  0x00,0x00,0x00,0x00,0x9f,0xff,0xf6,0x00,0x00,0x00,0x00,0x00,0x00,0x00,0x00,0x00,0x00,0x00,0x0c,0xff,0xc0,0x00,0x00,0x00,
  0x00,0x00,0x00,0x00,0x00,0x00,0x00,0x00,0x00,0x0c,0xff,0xc0,0x00,0x00,0x00,0x00,0x00,0x00,0x00,0x00,0x00,0x00,0x00,0x00,
  0x0c,0xff,0xc0,0x00,0x00,0x00,0x00,0x00,0x00,0x00,0x00,0x00,0x00,0x00,0x00,0x0c,0xff,0xc0,0x00,0x00,0x00,0x00,0x00,0x00,
  0x00,0x00,0x00,0x00,0x00,0x00,0x0c,0xff,0xc0,0x00,0x00,0x00,0x00,0x00,0x00,0x00,0x00,0x00,0x00,0x00,0x00,0x0c,0xff,0xc0,
  0x00,0x00,0x00,0x00,0x00,0x00,0x00,0x88,0x00,0x00,0x00,0x00,0x0c,0xff,0xc0,0x00,0x00,0x00,0x00,0x88,0x00,0x02,0xff,0xe5,
  0x00,0x00,0x00,0x0c,0xff,0xc0,0x00,0x00,0x00,0x5e,0xff,0x20,0x0c,0xff,0xff,0xc2,0x00,0x00,0x0c,0xff,0xc0,0x00,0x00,0x2c,
  0xff,0xff,0xc0,0x05,0xdf,0xff,0xff,0x90,0x00,0x0c,0xff,0xc0,0x00,0x09,0xff,0xff,0xfd,0x50,0x00,0x06,0xef,0xff,0xfe,0x60,
  0x0c,0xff,0xc0,0x06,0xef,0xff,0xfe,0x60,0x00,0x00,0x00,0x07,0xff,0xff,0xfc,0x3c,0xff,0xc3,0xcf,0xff,0xff,0x70,0x00,0x00,
  0x00,0x00,0x00,0x18,0xff,0xff,0xff,0xff,0xff,0xff,0xff,0x81,0x00,0x00,0x00,0x00,0x00,0x00,0x00,0x19,0xff,0xff,0xff,0xff,
  0xff,0x91,0x00,0x00,0x00,0x00,0x00,0x00,0x00,0x00,0x00,0x2a,0xff,0xff,0xff,0xa2,0x00,0x00,0x00,0x00,0x00,0x00,0x00,0x00,
  0x00,0x00,0x2a,0xff,0xff,0xff,0xa2,0x00,0x00,0x00,0x00,0x00,0x00,0x00,0x00,0x00,0x19,0xff,0xff,0xff,0xff,0xff,0x91,0x00,
  0x00,0x00,0x00,0x00,0x00,0x00,0x18,0xff,0xff,0xff,0xff,0xff,0xff,0xff,0x81,0x00,0x00,0x00,0x00,0x00,0x07,0xef,0xff,0xfc,
  0x3c,0xff,0xc3,0xcf,0xff,0xfe,0x70,0x00,0x00,0x00,0x06,0xef,0xff,0xfe,0x60,0x0c,0xff,0xc0,0x06,0xef,0xff,0xfe,0x60,0x00,
  0x05,0xdf,0xff,0xff,0x90,0x00,0x0c,0xff,0xc0,0x00,0x09,0xff,0xff,0xfd,0x50,0x0c,0xff,0xff,0xc2,0x00,0x00,0x0c,0xff,0xc0,
  0x00,0x00,0x2c,0xff,0xff,0xc0,0x03,0xff,0xe5,0x00,0x00,0x00,0x0c,0xff,0xc0,0x00,0x00,0x00,0x5e,0xff,0x30,0x00,0x88,0x00,
  0x00,0x00,0x00,0x0c,0xff,0xc0,0x00,0x00,0x00,0x00,0x88,0x00,0x00,0x00,0x00,0x00,0x00,0x00,0x0c,0xff,0xc0,0x00,0x00,0x00,
  0x00,0x00,0x00,0x00,0x00,0x00,0x00,0x00,0x00,0x0c,0xff,0xc0,0x00,0x00,0x00,0x00,0x00,0x00,0x00,0x00,0x00,0x00,0x00,0x00,
  0x0c,0xff,0xc0,0x00,0x00,0x00,0x00,0x00,0x00,0x00,0x00,0x00,0x00,0x00,0x00,0x0c,0xff,0xc0,0x00,0x00,0x00,0x00,0x00,0x00,
  0x00,0x00,0x00,0x00,0x00,0x00,0x0c,0xff,0xc0,0x00,0x00,0x00,0x00,0x00,0x00,0x00,0x00,0x00,0x00,0x00,0x00,0x0c,0xff,0xc0,
  0x00,0x00,0x00,0x00,0x00,0x00,0x00,0x00,0x00,0x00,0x00,0x00,0x00,0x00,0x00,0xdf,0xff,0xf7,0x00,0x00,0x00,0x00,0x00,0x00,
  0x00,0x00,0x00,0x00,0x00,0x00,0x00,0x00,0x00,0x00,0x00,0x00,0xdf,0xff,0xf7,0x00,0x00,0x00,0x00,0x00,0x00,0x00,0x00,0x00,
  0x00,0x00,0x00,0x00,0x00,0x00,0x00,0x00,0x00,0xdf,0xff,0xf7,0x00,0x00,0x00,0x00,0x00,0x00,0x00,0x00,0x00,0x00,0x00,0x00,
  0x00,0x00,0x00,0x00,0x00,0x00,0xdf,0xff,0xf7,0x00,0x00,0x00,0x00,0x00,0x00,0x00,0x00,0x00,0x00,0x00,0x00,0x00,0x00,0x00,
  0x00,0x00,0x00,0xdf,0xff,0xf7,0x00,0x00,0x00,0x00,0x00,0x00,0x00,0x00,0x00,0x00,0x00,0x00,0x00,0x00,0x00,0x00,0x00,0x00,
  0xdf,0xff,0xf7,0x00,0x00,0x00,0x00,0x00,0x00,0x00,0x00,0x00,0x00,0x00,0x00,0x00,0x00,0x00,0x00,0x00,0x00,0xdf,0xff,0xf7,
  0x00,0x00,0x00,0x00,0x00,0x00,0x00,0x00,0x00,0x00,0x00,0x00,0x00,0x00,0x00,0x00,0x00,0x00,0xdf,0xff,0xf7,0x00,0x00,0x00,
  0x00,0x00,0x00,0x00,0x00,0x00,0x00,0x00,0x00,0x00,0x00,0x00,0x00,0x00,0x00,0xdf,0xff,0xf7,0x00,0x00,0x00,0x00,0x00,0x00,
  0x00,0x00,0x00,0x00,0x00,0x00,0x00,0x00,0x00,0x00,0x00,0x00,0xdf,0xff,0xf7,0x00,0x00,0x00,0x00,0x00,0x00,0x00,0x00,0x00,
  0x00,0x00,0x00,0x00,0x00,0x00,0x00,0x00,0x00,0xdf,0xff,0xf7,0x00,0x00,0x00,0x00,0x00,0x00,0x00,0x00,0x00,0x00,0x00,0x00,
  0x00,0x00,0x00,0x00,0x00,0x00,0xdf,0xff,0xf7,0x00,0x00,0x00,0x00,0x00,0x00,0x00,0x00,0x00,0x00,0x00,0x00,0x00,0x00,0x00,
  0x00,0x00,0x00,0xdf,0xff,0xf7,0x00,0x00,0x00,0x00,0x00,0x00,0x00,0x00,0x00,0x00,0x00,0x00,0x00,0x00,0x00,0x00,0x00,0x00,
  0xdf,0xff,0xf7,0x00,0x00,0x00,0x00,0x00,0x00,0x00,0x00,0x00,0x00,0x00,0x00,0x00,0x00,0x00,0x00,0x00,0x00,0xdf,0xff,0xf7,
  0x00,0x00,0x00,0x00,0x00,0x00,0x00,0x00,0x00,0x00,0x00,0x00,0x00,0x00,0x00,0x00,0x00,0x00,0xdf,0xff,0xf7,0x00,0x00,0x00,
  0x00,0x00,0x00,0x00,0x00,0x00,0x00,0x00,0x00,0x00,0x00,0x00,0x00,0x00,0x00,0xdf,0xff,0xf7,0x00,0x00,0x00,0x00,0x00,0x00,
  0x00,0x00,0x00,0x3f,0xff,0xff,0xff,0xff,0xff,0xff,0xff,0xff,0xff,0xff,0xff,0xff,0xff,0xff,0xff,0xff,0xff,0xff,0xff,0xd0,
  0x3f,0xff,0xff,0xff,0xff,0xff,0xff,0xff,0xff,0xff,0xff,0xff,0xff,0xff,0xff,0xff,0xff,0xff,0xff,0xff,0xd0,0x3f,0xff,0xff,
  0xff,0xff,0xff,0xff,0xff,0xff,0xff,0xff,0xff,0xff,0xff,0xff,0xff,0xff,0xff,0xff,0xff,0xd0,0x3f,0xff,0xff,0xff,0xff,0xff,
  0xff,0xff,0xff,0xff,0xff,0xff,0xff,0xff,0xff,0xff,0xff,0xff,0xff,0xff,0xd0,0x3f,0xff,0xff,0xff,0xff,0xff,0xff,0xff,0xff,
  0xff,0xff,0xff,0xff,0xff,0xff,0xff,0xff,0xff,0xff,0xff,0xd0,0x00,0x00,0x00,0x00,0x00,0x00,0x00,0x00,0x00,0xdf,0xff,0xf7,
  0x00,0x00,0x00,0x00,0x00,0x00,0x00,0x00,0x00,0x00,0x00,0x00,0x00,0x00,0x00,0x00,0x00,0x00,0xdf,0xff,0xf7,0x00,0x00,0x00,
  0x00,0x00,0x00,0x00,0x00,0x00,0x00,0x00,0x00,0x00,0x00,0x00,0x00,0x00,0x00,0xdf,0xff,0xf7,0x00,0x00,0x00,0x00,0x00,0x00,
  0x00,0x00,0x00,0x00,0x00,0x00,0x00,0x00,0x00,0x00,0x00,0x00,0xdf,0xff,0xf7,0x00,0x00,0x00,0x00,0x00,0x00,0x00,0x00,0x00,
  0x00,0x00,0x00,0x00,0x00,0x00,0x00,0x00,0x00,0xdf,0xff,0xf7,0x00,0x00,0x00,0x00,0x00,0x00,0x00,0x00,0x00,0x00,0x00,0x00,
  0x00,0x00,0x00,0x00,0x00,0x00,0xdf,0xff,0xf7,0x00,0x00,0x00,0x00,0x00,0x00,0x00,0x00,0x00,0x00,0x00,0x00,0x00,0x00,0x00,
  0x00,0x00,0x00,0xdf,0xff,0xf7,0x00,0x00,0x00,0x00,0x00,0x00,0x00,0x00,0x00,0x00,0x00,0x00,0x00,0x00,0x00,0x00,0x00,0x00,
  0xdf,0xff,0xf7,0x00,0x00,0x00,0x00,0x00,0x00,0x00,0x00,0x00,0x00,0x00,0x00,0x00,0x00,0x00,0x00,0x00,0x00,0xdf,0xff,0xf7,
  0x00,0x00,0x00,0x00,0x00,0x00,0x00,0x00,0x00,0x00,0x00,0x00,0x00,0x00,0x00,0x00,0x00,0x00,0xdf,0xff,0xf7,0x00,0x00,0x00,
  0x00,0x00,0x00,0x00,0x00,0x00,0x00,0x00,0x00,0x00,0x00,0x00,0x00,0x00,0x00,0xdf,0xff,0xf7,0x00,0x00,0x00,0x00,0x00,0x00,
  0x00,0x00,0x00,0x00,0x00,0x00,0x00,0x00,0x00,0x00,0x00,0x00,0xdf,0xff,0xf7,0x00,0x00,0x00,0x00,0x00,0x00,0x00,0x00,0x00,
  0x00,0x00,0x00,0x00,0x00,0x00,0x00,0x00,0x00,0xdf,0xff,0xf7,0x00,0x00,0x00,0x00,0x00,0x00,0x00,0x00,0x00,0x00,0x00,0x00,
  0x00,0x00,0x00,0x00,0x00,0x00,0xdf,0xff,0xf7,0x00,0x00,0x00,0x00,0x00,0x00,0x00,0x00,0x00,0x00,0x00,0x00,0x00,0x00,0x00,
  0x00,0x00,0x00,0xdf,0xff,0xf7,0x00,0x00,0x00,0x00,0x00,0x00,0x00,0x00,0x00,0x00,0x00,0x00,0x00,0x00,0x00,0x00,0x00,0x00,
  0xdf,0xff,0xf7,0x00,0x00,0x00,0x00,0x00,0x00,0x00,0x00,0x00,0x00,0x00,0x00,0x00,0x00,0x00,0x00,0x00,0x00,0xdf,0xff,0xf7,
  0x00,0x00,0x00,0x00,0x00,0x00,0x00,0x00,0x00,0x00,0x08,0xff,0xff,0xff,0x10,0x00,0x08,0xff,0xff,0xff,0x10,0x00,0x08,0xff,
  0xff,0xff,0x10,0x00,0x08,0xff,0xff,0xff,0x10,0x00,0x08,0xff,0xff,0xff,0x10,0x00,0x09,0xff,0xff,0xfe,0x00,0x00,0x0d,0xff,
  0xff,0xf6,0x00,0x00,0x1f,0xff,0xff,0xe0,0x00,0x00,0x5f,0xff,0xff,0x60,0x00,0x00,0x9f,0xff,0xfd,0x00,0x00,0x00,0xef,0xff,
  0xf5,0x00,0x00,0x02,0xff,0xff,0xc0,0x00,0x00,0x06,0xff,0xff,0x40,0x00,0x00,0x0a,0xff,0xfc,0x00,0x00,0x00,0x0e,0xff,0xf3,
  0x00,0x00,0x00,0xef,0xff,0xff,0xff,0xff,0xff,0xff,0xff,0xf0,0xef,0xff,0xff,0xff,0xff,0xff,0xff,0xff,0xf0,0xef,0xff,0xff,
  0xff,0xff,0xff,0xff,0xff,0xf0,0xef,0xff,0xff,0xff,0xff,0xff,0xff,0xff,0xf0,0xef,0xff,0xff,0xff,0xff,0xff,0xff,0xff,0xf0,
  0x2f,0xff,0xff,0xf7,0x2f,0xff,0xff,0xf7,0x2f,0xff,0xff,0xf7,0x2f,0xff,0xff,0xf7,0x2f,0xff,0xff,0xf7,0x2f,0xff,0xff,0xf7,
  0x2f,0xff,0xff,0xf7,0x2f,0xff,0xff,0xf7,0x00,0x00,0x00,0x00,0x00,0x00,0x00,0x00,0xef,0xff,0xf6,0x00,0x00,0x00,0x00,0x00,
  0x00,0x00,0x03,0xff,0xff,0xf1,0x00,0x00,0x00,0x00,0x00,0x00,0x00,0x08,0xff,0xff,0xc0,0x00,0x00,0x00,0x00,0x00,0x00,0x00,
  0x0d,0xff,0xff,0x70,0x00,0x00,0x00,0x00,0x00,0x00,0x00,0x2f,0xff,0xff,0x20,0x00,0x00,0x00,0x00,0x00,0x00,0x00,0x7f,0xff,
  0xfd,0x00,0x00,0x00,0x00,0x00,0x00,0x00,0x00,0xbf,0xff,0xf9,0x00,0x00,0x00,0x00,0x00,0x00,0x00,0x01,0xff,0xff,0xf4,0x00,
  0x00,0x00,0x00,0x00,0x00,0x00,0x05,0xff,0xff,0xe0,0x00,0x00,0x00,0x00,0x00,0x00,0x00,0x0a,0xff,0xff,0xa0,0x00,0x00,0x00,
  0x00,0x00,0x00,0x00,0x0f,0xff,0xff,0x50,0x00,0x00,0x00,0x00,0x00,0x00,0x00,0x4f,0xff,0xff,0x00,0x00,0x00,0x00,0x00,0x00,
  0x00,0x00,0x9f,0xff,0xfb,0x00,0x00,0x00,0x00,0x00,0x00,0x00,0x00,0xef,0xff,0xf6,0x00,0x00,0x00,0x00,0x00,0x00,0x00,0x03,
  0xff,0xff,0xf1,0x00,0x00,0x00,0x00,0x00,0x00,0x00,0x08,0xff,0xff,0xc0,0x00,0x00,0x00,0x00,0x00,0x00,0x00,0x0c,0xff,0xff,
  0x80,0x00,0x00,0x00,0x00,0x00,0x00,0x00,0x1f,0xff,0xff,0x30,0x00,0x00,0x00,0x00,0x00,0x00,0x00,0x6f,0xff,0xfe,0x00,0x00,
  0x00,0x00,0x00,0x00,0x00,0x00,0xbf,0xff,0xf9,0x00,0x00,0x00,0x00,0x00,0x00,0x00,0x00,0xff,0xff,0xf4,0x00,0x00,0x00,0x00,
  0x00,0x00,0x00,0x05,0xff,0xff,0xf0,0x00,0x00,0x00,0x00,0x00,0x00,0x00,0x0a,0xff,0xff,0xa0,0x00,0x00,0x00,0x00,0x00,0x00,
  0x00,0x0e,0xff,0xff,0x50,0x00,0x00,0x00,0x00,0x00,0x00,0x00,0x4f,0xff,0xff,0x10,0x00,0x00,0x00,0x00,0x00,0x00,0x00,0x9f,
  0xff,0xfb,0x00,0x00,0x00,0x00,0x00,0x00,0x00,0x00,0xdf,0xff,0xf6,0x00,0x00,0x00,0x00,0x00,0x00,0x00,0x02,0xff,0xff,0xf2,
  0x00,0x00,0x00,0x00,0x00,0x00,0x00,0x07,0xff,0xff,0xd0,0x00,0x00,0x00,0x00,0x00,0x00,0x00,0x0c,0xff,0xff,0x80,0x00,0x00,
  0x00,0x00,0x00,0x00,0x00,0x1f,0xff,0xff,0x30,0x00,0x00,0x00,0x00,0x00,0x00,0x00,0x6f,0xff,0xfe,0x00,0x00,0x00,0x00,0x00,
  0x00,0x00,0x00,0xbf,0xff,0xf9,0x00,0x00,0x00,0x00,0x00,0x00,0x00,0x00,0xff,0xff,0xf4,0x00,0x00,0x00,0x00,0x00,0x00,0x00,
  0x05,0xff,0xff,0xf0,0x00,0x00,0x00,0x00,0x00,0x00,0x00,0x0a,0xff,0xff,0xa0,0x00,0x00,0x00,0x00,0x00,0x00,0x00,0x0e,0xff,
  0xff,0x50,0x00,0x00,0x00,0x00,0x00,0x00,0x00,0x4f,0xff,0xff,0x10,0x00,0x00,0x00,0x00,0x00,0x00,0x00,0x8f,0xff,0xfc,0x00,
  0x00,0x00,0x00,0x00,0x00,0x00,0x00,0xdf,0xff,0xf7,0x00,0x00,0x00,0x00,0x00,0x00,0x00,0x02,0xff,0xff,0xf2,0x00,0x00,0x00,
  0x00,0x00,0x00,0x00,0x07,0xff,0xff,0xd0,0x00,0x00,0x00,0x00,0x00,0x00,0x00,0x0c,0xff,0xff,0x80,0x00,0x00,0x00,0x00,0x00,
  0x00,0x00,0x1f,0xff,0xff,0x30,0x00,0x00,0x00,0x00,0x00,0x00,0x00,0x6f,0xff,0xfe,0x00,0x00,0x00,0x00,0x00,0x00,0x00,0x00,
  0xbf,0xff,0xf9,0x00,0x00,0x00,0x00,0x00,0x00,0x00,0x00,0xff,0xff,0xf4,0x00,0x00,0x00,0x00,0x00,0x00,0x00,0x05,0xff,0xff,
  0xf0,0x00,0x00,0x00,0x00,0x00,0x00,0x00,0x09,0xff,0xff,0xb0,0x00,0x00,0x00,0x00,0x00,0x00,0x00,0x0e,0xff,0xff,0x60,0x00,
  0x00,0x00,0x00,0x00,0x00,0x00,0x3f,0xff,0xff,0x10,0x00,0x00,0x00,0x00,0x00,0x00,0x00,0x8f,0xff,0xfc,0x00,0x00,0x00,0x00,
  0x00,0x00,0x00,0x00,0xdf,0xff,0xf7,0x00,0x00,0x00,0x00,0x00,0x00,0x00,0x00,0x00,0x00,0x00,0x00,0x00,0x04,0x8b,0xef,0xff,
  0xdb,0x72,0x00,0x00,0x00,0x00,0x00,0x00,0x00,0x00,0x00,0x00,0x07,0xef,0xff,0xff,0xff,0xff,0xff,0xc4,0x00,0x00,0x00,0x00,
  0x00,0x00,0x00,0x00,0x03,0xdf,0xff,0xff,0xff,0xff,0xff,0xff,0xff,0xa0,0x00,0x00,0x00,0x00,0x00,0x00,0x00,0x4f,0xff,0xff,
  0xff,0xff,0xff,0xff,0xff,0xff,0xfd,0x10,0x00,0x00,0x00,0x00,0x00,0x04,0xff,0xff,0xff,0xff,0xff,0xff,0xff,0xff,0xff,0xff,
  0xd1,0x00,0x00,0x00,0x00,0x00,0x2e,0xff,0xff,0xff,0xe8,0x30,0x01,0x4a,0xff,0xff,0xff,0xfb,0x00,0x00,0x00,0x00,0x00,0xcf,
  0xff,0xff,0xfa,0x00,0x00,0x00,0x00,0x2d,0xff,0xff,0xff,0x70,0x00,0x00,0x00,0x05,0xff,0xff,0xff,0xa0,0x00,0x00,0x00,0x00,
  0x01,0xdf,0xff,0xff,0xf1,0x00,0x00,0x00,0x0d,0xff,0xff,0xfd,0x00,0x00,0x00,0x00,0x00,0x00,0x2f,0xff,0xff,0xf8,0x00,0x00,
  0x00,0x5f,0xff,0xff,0xf3,0x00,0x00,0x00,0x00,0x00,0x00,0x08,0xff,0xff,0xff,0x00,0x00,0x00,0xbf,0xff,0xff,0xb0,0x00,0x00,
  0x00,0x00,0x00,0x00,0x01,0xff,0xff,0xff,0x60,0x00,0x01,0xff,0xff,0xff,0x50,0x00,0x00,0x00,0x00,0x00,0x00,0x00,0x9f,0xff,
  0xff,0xb0,0x00,0x05,0xff,0xff,0xff,0x00,0x00,0x00,0x00,0x00,0x00,0x00,0x00,0x4f,0xff,0xff,0xf0,0x00,0x09,0xff,0xff,0xfb,
  0x00,0x00,0x00,0x00,0x00,0x00,0x00,0x00,0x0f,0xff,0xff,0xf4,0x00,0x0d,0xff,0xff,0xf7,0x00,0x00,0x00,0x00,0x00,0x00,0x00,
  0x00,0x0c,0xff,0xff,0xf8,0x00,0x0f,0xff,0xff,0xf4,0x00,0x00,0x00,0x00,0x00,0x00,0x00,0x00,0x08,0xff,0xff,0xfb,0x00,0x3f,
  0xff,0xff,0xf1,0x00,0x00,0x00,0x00,0x00,0x00,0x00,0x00,0x06,0xff,0xff,0xfe,0x00,0x5f,0xff,0xff,0xf0,0x00,0x00,0x00,0x00,
  0x00,0x00,0x00,0x00,0x03,0xff,0xff,0xff,0x00,0x7f,0xff,0xff,0xd0,0x00,0x00,0x00,0x00,0x00,0x00,0x00,0x00,0x02,0xff,0xff,
  0xff,0x20,0x9f,0xff,0xff,0xc0,0x00,0x00,0x00,0x00,0x00,0x00,0x00,0x00,0x00,0xff,0xff,0xff,0x30,0xaf,0xff,0xff,0xa0,0x00,
  0x00,0x00,0x00,0x00,0x00,0x00,0x00,0x00,0xff,0xff,0xff,0x50,0xbf,0xff,0xff,0xa0,0x00,0x00,0x00,0x00,0x00,0x00,0x00,0x00,
  0x00,0xef,0xff,0xff,0x60,0xbf,0xff,0xff,0x90,0x00,0x00,0x00,0x00,0x00,0x00,0x00,0x00,0x00,0xef,0xff,0xff,0x60,0xcf,0xff,
  0xff,0x90,0x00,0x00,0x00,0x00,0x00,0x00,0x00,0x00,0x00,0xdf,0xff,0xff,0x70,0xcf,0xff,0xff,0x90,0x00,0x00,0x00,0x00,0x00,
  0x00,0x00,0x00,0x00,0xdf,0xff,0xff,0x70,0xcf,0xff,0xff,0x90,0x00,0x00,0x00,0x00,0x00,0x00,0x00,0x00,0x00,0xdf,0xff,0xff,
  0x70,0xbf,0xff,0xff,0x90,0x00,0x00,0x00,0x00,0x00,0x00,0x00,0x00,0x00,0xef,0xff,0xff,0x60,0xbf,0xff,0xff,0xa0,0x00,0x00,
  0x00,0x00,0x00,0x00,0x00,0x00,0x00,0xef,0xff,0xff,0x60,0xaf,0xff,0xff,0xa0,0x00,0x00,0x00,0x00,0x00,0x00,0x00,0x00,0x00,
  0xff,0xff,0xff,0x50,0x9f,0xff,0xff,0xc0,0x00,0x00,0x00,0x00,0x00,0x00,0x00,0x00,0x00,0xff,0xff,0xff,0x40,0x7f,0xff,0xff,
  0xd0,0x00,0x00,0x00,0x00,0x00,0x00,0x00,0x00,0x02,0xff,0xff,0xff,0x20,0x5f,0xff,0xff,0xf0,0x00,0x00,0x00,0x00,0x00,0x00,
  0x00,0x00,0x03,0xff,0xff,0xff,0x00,0x3f,0xff,0xff,0xf1,0x00,0x00,0x00,0x00,0x00,0x00,0x00,0x00,0x06,0xff,0xff,0xfe,0x00,
  0x0f,0xff,0xff,0xf4,0x00,0x00,0x00,0x00,0x00,0x00,0x00,0x00,0x08,0xff,0xff,0xfb,0x00,0x0d,0xff,0xff,0xf7,0x00,0x00,0x00,
  0x00,0x00,0x00,0x00,0x00,0x0b,0xff,0xff,0xf8,0x00,0x09,0xff,0xff,0xfb,0x00,0x00,0x00,0x00,0x00,0x00,0x00,0x00,0x0f,0xff,
  0xff,0xf4,0x00,0x05,0xff,0xff,0xff,0x00,0x00,0x00,0x00,0x00,0x00,0x00,0x00,0x4f,0xff,0xff,0xf0,0x00,0x01,0xff,0xff,0xff,
  0x50,0x00,0x00,0x00,0x00,0x00,0x00,0x00,0x9f,0xff,0xff,0xb0,0x00,0x00,0xbf,0xff,0xff,0xb0,0x00,0x00,0x00,0x00,0x00,0x00,
  0x01,0xff,0xff,0xff,0x60,0x00,0x00,0x5f,0xff,0xff,0xf3,0x00,0x00,0x00,0x00,0x00,0x00,0x08,0xff,0xff,0xff,0x00,0x00,0x00,
  0x0d,0xff,0xff,0xfc,0x00,0x00,0x00,0x00,0x00,0x00,0x2f,0xff,0xff,0xf8,0x00,0x00,0x00,0x05,0xff,0xff,0xff,0x90,0x00,0x00,
  0x00,0x00,0x01,0xdf,0xff,0xff,0xf1,0x00,0x00,0x00,0x00,0xcf,0xff,0xff,0xfa,0x00,0x00,0x00,0x00,0x2d,0xff,0xff,0xff,0x70,
  0x00,0x00,0x00,0x00,0x2e,0xff,0xff,0xff,0xe8,0x30,0x01,0x49,0xff,0xff,0xff,0xfb,0x00,0x00,0x00,0x00,0x00,0x04,0xff,0xff,
  0xff,0xff,0xff,0xff,0xff,0xff,0xff,0xff,0xd1,0x00,0x00,0x00,0x00,0x00,0x00,0x4f,0xff,0xff,0xff,0xff,0xff,0xff,0xff,0xff,
  0xfd,0x10,0x00,0x00,0x00,0x00,0x00,0x00,0x03,0xdf,0xff,0xff,0xff,0xff,0xff,0xff,0xff,0xa0,0x00,0x00,0x00,0x00,0x00,0x00,
  0x00,0x00,0x07,0xef,0xff,0xff,0xff,0xff,0xff,0xc4,0x00,0x00,0x00,0x00,0x00,0x00,0x00,0x00,0x00,0x00,0x04,0x8c,0xef,0xff,
  0xdb,0x72,0x00,0x00,0x00,0x00,0x00,0x00,0x00,0x00,0x00,0x25,0x8b,0xef,0xff,0xff,0xf8,0x00,0x00,0x00,0x00,0x00,0x14,0x79,
  0xcf,0xff,0xff,0xff,0xff,0xff,0xf8,0x00,0x00,0x00,0x00,0x00,0xff,0xff,0xff,0xff,0xff,0xff,0xff,0xff,0xf8,0x00,0x00,0x00,
  0x00,0x00,0xff,0xff,0xff,0xff,0xff,0xff,0xff,0xff,0xf8,0x00,0x00,0x00,0x00,0x00,0xff,0xff,0xff,0xff,0xff,0xff,0xff,0xff,
  0xf8,0x00,0x00,0x00,0x00,0x00,0xff,0xff,0xff,0xda,0x75,0x2c,0xff,0xff,0xf8,0x00,0x00,0x00,0x00,0x00,0xeb,0x96,0x30,0x00,
  0x00,0x0c,0xff,0xff,0xf8,0x00,0x00,0x00,0x00,0x00,0x00,0x00,0x00,0x00,0x00,0x0c,0xff,0xff,0xf8,0x00,0x00,0x00,0x00,0x00,
  0x00,0x00,0x00,0x00,0x00,0x0c,0xff,0xff,0xf8,0x00,0x00,0x00,0x00,0x00,0x00,0x00,0x00,0x00,0x00,0x0c,0xff,0xff,0xf8,0x00,
  0x00,0x00,0x00,0x00,0x00,0x00,0x00,0x00,0x00,0x0c,0xff,0xff,0xf8,0x00,0x00,0x00,0x00,0x00,0x00,0x00,0x00,0x00,0x00,0x0c,
  0xff,0xff,0xf8,0x00,0x00,0x00,0x00,0x00,0x00,0x00,0x00,0x00,0x00,0x0c,0xff,0xff,0xf8,0x00,0x00,0x00,0x00,0x00,0x00,0x00,
  0x00,0x00,0x00,0x0c,0xff,0xff,0xf8,0x00,0x00,0x00,0x00,0x00,0x00,0x00,0x00,0x00,0x00,0x0c,0xff,0xff,0xf8,0x00,0x00,0x00,
  0x00,0x00,0x00,0x00,0x00,0x00,0x00,0x0c,0xff,0xff,0xf8,0x00,0x00,0x00,0x00,0x00,0x00,0x00,0x00,0x00,0x00,0x0c,0xff,0xff,
  0xf8,0x00,0x00,0x00,0x00,0x00,0x00,0x00,0x00,0x00,0x00,0x0c,0xff,0xff,0xf8,0x00,0x00,0x00,0x00,0x00,0x00,0x00,0x00,0x00,
  0x00,0x0c,0xff,0xff,0xf8,0x00,0x00,0x00,0x00,0x00,0x00,0x00,0x00,0x00,0x00,0x0c,0xff,0xff,0xf8,0x00,0x00,0x00,0x00,0x00,
  0x00,0x00,0x00,0x00,0x00,0x0c,0xff,0xff,0xf8,0x00,0x00,0x00,0x00,0x00,0x00,0x00,0x00,0x00,0x00,0x0c,0xff,0xff,0xf8,0x00,
  0x00,0x00,0x00,0x00,0x00,0x00,0x00,0x00,0x00,0x0c,0xff,0xff,0xf8,0x00,0x00,0x00,0x00,0x00,0x00,0x00,0x00,0x00,0x00,0x0c,
  0xff,0xff,0xf8,0x00,0x00,0x00,0x00,0x00,0x00,0x00,0x00,0x00,0x00,0x0c,0xff,0xff,0xf8,0x00,0x00,0x00,0x00,0x00,0x00,0x00,
  0x00,0x00,0x00,0x0c,0xff,0xff,0xf8,0x00,0x00,0x00,0x00,0x00,0x00,0x00,0x00,0x00,0x00,0x0c,0xff,0xff,0xf8,0x00,0x00,0x00,
  0x00,0x00,0x00,0x00,0x00,0x00,0x00,0x0c,0xff,0xff,0xf8,0x00,0x00,0x00,0x00,0x00,0x00,0x00,0x00,0x00,0x00,0x0c,0xff,0xff,
  0xf8,0x00,0x00,0x00,0x00,0x00,0x00,0x00,0x00,0x00,0x00,0x0c,0xff,0xff,0xf8,0x00,0x00,0x00,0x00,0x00,0x00,0x00,0x00,0x00,
  0x00,0x0c,0xff,0xff,0xf8,0x00,0x00,0x00,0x00,0x00,0x00,0x00,0x00,0x00,0x00,0x0c,0xff,0xff,0xf8,0x00,0x00,0x00,0x00,0x00,
  0x00,0x00,0x00,0x00,0x00,0x0c,0xff,0xff,0xf8,0x00,0x00,0x00,0x00,0x00,0x00,0x00,0x00,0x00,0x00,0x0c,0xff,0xff,0xf8,0x00,
  0x00,0x00,0x00,0x00,0x00,0x00,0x00,0x00,0x00,0x0c,0xff,0xff,0xf8,0x00,0x00,0x00,0x00,0x00,0x00,0x00,0x00,0x00,0x00,0x0c,
  0xff,0xff,0xf8,0x00,0x00,0x00,0x00,0x00,0x00,0x00,0x00,0x00,0x00,0x0c,0xff,0xff,0xf8,0x00,0x00,0x00,0x00,0x00,0x00,0x00,
  0x00,0x00,0x00,0x0c,0xff,0xff,0xf8,0x00,0x00,0x00,0x00,0x00,0x00,0x00,0x00,0x00,0x00,0x0c,0xff,0xff,0xf8,0x00,0x00,0x00,
  0x00,0x00,0x00,0x00,0x00,0x00,0x00,0x0c,0xff,0xff,0xf8,0x00,0x00,0x00,0x00,0x00,0x00,0x00,0x00,0x00,0x00,0x0c,0xff,0xff,
  0xf8,0x00,0x00,0x00,0x00,0x00,0x00,0x00,0x00,0x00,0x00,0x0c,0xff,0xff,0xf8,0x00,0x00,0x00,0x00,0x00,0x1f,0xff,0xff,0xff,
  0xff,0xff,0xff,0xff,0xff,0xff,0xff,0xff,0xff,0xfd,0x1f,0xff,0xff,0xff,0xff,0xff,0xff,0xff,0xff,0xff,0xff,0xff,0xff,0xfd,
  0x1f,0xff,0xff,0xff,0xff,0xff,0xff,0xff,0xff,0xff,0xff,0xff,0xff,0xfd,0x1f,0xff,0xff,0xff,0xff,0xff,0xff,0xff,0xff,0xff,
  0xff,0xff,0xff,0xfd,0x1f,0xff,0xff,0xff,0xff,0xff,0xff,0xff,0xff,0xff,0xff,0xff,0xff,0xfd,0x00,0x00,0x00,0x01,0x47,0xad,
  0xef,0xfe,0xdc,0x95,0x10,0x00,0x00,0x00,0x00,0x00,0x00,0x00,0x38,0xcf,0xff,0xff,0xff,0xff,0xff,0xff,0xfb,0x40,0x00,0x00,
  0x00,0x00,0x02,0x8e,0xff,0xff,0xff,0xff,0xff,0xff,0xff,0xff,0xff,0xfd,0x20,0x00,0x00,0x00,0x0f,0xff,0xff,0xff,0xff,0xff,
  0xff,0xff,0xff,0xff,0xff,0xff,0xf7,0x00,0x00,0x00,0x0f,0xff,0xff,0xff,0xff,0xff,0xff,0xff,0xff,0xff,0xff,0xff,0xff,0x90,
  0x00,0x00,0x0f,0xff,0xff,0xff,0xfc,0x84,0x20,0x01,0x37,0xcf,0xff,0xff,0xff,0xf7,0x00,0x00,0x0f,0xff,0xff,0xe7,0x10,0x00,
  0x00,0x00,0x00,0x04,0xef,0xff,0xff,0xff,0x20,0x00,0x0f,0xff,0xd6,0x00,0x00,0x00,0x00,0x00,0x00,0x00,0x1c,0xff,0xff,0xff,
  0xb0,0x00,0x0f,0xf7,0x00,0x00,0x00,0x00,0x00,0x00,0x00,0x00,0x01,0xdf,0xff,0xff,0xf2,0x00,0x0a,0x10,0x00,0x00,0x00,0x00,
  0x00,0x00,0x00,0x00,0x00,0x5f,0xff,0xff,0xf8,0x00,0x00,0x00,0x00,0x00,0x00,0x00,0x00,0x00,0x00,0x00,0x00,0x0d,0xff,0xff,
  0xfc,0x00,0x00,0x00,0x00,0x00,0x00,0x00,0x00,0x00,0x00,0x00,0x00,0x08,0xff,0xff,0xfe,0x00,0x00,0x00,0x00,0x00,0x00,0x00,
  0x00,0x00,0x00,0x00,0x00,0x06,0xff,0xff,0xff,0x00,0x00,0x00,0x00,0x00,0x00,0x00,0x00,0x00,0x00,0x00,0x00,0x04,0xff,0xff,
  0xff,0x00,0x00,0x00,0x00,0x00,0x00,0x00,0x00,0x00,0x00,0x00,0x00,0x05,0xff,0xff,0xff,0x00,0x00,0x00,0x00,0x00,0x00,0x00,
  0x00,0x00,0x00,0x00,0x00,0x07,0xff,0xff,0xfe,0x00,0x00,0x00,0x00,0x00,0x00,0x00,0x00,0x00,0x00,0x00,0x00,0x0b,0xff,0xff,
  0xfc,0x00,0x00,0x00,0x00,0x00,0x00,0x00,0x00,0x00,0x00,0x00,0x00,0x1f,0xff,0xff,0xf8,0x00,0x00,0x00,0x00,0x00,0x00,0x00,
  0x00,0x00,0x00,0x00,0x00,0x8f,0xff,0xff,0xf3,0x00,0x00,0x00,0x00,0x00,0x00,0x00,0x00,0x00,0x00,0x00,0x01,0xff,0xff,0xff,
  0xc0,0x00,0x00,0x00,0x00,0x00,0x00,0x00,0x00,0x00,0x00,0x00,0x0b,0xff,0xff,0xff,0x50,0x00,0x00,0x00,0x00,0x00,0x00,0x00,
  0x00,0x00,0x00,0x00,0x6f,0xff,0xff,0xfb,0x00,0x00,0x00,0x00,0x00,0x00,0x00,0x00,0x00,0x00,0x00,0x03,0xff,0xff,0xff,0xf2,
  0x00,0x00,0x00,0x00,0x00,0x00,0x00,0x00,0x00,0x00,0x00,0x1e,0xff,0xff,0xff,0x60,0x00,0x00,0x00,0x00,0x00,0x00,0x00,0x00,
  0x00,0x00,0x00,0xcf,0xff,0xff,0xfa,0x00,0x00,0x00,0x00,0x00,0x00,0x00,0x00,0x00,0x00,0x00,0x0b,0xff,0xff,0xff,0xd1,0x00,
  0x00,0x00,0x00,0x00,0x00,0x00,0x00,0x00,0x00,0x00,0x9f,0xff,0xff,0xfe,0x10,0x00,0x00,0x00,0x00,0x00,0x00,0x00,0x00,0x00,
  0x00,0x08,0xff,0xff,0xff,0xe2,0x00,0x00,0x00,0x00,0x00,0x00,0x00,0x00,0x00,0x00,0x00,0x7f,0xff,0xff,0xff,0x30,0x00,0x00,
  0x00,0x00,0x00,0x00,0x00,0x00,0x00,0x00,0x07,0xff,0xff,0xff,0xf3,0x00,0x00,0x00,0x00,0x00,0x00,0x00,0x00,0x00,0x00,0x00,
  0x6f,0xff,0xff,0xff,0x40,0x00,0x00,0x00,0x00,0x00,0x00,0x00,0x00,0x00,0x00,0x05,0xff,0xff,0xff,0xf4,0x00,0x00,0x00,0x00,
  0x00,0x00,0x00,0x00,0x00,0x00,0x00,0x5f,0xff,0xff,0xff,0x50,0x00,0x00,0x00,0x00,0x00,0x00,0x00,0x00,0x00,0x00,0x04,0xff,
  0xff,0xff,0xf6,0x00,0x00,0x00,0x00,0x00,0x00,0x00,0x00,0x00,0x00,0x00,0x4f,0xff,0xff,0xff,0x60,0x00,0x00,0x00,0x00,0x00,
  0x00,0x00,0x00,0x00,0x00,0x03,0xff,0xff,0xff,0xf7,0x00,0x00,0x00,0x00,0x00,0x00,0x00,0x00,0x00,0x00,0x00,0x3f,0xff,0xff,
  0xff,0x80,0x00,0x00,0x00,0x00,0x00,0x00,0x00,0x00,0x00,0x00,0x02,0xef,0xff,0xff,0xf8,0x00,0x00,0x00,0x00,0x00,0x00,0x00,
  0x00,0x00,0x00,0x00,0x2e,0xff,0xff,0xff,0x90,0x00,0x00,0x00,0x00,0x00,0x00,0x00,0x00,0x00,0x00,0x01,0xef,0xff,0xff,0xfa,
  0x00,0x00,0x00,0x00,0x00,0x00,0x00,0x00,0x00,0x00,0x00,0x1d,0xff,0xff,0xff,0xa0,0x00,0x00,0x00,0x00,0x00,0x00,0x00,0x00,
  0x00,0x00,0x01,0xdf,0xff,0xff,0xfb,0x00,0x00,0x00,0x00,0x00,0x00,0x00,0x00,0x00,0x00,0x00,0x0c,0xff,0xff,0xff,0xb0,0x00,
  0x00,0x00,0x00,0x00,0x00,0x00,0x00,0x00,0x00,0x00,0x5f,0xff,0xff,0xff,0xff,0xff,0xff,0xff,0xff,0xff,0xff,0xff,0xff,0xff,
  0xff,0x50,0x5f,0xff,0xff,0xff,0xff,0xff,0xff,0xff,0xff,0xff,0xff,0xff,0xff,0xff,0xff,0x50,0x5f,0xff,0xff,0xff,0xff,0xff,
  0xff,0xff,0xff,0xff,0xff,0xff,0xff,0xff,0xff,0x50,0x5f,0xff,0xff,0xff,0xff,0xff,0xff,0xff,0xff,0xff,0xff,0xff,0xff,0xff,
  0xff,0x50,0x5f,0xff,0xff,0xff,0xff,0xff,0xff,0xff,0xff,0xff,0xff,0xff,0xff,0xff,0xff,0x50,0x00,0x00,0x00,0x03,0x68,0xac,
  0xee,0xff,0xed,0xc8,0x52,0x00,0x00,0x00,0x00,0x00,0x00,0x14,0x8c,0xff,0xff,0xff,0xff,0xff,0xff,0xff,0xff,0xb5,0x00,0x00,
  0x00,0x00,0x00,0xbf,0xff,0xff,0xff,0xff,0xff,0xff,0xff,0xff,0xff,0xff,0xd3,0x00,0x00,0x00,0x00,0xbf,0xff,0xff,0xff,0xff,
  0xff,0xff,0xff,0xff,0xff,0xff,0xff,0x80,0x00,0x00,0x00,0xbf,0xff,0xff,0xff,0xff,0xff,0xff,0xff,0xff,0xff,0xff,0xff,0xfa,
  0x00,0x00,0x00,0xbf,0xff,0xff,0xd9,0x63,0x21,0x01,0x24,0x7d,0xff,0xff,0xff,0xff,0x70,0x00,0x00,0xbf,0xfb,0x62,0x00,0x00,
  0x00,0x00,0x00,0x00,0x4d,0xff,0xff,0xff,0xf2,0x00,0x00,0x98,0x20,0x00,0x00,0x00,0x00,0x00,0x00,0x00,0x00,0xbf,0xff,0xff,
  0xf9,0x00,0x00,0x00,0x00,0x00,0x00,0x00,0x00,0x00,0x00,0x00,0x00,0x0e,0xff,0xff,0xff,0x00,0x00,0x00,0x00,0x00,0x00,0x00,
  0x00,0x00,0x00,0x00,0x00,0x06,0xff,0xff,0xff,0x30,0x00,0x00,0x00,0x00,0x00,0x00,0x00,0x00,0x00,0x00,0x00,0x01,0xff,0xff,
  0xff,0x60,0x00,0x00,0x00,0x00,0x00,0x00,0x00,0x00,0x00,0x00,0x00,0x00,0xef,0xff,0xff,0x70,0x00,0x00,0x00,0x00,0x00,0x00,
  0x00,0x00,0x00,0x00,0x00,0x00,0xcf,0xff,0xff,0x70,0x00,0x00,0x00,0x00,0x00,0x00,0x00,0x00,0x00,0x00,0x00,0x00,0xdf,0xff,
  0xff,0x60,0x00,0x00,0x00,0x00,0x00,0x00,0x00,0x00,0x00,0x00,0x00,0x00,0xff,0xff,0xff,0x30,0x00,0x00,0x00,0x00,0x00,0x00,
  0x00,0x00,0x00,0x00,0x00,0x05,0xff,0xff,0xff,0x00,0x00,0x00,0x00,0x00,0x00,0x00,0x00,0x00,0x00,0x00,0x00,0x0d,0xff,0xff,
  0xf8,0x00,0x00,0x00,0x00,0x00,0x00,0x00,0x00,0x00,0x00,0x00,0x00,0xaf,0xff,0xff,0xe1,0x00,0x00,0x00,0x00,0x00,0x00,0x00,
  0x00,0x00,0x00,0x00,0x2c,0xff,0xff,0xff,0x50,0x00,0x00,0x00,0x00,0x00,0x00,0x00,0x00,0x00,0x13,0x6c,0xff,0xff,0xff,0xf6,
  0x00,0x00,0x00,0x00,0x00,0x00,0x1f,0xff,0xff,0xff,0xff,0xff,0xff,0xff,0xfd,0x30,0x00,0x00,0x00,0x00,0x00,0x00,0x1f,0xff,
  0xff,0xff,0xff,0xff,0xff,0xfc,0x60,0x00,0x00,0x00,0x00,0x00,0x00,0x00,0x1f,0xff,0xff,0xff,0xff,0xff,0xff,0xa3,0x00,0x00,
  0x00,0x00,0x00,0x00,0x00,0x00,0x1f,0xff,0xff,0xff,0xff,0xff,0xff,0xff,0xd6,0x00,0x00,0x00,0x00,0x00,0x00,0x00,0x1f,0xff,
  0xff,0xff,0xff,0xff,0xff,0xff,0xff,0xc2,0x00,0x00,0x00,0x00,0x00,0x00,0x00,0x00,0x00,0x01,0x24,0x8d,0xff,0xff,0xff,0xfe,
  0x30,0x00,0x00,0x00,0x00,0x00,0x00,0x00,0x00,0x00,0x00,0x00,0x4d,0xff,0xff,0xff,0xe2,0x00,0x00,0x00,0x00,0x00,0x00,0x00,
  0x00,0x00,0x00,0x00,0x00,0x9f,0xff,0xff,0xfc,0x00,0x00,0x00,0x00,0x00,0x00,0x00,0x00,0x00,0x00,0x00,0x00,0x09,0xff,0xff,
  0xff,0x50,0x00,0x00,0x00,0x00,0x00,0x00,0x00,0x00,0x00,0x00,0x00,0x00,0xef,0xff,0xff,0xc0,0x00,0x00,0x00,0x00,0x00,0x00,
  0x00,0x00,0x00,0x00,0x00,0x00,0x6f,0xff,0xff,0xf1,0x00,0x00,0x00,0x00,0x00,0x00,0x00,0x00,0x00,0x00,0x00,0x00,0x1f,0xff,
  0xff,0xf5,0x00,0x00,0x00,0x00,0x00,0x00,0x00,0x00,0x00,0x00,0x00,0x00,0x0d,0xff,0xff,0xf7,0x00,0x00,0x00,0x00,0x00,0x00,
  0x00,0x00,0x00,0x00,0x00,0x00,0x0c,0xff,0xff,0xf8,0x00,0x00,0x00,0x00,0x00,0x00,0x00,0x00,0x00,0x00,0x00,0x00,0x0b,0xff,
  0xff,0xf9,0x00,0x00,0x00,0x00,0x00,0x00,0x00,0x00,0x00,0x00,0x00,0x00,0x0c,0xff,0xff,0xf8,0x00,0x00,0x00,0x00,0x00,0x00,
  0x00,0x00,0x00,0x00,0x00,0x00,0x0e,0xff,0xff,0xf6,0x00,0x00,0x00,0x00,0x00,0x00,0x00,0x00,0x00,0x00,0x00,0x00,0x2f,0xff,
  0xff,0xf4,0x00,0x00,0x00,0x00,0x00,0x00,0x00,0x00,0x00,0x00,0x00,0x00,0x8f,0xff,0xff,0xf1,0x00,0x00,0x00,0x00,0x00,0x00,
  0x00,0x00,0x00,0x00,0x00,0x01,0xff,0xff,0xff,0xc0,0x00,0x00,0x00,0x00,0x00,0x00,0x00,0x00,0x00,0x00,0x00,0x0c,0xff,0xff,
  0xff,0x50,0x1b,0x30,0x00,0x00,0x00,0x00,0x00,0x00,0x00,0x00,0x01,0xcf,0xff,0xff,0xfd,0x00,0x2f,0xfc,0x61,0x00,0x00,0x00,
  0x00,0x00,0x00,0x01,0x7f,0xff,0xff,0xff,0xf4,0x00,0x2f,0xff,0xff,0xc9,0x63,0x21,0x00,0x12,0x47,0xaf,0xff,0xff,0xff,0xff,
  0x70,0x00,0x2f,0xff,0xff,0xff,0xff,0xff,0xff,0xff,0xff,0xff,0xff,0xff,0xff,0xf8,0x00,0x00,0x2f,0xff,0xff,0xff,0xff,0xff,
  0xff,0xff,0xff,0xff,0xff,0xff,0xfe,0x50,0x00,0x00,0x2f,0xff,0xff,0xff,0xff,0xff,0xff,0xff,0xff,0xff,0xff,0xff,0xa1,0x00,
  0x00,0x00,0x02,0x7b,0xff,0xff,0xff,0xff,0xff,0xff,0xff,0xff,0xfd,0x71,0x00,0x00,0x00,0x00,0x00,0x00,0x02,0x58,0xac,0xee,
  0xff,0xee,0xdb,0x85,0x20,0x00,0x00,0x00,0x00,0x00,0x00,0x00,0x00,0x00,0x00,0x00,0x00,0x00,0x00,0x0c,0xff,0xff,0xff,0xf7,
  0x00,0x00,0x00,0x00,0x00,0x00,0x00,0x00,0x00,0x00,0x00,0x00,0x00,0x7f,0xff,0xff,0xff,0xf7,0x00,0x00,0x00,0x00,0x00,0x00,
  0x00,0x00,0x00,0x00,0x00,0x00,0x02,0xff,0xff,0xff,0xff,0xf7,0x00,0x00,0x00,0x00,0x00,0x00,0x00,0x00,0x00,0x00,0x00,0x00,
  0x0b,0xff,0xff,0xff,0xff,0xf7,0x00,0x00,0x00,0x00,0x00,0x00,0x00,0x00,0x00,0x00,0x00,0x00,0x6f,0xff,0xff,0xff,0xff,0xf7,
  0x00,0x00,0x00,0x00,0x00,0x00,0x00,0x00,0x00,0x00,0x00,0x01,0xff,0xff,0xff,0xff,0xff,0xf7,0x00,0x00,0x00,0x00,0x00,0x00,
  0x00,0x00,0x00,0x00,0x00,0x0b,0xff,0xff,0xad,0xff,0xff,0xf7,0x00,0x00,0x00,0x00,0x00,0x00,0x00,0x00,0x00,0x00,0x00,0x5f,
  0xff,0xfe,0x1d,0xff,0xff,0xf7,0x00,0x00,0x00,0x00,0x00,0x00,0x00,0x00,0x00,0x00,0x01,0xef,0xff,0xf5,0x0d,0xff,0xff,0xf7,
  0x00,0x00,0x00,0x00,0x00,0x00,0x00,0x00,0x00,0x00,0x0a,0xff,0xff,0xb0,0x0d,0xff,0xff,0xf7,0x00,0x00,0x00,0x00,0x00,0x00,
  0x00,0x00,0x00,0x00,0x4f,0xff,0xff,0x20,0x0d,0xff,0xff,0xf7,0x00,0x00,0x00,0x00,0x00,0x00,0x00,0x00,0x00,0x00,0xef,0xff,
  0xf7,0x00,0x0d,0xff,0xff,0xf7,0x00,0x00,0x00,0x00,0x00,0x00,0x00,0x00,0x00,0x09,0xff,0xff,0xd0,0x00,0x0d,0xff,0xff,0xf7,
  0x00,0x00,0x00,0x00,0x00,0x00,0x00,0x00,0x00,0x4f,0xff,0xff,0x30,0x00,0x0d,0xff,0xff,0xf7,0x00,0x00,0x00,0x00,0x00,0x00,
  0x00,0x00,0x00,0xdf,0xff,0xf9,0x00,0x00,0x0d,0xff,0xff,0xf7,0x00,0x00,0x00,0x00,0x00,0x00,0x00,0x00,0x08,0xff,0xff,0xe1,
  0x00,0x00,0x0d,0xff,0xff,0xf7,0x00,0x00,0x00,0x00,0x00,0x00,0x00,0x00,0x3f,0xff,0xff,0x50,0x00,0x00,0x0d,0xff,0xff,0xf7,
  0x00,0x00,0x00,0x00,0x00,0x00,0x00,0x00,0xdf,0xff,0xfb,0x00,0x00,0x00,0x0d,0xff,0xff,0xf7,0x00,0x00,0x00,0x00,0x00,0x00,
  0x00,0x08,0xff,0xff,0xf2,0x00,0x00,0x00,0x0d,0xff,0xff,0xf7,0x00,0x00,0x00,0x00,0x00,0x00,0x00,0x2f,0xff,0xff,0x70,0x00,
  0x00,0x00,0x0d,0xff,0xff,0xf7,0x00,0x00,0x00,0x00,0x00,0x00,0x00,0xcf,0xff,0xfd,0x00,0x00,0x00,0x00,0x0d,0xff,0xff,0xf7,
  0x00,0x00,0x00,0x00,0x00,0x00,0x07,0xff,0xff,0xf3,0x00,0x00,0x00,0x00,0x0d,0xff,0xff,0xf7,0x00,0x00,0x00,0x00,0x00,0x00,
  0x2f,0xff,0xff,0x90,0x00,0x00,0x00,0x00,0x0d,0xff,0xff,0xf7,0x00,0x00,0x00,0x00,0x00,0x00,0xbf,0xff,0xfe,0x00,0x00,0x00,
  0x00,0x00,0x0d,0xff,0xff,0xf7,0x00,0x00,0x00,0x00,0x00,0x06,0xff,0xff,0xf5,0x00,0x00,0x00,0x00,0x00,0x0d,0xff,0xff,0xf7,
  0x00,0x00,0x00,0x00,0x00,0x1f,0xff,0xff,0xb0,0x00,0x00,0x00,0x00,0x00,0x0d,0xff,0xff,0xf7,0x00,0x00,0x00,0x00,0x00,0xbf,
  0xff,0xff,0x10,0x00,0x00,0x00,0x00,0x00,0x0d,0xff,0xff,0xf7,0x00,0x00,0x00,0x00,0x05,0xff,0xff,0xf7,0x00,0x00,0x00,0x00,
  0x00,0x00,0x0d,0xff,0xff,0xf7,0x00,0x00,0x00,0x00,0x1e,0xff,0xff,0xc0,0x00,0x00,0x00,0x00,0x00,0x00,0x0d,0xff,0xff,0xf7,
  0x00,0x00,0x00,0x00,0xaf,0xff,0xff,0x30,0x00,0x00,0x00,0x00,0x00,0x00,0x0d,0xff,0xff,0xf7,0x00,0x00,0x00,0x00,0xef,0xff,
  0xf9,0x00,0x00,0x00,0x00,0x00,0x00,0x00,0x0d,0xff,0xff,0xf7,0x00,0x00,0x00,0x00,0xef,0xff,0xff,0xff,0xff,0xff,0xff,0xff,
  0xff,0xff,0xff,0xff,0xff,0xff,0xff,0xff,0xff,0x20,0xef,0xff,0xff,0xff,0xff,0xff,0xff,0xff,0xff,0xff,0xff,0xff,0xff,0xff,
  0xff,0xff,0xff,0x20,0xef,0xff,0xff,0xff,0xff,0xff,0xff,0xff,0xff,0xff,0xff,0xff,0xff,0xff,0xff,0xff,0xff,0x20,0xef,0xff,
  0xff,0xff,0xff,0xff,0xff,0xff,0xff,0xff,0xff,0xff,0xff,0xff,0xff,0xff,0xff,0x20,0xef,0xff,0xff,0xff,0xff,0xff,0xff,0xff,
  0xff,0xff,0xff,0xff,0xff,0xff,0xff,0xff,0xff,0x20,0x00,0x00,0x00,0x00,0x00,0x00,0x00,0x00,0x00,0x00,0x0d,0xff,0xff,0xf7,
  0x00,0x00,0x00,0x00,0x00,0x00,0x00,0x00,0x00,0x00,0x00,0x00,0x00,0x00,0x0d,0xff,0xff,0xf7,0x00,0x00,0x00,0x00,0x00,0x00,
  0x00,0x00,0x00,0x00,0x00,0x00,0x00,0x00,0x0d,0xff,0xff,0xf7,0x00,0x00,0x00,0x00,0x00,0x00,0x00,0x00,0x00,0x00,0x00,0x00,
  0x00,0x00,0x0d,0xff,0xff,0xf7,0x00,0x00,0x00,0x00,0x00,0x00,0x00,0x00,0x00,0x00,0x00,0x00,0x00,0x00,0x0d,0xff,0xff,0xf7,
  0x00,0x00,0x00,0x00,0x00,0x00,0x00,0x00,0x00,0x00,0x00,0x00,0x00,0x00,0x0d,0xff,0xff,0xf7,0x00,0x00,0x00,0x00,0x00,0x00,
  0x00,0x00,0x00,0x00,0x00,0x00,0x00,0x00,0x0d,0xff,0xff,0xf7,0x00,0x00,0x00,0x00,0x00,0x00,0x00,0x00,0x00,0x00,0x00,0x00,
  0x00,0x00,0x0d,0xff,0xff,0xf7,0x00,0x00,0x00,0x00,0x00,0x00,0x00,0x00,0x00,0x00,0x00,0x00,0x00,0x00,0x0d,0xff,0xff,0xf7,
  0x00,0x00,0x00,0x00,0x00,0x00,0x00,0x00,0x00,0x00,0x00,0x00,0x00,0x00,0x0d,0xff,0xff,0xf7,0x00,0x00,0x00,0x00,0x00,0x00,
  0x00,0x00,0x00,0x00,0x00,0x00,0x00,0x00,0x0d,0xff,0xff,0xf7,0x00,0x00,0x00,0x00,0x00,0x1f,0xff,0xff,0xff,0xff,0xff,0xff,
  0xff,0xff,0xff,0xff,0xff,0xfb,0x00,0x00,0x00,0x1f,0xff,0xff,0xff,0xff,0xff,0xff,0xff,0xff,0xff,0xff,0xff,0xfb,0x00,0x00,
  0x00,0x1f,0xff,0xff,0xff,0xff,0xff,0xff,0xff,0xff,0xff,0xff,0xff,0xfb,0x00,0x00,0x00,0x1f,0xff,0xff,0xff,0xff,0xff,0xff,
  0xff,0xff,0xff,0xff,0xff,0xfb,0x00,0x00,0x00,0x1f,0xff,0xff,0xff,0xff,0xff,0xff,0xff,0xff,0xff,0xff,0xff,0xfb,0x00,0x00,
  0x00,0x1f,0xff,0xff,0xb0,0x00,0x00,0x00,0x00,0x00,0x00,0x00,0x00,0x00,0x00,0x00,0x00,0x1f,0xff,0xff,0xb0,0x00,0x00,0x00,
  0x00,0x00,0x00,0x00,0x00,0x00,0x00,0x00,0x00,0x1f,0xff,0xff,0xb0,0x00,0x00,0x00,0x00,0x00,0x00,0x00,0x00,0x00,0x00,0x00,
  0x00,0x1f,0xff,0xff,0xb0,0x00,0x00,0x00,0x00,0x00,0x00,0x00,0x00,0x00,0x00,0x00,0x00,0x1f,0xff,0xff,0xb0,0x00,0x00,0x00,
  0x00,0x00,0x00,0x00,0x00,0x00,0x00,0x00,0x00,0x1f,0xff,0xff,0xb0,0x00,0x00,0x00,0x00,0x00,0x00,0x00,0x00,0x00,0x00,0x00,
  0x00,0x1f,0xff,0xff,0xb0,0x00,0x00,0x00,0x00,0x00,0x00,0x00,0x00,0x00,0x00,0x00,0x00,0x1f,0xff,0xff,0xb0,0x00,0x00,0x00,
  0x00,0x00,0x00,0x00,0x00,0x00,0x00,0x00,0x00,0x1f,0xff,0xff,0xb0,0x00,0x00,0x00,0x00,0x00,0x00,0x00,0x00,0x00,0x00,0x00,
  0x00,0x1f,0xff,0xff,0xb0,0x00,0x00,0x00,0x00,0x00,0x00,0x00,0x00,0x00,0x00,0x00,0x00,0x1f,0xff,0xff,0xb0,0x00,0x00,0x00,
  0x00,0x00,0x00,0x00,0x00,0x00,0x00,0x00,0x00,0x1f,0xff,0xff,0xb5,0x8c,0xdf,0xff,0xec,0x96,0x10,0x00,0x00,0x00,0x00,0x00,
  0x00,0x1f,0xff,0xff,0xff,0xff,0xff,0xff,0xff,0xff,0xfc,0x60,0x00,0x00,0x00,0x00,0x00,0x1f,0xff,0xff,0xff,0xff,0xff,0xff,
  0xff,0xff,0xff,0xfd,0x40,0x00,0x00,0x00,0x00,0x1f,0xff,0xff,0xff,0xff,0xff,0xff,0xff,0xff,0xff,0xff,0xf9,0x00,0x00,0x00,
  0x00,0x1f,0xff,0xff,0xff,0xff,0xff,0xff,0xff,0xff,0xff,0xff,0xff,0xb0,0x00,0x00,0x00,0x1f,0xff,0xd9,0x64,0x21,0x00,0x12,
  0x6a,0xff,0xff,0xff,0xff,0xfa,0x00,0x00,0x00,0x1c,0x71,0x00,0x00,0x00,0x00,0x00,0x00,0x07,0xff,0xff,0xff,0xff,0x60,0x00,
  0x00,0x00,0x00,0x00,0x00,0x00,0x00,0x00,0x00,0x00,0x2d,0xff,0xff,0xff,0xf1,0x00,0x00,0x00,0x00,0x00,0x00,0x00,0x00,0x00,
  0x00,0x00,0x00,0xdf,0xff,0xff,0xf9,0x00,0x00,0x00,0x00,0x00,0x00,0x00,0x00,0x00,0x00,0x00,0x00,0x1f,0xff,0xff,0xff,0x00,
  0x00,0x00,0x00,0x00,0x00,0x00,0x00,0x00,0x00,0x00,0x00,0x07,0xff,0xff,0xff,0x50,0x00,0x00,0x00,0x00,0x00,0x00,0x00,0x00,
  0x00,0x00,0x00,0x00,0xff,0xff,0xff,0x90,0x00,0x00,0x00,0x00,0x00,0x00,0x00,0x00,0x00,0x00,0x00,0x00,0xbf,0xff,0xff,0xd0,
  0x00,0x00,0x00,0x00,0x00,0x00,0x00,0x00,0x00,0x00,0x00,0x00,0x6f,0xff,0xff,0xf0,0x00,0x00,0x00,0x00,0x00,0x00,0x00,0x00,
  0x00,0x00,0x00,0x00,0x5f,0xff,0xff,0xf0,0x00,0x00,0x00,0x00,0x00,0x00,0x00,0x00,0x00,0x00,0x00,0x00,0x3f,0xff,0xff,0xf1,
  0x00,0x00,0x00,0x00,0x00,0x00,0x00,0x00,0x00,0x00,0x00,0x00,0x3f,0xff,0xff,0xf1,0x00,0x00,0x00,0x00,0x00,0x00,0x00,0x00,
  0x00,0x00,0x00,0x00,0x5f,0xff,0xff,0xf1,0x00,0x00,0x00,0x00,0x00,0x00,0x00,0x00,0x00,0x00,0x00,0x00,0x6f,0xff,0xff,0xf0,
  0x00,0x00,0x00,0x00,0x00,0x00,0x00,0x00,0x00,0x00,0x00,0x00,0xbf,0xff,0xff,0xd0,0x00,0x00,0x00,0x00,0x00,0x00,0x00,0x00,
  0x00,0x00,0x00,0x00,0xff,0xff,0xff,0xa0,0x00,0x00,0x00,0x00,0x00,0x00,0x00,0x00,0x00,0x00,0x00,0x07,0xff,0xff,0xff,0x50,
  0x00,0x00,0x00,0x00,0x00,0x00,0x00,0x00,0x00,0x00,0x00,0x1e,0xff,0xff,0xff,0x00,0x00,0x00,0x00,0x00,0x00,0x00,0x00,0x00,
  0x00,0x00,0x00,0xdf,0xff,0xff,0xf9,0x00,0x0b,0x40,0x00,0x00,0x00,0x00,0x00,0x00,0x00,0x00,0x2c,0xff,0xff,0xff,0xf2,0x00,
  0x1f,0xfd,0x72,0x00,0x00,0x00,0x00,0x00,0x00,0x07,0xff,0xff,0xff,0xff,0x70,0x00,0x1f,0xff,0xff,0xd9,0x63,0x21,0x00,0x12,
  0x6a,0xff,0xff,0xff,0xff,0xfa,0x00,0x00,0x1f,0xff,0xff,0xff,0xff,0xff,0xff,0xff,0xff,0xff,0xff,0xff,0xff,0xb0,0x00,0x00,
  0x1f,0xff,0xff,0xff,0xff,0xff,0xff,0xff,0xff,0xff,0xff,0xff,0xf8,0x00,0x00,0x00,0x1f,0xff,0xff,0xff,0xff,0xff,0xff,0xff,
  0xff,0xff,0xff,0xfc,0x30,0x00,0x00,0x00,0x02,0x6b,0xff,0xff,0xff,0xff,0xff,0xff,0xff,0xff,0xfa,0x40,0x00,0x00,0x00,0x00,
  0x00,0x00,0x02,0x58,0xac,0xee,0xff,0xfe,0xdb,0x84,0x00,0x00,0x00,0x00,0x00,0x00,0x00,0x00,0x00,0x00,0x00,0x00,0x00,0x48,
  0xbd,0xef,0xfe,0xda,0x84,0x00,0x00,0x00,0x00,0x00,0x00,0x00,0x00,0x00,0x02,0x9f,0xff,0xff,0xff,0xff,0xff,0xff,0xfb,0x61,
  0x00,0x00,0x00,0x00,0x00,0x00,0x00,0x9f,0xff,0xff,0xff,0xff,0xff,0xff,0xff,0xff,0xfa,0x00,0x00,0x00,0x00,0x00,0x00,0x3d,
  0xff,0xff,0xff,0xff,0xff,0xff,0xff,0xff,0xff,0xfa,0x00,0x00,0x00,0x00,0x00,0x04,0xff,0xff,0xff,0xff,0xff,0xff,0xff,0xff,
  0xff,0xff,0xfa,0x00,0x00,0x00,0x00,0x00,0x4f,0xff,0xff,0xff,0xfb,0x63,0x10,0x01,0x37,0xbf,0xff,0xfa,0x00,0x00,0x00,0x00,
  0x02,0xff,0xff,0xff,0xf9,0x10,0x00,0x00,0x00,0x00,0x01,0x6d,0xfa,0x00,0x00,0x00,0x00,0x0d,0xff,0xff,0xfe,0x40,0x00,0x00,
  0x00,0x00,0x00,0x00,0x00,0x68,0x00,0x00,0x00,0x00,0x8f,0xff,0xff,0xe2,0x00,0x00,0x00,0x00,0x00,0x00,0x00,0x00,0x00,0x00,
  0x00,0x00,0x02,0xff,0xff,0xff,0x40,0x00,0x00,0x00,0x00,0x00,0x00,0x00,0x00,0x00,0x00,0x00,0x00,0x0a,0xff,0xff,0xf9,0x00,
  0x00,0x00,0x00,0x00,0x00,0x00,0x00,0x00,0x00,0x00,0x00,0x00,0x2f,0xff,0xff,0xf1,0x00,0x00,0x00,0x00,0x00,0x00,0x00,0x00,
  0x00,0x00,0x00,0x00,0x00,0x8f,0xff,0xff,0x90,0x00,0x00,0x00,0x00,0x00,0x00,0x00,0x00,0x00,0x00,0x00,0x00,0x00,0xef,0xff,
  0xff,0x30,0x00,0x00,0x00,0x00,0x00,0x00,0x00,0x00,0x00,0x00,0x00,0x00,0x03,0xff,0xff,0xfe,0x00,0x00,0x00,0x00,0x00,0x00,
  0x00,0x00,0x00,0x00,0x00,0x00,0x00,0x07,0xff,0xff,0xf9,0x00,0x00,0x00,0x00,0x00,0x00,0x00,0x00,0x00,0x00,0x00,0x00,0x00,
  0x0b,0xff,0xff,0xf6,0x00,0x00,0x16,0xad,0xff,0xfe,0xc9,0x50,0x00,0x00,0x00,0x00,0x00,0x0e,0xff,0xff,0xf3,0x00,0x19,0xff,
  0xff,0xff,0xff,0xff,0xff,0x81,0x00,0x00,0x00,0x00,0x1f,0xff,0xff,0xf0,0x04,0xef,0xff,0xff,0xff,0xff,0xff,0xff,0xff,0x60,
  0x00,0x00,0x00,0x3f,0xff,0xff,0xe0,0x6f,0xff,0xff,0xff,0xff,0xff,0xff,0xff,0xff,0xf9,0x00,0x00,0x00,0x5f,0xff,0xff,0xd5,
  0xff,0xff,0xff,0xff,0xff,0xff,0xff,0xff,0xff,0xff,0xa0,0x00,0x00,0x6f,0xff,0xff,0xef,0xff,0xff,0xfb,0x62,0x10,0x25,0xaf,
  0xff,0xff,0xff,0xf7,0x00,0x00,0x7f,0xff,0xff,0xff,0xff,0xfe,0x40,0x00,0x00,0x00,0x02,0xcf,0xff,0xff,0xff,0x20,0x00,0x8f,
  0xff,0xff,0xff,0xff,0xd1,0x00,0x00,0x00,0x00,0x00,0x0b,0xff,0xff,0xff,0xb0,0x00,0x8f,0xff,0xff,0xff,0xff,0x20,0x00,0x00,
  0x00,0x00,0x00,0x00,0xdf,0xff,0xff,0xf3,0x00,0x8f,0xff,0xff,0xff,0xf7,0x00,0x00,0x00,0x00,0x00,0x00,0x00,0x3f,0xff,0xff,
  0xf9,0x00,0x7f,0xff,0xff,0xff,0xf0,0x00,0x00,0x00,0x00,0x00,0x00,0x00,0x0c,0xff,0xff,0xfe,0x00,0x7f,0xff,0xff,0xff,0x90,
  0x00,0x00,0x00,0x00,0x00,0x00,0x00,0x05,0xff,0xff,0xff,0x20,0x6f,0xff,0xff,0xff,0x50,0x00,0x00,0x00,0x00,0x00,0x00,0x00,
  0x01,0xff,0xff,0xff,0x50,0x5f,0xff,0xff,0xff,0x20,0x00,0x00,0x00,0x00,0x00,0x00,0x00,0x00,0xef,0xff,0xff,0x70,0x3f,0xff,
  0xff,0xff,0x00,0x00,0x00,0x00,0x00,0x00,0x00,0x00,0x00,0xcf,0xff,0xff,0x90,0x1f,0xff,0xff,0xff,0x00,0x00,0x00,0x00,0x00,
  0x00,0x00,0x00,0x00,0xbf,0xff,0xff,0xa0,0x0f,0xff,0xff,0xfe,0x00,0x00,0x00,0x00,0x00,0x00,0x00,0x00,0x00,0xaf,0xff,0xff,
  0xa0,0x0c,0xff,0xff,0xff,0x00,0x00,0x00,0x00,0x00,0x00,0x00,0x00,0x00,0xbf,0xff,0xff,0xa0,0x09,0xff,0xff,0xff,0x00,0x00,
  0x00,0x00,0x00,0x00,0x00,0x00,0x00,0xcf,0xff,0xff,0x90,0x05,0xff,0xff,0xff,0x20,0x00,0x00,0x00,0x00,0x00,0x00,0x00,0x00,
  0xef,0xff,0xff,0x70,0x01,0xff,0xff,0xff,0x50,0x00,0x00,0x00,0x00,0x00,0x00,0x00,0x01,0xff,0xff,0xff,0x50,0x00,0xcf,0xff,
  0xff,0x90,0x00,0x00,0x00,0x00,0x00,0x00,0x00,0x06,0xff,0xff,0xff,0x10,0x00,0x6f,0xff,0xff,0xf0,0x00,0x00,0x00,0x00,0x00,
  0x00,0x00,0x0c,0xff,0xff,0xfd,0x00,0x00,0x0f,0xff,0xff,0xf7,0x00,0x00,0x00,0x00,0x00,0x00,0x00,0x3f,0xff,0xff,0xf8,0x00,
  0x00,0x08,0xff,0xff,0xff,0x20,0x00,0x00,0x00,0x00,0x00,0x00,0xdf,0xff,0xff,0xf1,0x00,0x00,0x01,0xef,0xff,0xff,0xd1,0x00,
  0x00,0x00,0x00,0x00,0x0b,0xff,0xff,0xff,0x90,0x00,0x00,0x00,0x6f,0xff,0xff,0xfd,0x40,0x00,0x00,0x00,0x02,0xcf,0xff,0xff,
  0xfe,0x10,0x00,0x00,0x00,0x0a,0xff,0xff,0xff,0xfb,0x62,0x00,0x24,0xaf,0xff,0xff,0xff,0xf4,0x00,0x00,0x00,0x00,0x00,0xcf,
  0xff,0xff,0xff,0xff,0xff,0xff,0xff,0xff,0xff,0xff,0x60,0x00,0x00,0x00,0x00,0x00,0x0b,0xff,0xff,0xff,0xff,0xff,0xff,0xff,
  0xff,0xff,0xf5,0x00,0x00,0x00,0x00,0x00,0x00,0x00,0x8f,0xff,0xff,0xff,0xff,0xff,0xff,0xff,0xfd,0x30,0x00,0x00,0x00,0x00,
  0x00,0x00,0x00,0x02,0xaf,0xff,0xff,0xff,0xff,0xff,0xfd,0x60,0x00,0x00,0x00,0x00,0x00,0x00,0x00,0x00,0x00,0x01,0x6a,0xce,
  0xff,0xfd,0xb7,0x30,0x00,0x00,0x00,0x00,0x00,0xcf,0xff,0xff,0xff,0xff,0xff,0xff,0xff,0xff,0xff,0xff,0xff,0xff,0xff,0xff,
  0x40,0xcf,0xff,0xff,0xff,0xff,0xff,0xff,0xff,0xff,0xff,0xff,0xff,0xff,0xff,0xff,0x40,0xcf,0xff,0xff,0xff,0xff,0xff,0xff,
  0xff,0xff,0xff,0xff,0xff,0xff,0xff,0xff,0x30,0xcf,0xff,0xff,0xff,0xff,0xff,0xff,0xff,0xff,0xff,0xff,0xff,0xff,0xff,0xfe,
  0x00,0xcf,0xff,0xff,0xff,0xff,0xff,0xff,0xff,0xff,0xff,0xff,0xff,0xff,0xff,0xf9,0x00,0x00,0x00,0x00,0x00,0x00,0x00,0x00,
  0x00,0x00,0x00,0x00,0x8f,0xff,0xff,0xf2,0x00,0x00,0x00,0x00,0x00,0x00,0x00,0x00,0x00,0x00,0x00,0x00,0xef,0xff,0xff,0xc0,
  0x00,0x00,0x00,0x00,0x00,0x00,0x00,0x00,0x00,0x00,0x00,0x04,0xff,0xff,0xff,0x60,0x00,0x00,0x00,0x00,0x00,0x00,0x00,0x00,
  0x00,0x00,0x00,0x0a,0xff,0xff,0xff,0x10,0x00,0x00,0x00,0x00,0x00,0x00,0x00,0x00,0x00,0x00,0x00,0x1f,0xff,0xff,0xfa,0x00,
  0x00,0x00,0x00,0x00,0x00,0x00,0x00,0x00,0x00,0x00,0x00,0x6f,0xff,0xff,0xf4,0x00,0x00,0x00,0x00,0x00,0x00,0x00,0x00,0x00,
  0x00,0x00,0x00,0xcf,0xff,0xff,0xe0,0x00,0x00,0x00,0x00,0x00,0x00,0x00,0x00,0x00,0x00,0x00,0x03,0xff,0xff,0xff,0x80,0x00,
  0x00,0x00,0x00,0x00,0x00,0x00,0x00,0x00,0x00,0x00,0x09,0xff,0xff,0xff,0x20,0x00,0x00,0x00,0x00,0x00,0x00,0x00,0x00,0x00,
  0x00,0x00,0x0e,0xff,0xff,0xfb,0x00,0x00,0x00,0x00,0x00,0x00,0x00,0x00,0x00,0x00,0x00,0x00,0x5f,0xff,0xff,0xf5,0x00,0x00,
  0x00,0x00,0x00,0x00,0x00,0x00,0x00,0x00,0x00,0x00,0xbf,0xff,0xff,0xf0,0x00,0x00,0x00,0x00,0x00,0x00,0x00,0x00,0x00,0x00,
  0x00,0x01,0xff,0xff,0xff,0x90,0x00,0x00,0x00,0x00,0x00,0x00,0x00,0x00,0x00,0x00,0x00,0x07,0xff,0xff,0xff,0x30,0x00,0x00,
  0x00,0x00,0x00,0x00,0x00,0x00,0x00,0x00,0x00,0x0d,0xff,0xff,0xfd,0x00,0x00,0x00,0x00,0x00,0x00,0x00,0x00,0x00,0x00,0x00,
  0x00,0x3f,0xff,0xff,0xf7,0x00,0x00,0x00,0x00,0x00,0x00,0x00,0x00,0x00,0x00,0x00,0x00,0x9f,0xff,0xff,0xf1,0x00,0x00,0x00,
  0x00,0x00,0x00,0x00,0x00,0x00,0x00,0x00,0x00,0xff,0xff,0xff,0xa0,0x00,0x00,0x00,0x00,0x00,0x00,0x00,0x00,0x00,0x00,0x00,
  0x05,0xff,0xff,0xff,0x40,0x00,0x00,0x00,0x00,0x00,0x00,0x00,0x00,0x00,0x00,0x00,0x0b,0xff,0xff,0xfe,0x00,0x00,0x00,0x00,
  0x00,0x00,0x00,0x00,0x00,0x00,0x00,0x00,0x2f,0xff,0xff,0xf8,0x00,0x00,0x00,0x00,0x00,0x00,0x00,0x00,0x00,0x00,0x00,0x00,
  0x8f,0xff,0xff,0xf2,0x00,0x00,0x00,0x00,0x00,0x00,0x00,0x00,0x00,0x00,0x00,0x00,0xef,0xff,0xff,0xc0,0x00,0x00,0x00,0x00,
  0x00,0x00,0x00,0x00,0x00,0x00,0x00,0x04,0xff,0xff,0xff,0x60,0x00,0x00,0x00,0x00,0x00,0x00,0x00,0x00,0x00,0x00,0x00,0x0a,
  0xff,0xff,0xff,0x00,0x00,0x00,0x00,0x00,0x00,0x00,0x00,0x00,0x00,0x00,0x00,0x0f,0xff,0xff,0xf9,0x00,0x00,0x00,0x00,0x00,
  0x00,0x00,0x00,0x00,0x00,0x00,0x00,0x6f,0xff,0xff,0xf3,0x00,0x00,0x00,0x00,0x00,0x00,0x00,0x00,0x00,0x00,0x00,0x00,0xcf,
  0xff,0xff,0xd0,0x00,0x00,0x00,0x00,0x00,0x00,0x00,0x00,0x00,0x00,0x00,0x02,0xff,0xff,0xff,0x70,0x00,0x00,0x00,0x00,0x00,
  0x00,0x00,0x00,0x00,0x00,0x00,0x08,0xff,0xff,0xff,0x10,0x00,0x00,0x00,0x00,0x00,0x00,0x00,0x00,0x00,0x00,0x00,0x0e,0xff,
  0xff,0xfb,0x00,0x00,0x00,0x00,0x00,0x00,0x00,0x00,0x00,0x00,0x00,0x00,0x4f,0xff,0xff,0xf5,0x00,0x00,0x00,0x00,0x00,0x00,
  0x00,0x00,0x00,0x00,0x00,0x00,0xaf,0xff,0xff,0xe0,0x00,0x00,0x00,0x00,0x00,0x00,0x00,0x00,0x00,0x00,0x00,0x01,0xff,0xff,
  0xff,0x80,0x00,0x00,0x00,0x00,0x00,0x00,0x00,0x00,0x00,0x00,0x00,0x07,0xff,0xff,0xff,0x20,0x00,0x00,0x00,0x00,0x00,0x00,
  0x00,0x00,0x00,0x00,0x00,0x0d,0xff,0xff,0xfc,0x00,0x00,0x00,0x00,0x00,0x00,0x00,0x00,0x00,0x00,0x00,0x00,0x3f,0xff,0xff,
  0xf6,0x00,0x00,0x00,0x00,0x00,0x00,0x00,0x00,0x00,0x00,0x00,0x00,0x9f,0xff,0xff,0xf1,0x00,0x00,0x00,0x00,0x00,0x00,0x00,
  0x00,0x00,0x00,0x00,0x00,0xef,0xff,0xff,0xa0,0x00,0x00,0x00,0x00,0x00,0x00,0x00,0x00,0x00,0x00,0x00,0x05,0xff,0xff,0xff,
  0x40,0x00,0x00,0x00,0x00,0x00,0x00,0x00,0x00,0x00,0x00,0x00,0x0b,0xff,0xff,0xfe,0x00,0x00,0x00,0x00,0x00,0x00,0x00,0x00,
  0x00,0x00,0x00,0x00,0x1f,0xff,0xff,0xf8,0x00,0x00,0x00,0x00,0x00,0x00,0x00,0x00,0x00,0x00,0x00,0x00,0x00,0x00,0x37,0xad,
  0xef,0xfe,0xdc,0x96,0x20,0x00,0x00,0x00,0x00,0x00,0x00,0x00,0x00,0x01,0x7e,0xff,0xff,0xff,0xff,0xff,0xff,0xfc,0x50,0x00,
  0x00,0x00,0x00,0x00,0x00,0x00,0x6f,0xff,0xff,0xff,0xff,0xff,0xff,0xff,0xff,0xfd,0x30,0x00,0x00,0x00,0x00,0x00,0x0a,0xff,
  0xff,0xff,0xff,0xff,0xff,0xff,0xff,0xff,0xff,0xf6,0x00,0x00,0x00,0x00,0x00,0xaf,0xff,0xff,0xff,0xff,0xff,0xff,0xff,0xff,
  0xff,0xff,0xff,0x60,0x00,0x00,0x00,0x08,0xff,0xff,0xff,0xff,0xa5,0x20,0x01,0x36,0xcf,0xff,0xff,0xff,0xf3,0x00,0x00,0x00,
  0x2f,0xff,0xff,0xff,0xb1,0x00,0x00,0x00,0x00,0x04,0xef,0xff,0xff,0xfc,0x00,0x00,0x00,0x9f,0xff,0xff,0xfa,0x00,0x00,0x00,
  0x00,0x00,0x00,0x1e,0xff,0xff,0xff,0x40,0x00,0x00,0xef,0xff,0xff,0xd0,0x00,0x00,0x00,0x00,0x00,0x00,0x03,0xff,0xff,0xff,
  0xa0,0x00,0x03,0xff,0xff,0xff,0x60,0x00,0x00,0x00,0x00,0x00,0x00,0x00,0xaf,0xff,0xff,0xe0,0x00,0x06,0xff,0xff,0xff,0x10,
  0x00,0x00,0x00,0x00,0x00,0x00,0x00,0x5f,0xff,0xff,0xf1,0x00,0x07,0xff,0xff,0xfd,0x00,0x00,0x00,0x00,0x00,0x00,0x00,0x00,
  0x2f,0xff,0xff,0xf2,0x00,0x08,0xff,0xff,0xfc,0x00,0x00,0x00,0x00,0x00,0x00,0x00,0x00,0x0f,0xff,0xff,0xf3,0x00,0x07,0xff,
  0xff,0xfc,0x00,0x00,0x00,0x00,0x00,0x00,0x00,0x00,0x0f,0xff,0xff,0xf2,0x00,0x06,0xff,0xff,0xfd,0x00,0x00,0x00,0x00,0x00,
  0x00,0x00,0x00,0x2f,0xff,0xff,0xf1,0x00,0x02,0xff,0xff,0xff,0x10,0x00,0x00,0x00,0x00,0x00,0x00,0x00,0x5f,0xff,0xff,0xd0,
  0x00,0x00,0xdf,0xff,0xff,0x50,0x00,0x00,0x00,0x00,0x00,0x00,0x00,0xaf,0xff,0xff,0x90,0x00,0x00,0x7f,0xff,0xff,0xd0,0x00,
  0x00,0x00,0x00,0x00,0x00,0x03,0xff,0xff,0xff,0x20,0x00,0x00,0x0d,0xff,0xff,0xfa,0x00,0x00,0x00,0x00,0x00,0x00,0x1d,0xff,
  0xff,0xf9,0x00,0x00,0x00,0x03,0xff,0xff,0xff,0xb1,0x00,0x00,0x00,0x00,0x04,0xef,0xff,0xff,0xd0,0x00,0x00,0x00,0x00,0x4f,
  0xff,0xff,0xff,0xa5,0x20,0x01,0x36,0xcf,0xff,0xff,0xfd,0x10,0x00,0x00,0x00,0x00,0x02,0xdf,0xff,0xff,0xff,0xff,0xff,0xff,
  0xff,0xff,0xff,0xa0,0x00,0x00,0x00,0x00,0x00,0x00,0x05,0xcf,0xff,0xff,0xff,0xff,0xff,0xff,0xff,0xa3,0x00,0x00,0x00,0x00,
  0x00,0x00,0x00,0x00,0x3a,0xff,0xff,0xff,0xff,0xff,0xff,0xf8,0x20,0x00,0x00,0x00,0x00,0x00,0x00,0x00,0x6d,0xff,0xff,0xff,
  0xff,0xff,0xff,0xff,0xff,0xfb,0x30,0x00,0x00,0x00,0x00,0x00,0x2c,0xff,0xff,0xff,0xff,0xff,0xff,0xff,0xff,0xff,0xff,0xf9,
  0x00,0x00,0x00,0x00,0x03,0xff,0xff,0xff,0xfe,0x95,0x21,0x01,0x26,0xaf,0xff,0xff,0xff,0xc0,0x00,0x00,0x00,0x2e,0xff,0xff,
  0xff,0x80,0x00,0x00,0x00,0x00,0x02,0xbf,0xff,0xff,0xfc,0x00,0x00,0x00,0xcf,0xff,0xff,0xf4,0x00,0x00,0x00,0x00,0x00,0x00,
  0x08,0xff,0xff,0xff,0x80,0x00,0x06,0xff,0xff,0xff,0x50,0x00,0x00,0x00,0x00,0x00,0x00,0x00,0x9f,0xff,0xff,0xf1,0x00,0x0d,
  0xff,0xff,0xfb,0x00,0x00,0x00,0x00,0x00,0x00,0x00,0x00,0x1f,0xff,0xff,0xf8,0x00,0x2f,0xff,0xff,0xf4,0x00,0x00,0x00,0x00,
  0x00,0x00,0x00,0x00,0x08,0xff,0xff,0xfd,0x00,0x6f,0xff,0xff,0xf0,0x00,0x00,0x00,0x00,0x00,0x00,0x00,0x00,0x04,0xff,0xff,
  0xff,0x10,0x8f,0xff,0xff,0xc0,0x00,0x00,0x00,0x00,0x00,0x00,0x00,0x00,0x01,0xff,0xff,0xff,0x30,0x9f,0xff,0xff,0xb0,0x00,
  0x00,0x00,0x00,0x00,0x00,0x00,0x00,0x00,0xff,0xff,0xff,0x40,0xaf,0xff,0xff,0xb0,0x00,0x00,0x00,0x00,0x00,0x00,0x00,0x00,
  0x00,0xff,0xff,0xff,0x50,0x9f,0xff,0xff,0xc0,0x00,0x00,0x00,0x00,0x00,0x00,0x00,0x00,0x01,0xff,0xff,0xff,0x40,0x7f,0xff,
  0xff,0xf0,0x00,0x00,0x00,0x00,0x00,0x00,0x00,0x00,0x04,0xff,0xff,0xff,0x20,0x5f,0xff,0xff,0xf4,0x00,0x00,0x00,0x00,0x00,
  0x00,0x00,0x00,0x09,0xff,0xff,0xff,0x00,0x1f,0xff,0xff,0xfb,0x00,0x00,0x00,0x00,0x00,0x00,0x00,0x00,0x1f,0xff,0xff,0xfc,
  0x00,0x0c,0xff,0xff,0xff,0x50,0x00,0x00,0x00,0x00,0x00,0x00,0x00,0xaf,0xff,0xff,0xf7,0x00,0x06,0xff,0xff,0xff,0xf3,0x00,
  0x00,0x00,0x00,0x00,0x00,0x08,0xff,0xff,0xff,0xf1,0x00,0x00,0xdf,0xff,0xff,0xff,0x70,0x00,0x00,0x00,0x00,0x02,0xbf,0xff,
  0xff,0xff,0x80,0x00,0x00,0x3f,0xff,0xff,0xff,0xfe,0x95,0x20,0x01,0x26,0xaf,0xff,0xff,0xff,0xfd,0x00,0x00,0x00,0x06,0xff,
  0xff,0xff,0xff,0xff,0xff,0xff,0xff,0xff,0xff,0xff,0xff,0xe2,0x00,0x00,0x00,0x00,0x5f,0xff,0xff,0xff,0xff,0xff,0xff,0xff,
  0xff,0xff,0xff,0xfd,0x20,0x00,0x00,0x00,0x00,0x02,0xcf,0xff,0xff,0xff,0xff,0xff,0xff,0xff,0xff,0xff,0x90,0x00,0x00,0x00,
  0x00,0x00,0x00,0x04,0xaf,0xff,0xff,0xff,0xff,0xff,0xff,0xfe,0x82,0x00,0x00,0x00,0x00,0x00,0x00,0x00,0x00,0x01,0x48,0xbd,
  0xef,0xfe,0xdc,0xa7,0x30,0x00,0x00,0x00,0x00,0x00,0x00,0x00,0x00,0x00,0x00,0x48,0xbe,0xff,0xfe,0xb9,0x40,0x00,0x00,0x00,
  0x00,0x00,0x00,0x00,0x00,0x00,0x01,0x8e,0xff,0xff,0xff,0xff,0xff,0xfe,0x80,0x00,0x00,0x00,0x00,0x00,0x00,0x00,0x00,0x5e,
  0xff,0xff,0xff,0xff,0xff,0xff,0xff,0xfe,0x50,0x00,0x00,0x00,0x00,0x00,0x00,0x09,0xff,0xff,0xff,0xff,0xff,0xff,0xff,0xff,
  0xff,0xf8,0x00,0x00,0x00,0x00,0x00,0x00,0xaf,0xff,0xff,0xff,0xff,0xff,0xff,0xff,0xff,0xff,0xff,0x80,0x00,0x00,0x00,0x00,
  0x08,0xff,0xff,0xff,0xfe,0x83,0x10,0x13,0x7d,0xff,0xff,0xff,0xf5,0x00,0x00,0x00,0x00,0x4f,0xff,0xff,0xff,0x90,0x00,0x00,
  0x00,0x00,0x7f,0xff,0xff,0xff,0x10,0x00,0x00,0x00,0xdf,0xff,0xff,0xf7,0x00,0x00,0x00,0x00,0x00,0x04,0xff,0xff,0xff,0xa0,
  0x00,0x00,0x05,0xff,0xff,0xff,0x90,0x00,0x00,0x00,0x00,0x00,0x00,0x6f,0xff,0xff,0xf3,0x00,0x00,0x0c,0xff,0xff,0xfe,0x00,
  0x00,0x00,0x00,0x00,0x00,0x00,0x0c,0xff,0xff,0xfa,0x00,0x00,0x1f,0xff,0xff,0xf7,0x00,0x00,0x00,0x00,0x00,0x00,0x00,0x04,
  0xff,0xff,0xff,0x10,0x00,0x6f,0xff,0xff,0xf1,0x00,0x00,0x00,0x00,0x00,0x00,0x00,0x00,0xef,0xff,0xff,0x70,0x00,0x9f,0xff,
  0xff,0xd0,0x00,0x00,0x00,0x00,0x00,0x00,0x00,0x00,0xaf,0xff,0xff,0xb0,0x00,0xcf,0xff,0xff,0xa0,0x00,0x00,0x00,0x00,0x00,
  0x00,0x00,0x00,0x7f,0xff,0xff,0xf0,0x00,0xef,0xff,0xff,0x70,0x00,0x00,0x00,0x00,0x00,0x00,0x00,0x00,0x5f,0xff,0xff,0xf4,
  0x00,0xef,0xff,0xff,0x60,0x00,0x00,0x00,0x00,0x00,0x00,0x00,0x00,0x4f,0xff,0xff,0xf7,0x00,0xff,0xff,0xff,0x60,0x00,0x00,
  0x00,0x00,0x00,0x00,0x00,0x00,0x3f,0xff,0xff,0xfa,0x00,0xff,0xff,0xff,0x60,0x00,0x00,0x00,0x00,0x00,0x00,0x00,0x00,0x4f,
  0xff,0xff,0xfc,0x00,0xef,0xff,0xff,0x70,0x00,0x00,0x00,0x00,0x00,0x00,0x00,0x00,0x5f,0xff,0xff,0xfe,0x00,0xcf,0xff,0xff,
  0x90,0x00,0x00,0x00,0x00,0x00,0x00,0x00,0x00,0x7f,0xff,0xff,0xff,0x00,0xaf,0xff,0xff,0xd0,0x00,0x00,0x00,0x00,0x00,0x00,
  0x00,0x00,0xaf,0xff,0xff,0xff,0x10,0x7f,0xff,0xff,0xf1,0x00,0x00,0x00,0x00,0x00,0x00,0x00,0x00,0xef,0xff,0xff,0xff,0x20,
  0x3f,0xff,0xff,0xf7,0x00,0x00,0x00,0x00,0x00,0x00,0x00,0x04,0xff,0xff,0xff,0xff,0x20,0x0e,0xff,0xff,0xfe,0x00,0x00,0x00,
  0x00,0x00,0x00,0x00,0x0b,0xff,0xff,0xff,0xff,0x30,0x08,0xff,0xff,0xff,0x90,0x00,0x00,0x00,0x00,0x00,0x00,0x6f,0xff,0xff,
  0xff,0xff,0x30,0x01,0xff,0xff,0xff,0xf6,0x00,0x00,0x00,0x00,0x00,0x04,0xff,0xff,0xff,0xff,0xff,0x30,0x00,0x7f,0xff,0xff,
  0xff,0x80,0x00,0x00,0x00,0x00,0x6f,0xff,0xff,0xff,0xff,0xff,0x20,0x00,0x0c,0xff,0xff,0xff,0xfe,0x83,0x10,0x13,0x7d,0xff,
  0xff,0xfd,0xff,0xff,0xff,0x10,0x00,0x01,0xdf,0xff,0xff,0xff,0xff,0xff,0xff,0xff,0xff,0xff,0xe4,0xff,0xff,0xff,0x00,0x00,
  0x00,0x1d,0xff,0xff,0xff,0xff,0xff,0xff,0xff,0xff,0xfe,0x33,0xff,0xff,0xfe,0x00,0x00,0x00,0x00,0x9f,0xff,0xff,0xff,0xff,
  0xff,0xff,0xff,0xc2,0x06,0xff,0xff,0xfc,0x00,0x00,0x00,0x00,0x03,0xbf,0xff,0xff,0xff,0xff,0xff,0xe7,0x00,0x08,0xff,0xff,
  0xf9,0x00,0x00,0x00,0x00,0x00,0x01,0x6a,0xce,0xff,0xec,0x94,0x00,0x00,0x0b,0xff,0xff,0xf6,0x00,0x00,0x00,0x00,0x00,0x00,
  0x00,0x00,0x00,0x00,0x00,0x00,0x00,0x0e,0xff,0xff,0xf2,0x00,0x00,0x00,0x00,0x00,0x00,0x00,0x00,0x00,0x00,0x00,0x00,0x00,
  0x3f,0xff,0xff,0xe0,0x00,0x00,0x00,0x00,0x00,0x00,0x00,0x00,0x00,0x00,0x00,0x00,0x00,0x8f,0xff,0xff,0x90,0x00,0x00,0x00,
  0x00,0x00,0x00,0x00,0x00,0x00,0x00,0x00,0x00,0x00,0xef,0xff,0xff,0x30,0x00,0x00,0x00,0x00,0x00,0x00,0x00,0x00,0x00,0x00,
  0x00,0x00,0x05,0xff,0xff,0xfd,0x00,0x00,0x00,0x00,0x00,0x00,0x00,0x00,0x00,0x00,0x00,0x00,0x00,0x0d,0xff,0xff,0xf5,0x00,
  0x00,0x00,0x00,0x00,0x00,0x00,0x00,0x00,0x00,0x00,0x00,0x00,0x9f,0xff,0xff,0xd0,0x00,0x00,0x00,0x00,0x00,0x00,0x00,0x00,
  0x00,0x00,0x00,0x00,0x06,0xff,0xff,0xff,0x40,0x00,0x00,0x00,0x0b,0x30,0x00,0x00,0x00,0x00,0x00,0x00,0x00,0x7f,0xff,0xff,
  0xf9,0x00,0x00,0x00,0x00,0x0f,0xfb,0x40,0x00,0x00,0x00,0x00,0x00,0x3c,0xff,0xff,0xff,0xc0,0x00,0x00,0x00,0x00,0x0f,0xff,
  0xfe,0x95,0x21,0x00,0x14,0x7c,0xff,0xff,0xff,0xfe,0x10,0x00,0x00,0x00,0x00,0x0f,0xff,0xff,0xff,0xff,0xff,0xff,0xff,0xff,
  0xff,0xff,0xd1,0x00,0x00,0x00,0x00,0x00,0x0f,0xff,0xff,0xff,0xff,0xff,0xff,0xff,0xff,0xff,0xfb,0x10,0x00,0x00,0x00,0x00,
  0x00,0x0f,0xff,0xff,0xff,0xff,0xff,0xff,0xff,0xff,0xfe,0x60,0x00,0x00,0x00,0x00,0x00,0x00,0x02,0x8d,0xff,0xff,0xff,0xff,
  0xff,0xff,0xfd,0x70,0x00,0x00,0x00,0x00,0x00,0x00,0x00,0x00,0x00,0x15,0x9b,0xde,0xff,0xed,0xa7,0x30,0x00,0x00,0x00,0x00,
  0x00,0x00,0x00,0x8f,0xff,0xff,0xf1,0x8f,0xff,0xff,0xf1,0x8f,0xff,0xff,0xf1,0x8f,0xff,0xff,0xf1,0x8f,0xff,0xff,0xf1,0x8f,
  0xff,0xff,0xf1,0x8f,0xff,0xff,0xf1,0x8f,0xff,0xff,0xf1,0x00,0x00,0x00,0x00,0x00,0x00,0x00,0x00,0x00,0x00,0x00,0x00,0x00,
  0x00,0x00,0x00,0x00,0x00,0x00,0x00,0x00,0x00,0x00,0x00,0x00,0x00,0x00,0x00,0x00,0x00,0x00,0x00,0x00,0x00,0x00,0x00,0x00,
  0x00,0x00,0x00,0x00,0x00,0x00,0x00,0x00,0x00,0x00,0x00,0x00,0x00,0x00,0x00,0x00,0x00,0x00,0x00,0x00,0x00,0x00,0x00,0x00,
  0x00,0x00,0x00,0x00,0x00,0x00,0x00,0x8f,0xff,0xff,0xf1,0x8f,0xff,0xff,0xf1,0x8f,0xff,0xff,0xf1,0x8f,0xff,0xff,0xf1,0x8f,
  0xff,0xff,0xf1,0x8f,0xff,0xff,0xf1,0x8f,0xff,0xff,0xf1,0x8f,0xff,0xff,0xf1,0x00,0x08,0xff,0xff,0xff,0x10,0x00,0x08,0xff,
  0xff,0xff,0x10,0x00,0x08,0xff,0xff,0xff,0x10,0x00,0x08,0xff,0xff,0xff,0x10,0x00,0x08,0xff,0xff,0xff,0x10,0x00,0x08,0xff,
  0xff,0xff,0x10,0x00,0x08,0xff,0xff,0xff,0x10,0x00,0x08,0xff,0xff,0xff,0x10,0x00,0x00,0x00,0x00,0x00,0x00,0x00,0x00,0x00,
  0x00,0x00,0x00,0x00,0x00,0x00,0x00,0x00,0x00,0x00,0x00,0x00,0x00,0x00,0x00,0x00,0x00,0x00,0x00,0x00,0x00,0x00,0x00,0x00,
  0x00,0x00,0x00,0x00,0x00,0x00,0x00,0x00,0x00,0x00,0x00,0x00,0x00,0x00,0x00,0x00,0x00,0x00,0x00,0x00,0x00,0x00,0x00,0x00,
  0x00,0x00,0x00,0x00,0x00,0x00,0x00,0x00,0x00,0x00,0x00,0x00,0x00,0x00,0x00,0x00,0x00,0x00,0x00,0x00,0x00,0x00,0x00,0x00,
  0x00,0x00,0x00,0x00,0x00,0x00,0x00,0x00,0x00,0x00,0x00,0x00,0x00,0x00,0x00,0x00,0x00,0x00,0x00,0x00,0x00,0x00,0x08,0xff,
  0xff,0xff,0x10,0x00,0x08,0xff,0xff,0xff,0x10,0x00,0x08,0xff,0xff,0xff,0x10,0x00,0x08,0xff,0xff,0xff,0x10,0x00,0x08,0xff,
  0xff,0xff,0x10,0x00,0x09,0xff,0xff,0xfe,0x00,0x00,0x0d,0xff,0xff,0xf6,0x00,0x00,0x1f,0xff,0xff,0xe0,0x00,0x00,0x5f,0xff,
  0xff,0x60,0x00,0x00,0x9f,0xff,0xfd,0x00,0x00,0x00,0xef,0xff,0xf5,0x00,0x00,0x02,0xff,0xff,0xc0,0x00,0x00,0x06,0xff,0xff,
  0x40,0x00,0x00,0x0a,0xff,0xfc,0x00,0x00,0x00,0x0e,0xff,0xf3,0x00,0x00,0x00,0x00,0x00,0x00,0x00,0x00,0x00,0x00,0x00,0x00,
  0x00,0x00,0x00,0x00,0x00,0x00,0x00,0x00,0x00,0x00,0x28,0xb0,0x00,0x00,0x00,0x00,0x00,0x00,0x00,0x00,0x00,0x00,0x00,0x00,
  0x00,0x00,0x00,0x00,0x00,0x01,0x6c,0xff,0xd0,0x00,0x00,0x00,0x00,0x00,0x00,0x00,0x00,0x00,0x00,0x00,0x00,0x00,0x00,0x00,
  0x00,0x05,0xbf,0xff,0xff,0xd0,0x00,0x00,0x00,0x00,0x00,0x00,0x00,0x00,0x00,0x00,0x00,0x00,0x00,0x00,0x00,0x4a,0xff,0xff,
  0xff,0xff,0xd0,0x00,0x00,0x00,0x00,0x00,0x00,0x00,0x00,0x00,0x00,0x00,0x00,0x00,0x03,0x8e,0xff,0xff,0xff,0xff,0xff,0xd0,
  0x00,0x00,0x00,0x00,0x00,0x00,0x00,0x00,0x00,0x00,0x00,0x00,0x17,0xdf,0xff,0xff,0xff,0xff,0xff,0xff,0xa0,0x00,0x00,0x00,
  0x00,0x00,0x00,0x00,0x00,0x00,0x00,0x01,0x6c,0xff,0xff,0xff,0xff,0xff,0xff,0xfd,0x71,0x00,0x00,0x00,0x00,0x00,0x00,0x00,
  0x00,0x00,0x00,0x05,0xaf,0xff,0xff,0xff,0xff,0xff,0xff,0xe8,0x20,0x00,0x00,0x00,0x00,0x00,0x00,0x00,0x00,0x00,0x00,0x39,
  0xef,0xff,0xff,0xff,0xff,0xff,0xfe,0x93,0x00,0x00,0x00,0x00,0x00,0x00,0x00,0x00,0x00,0x00,0x02,0x8d,0xff,0xff,0xff,0xff,
  0xff,0xff,0xfa,0x40,0x00,0x00,0x00,0x00,0x00,0x00,0x00,0x00,0x00,0x00,0x16,0xcf,0xff,0xff,0xff,0xff,0xff,0xff,0xb5,0x00,
  0x00,0x00,0x00,0x00,0x00,0x00,0x00,0x00,0x00,0x00,0x5b,0xff,0xff,0xff,0xff,0xff,0xff,0xfc,0x61,0x00,0x00,0x00,0x00,0x00,
  0x00,0x00,0x00,0x00,0x00,0x04,0xaf,0xff,0xff,0xff,0xff,0xff,0xff,0xd7,0x10,0x00,0x00,0x00,0x00,0x00,0x00,0x00,0x00,0x00,
  0x00,0x38,0xef,0xff,0xff,0xff,0xff,0xff,0xfe,0x82,0x00,0x00,0x00,0x00,0x00,0x00,0x00,0x00,0x00,0x00,0x00,0x2d,0xff,0xff,
  0xff,0xff,0xff,0xff,0xe9,0x30,0x00,0x00,0x00,0x00,0x00,0x00,0x00,0x00,0x00,0x00,0x00,0x00,0x3f,0xff,0xff,0xff,0xff,0xff,
  0xa4,0x00,0x00,0x00,0x00,0x00,0x00,0x00,0x00,0x00,0x00,0x00,0x00,0x00,0x00,0x3f,0xff,0xff,0xff,0xfb,0x50,0x00,0x00,0x00,
  0x00,0x00,0x00,0x00,0x00,0x00,0x00,0x00,0x00,0x00,0x00,0x00,0x3f,0xff,0xff,0xff,0xfa,0x40,0x00,0x00,0x00,0x00,0x00,0x00,
  0x00,0x00,0x00,0x00,0x00,0x00,0x00,0x00,0x00,0x3f,0xff,0xff,0xff,0xff,0xfe,0x93,0x00,0x00,0x00,0x00,0x00,0x00,0x00,0x00,
  0x00,0x00,0x00,0x00,0x00,0x00,0x2d,0xff,0xff,0xff,0xff,0xff,0xff,0xe8,0x30,0x00,0x00,0x00,0x00,0x00,0x00,0x00,0x00,0x00,
  0x00,0x00,0x00,0x00,0x38,0xef,0xff,0xff,0xff,0xff,0xff,0xfd,0x72,0x00,0x00,0x00,0x00,0x00,0x00,0x00,0x00,0x00,0x00,0x00,
  0x00,0x00,0x04,0xaf,0xff,0xff,0xff,0xff,0xff,0xff,0xc6,0x10,0x00,0x00,0x00,0x00,0x00,0x00,0x00,0x00,0x00,0x00,0x00,0x00,
  0x00,0x5b,0xff,0xff,0xff,0xff,0xff,0xff,0xfb,0x60,0x00,0x00,0x00,0x00,0x00,0x00,0x00,0x00,0x00,0x00,0x00,0x00,0x00,0x17,
  0xcf,0xff,0xff,0xff,0xff,0xff,0xff,0xa5,0x00,0x00,0x00,0x00,0x00,0x00,0x00,0x00,0x00,0x00,0x00,0x00,0x00,0x02,0x8d,0xff,
  0xff,0xff,0xff,0xff,0xff,0xfa,0x40,0x00,0x00,0x00,0x00,0x00,0x00,0x00,0x00,0x00,0x00,0x00,0x00,0x00,0x39,0xef,0xff,0xff,
  0xff,0xff,0xff,0xfe,0x93,0x00,0x00,0x00,0x00,0x00,0x00,0x00,0x00,0x00,0x00,0x00,0x00,0x00,0x05,0xaf,0xff,0xff,0xff,0xff,
  0xff,0xff,0xd8,0x20,0x00,0x00,0x00,0x00,0x00,0x00,0x00,0x00,0x00,0x00,0x00,0x00,0x01,0x6c,0xff,0xff,0xff,0xff,0xff,0xff,
  0xfd,0x71,0x00,0x00,0x00,0x00,0x00,0x00,0x00,0x00,0x00,0x00,0x00,0x00,0x00,0x17,0xdf,0xff,0xff,0xff,0xff,0xff,0xff,0xa0,
  0x00,0x00,0x00,0x00,0x00,0x00,0x00,0x00,0x00,0x00,0x00,0x00,0x00,0x03,0x8e,0xff,0xff,0xff,0xff,0xff,0xd0,0x00,0x00,0x00,
  0x00,0x00,0x00,0x00,0x00,0x00,0x00,0x00,0x00,0x00,0x00,0x00,0x4a,0xff,0xff,0xff,0xff,0xd0,0x00,0x00,0x00,0x00,0x00,0x00,
  0x00,0x00,0x00,0x00,0x00,0x00,0x00,0x00,0x00,0x00,0x05,0xbf,0xff,0xff,0xd0,0x00,0x00,0x00,0x00,0x00,0x00,0x00,0x00,0x00,
  0x00,0x00,0x00,0x00,0x00,0x00,0x00,0x00,0x01,0x7c,0xff,0xd0,0x00,0x00,0x00,0x00,0x00,0x00,0x00,0x00,0x00,0x00,0x00,0x00,
  0x00,0x00,0x00,0x00,0x00,0x00,0x00,0x28,0xb0,0x3f,0xff,0xff,0xff,0xff,0xff,0xff,0xff,0xff,0xff,0xff,0xff,0xff,0xff,0xff,
  0xff,0xff,0xff,0xff,0xff,0xd0,0x3f,0xff,0xff,0xff,0xff,0xff,0xff,0xff,0xff,0xff,0xff,0xff,0xff,0xff,0xff,0xff,0xff,0xff,
  0xff,0xff,0xd0,0x3f,0xff,0xff,0xff,0xff,0xff,0xff,0xff,0xff,0xff,0xff,0xff,0xff,0xff,0xff,0xff,0xff,0xff,0xff,0xff,0xd0,
  0x3f,0xff,0xff,0xff,0xff,0xff,0xff,0xff,0xff,0xff,0xff,0xff,0xff,0xff,0xff,0xff,0xff,0xff,0xff,0xff,0xd0,0x3f,0xff,0xff,
  0xff,0xff,0xff,0xff,0xff,0xff,0xff,0xff,0xff,0xff,0xff,0xff,0xff,0xff,0xff,0xff,0xff,0xd0,0x00,0x00,0x00,0x00,0x00,0x00,
  0x00,0x00,0x00,0x00,0x00,0x00,0x00,0x00,0x00,0x00,0x00,0x00,0x00,0x00,0x00,0x00,0x00,0x00,0x00,0x00,0x00,0x00,0x00,0x00,
  0x00,0x00,0x00,0x00,0x00,0x00,0x00,0x00,0x00,0x00,0x00,0x00,0x00,0x00,0x00,0x00,0x00,0x00,0x00,0x00,0x00,0x00,0x00,0x00,
  0x00,0x00,0x00,0x00,0x00,0x00,0x00,0x00,0x00,0x00,0x00,0x00,0x00,0x00,0x00,0x00,0x00,0x00,0x00,0x00,0x00,0x00,0x00,0x00,
  0x00,0x00,0x00,0x00,0x00,0x00,0x00,0x00,0x00,0x00,0x00,0x00,0x00,0x00,0x00,0x00,0x00,0x00,0x00,0x00,0x00,0x00,0x00,0x00,
  0x00,0x00,0x00,0x00,0x00,0x00,0x00,0x00,0x00,0x00,0x00,0x00,0x00,0x00,0x00,0x00,0x00,0x00,0x00,0x00,0x00,0x00,0x00,0x00,
  0x00,0x00,0x00,0x00,0x00,0x00,0x00,0x00,0x00,0x00,0x00,0x00,0x00,0x00,0x00,0x00,0x00,0x00,0x00,0x00,0x00,0x00,0x00,0x00,
  0x00,0x00,0x00,0x00,0x00,0x00,0x00,0x00,0x00,0x00,0x00,0x00,0x00,0x00,0x00,0x00,0x00,0x00,0x3f,0xff,0xff,0xff,0xff,0xff,
  0xff,0xff,0xff,0xff,0xff,0xff,0xff,0xff,0xff,0xff,0xff,0xff,0xff,0xff,0xd0,0x3f,0xff,0xff,0xff,0xff,0xff,0xff,0xff,0xff,
  0xff,0xff,0xff,0xff,0xff,0xff,0xff,0xff,0xff,0xff,0xff,0xd0,0x3f,0xff,0xff,0xff,0xff,0xff,0xff,0xff,0xff,0xff,0xff,0xff,
  0xff,0xff,0xff,0xff,0xff,0xff,0xff,0xff,0xd0,0x3f,0xff,0xff,0xff,0xff,0xff,0xff,0xff,0xff,0xff,0xff,0xff,0xff,0xff,0xff,
  0xff,0xff,0xff,0xff,0xff,0xd0,0x3f,0xff,0xff,0xff,0xff,0xff,0xff,0xff,0xff,0xff,0xff,0xff,0xff,0xff,0xff,0xff,0xff,0xff,
  0xff,0xff,0xd0,0x3b,0x60,0x00,0x00,0x00,0x00,0x00,0x00,0x00,0x00,0x00,0x00,0x00,0x00,0x00,0x00,0x00,0x00,0x00,0x00,0x00,
  0x3f,0xff,0xa4,0x00,0x00,0x00,0x00,0x00,0x00,0x00,0x00,0x00,0x00,0x00,0x00,0x00,0x00,0x00,0x00,0x00,0x00,0x3f,0xff,0xff,
  0xe9,0x30,0x00,0x00,0x00,0x00,0x00,0x00,0x00,0x00,0x00,0x00,0x00,0x00,0x00,0x00,0x00,0x00,0x3f,0xff,0xff,0xff,0xfd,0x82,
  0x00,0x00,0x00,0x00,0x00,0x00,0x00,0x00,0x00,0x00,0x00,0x00,0x00,0x00,0x00,0x3f,0xff,0xff,0xff,0xff,0xff,0xc6,0x10,0x00,
  0x00,0x00,0x00,0x00,0x00,0x00,0x00,0x00,0x00,0x00,0x00,0x00,0x2e,0xff,0xff,0xff,0xff,0xff,0xff,0xfb,0x50,0x00,0x00,0x00,
  0x00,0x00,0x00,0x00,0x00,0x00,0x00,0x00,0x00,0x00,0x49,0xef,0xff,0xff,0xff,0xff,0xff,0xff,0x94,0x00,0x00,0x00,0x00,0x00,
  0x00,0x00,0x00,0x00,0x00,0x00,0x00,0x00,0x05,0xaf,0xff,0xff,0xff,0xff,0xff,0xff,0xe8,0x20,0x00,0x00,0x00,0x00,0x00,0x00,
  0x00,0x00,0x00,0x00,0x00,0x00,0x00,0x5b,0xff,0xff,0xff,0xff,0xff,0xff,0xfd,0x71,0x00,0x00,0x00,0x00,0x00,0x00,0x00,0x00,
  0x00,0x00,0x00,0x00,0x00,0x16,0xcf,0xff,0xff,0xff,0xff,0xff,0xff,0xb6,0x00,0x00,0x00,0x00,0x00,0x00,0x00,0x00,0x00,0x00,
  0x00,0x00,0x00,0x02,0x7d,0xff,0xff,0xff,0xff,0xff,0xff,0xfa,0x40,0x00,0x00,0x00,0x00,0x00,0x00,0x00,0x00,0x00,0x00,0x00,
  0x00,0x00,0x38,0xef,0xff,0xff,0xff,0xff,0xff,0xfe,0x93,0x00,0x00,0x00,0x00,0x00,0x00,0x00,0x00,0x00,0x00,0x00,0x00,0x00,
  0x04,0x9f,0xff,0xff,0xff,0xff,0xff,0xff,0xd8,0x20,0x00,0x00,0x00,0x00,0x00,0x00,0x00,0x00,0x00,0x00,0x00,0x00,0x00,0x5a,
  0xff,0xff,0xff,0xff,0xff,0xff,0xfc,0x61,0x00,0x00,0x00,0x00,0x00,0x00,0x00,0x00,0x00,0x00,0x00,0x00,0x00,0x16,0xbf,0xff,
  0xff,0xff,0xff,0xff,0xff,0x90,0x00,0x00,0x00,0x00,0x00,0x00,0x00,0x00,0x00,0x00,0x00,0x00,0x00,0x01,0x7c,0xff,0xff,0xff,
  0xff,0xff,0xd0,0x00,0x00,0x00,0x00,0x00,0x00,0x00,0x00,0x00,0x00,0x00,0x00,0x00,0x00,0x00,0x28,0xdf,0xff,0xff,0xff,0xd0,
  0x00,0x00,0x00,0x00,0x00,0x00,0x00,0x00,0x00,0x00,0x00,0x00,0x00,0x00,0x00,0x17,0xcf,0xff,0xff,0xff,0xd0,0x00,0x00,0x00,
  0x00,0x00,0x00,0x00,0x00,0x00,0x00,0x00,0x00,0x00,0x01,0x6b,0xff,0xff,0xff,0xff,0xff,0xd0,0x00,0x00,0x00,0x00,0x00,0x00,
  0x00,0x00,0x00,0x00,0x00,0x00,0x05,0xbf,0xff,0xff,0xff,0xff,0xff,0xff,0x90,0x00,0x00,0x00,0x00,0x00,0x00,0x00,0x00,0x00,
  0x00,0x00,0x4a,0xff,0xff,0xff,0xff,0xff,0xff,0xfc,0x61,0x00,0x00,0x00,0x00,0x00,0x00,0x00,0x00,0x00,0x00,0x03,0x9e,0xff,
  0xff,0xff,0xff,0xff,0xff,0xd8,0x20,0x00,0x00,0x00,0x00,0x00,0x00,0x00,0x00,0x00,0x00,0x28,0xdf,0xff,0xff,0xff,0xff,0xff,
  0xfe,0x93,0x00,0x00,0x00,0x00,0x00,0x00,0x00,0x00,0x00,0x00,0x01,0x7d,0xff,0xff,0xff,0xff,0xff,0xff,0xfa,0x40,0x00,0x00,
  0x00,0x00,0x00,0x00,0x00,0x00,0x00,0x00,0x16,0xcf,0xff,0xff,0xff,0xff,0xff,0xff,0xb6,0x00,0x00,0x00,0x00,0x00,0x00,0x00,
  0x00,0x00,0x00,0x00,0x5b,0xff,0xff,0xff,0xff,0xff,0xff,0xfd,0x71,0x00,0x00,0x00,0x00,0x00,0x00,0x00,0x00,0x00,0x00,0x04,
  0xaf,0xff,0xff,0xff,0xff,0xff,0xff,0xe8,0x20,0x00,0x00,0x00,0x00,0x00,0x00,0x00,0x00,0x00,0x00,0x39,0xef,0xff,0xff,0xff,
  0xff,0xff,0xff,0xa4,0x00,0x00,0x00,0x00,0x00,0x00,0x00,0x00,0x00,0x00,0x00,0x2e,0xff,0xff,0xff,0xff,0xff,0xff,0xfb,0x50,
  0x00,0x00,0x00,0x00,0x00,0x00,0x00,0x00,0x00,0x00,0x00,0x00,0x3f,0xff,0xff,0xff,0xff,0xff,0xc6,0x10,0x00,0x00,0x00,0x00,
  0x00,0x00,0x00,0x00,0x00,0x00,0x00,0x00,0x00,0x3f,0xff,0xff,0xff,0xfd,0x82,0x00,0x00,0x00,0x00,0x00,0x00,0x00,0x00,0x00,
  0x00,0x00,0x00,0x00,0x00,0x00,0x3f,0xff,0xff,0xe9,0x30,0x00,0x00,0x00,0x00,0x00,0x00,0x00,0x00,0x00,0x00,0x00,0x00,0x00,
  0x00,0x00,0x00,0x3f,0xff,0xa4,0x00,0x00,0x00,0x00,0x00,0x00,0x00,0x00,0x00,0x00,0x00,0x00,0x00,0x00,0x00,0x00,0x00,0x00,
  0x3b,0x60,0x00,0x00,0x00,0x00,0x00,0x00,0x00,0x00,0x00,0x00,0x00,0x00,0x00,0x00,0x00,0x00,0x00,0x00,0x00,0x00,0x00,0x00,
  0x36,0x9c,0xde,0xff,0xec,0x95,0x10,0x00,0x00,0x00,0x00,0x04,0x9e,0xff,0xff,0xff,0xff,0xff,0xff,0xf9,0x10,0x00,0x00,0x06,
  0xdf,0xff,0xff,0xff,0xff,0xff,0xff,0xff,0xff,0xe5,0x00,0x00,0x6f,0xff,0xff,0xff,0xff,0xff,0xff,0xff,0xff,0xff,0xff,0x70,
  0x00,0x6f,0xff,0xff,0xff,0xff,0xff,0xff,0xff,0xff,0xff,0xff,0xf6,0x00,0x6f,0xff,0xff,0xfa,0x63,0x10,0x02,0x6c,0xff,0xff,
  0xff,0xff,0x10,0x6f,0xff,0xd7,0x00,0x00,0x00,0x00,0x00,0x4e,0xff,0xff,0xff,0x90,0x6f,0xd5,0x00,0x00,0x00,0x00,0x00,0x00,
  0x02,0xff,0xff,0xff,0xe0,0x57,0x00,0x00,0x00,0x00,0x00,0x00,0x00,0x00,0x7f,0xff,0xff,0xf3,0x00,0x00,0x00,0x00,0x00,0x00,
  0x00,0x00,0x00,0x1f,0xff,0xff,0xf5,0x00,0x00,0x00,0x00,0x00,0x00,0x00,0x00,0x00,0x0e,0xff,0xff,0xf7,0x00,0x00,0x00,0x00,
  0x00,0x00,0x00,0x00,0x00,0x0e,0xff,0xff,0xf7,0x00,0x00,0x00,0x00,0x00,0x00,0x00,0x00,0x00,0x0f,0xff,0xff,0xf5,0x00,0x00,
  0x00,0x00,0x00,0x00,0x00,0x00,0x00,0x6f,0xff,0xff,0xf1,0x00,0x00,0x00,0x00,0x00,0x00,0x00,0x00,0x00,0xdf,0xff,0xff,0xc0,
  0x00,0x00,0x00,0x00,0x00,0x00,0x00,0x00,0x0a,0xff,0xff,0xff,0x40,0x00,0x00,0x00,0x00,0x00,0x00,0x00,0x00,0x8f,0xff,0xff,
  0xfa,0x00,0x00,0x00,0x00,0x00,0x00,0x00,0x00,0x08,0xff,0xff,0xff,0xd1,0x00,0x00,0x00,0x00,0x00,0x00,0x00,0x00,0x8f,0xff,
  0xff,0xfe,0x20,0x00,0x00,0x00,0x00,0x00,0x00,0x00,0x08,0xff,0xff,0xff,0xe2,0x00,0x00,0x00,0x00,0x00,0x00,0x00,0x00,0x7f,
  0xff,0xff,0xfe,0x20,0x00,0x00,0x00,0x00,0x00,0x00,0x00,0x06,0xff,0xff,0xff,0xe2,0x00,0x00,0x00,0x00,0x00,0x00,0x00,0x00,
  0x4f,0xff,0xff,0xfe,0x20,0x00,0x00,0x00,0x00,0x00,0x00,0x00,0x01,0xef,0xff,0xff,0xe2,0x00,0x00,0x00,0x00,0x00,0x00,0x00,
  0x00,0x08,0xff,0xff,0xff,0x30,0x00,0x00,0x00,0x00,0x00,0x00,0x00,0x00,0x0e,0xff,0xff,0xf7,0x00,0x00,0x00,0x00,0x00,0x00,
  0x00,0x00,0x00,0x3f,0xff,0xff,0xe0,0x00,0x00,0x00,0x00,0x00,0x00,0x00,0x00,0x00,0x6f,0xff,0xff,0x90,0x00,0x00,0x00,0x00,
  0x00,0x00,0x00,0x00,0x00,0x8f,0xff,0xff,0x70,0x00,0x00,0x00,0x00,0x00,0x00,0x00,0x00,0x00,0x9f,0xff,0xff,0x60,0x00,0x00,
  0x00,0x00,0x00,0x00,0x00,0x00,0x00,0x9f,0xff,0xff,0x60,0x00,0x00,0x00,0x00,0x00,0x00,0x00,0x00,0x00,0x9f,0xff,0xff,0x60,
  0x00,0x00,0x00,0x00,0x00,0x00,0x00,0x00,0x00,0x9f,0xff,0xff,0x60,0x00,0x00,0x00,0x00,0x00,0x00,0x00,0x00,0x00,0x9f,0xff,
  0xff,0x60,0x00,0x00,0x00,0x00,0x00,0x00,0x00,0x00,0x00,0x9f,0xff,0xff,0x60,0x00,0x00,0x00,0x00,0x00,0x00,0x00,0x00,0x00,
  0x00,0x00,0x00,0x00,0x00,0x00,0x00,0x00,0x00,0x00,0x00,0x00,0x00,0x00,0x00,0x00,0x00,0x00,0x00,0x00,0x00,0x00,0x00,0x00,
  0x00,0x00,0x00,0x00,0x00,0x00,0x00,0x00,0x00,0x00,0x00,0x00,0x00,0x00,0x00,0x00,0x00,0x00,0x00,0x00,0x00,0x00,0x00,0x00,
  0x00,0x00,0x00,0x00,0x00,0x00,0x00,0x00,0x00,0x00,0x00,0x00,0x00,0x00,0x00,0x00,0x00,0xcf,0xff,0xff,0x90,0x00,0x00,0x00,
  0x00,0x00,0x00,0x00,0x00,0x00,0xcf,0xff,0xff,0x90,0x00,0x00,0x00,0x00,0x00,0x00,0x00,0x00,0x00,0xcf,0xff,0xff,0x90,0x00,
  0x00,0x00,0x00,0x00,0x00,0x00,0x00,0x00,0xcf,0xff,0xff,0x90,0x00,0x00,0x00,0x00,0x00,0x00,0x00,0x00,0x00,0xcf,0xff,0xff,
  0x90,0x00,0x00,0x00,0x00,0x00,0x00,0x00,0x00,0x00,0xcf,0xff,0xff,0x90,0x00,0x00,0x00,0x00,0x00,0x00,0x00,0x00,0x00,0xcf,
  0xff,0xff,0x90,0x00,0x00,0x00,0x00,0x00,0x00,0x00,0x00,0x00,0xcf,0xff,0xff,0x90,0x00,0x00,0x00,0x00,0x00,0x00,0x00,0x00,
  0x00,0x00,0x00,0x00,0x00,0x00,0x00,0x01,0x58,0xac,0xee,0xff,0xed,0xc9,0x74,0x00,0x00,0x00,0x00,0x00,0x00,0x00,0x00,0x00,
  0x00,0x00,0x00,0x00,0x00,0x00,0x00,0x00,0x00,0x00,0x28,0xdf,0xff,0xff,0xff,0xff,0xff,0xff,0xff,0xfb,0x71,0x00,0x00,0x00,
  0x00,0x00,0x00,0x00,0x00,0x00,0x00,0x00,0x00,0x00,0x00,0x00,0x00,0x5c,0xff,0xff,0xff,0xff,0xff,0xff,0xff,0xff,0xff,0xff,
  0xff,0xa3,0x00,0x00,0x00,0x00,0x00,0x00,0x00,0x00,0x00,0x00,0x00,0x00,0x00,0x00,0x5d,0xff,0xff,0xff,0xff,0xff,0xff,0xff,
  0xff,0xff,0xff,0xff,0xff,0xff,0xa2,0x00,0x00,0x00,0x00,0x00,0x00,0x00,0x00,0x00,0x00,0x00,0x00,0x2c,0xff,0xff,0xff,0xff,
  0xff,0xff,0xff,0xff,0xff,0xff,0xff,0xff,0xff,0xff,0xff,0x80,0x00,0x00,0x00,0x00,0x00,0x00,0x00,0x00,0x00,0x00,0x06,0xff,
  0xff,0xff,0xff,0xff,0xd9,0x63,0x21,0x00,0x12,0x46,0x9d,0xff,0xff,0xff,0xff,0xfc,0x20,0x00,0x00,0x00,0x00,0x00,0x00,0x00,
  0x00,0x00,0xaf,0xff,0xff,0xff,0xfc,0x61,0x00,0x00,0x00,0x00,0x00,0x00,0x00,0x16,0xcf,0xff,0xff,0xff,0xf4,0x00,0x00,0x00,
  0x00,0x00,0x00,0x00,0x00,0x1c,0xff,0xff,0xff,0xf9,0x10,0x00,0x00,0x00,0x00,0x00,0x00,0x00,0x00,0x00,0x03,0xbf,0xff,0xff,
  0xff,0x50,0x00,0x00,0x00,0x00,0x00,0x00,0x01,0xdf,0xff,0xff,0xfa,0x20,0x00,0x00,0x00,0x00,0x00,0x00,0x00,0x00,0x00,0x00,
  0x00,0x03,0xdf,0xff,0xff,0xf5,0x00,0x00,0x00,0x00,0x00,0x00,0x0c,0xff,0xff,0xfe,0x50,0x00,0x00,0x00,0x00,0x00,0x00,0x00,
  0x00,0x00,0x00,0x00,0x00,0x00,0x08,0xff,0xff,0xff,0x30,0x00,0x00,0x00,0x00,0x00,0xaf,0xff,0xff,0xc1,0x00,0x00,0x00,0x00,
  0x00,0x00,0x00,0x00,0x00,0x00,0x00,0x00,0x00,0x00,0x00,0x5f,0xff,0xff,0xe1,0x00,0x00,0x00,0x00,0x07,0xff,0xff,0xfb,0x00,
  0x00,0x00,0x00,0x00,0x00,0x00,0x00,0x00,0x00,0x00,0x00,0x00,0x00,0x00,0x00,0x04,0xff,0xff,0xfb,0x00,0x00,0x00,0x00,0x2f,
  0xff,0xff,0xb0,0x00,0x00,0x00,0x00,0x00,0x00,0x00,0x00,0x00,0x00,0x00,0x00,0x00,0x00,0x00,0x00,0x00,0x4f,0xff,0xff,0x50,
  0x00,0x00,0x00,0xcf,0xff,0xfd,0x00,0x00,0x00,0x00,0x00,0x00,0x00,0x00,0x00,0x00,0x00,0x00,0x00,0x00,0x00,0x00,0x00,0x00,
  0x06,0xff,0xff,0xe0,0x00,0x00,0x05,0xff,0xff,0xe2,0x00,0x00,0x00,0x00,0x00,0x00,0x00,0x00,0x00,0x00,0x00,0x00,0x00,0x00,
  0x00,0x00,0x00,0x00,0x00,0xbf,0xff,0xf7,0x00,0x00,0x0d,0xff,0xff,0x60,0x00,0x00,0x00,0x00,0x00,0x00,0x38,0xcd,0xff,0xeb,
  0x82,0x00,0x00,0x00,0x00,0x00,0x00,0x00,0x00,0x1f,0xff,0xfe,0x00,0x00,0x5f,0xff,0xfc,0x00,0x00,0x00,0x00,0x00,0x00,0x3c,
  0xff,0xff,0xff,0xff,0xff,0xb2,0x00,0x2f,0xff,0xf5,0x00,0x00,0x00,0x08,0xff,0xff,0x40,0x00,0xcf,0xff,0xf3,0x00,0x00,0x00,
  0x00,0x00,0x08,0xff,0xff,0xff,0xff,0xff,0xff,0xff,0x60,0x2f,0xff,0xf5,0x00,0x00,0x00,0x02,0xff,0xff,0x90,0x02,0xff,0xff,
  0xb0,0x00,0x00,0x00,0x00,0x00,0xaf,0xff,0xff,0xff,0xff,0xff,0xff,0xff,0xf7,0x2f,0xff,0xf5,0x00,0x00,0x00,0x00,0xcf,0xff,
  0xe0,0x07,0xff,0xff,0x40,0x00,0x00,0x00,0x00,0x07,0xff,0xff,0xff,0xff,0xff,0xff,0xff,0xff,0xff,0x7f,0xff,0xf5,0x00,0x00,
  0x00,0x00,0x8f,0xff,0xf1,0x0c,0xff,0xfe,0x00,0x00,0x00,0x00,0x00,0x3f,0xff,0xff,0xff,0xa5,0x20,0x01,0x49,0xff,0xff,0xff,
  0xff,0xf5,0x00,0x00,0x00,0x00,0x4f,0xff,0xf4,0x0f,0xff,0xf9,0x00,0x00,0x00,0x00,0x00,0xbf,0xff,0xff,0xc2,0x00,0x00,0x00,
  0x00,0x1a,0xff,0xff,0xff,0xf5,0x00,0x00,0x00,0x00,0x2f,0xff,0xf6,0x3f,0xff,0xf4,0x00,0x00,0x00,0x00,0x03,0xff,0xff,0xfb,
  0x00,0x00,0x00,0x00,0x00,0x00,0x9f,0xff,0xff,0xf5,0x00,0x00,0x00,0x00,0x1f,0xff,0xf7,0x6f,0xff,0xf1,0x00,0x00,0x00,0x00,
  0x08,0xff,0xff,0xe1,0x00,0x00,0x00,0x00,0x00,0x00,0x0c,0xff,0xff,0xf5,0x00,0x00,0x00,0x00,0x0f,0xff,0xf8,0x8f,0xff,0xe0,
  0x00,0x00,0x00,0x00,0x0c,0xff,0xff,0x70,0x00,0x00,0x00,0x00,0x00,0x00,0x04,0xff,0xff,0xf5,0x00,0x00,0x00,0x00,0x0f,0xff,
  0xf7,0xaf,0xff,0xc0,0x00,0x00,0x00,0x00,0x0f,0xff,0xff,0x20,0x00,0x00,0x00,0x00,0x00,0x00,0x00,0xff,0xff,0xf5,0x00,0x00,
  0x00,0x00,0x1f,0xff,0xf7,0xbf,0xff,0xb0,0x00,0x00,0x00,0x00,0x1f,0xff,0xfe,0x00,0x00,0x00,0x00,0x00,0x00,0x00,0x00,0xcf,
  0xff,0xf5,0x00,0x00,0x00,0x00,0x3f,0xff,0xf5,0xcf,0xff,0xa0,0x00,0x00,0x00,0x00,0x2f,0xff,0xfd,0x00,0x00,0x00,0x00,0x00,
  0x00,0x00,0x00,0xaf,0xff,0xf5,0x00,0x00,0x00,0x00,0x6f,0xff,0xf3,0xcf,0xff,0xa0,0x00,0x00,0x00,0x00,0x2f,0xff,0xfd,0x00,
  0x00,0x00,0x00,0x00,0x00,0x00,0x00,0xaf,0xff,0xf5,0x00,0x00,0x00,0x00,0xaf,0xff,0xf0,0xbf,0xff,0xb0,0x00,0x00,0x00,0x00,
  0x1f,0xff,0xfe,0x00,0x00,0x00,0x00,0x00,0x00,0x00,0x00,0xcf,0xff,0xf5,0x00,0x00,0x00,0x01,0xff,0xff,0xb0,0xaf,0xff,0xc0,
  0x00,0x00,0x00,0x00,0x0f,0xff,0xff,0x20,0x00,0x00,0x00,0x00,0x00,0x00,0x00,0xff,0xff,0xf5,0x00,0x00,0x00,0x08,0xff,0xff,
  0x60,0x9f,0xff,0xe0,0x00,0x00,0x00,0x00,0x0c,0xff,0xff,0x70,0x00,0x00,0x00,0x00,0x00,0x00,0x04,0xff,0xff,0xf5,0x00,0x00,
  0x00,0x2f,0xff,0xfe,0x00,0x6f,0xff,0xf0,0x00,0x00,0x00,0x00,0x08,0xff,0xff,0xe0,0x00,0x00,0x00,0x00,0x00,0x00,0x0c,0xff,
  0xff,0xf5,0x00,0x00,0x01,0xdf,0xff,0xf7,0x00,0x4f,0xff,0xf4,0x00,0x00,0x00,0x00,0x03,0xff,0xff,0xfb,0x00,0x00,0x00,0x00,
  0x00,0x00,0x8f,0xff,0xff,0xf5,0x00,0x00,0x1d,0xff,0xff,0xd0,0x00,0x1f,0xff,0xf8,0x00,0x00,0x00,0x00,0x00,0xcf,0xff,0xff,
  0xb1,0x00,0x00,0x00,0x00,0x09,0xff,0xff,0xff,0xf5,0x00,0x06,0xff,0xff,0xff,0x20,0x00,0x0d,0xff,0xfd,0x00,0x00,0x00,0x00,
  0x00,0x4f,0xff,0xff,0xff,0x95,0x10,0x01,0x48,0xef,0xff,0xff,0xff,0xf5,0x48,0xef,0xff,0xff,0xf4,0x00,0x00,0x09,0xff,0xff,
  0x30,0x00,0x00,0x00,0x00,0x08,0xff,0xff,0xff,0xff,0xff,0xff,0xff,0xff,0xff,0x7f,0xff,0xff,0xff,0xff,0xff,0xff,0x40,0x00,
  0x00,0x03,0xff,0xff,0xa0,0x00,0x00,0x00,0x00,0x00,0xaf,0xff,0xff,0xff,0xff,0xff,0xff,0xff,0xf7,0x2f,0xff,0xff,0xff,0xff,
  0xff,0xc2,0x00,0x00,0x00,0x00,0xdf,0xff,0xf2,0x00,0x00,0x00,0x00,0x00,0x09,0xff,0xff,0xff,0xff,0xff,0xff,0xff,0x60,0x2f,
  0xff,0xff,0xff,0xff,0xe6,0x00,0x00,0x00,0x00,0x00,0x7f,0xff,0xfa,0x00,0x00,0x00,0x00,0x00,0x00,0x4c,0xff,0xff,0xff,0xff,
  0xff,0xb2,0x00,0x2f,0xff,0xff,0xff,0xc5,0x00,0x00,0x00,0x00,0x00,0x00,0x0f,0xff,0xff,0x40,0x00,0x00,0x00,0x00,0x00,0x00,
  0x38,0xce,0xff,0xec,0x83,0x00,0x00,0x2f,0xed,0xb8,0x51,0x00,0x00,0x00,0x00,0x00,0x00,0x00,0x08,0xff,0xff,0xe1,0x00,0x00,
  0x00,0x00,0x00,0x00,0x00,0x00,0x00,0x00,0x00,0x00,0x00,0x00,0x00,0x00,0x00,0x00,0x00,0x00,0x00,0x00,0x00,0x00,0x00,0xef,
  0xff,0xfb,0x00,0x00,0x00,0x00,0x00,0x00,0x00,0x00,0x00,0x00,0x00,0x00,0x00,0x00,0x00,0x00,0x00,0x00,0x00,0x00,0x00,0x00,
  0x00,0x00,0x00,0x5f,0xff,0xff,0xa0,0x00,0x00,0x00,0x00,0x00,0x00,0x00,0x00,0x00,0x00,0x00,0x00,0x00,0x00,0x00,0x00,0x00,
  0x00,0x00,0x00,0x00,0x00,0x00,0x00,0x09,0xff,0xff,0xf9,0x00,0x00,0x00,0x00,0x00,0x00,0x00,0x00,0x00,0x00,0x00,0x00,0x00,
  0x00,0x00,0x00,0x00,0x00,0x00,0x00,0x00,0x00,0x00,0x00,0x00,0xdf,0xff,0xff,0xb0,0x00,0x00,0x00,0x00,0x00,0x00,0x00,0x00,
  0x00,0x00,0x00,0x00,0x00,0x00,0x00,0x00,0x00,0x00,0x00,0x00,0x00,0x00,0x00,0x00,0x2e,0xff,0xff,0xfd,0x20,0x00,0x00,0x00,
  0x00,0x00,0x00,0x00,0x00,0x00,0x00,0x00,0x00,0x00,0x5c,0x10,0x00,0x00,0x00,0x00,0x00,0x00,0x00,0x00,0x02,0xef,0xff,0xff,
  0xf8,0x00,0x00,0x00,0x00,0x00,0x00,0x00,0x00,0x00,0x00,0x00,0x00,0x2a,0xff,0xd1,0x00,0x00,0x00,0x00,0x00,0x00,0x00,0x00,
  0x00,0x2e,0xff,0xff,0xff,0xe6,0x00,0x00,0x00,0x00,0x00,0x00,0x00,0x00,0x00,0x00,0x29,0xff,0xff,0xfc,0x00,0x00,0x00,0x00,
  0x00,0x00,0x00,0x00,0x00,0x01,0xdf,0xff,0xff,0xff,0xe9,0x30,0x00,0x00,0x00,0x00,0x00,0x00,0x01,0x5b,0xff,0xff,0xff,0xfa,
  0x00,0x00,0x00,0x00,0x00,0x00,0x00,0x00,0x00,0x00,0x09,0xff,0xff,0xff,0xff,0xfe,0xa7,0x42,0x10,0x00,0x13,0x58,0xcf,0xff,
  0xff,0xff,0xff,0x70,0x00,0x00,0x00,0x00,0x00,0x00,0x00,0x00,0x00,0x00,0x00,0x5e,0xff,0xff,0xff,0xff,0xff,0xff,0xff,0xff,
  0xff,0xff,0xff,0xff,0xff,0xff,0xc2,0x00,0x00,0x00,0x00,0x00,0x00,0x00,0x00,0x00,0x00,0x00,0x00,0x00,0x8f,0xff,0xff,0xff,
  0xff,0xff,0xff,0xff,0xff,0xff,0xff,0xff,0xff,0xe6,0x00,0x00,0x00,0x00,0x00,0x00,0x00,0x00,0x00,0x00,0x00,0x00,0x00,0x00,
  0x01,0x8e,0xff,0xff,0xff,0xff,0xff,0xff,0xff,0xff,0xff,0xff,0xe7,0x00,0x00,0x00,0x00,0x00,0x00,0x00,0x00,0x00,0x00,0x00,
  0x00,0x00,0x00,0x00,0x00,0x00,0x4a,0xef,0xff,0xff,0xff,0xff,0xff,0xff,0xff,0xa4,0x00,0x00,0x00,0x00,0x00,0x00,0x00,0x00,
  0x00,0x00,0x00,0x00,0x00,0x00,0x00,0x00,0x00,0x00,0x00,0x02,0x69,0xbd,0xef,0xff,0xec,0xa7,0x30,0x00,0x00,0x00,0x00,0x00,
  0x00,0x00,0x00,0x00,0x00,0x00,0x00,0x00,0x00,0x00,0x00,0x00,0x00,0x00,0xdf,0xff,0xff,0xfa,0x00,0x00,0x00,0x00,0x00,0x00,
  0x00,0x00,0x00,0x00,0x00,0x00,0x00,0x00,0x00,0x00,0x00,0x04,0xff,0xff,0xff,0xff,0x10,0x00,0x00,0x00,0x00,0x00,0x00,0x00,
  0x00,0x00,0x00,0x00,0x00,0x00,0x00,0x00,0x00,0x0a,0xff,0xff,0xff,0xff,0x60,0x00,0x00,0x00,0x00,0x00,0x00,0x00,0x00,0x00,
  0x00,0x00,0x00,0x00,0x00,0x00,0x00,0x0f,0xff,0xff,0xff,0xff,0xc0,0x00,0x00,0x00,0x00,0x00,0x00,0x00,0x00,0x00,0x00,0x00,
  0x00,0x00,0x00,0x00,0x00,0x6f,0xff,0xff,0xff,0xff,0xf2,0x00,0x00,0x00,0x00,0x00,0x00,0x00,0x00,0x00,0x00,0x00,0x00,0x00,
  0x00,0x00,0x00,0xcf,0xff,0xff,0xff,0xff,0xf8,0x00,0x00,0x00,0x00,0x00,0x00,0x00,0x00,0x00,0x00,0x00,0x00,0x00,0x00,0x00,
  0x02,0xff,0xff,0xfd,0xff,0xff,0xfe,0x00,0x00,0x00,0x00,0x00,0x00,0x00,0x00,0x00,0x00,0x00,0x00,0x00,0x00,0x00,0x08,0xff,
  0xff,0xf7,0xbf,0xff,0xff,0x40,0x00,0x00,0x00,0x00,0x00,0x00,0x00,0x00,0x00,0x00,0x00,0x00,0x00,0x00,0x0e,0xff,0xff,0xf1,
  0x5f,0xff,0xff,0xa0,0x00,0x00,0x00,0x00,0x00,0x00,0x00,0x00,0x00,0x00,0x00,0x00,0x00,0x00,0x4f,0xff,0xff,0xb0,0x0f,0xff,
  0xff,0xf1,0x00,0x00,0x00,0x00,0x00,0x00,0x00,0x00,0x00,0x00,0x00,0x00,0x00,0x00,0xaf,0xff,0xff,0x50,0x09,0xff,0xff,0xf7,
  0x00,0x00,0x00,0x00,0x00,0x00,0x00,0x00,0x00,0x00,0x00,0x00,0x00,0x01,0xff,0xff,0xff,0x00,0x04,0xff,0xff,0xfd,0x00,0x00,
  0x00,0x00,0x00,0x00,0x00,0x00,0x00,0x00,0x00,0x00,0x00,0x06,0xff,0xff,0xfa,0x00,0x00,0xef,0xff,0xff,0x30,0x00,0x00,0x00,
  0x00,0x00,0x00,0x00,0x00,0x00,0x00,0x00,0x00,0x0c,0xff,0xff,0xf4,0x00,0x00,0x8f,0xff,0xff,0x90,0x00,0x00,0x00,0x00,0x00,
  0x00,0x00,0x00,0x00,0x00,0x00,0x00,0x2f,0xff,0xff,0xe0,0x00,0x00,0x2f,0xff,0xff,0xe0,0x00,0x00,0x00,0x00,0x00,0x00,0x00,
  0x00,0x00,0x00,0x00,0x00,0x9f,0xff,0xff,0x80,0x00,0x00,0x0c,0xff,0xff,0xf5,0x00,0x00,0x00,0x00,0x00,0x00,0x00,0x00,0x00,
  0x00,0x00,0x00,0xef,0xff,0xff,0x30,0x00,0x00,0x06,0xff,0xff,0xfb,0x00,0x00,0x00,0x00,0x00,0x00,0x00,0x00,0x00,0x00,0x00,
  0x05,0xff,0xff,0xfd,0x00,0x00,0x00,0x01,0xff,0xff,0xff,0x10,0x00,0x00,0x00,0x00,0x00,0x00,0x00,0x00,0x00,0x00,0x0b,0xff,
  0xff,0xf7,0x00,0x00,0x00,0x00,0xbf,0xff,0xff,0x70,0x00,0x00,0x00,0x00,0x00,0x00,0x00,0x00,0x00,0x00,0x1f,0xff,0xff,0xf1,
  0x00,0x00,0x00,0x00,0x5f,0xff,0xff,0xd0,0x00,0x00,0x00,0x00,0x00,0x00,0x00,0x00,0x00,0x00,0x7f,0xff,0xff,0xb0,0x00,0x00,
  0x00,0x00,0x0f,0xff,0xff,0xf3,0x00,0x00,0x00,0x00,0x00,0x00,0x00,0x00,0x00,0x00,0xdf,0xff,0xff,0x60,0x00,0x00,0x00,0x00,
  0x09,0xff,0xff,0xf9,0x00,0x00,0x00,0x00,0x00,0x00,0x00,0x00,0x00,0x03,0xff,0xff,0xff,0x00,0x00,0x00,0x00,0x00,0x04,0xff,
  0xff,0xff,0x00,0x00,0x00,0x00,0x00,0x00,0x00,0x00,0x00,0x09,0xff,0xff,0xfa,0x00,0x00,0x00,0x00,0x00,0x00,0xef,0xff,0xff,
  0x50,0x00,0x00,0x00,0x00,0x00,0x00,0x00,0x00,0x0f,0xff,0xff,0xf4,0x00,0x00,0x00,0x00,0x00,0x00,0x8f,0xff,0xff,0xb0,0x00,
  0x00,0x00,0x00,0x00,0x00,0x00,0x00,0x5f,0xff,0xff,0xe0,0x00,0x00,0x00,0x00,0x00,0x00,0x2f,0xff,0xff,0xf1,0x00,0x00,0x00,
  0x00,0x00,0x00,0x00,0x00,0xbf,0xff,0xff,0x90,0x00,0x00,0x00,0x00,0x00,0x00,0x0c,0xff,0xff,0xf7,0x00,0x00,0x00,0x00,0x00,
  0x00,0x00,0x01,0xff,0xff,0xff,0x30,0x00,0x00,0x00,0x00,0x00,0x00,0x07,0xff,0xff,0xfd,0x00,0x00,0x00,0x00,0x00,0x00,0x00,
  0x07,0xff,0xff,0xfd,0x00,0x00,0x00,0x00,0x00,0x00,0x00,0x01,0xff,0xff,0xff,0x30,0x00,0x00,0x00,0x00,0x00,0x00,0x0d,0xff,
  0xff,0xf7,0x00,0x00,0x00,0x00,0x00,0x00,0x00,0x00,0xbf,0xff,0xff,0xa0,0x00,0x00,0x00,0x00,0x00,0x00,0x3f,0xff,0xff,0xff,
  0xff,0xff,0xff,0xff,0xff,0xff,0xff,0xff,0xff,0xff,0xff,0xf0,0x00,0x00,0x00,0x00,0x00,0x00,0xaf,0xff,0xff,0xff,0xff,0xff,
  0xff,0xff,0xff,0xff,0xff,0xff,0xff,0xff,0xff,0xf6,0x00,0x00,0x00,0x00,0x00,0x00,0xff,0xff,0xff,0xff,0xff,0xff,0xff,0xff,
  0xff,0xff,0xff,0xff,0xff,0xff,0xff,0xfc,0x00,0x00,0x00,0x00,0x00,0x06,0xff,0xff,0xff,0xff,0xff,0xff,0xff,0xff,0xff,0xff,
  0xff,0xff,0xff,0xff,0xff,0xff,0x20,0x00,0x00,0x00,0x00,0x0c,0xff,0xff,0xff,0xff,0xff,0xff,0xff,0xff,0xff,0xff,0xff,0xff,
  0xff,0xff,0xff,0xff,0x80,0x00,0x00,0x00,0x00,0x2f,0xff,0xff,0xf3,0x00,0x00,0x00,0x00,0x00,0x00,0x00,0x00,0x00,0x00,0x6f,
  0xff,0xff,0xe0,0x00,0x00,0x00,0x00,0x8f,0xff,0xff,0xd0,0x00,0x00,0x00,0x00,0x00,0x00,0x00,0x00,0x00,0x00,0x0f,0xff,0xff,
  0xf4,0x00,0x00,0x00,0x00,0xef,0xff,0xff,0x80,0x00,0x00,0x00,0x00,0x00,0x00,0x00,0x00,0x00,0x00,0x0a,0xff,0xff,0xfa,0x00,
  0x00,0x00,0x04,0xff,0xff,0xff,0x20,0x00,0x00,0x00,0x00,0x00,0x00,0x00,0x00,0x00,0x00,0x05,0xff,0xff,0xff,0x10,0x00,0x00,
  0x0a,0xff,0xff,0xfc,0x00,0x00,0x00,0x00,0x00,0x00,0x00,0x00,0x00,0x00,0x00,0x00,0xff,0xff,0xff,0x60,0x00,0x00,0x1f,0xff,
  0xff,0xf7,0x00,0x00,0x00,0x00,0x00,0x00,0x00,0x00,0x00,0x00,0x00,0x00,0x9f,0xff,0xff,0xc0,0x00,0x00,0x6f,0xff,0xff,0xf1,
  0x00,0x00,0x00,0x00,0x00,0x00,0x00,0x00,0x00,0x00,0x00,0x00,0x4f,0xff,0xff,0xf2,0x00,0x00,0xcf,0xff,0xff,0xb0,0x00,0x00,
  0x00,0x00,0x00,0x00,0x00,0x00,0x00,0x00,0x00,0x00,0x0e,0xff,0xff,0xf8,0x00,0x02,0xff,0xff,0xff,0x60,0x00,0x00,0x00,0x00,
  0x00,0x00,0x00,0x00,0x00,0x00,0x00,0x00,0x08,0xff,0xff,0xfe,0x00,0x08,0xff,0xff,0xff,0x10,0x00,0x00,0x00,0x00,0x00,0x00,
  0x00,0x00,0x00,0x00,0x00,0x00,0x03,0xff,0xff,0xff,0x40,0x0e,0xff,0xff,0xfa,0x00,0x00,0x00,0x00,0x00,0x00,0x00,0x00,0x00,
  0x00,0x00,0x00,0x00,0x00,0xdf,0xff,0xff,0xa0,0x4f,0xff,0xff,0xf5,0x00,0x00,0x00,0x00,0x00,0x00,0x00,0x00,0x00,0x00,0x00,
  0x00,0x00,0x00,0x7f,0xff,0xff,0xf1,0xbf,0xff,0xff,0xff,0xff,0xff,0xff,0xff,0xfe,0xed,0xa7,0x40,0x00,0x00,0x00,0x00,0x00,
  0xbf,0xff,0xff,0xff,0xff,0xff,0xff,0xff,0xff,0xff,0xff,0xfe,0x92,0x00,0x00,0x00,0x00,0xbf,0xff,0xff,0xff,0xff,0xff,0xff,
  0xff,0xff,0xff,0xff,0xff,0xff,0x80,0x00,0x00,0x00,0xbf,0xff,0xff,0xff,0xff,0xff,0xff,0xff,0xff,0xff,0xff,0xff,0xff,0xfd,
  0x10,0x00,0x00,0xbf,0xff,0xff,0xff,0xff,0xff,0xff,0xff,0xff,0xff,0xff,0xff,0xff,0xff,0xd1,0x00,0x00,0xbf,0xff,0xff,0x90,
  0x00,0x00,0x00,0x00,0x01,0x36,0xaf,0xff,0xff,0xff,0xfa,0x00,0x00,0xbf,0xff,0xff,0x90,0x00,0x00,0x00,0x00,0x00,0x00,0x01,
  0xaf,0xff,0xff,0xff,0x40,0x00,0xbf,0xff,0xff,0x90,0x00,0x00,0x00,0x00,0x00,0x00,0x00,0x09,0xff,0xff,0xff,0xa0,0x00,0xbf,
  0xff,0xff,0x90,0x00,0x00,0x00,0x00,0x00,0x00,0x00,0x00,0xdf,0xff,0xff,0xf0,0x00,0xbf,0xff,0xff,0x90,0x00,0x00,0x00,0x00,
  0x00,0x00,0x00,0x00,0x6f,0xff,0xff,0xf3,0x00,0xbf,0xff,0xff,0x90,0x00,0x00,0x00,0x00,0x00,0x00,0x00,0x00,0x1f,0xff,0xff,
  0xf4,0x00,0xbf,0xff,0xff,0x90,0x00,0x00,0x00,0x00,0x00,0x00,0x00,0x00,0x0f,0xff,0xff,0xf6,0x00,0xbf,0xff,0xff,0x90,0x00,
  0x00,0x00,0x00,0x00,0x00,0x00,0x00,0x0e,0xff,0xff,0xf6,0x00,0xbf,0xff,0xff,0x90,0x00,0x00,0x00,0x00,0x00,0x00,0x00,0x00,
  0x0f,0xff,0xff,0xf5,0x00,0xbf,0xff,0xff,0x90,0x00,0x00,0x00,0x00,0x00,0x00,0x00,0x00,0x1f,0xff,0xff,0xf3,0x00,0xbf,0xff,
  0xff,0x90,0x00,0x00,0x00,0x00,0x00,0x00,0x00,0x00,0x6f,0xff,0xff,0xf0,0x00,0xbf,0xff,0xff,0x90,0x00,0x00,0x00,0x00,0x00,
  0x00,0x00,0x00,0xdf,0xff,0xff,0xb0,0x00,0xbf,0xff,0xff,0x90,0x00,0x00,0x00,0x00,0x00,0x00,0x00,0x08,0xff,0xff,0xff,0x40,
  0x00,0xbf,0xff,0xff,0x90,0x00,0x00,0x00,0x00,0x00,0x00,0x01,0xaf,0xff,0xff,0xfb,0x00,0x00,0xbf,0xff,0xff,0x90,0x00,0x00,
  0x00,0x00,0x01,0x25,0xaf,0xff,0xff,0xff,0xd1,0x00,0x00,0xbf,0xff,0xff,0xff,0xff,0xff,0xff,0xff,0xff,0xff,0xff,0xff,0xff,
  0xfa,0x10,0x00,0x00,0xbf,0xff,0xff,0xff,0xff,0xff,0xff,0xff,0xff,0xff,0xff,0xff,0xfa,0x40,0x00,0x00,0x00,0xbf,0xff,0xff,
  0xff,0xff,0xff,0xff,0xff,0xff,0xff,0xff,0xff,0x84,0x00,0x00,0x00,0x00,0xbf,0xff,0xff,0xff,0xff,0xff,0xff,0xff,0xff,0xff,
  0xff,0xff,0xff,0xd5,0x00,0x00,0x00,0xbf,0xff,0xff,0xff,0xff,0xff,0xff,0xff,0xff,0xff,0xff,0xff,0xff,0xff,0xb1,0x00,0x00,
  0xbf,0xff,0xff,0x90,0x00,0x00,0x00,0x00,0x00,0x13,0x6a,0xff,0xff,0xff,0xfd,0x10,0x00,0xbf,0xff,0xff,0x90,0x00,0x00,0x00,
  0x00,0x00,0x00,0x00,0x19,0xff,0xff,0xff,0xd0,0x00,0xbf,0xff,0xff,0x90,0x00,0x00,0x00,0x00,0x00,0x00,0x00,0x00,0x5f,0xff,
  0xff,0xf9,0x00,0xbf,0xff,0xff,0x90,0x00,0x00,0x00,0x00,0x00,0x00,0x00,0x00,0x08,0xff,0xff,0xff,0x20,0xbf,0xff,0xff,0x90,
  0x00,0x00,0x00,0x00,0x00,0x00,0x00,0x00,0x01,0xff,0xff,0xff,0x90,0xbf,0xff,0xff,0x90,0x00,0x00,0x00,0x00,0x00,0x00,0x00,
  0x00,0x00,0xbf,0xff,0xff,0xe0,0xbf,0xff,0xff,0x90,0x00,0x00,0x00,0x00,0x00,0x00,0x00,0x00,0x00,0x7f,0xff,0xff,0xf1,0xbf,
  0xff,0xff,0x90,0x00,0x00,0x00,0x00,0x00,0x00,0x00,0x00,0x00,0x5f,0xff,0xff,0xf4,0xbf,0xff,0xff,0x90,0x00,0x00,0x00,0x00,
  0x00,0x00,0x00,0x00,0x00,0x4f,0xff,0xff,0xf5,0xbf,0xff,0xff,0x90,0x00,0x00,0x00,0x00,0x00,0x00,0x00,0x00,0x00,0x5f,0xff,
  0xff,0xf5,0xbf,0xff,0xff,0x90,0x00,0x00,0x00,0x00,0x00,0x00,0x00,0x00,0x00,0x7f,0xff,0xff,0xf4,0xbf,0xff,0xff,0x90,0x00,
  0x00,0x00,0x00,0x00,0x00,0x00,0x00,0x00,0xbf,0xff,0xff,0xf2,0xbf,0xff,0xff,0x90,0x00,0x00,0x00,0x00,0x00,0x00,0x00,0x00,
  0x01,0xff,0xff,0xff,0xf0,0xbf,0xff,0xff,0x90,0x00,0x00,0x00,0x00,0x00,0x00,0x00,0x00,0x09,0xff,0xff,0xff,0xb0,0xbf,0xff,
  0xff,0x90,0x00,0x00,0x00,0x00,0x00,0x00,0x00,0x00,0x6f,0xff,0xff,0xff,0x50,0xbf,0xff,0xff,0x90,0x00,0x00,0x00,0x00,0x00,
  0x00,0x00,0x19,0xff,0xff,0xff,0xfd,0x00,0xbf,0xff,0xff,0x90,0x00,0x00,0x00,0x00,0x00,0x13,0x6a,0xff,0xff,0xff,0xff,0xf3,
  0x00,0xbf,0xff,0xff,0xff,0xff,0xff,0xff,0xff,0xff,0xff,0xff,0xff,0xff,0xff,0xff,0x50,0x00,0xbf,0xff,0xff,0xff,0xff,0xff,
  0xff,0xff,0xff,0xff,0xff,0xff,0xff,0xff,0xf5,0x00,0x00,0xbf,0xff,0xff,0xff,0xff,0xff,0xff,0xff,0xff,0xff,0xff,0xff,0xff,
  0xfa,0x10,0x00,0x00,0xbf,0xff,0xff,0xff,0xff,0xff,0xff,0xff,0xff,0xff,0xff,0xff,0xe9,0x30,0x00,0x00,0x00,0xbf,0xff,0xff,
  0xff,0xff,0xff,0xff,0xff,0xff,0xed,0xca,0x74,0x00,0x00,0x00,0x00,0x00,0x00,0x00,0x00,0x00,0x00,0x00,0x00,0x00,0x26,0x9b,
  0xde,0xff,0xed,0xcb,0x85,0x20,0x00,0x00,0x00,0x00,0x00,0x00,0x00,0x00,0x00,0x00,0x02,0x8e,0xff,0xff,0xff,0xff,0xff,0xff,
  0xff,0xfe,0x93,0x00,0x00,0x00,0x00,0x00,0x00,0x00,0x00,0x03,0xbf,0xff,0xff,0xff,0xff,0xff,0xff,0xff,0xff,0xff,0xff,0xd6,
  0x00,0x00,0x00,0x00,0x00,0x00,0x00,0x9f,0xff,0xff,0xff,0xff,0xff,0xff,0xff,0xff,0xff,0xff,0xff,0xff,0xd5,0x00,0x00,0x00,
  0x00,0x00,0x2d,0xff,0xff,0xff,0xff,0xff,0xff,0xff,0xff,0xff,0xff,0xff,0xff,0xff,0xff,0x30,0x00,0x00,0x00,0x04,0xff,0xff,
  0xff,0xff,0xff,0xa6,0x41,0x00,0x01,0x35,0x9d,0xff,0xff,0xff,0xff,0x30,0x00,0x00,0x00,0x4f,0xff,0xff,0xff,0xfd,0x50,0x00,
  0x00,0x00,0x00,0x00,0x00,0x28,0xff,0xff,0xff,0x30,0x00,0x00,0x02,0xef,0xff,0xff,0xff,0x60,0x00,0x00,0x00,0x00,0x00,0x00,
  0x00,0x00,0x18,0xff,0xff,0x30,0x00,0x00,0x0d,0xff,0xff,0xff,0xd2,0x00,0x00,0x00,0x00,0x00,0x00,0x00,0x00,0x00,0x00,0x2c,
  0xff,0x30,0x00,0x00,0x8f,0xff,0xff,0xfe,0x10,0x00,0x00,0x00,0x00,0x00,0x00,0x00,0x00,0x00,0x00,0x00,0x8f,0x30,0x00,0x02,
  0xff,0xff,0xff,0xf2,0x00,0x00,0x00,0x00,0x00,0x00,0x00,0x00,0x00,0x00,0x00,0x00,0x06,0x30,0x00,0x0a,0xff,0xff,0xff,0x60,
  0x00,0x00,0x00,0x00,0x00,0x00,0x00,0x00,0x00,0x00,0x00,0x00,0x00,0x00,0x00,0x2f,0xff,0xff,0xfc,0x00,0x00,0x00,0x00,0x00,
  0x00,0x00,0x00,0x00,0x00,0x00,0x00,0x00,0x00,0x00,0x00,0x8f,0xff,0xff,0xf5,0x00,0x00,0x00,0x00,0x00,0x00,0x00,0x00,0x00,
  0x00,0x00,0x00,0x00,0x00,0x00,0x00,0xef,0xff,0xff,0xe0,0x00,0x00,0x00,0x00,0x00,0x00,0x00,0x00,0x00,0x00,0x00,0x00,0x00,
  0x00,0x00,0x03,0xff,0xff,0xff,0x80,0x00,0x00,0x00,0x00,0x00,0x00,0x00,0x00,0x00,0x00,0x00,0x00,0x00,0x00,0x00,0x08,0xff,
  0xff,0xff,0x30,0x00,0x00,0x00,0x00,0x00,0x00,0x00,0x00,0x00,0x00,0x00,0x00,0x00,0x00,0x00,0x0b,0xff,0xff,0xff,0x00,0x00,
  0x00,0x00,0x00,0x00,0x00,0x00,0x00,0x00,0x00,0x00,0x00,0x00,0x00,0x00,0x0e,0xff,0xff,0xfc,0x00,0x00,0x00,0x00,0x00,0x00,
  0x00,0x00,0x00,0x00,0x00,0x00,0x00,0x00,0x00,0x00,0x1f,0xff,0xff,0xf9,0x00,0x00,0x00,0x00,0x00,0x00,0x00,0x00,0x00,0x00,
  0x00,0x00,0x00,0x00,0x00,0x00,0x2f,0xff,0xff,0xf7,0x00,0x00,0x00,0x00,0x00,0x00,0x00,0x00,0x00,0x00,0x00,0x00,0x00,0x00,
  0x00,0x00,0x4f,0xff,0xff,0xf6,0x00,0x00,0x00,0x00,0x00,0x00,0x00,0x00,0x00,0x00,0x00,0x00,0x00,0x00,0x00,0x00,0x5f,0xff,
  0xff,0xf4,0x00,0x00,0x00,0x00,0x00,0x00,0x00,0x00,0x00,0x00,0x00,0x00,0x00,0x00,0x00,0x00,0x5f,0xff,0xff,0xf4,0x00,0x00,
  0x00,0x00,0x00,0x00,0x00,0x00,0x00,0x00,0x00,0x00,0x00,0x00,0x00,0x00,0x6f,0xff,0xff,0xf4,0x00,0x00,0x00,0x00,0x00,0x00,
  0x00,0x00,0x00,0x00,0x00,0x00,0x00,0x00,0x00,0x00,0x6f,0xff,0xff,0xf4,0x00,0x00,0x00,0x00,0x00,0x00,0x00,0x00,0x00,0x00,
  0x00,0x00,0x00,0x00,0x00,0x00,0x5f,0xff,0xff,0xf4,0x00,0x00,0x00,0x00,0x00,0x00,0x00,0x00,0x00,0x00,0x00,0x00,0x00,0x00,
  0x00,0x00,0x4f,0xff,0xff,0xf6,0x00,0x00,0x00,0x00,0x00,0x00,0x00,0x00,0x00,0x00,0x00,0x00,0x00,0x00,0x00,0x00,0x2f,0xff,
  0xff,0xf7,0x00,0x00,0x00,0x00,0x00,0x00,0x00,0x00,0x00,0x00,0x00,0x00,0x00,0x00,0x00,0x00,0x1f,0xff,0xff,0xf9,0x00,0x00,
  0x00,0x00,0x00,0x00,0x00,0x00,0x00,0x00,0x00,0x00,0x00,0x00,0x00,0x00,0x0e,0xff,0xff,0xfc,0x00,0x00,0x00,0x00,0x00,0x00,
  0x00,0x00,0x00,0x00,0x00,0x00,0x00,0x00,0x00,0x00,0x0b,0xff,0xff,0xff,0x00,0x00,0x00,0x00,0x00,0x00,0x00,0x00,0x00,0x00,
  0x00,0x00,0x00,0x00,0x00,0x00,0x08,0xff,0xff,0xff,0x30,0x00,0x00,0x00,0x00,0x00,0x00,0x00,0x00,0x00,0x00,0x00,0x00,0x00,
  0x00,0x00,0x03,0xff,0xff,0xff,0x80,0x00,0x00,0x00,0x00,0x00,0x00,0x00,0x00,0x00,0x00,0x00,0x00,0x00,0x00,0x00,0x00,0xef,
  0xff,0xff,0xd0,0x00,0x00,0x00,0x00,0x00,0x00,0x00,0x00,0x00,0x00,0x00,0x00,0x00,0x00,0x00,0x00,0x8f,0xff,0xff,0xf5,0x00,
  0x00,0x00,0x00,0x00,0x00,0x00,0x00,0x00,0x00,0x00,0x00,0x00,0x00,0x00,0x00,0x2f,0xff,0xff,0xfc,0x00,0x00,0x00,0x00,0x00,
  0x00,0x00,0x00,0x00,0x00,0x00,0x00,0x00,0x00,0x00,0x00,0x0b,0xff,0xff,0xff,0x60,0x00,0x00,0x00,0x00,0x00,0x00,0x00,0x00,
  0x00,0x00,0x00,0x00,0x00,0x00,0x00,0x02,0xff,0xff,0xff,0xf2,0x00,0x00,0x00,0x00,0x00,0x00,0x00,0x00,0x00,0x00,0x00,0x00,
  0x06,0x30,0x00,0x00,0x8f,0xff,0xff,0xfe,0x10,0x00,0x00,0x00,0x00,0x00,0x00,0x00,0x00,0x00,0x00,0x00,0x8f,0x30,0x00,0x00,
  0x0d,0xff,0xff,0xff,0xd2,0x00,0x00,0x00,0x00,0x00,0x00,0x00,0x00,0x00,0x00,0x2c,0xff,0x30,0x00,0x00,0x02,0xff,0xff,0xff,
  0xff,0x60,0x00,0x00,0x00,0x00,0x00,0x00,0x00,0x00,0x08,0xff,0xff,0x30,0x00,0x00,0x00,0x4f,0xff,0xff,0xff,0xfd,0x50,0x00,
  0x00,0x00,0x00,0x00,0x00,0x28,0xff,0xff,0xff,0x30,0x00,0x00,0x00,0x04,0xff,0xff,0xff,0xff,0xff,0xa6,0x31,0x00,0x01,0x35,
  0x9d,0xff,0xff,0xff,0xff,0x30,0x00,0x00,0x00,0x00,0x2d,0xff,0xff,0xff,0xff,0xff,0xff,0xff,0xff,0xff,0xff,0xff,0xff,0xff,
  0xff,0x30,0x00,0x00,0x00,0x00,0x00,0x9f,0xff,0xff,0xff,0xff,0xff,0xff,0xff,0xff,0xff,0xff,0xff,0xff,0xd5,0x00,0x00,0x00,
  0x00,0x00,0x00,0x03,0xbf,0xff,0xff,0xff,0xff,0xff,0xff,0xff,0xff,0xff,0xff,0xd6,0x00,0x00,0x00,0x00,0x00,0x00,0x00,0x00,
  0x02,0x8e,0xff,0xff,0xff,0xff,0xff,0xff,0xff,0xfe,0x83,0x00,0x00,0x00,0x00,0x00,0x00,0x00,0x00,0x00,0x00,0x00,0x26,0x9b,
  0xde,0xff,0xed,0xcb,0x85,0x20,0x00,0x00,0x00,0x00,0xbf,0xff,0xff,0xff,0xff,0xff,0xff,0xfe,0xed,0xba,0x75,0x20,0x00,0x00,
  0x00,0x00,0x00,0x00,0x00,0x00,0xbf,0xff,0xff,0xff,0xff,0xff,0xff,0xff,0xff,0xff,0xff,0xfe,0xb6,0x10,0x00,0x00,0x00,0x00,
  0x00,0x00,0xbf,0xff,0xff,0xff,0xff,0xff,0xff,0xff,0xff,0xff,0xff,0xff,0xff,0xfb,0x40,0x00,0x00,0x00,0x00,0x00,0xbf,0xff,
  0xff,0xff,0xff,0xff,0xff,0xff,0xff,0xff,0xff,0xff,0xff,0xff,0xfc,0x30,0x00,0x00,0x00,0x00,0xbf,0xff,0xff,0xff,0xff,0xff,
  0xff,0xff,0xff,0xff,0xff,0xff,0xff,0xff,0xff,0xf9,0x00,0x00,0x00,0x00,0xbf,0xff,0xff,0x90,0x00,0x00,0x00,0x00,0x12,0x46,
  0x9d,0xff,0xff,0xff,0xff,0xff,0xc1,0x00,0x00,0x00,0xbf,0xff,0xff,0x90,0x00,0x00,0x00,0x00,0x00,0x00,0x00,0x17,0xdf,0xff,
  0xff,0xff,0xfd,0x10,0x00,0x00,0xbf,0xff,0xff,0x90,0x00,0x00,0x00,0x00,0x00,0x00,0x00,0x00,0x05,0xef,0xff,0xff,0xff,0xd0,
  0x00,0x00,0xbf,0xff,0xff,0x90,0x00,0x00,0x00,0x00,0x00,0x00,0x00,0x00,0x00,0x1b,0xff,0xff,0xff,0xf9,0x00,0x00,0xbf,0xff,
  0xff,0x90,0x00,0x00,0x00,0x00,0x00,0x00,0x00,0x00,0x00,0x00,0x9f,0xff,0xff,0xff,0x40,0x00,0xbf,0xff,0xff,0x90,0x00,0x00,
  0x00,0x00,0x00,0x00,0x00,0x00,0x00,0x00,0x0b,0xff,0xff,0xff,0xc0,0x00,0xbf,0xff,0xff,0x90,0x00,0x00,0x00,0x00,0x00,0x00,
  0x00,0x00,0x00,0x00,0x01,0xef,0xff,0xff,0xf4,0x00,0xbf,0xff,0xff,0x90,0x00,0x00,0x00,0x00,0x00,0x00,0x00,0x00,0x00,0x00,
  0x00,0x6f,0xff,0xff,0xfb,0x00,0xbf,0xff,0xff,0x90,0x00,0x00,0x00,0x00,0x00,0x00,0x00,0x00,0x00,0x00,0x00,0x0e,0xff,0xff,
  0xff,0x10,0xbf,0xff,0xff,0x90,0x00,0x00,0x00,0x00,0x00,0x00,0x00,0x00,0x00,0x00,0x00,0x08,0xff,0xff,0xff,0x50,0xbf,0xff,
  0xff,0x90,0x00,0x00,0x00,0x00,0x00,0x00,0x00,0x00,0x00,0x00,0x00,0x03,0xff,0xff,0xff,0xa0,0xbf,0xff,0xff,0x90,0x00,0x00,
  0x00,0x00,0x00,0x00,0x00,0x00,0x00,0x00,0x00,0x00,0xef,0xff,0xff,0xd0,0xbf,0xff,0xff,0x90,0x00,0x00,0x00,0x00,0x00,0x00,
  0x00,0x00,0x00,0x00,0x00,0x00,0xbf,0xff,0xff,0xf0,0xbf,0xff,0xff,0x90,0x00,0x00,0x00,0x00,0x00,0x00,0x00,0x00,0x00,0x00,
  0x00,0x00,0x8f,0xff,0xff,0xf2,0xbf,0xff,0xff,0x90,0x00,0x00,0x00,0x00,0x00,0x00,0x00,0x00,0x00,0x00,0x00,0x00,0x6f,0xff,
  0xff,0xf4,0xbf,0xff,0xff,0x90,0x00,0x00,0x00,0x00,0x00,0x00,0x00,0x00,0x00,0x00,0x00,0x00,0x4f,0xff,0xff,0xf6,0xbf,0xff,
  0xff,0x90,0x00,0x00,0x00,0x00,0x00,0x00,0x00,0x00,0x00,0x00,0x00,0x00,0x3f,0xff,0xff,0xf6,0xbf,0xff,0xff,0x90,0x00,0x00,
  0x00,0x00,0x00,0x00,0x00,0x00,0x00,0x00,0x00,0x00,0x3f,0xff,0xff,0xf7,0xbf,0xff,0xff,0x90,0x00,0x00,0x00,0x00,0x00,0x00,
  0x00,0x00,0x00,0x00,0x00,0x00,0x2f,0xff,0xff,0xf7,0xbf,0xff,0xff,0x90,0x00,0x00,0x00,0x00,0x00,0x00,0x00,0x00,0x00,0x00,
  0x00,0x00,0x3f,0xff,0xff,0xf7,0xbf,0xff,0xff,0x90,0x00,0x00,0x00,0x00,0x00,0x00,0x00,0x00,0x00,0x00,0x00,0x00,0x3f,0xff,
  0xff,0xf6,0xbf,0xff,0xff,0x90,0x00,0x00,0x00,0x00,0x00,0x00,0x00,0x00,0x00,0x00,0x00,0x00,0x4f,0xff,0xff,0xf6,0xbf,0xff,
  0xff,0x90,0x00,0x00,0x00,0x00,0x00,0x00,0x00,0x00,0x00,0x00,0x00,0x00,0x6f,0xff,0xff,0xf4,0xbf,0xff,0xff,0x90,0x00,0x00,
  0x00,0x00,0x00,0x00,0x00,0x00,0x00,0x00,0x00,0x00,0x8f,0xff,0xff,0xf2,0xbf,0xff,0xff,0x90,0x00,0x00,0x00,0x00,0x00,0x00,
  0x00,0x00,0x00,0x00,0x00,0x00,0xbf,0xff,0xff,0xf0,0xbf,0xff,0xff,0x90,0x00,0x00,0x00,0x00,0x00,0x00,0x00,0x00,0x00,0x00,
  0x00,0x00,0xef,0xff,0xff,0xd0,0xbf,0xff,0xff,0x90,0x00,0x00,0x00,0x00,0x00,0x00,0x00,0x00,0x00,0x00,0x00,0x03,0xff,0xff,
  0xff,0xa0,0xbf,0xff,0xff,0x90,0x00,0x00,0x00,0x00,0x00,0x00,0x00,0x00,0x00,0x00,0x00,0x08,0xff,0xff,0xff,0x50,0xbf,0xff,
  0xff,0x90,0x00,0x00,0x00,0x00,0x00,0x00,0x00,0x00,0x00,0x00,0x00,0x0e,0xff,0xff,0xff,0x10,0xbf,0xff,0xff,0x90,0x00,0x00,
  0x00,0x00,0x00,0x00,0x00,0x00,0x00,0x00,0x00,0x6f,0xff,0xff,0xfb,0x00,0xbf,0xff,0xff,0x90,0x00,0x00,0x00,0x00,0x00,0x00,
  0x00,0x00,0x00,0x00,0x01,0xef,0xff,0xff,0xf4,0x00,0xbf,0xff,0xff,0x90,0x00,0x00,0x00,0x00,0x00,0x00,0x00,0x00,0x00,0x00,
  0x0b,0xff,0xff,0xff,0xc0,0x00,0xbf,0xff,0xff,0x90,0x00,0x00,0x00,0x00,0x00,0x00,0x00,0x00,0x00,0x00,0x9f,0xff,0xff,0xff,
  0x30,0x00,0xbf,0xff,0xff,0x90,0x00,0x00,0x00,0x00,0x00,0x00,0x00,0x00,0x00,0x1b,0xff,0xff,0xff,0xf9,0x00,0x00,0xbf,0xff,
  0xff,0x90,0x00,0x00,0x00,0x00,0x00,0x00,0x00,0x00,0x05,0xef,0xff,0xff,0xff,0xc0,0x00,0x00,0xbf,0xff,0xff,0x90,0x00,0x00,
  0x00,0x00,0x00,0x00,0x00,0x17,0xdf,0xff,0xff,0xff,0xfd,0x10,0x00,0x00,0xbf,0xff,0xff,0x90,0x00,0x00,0x00,0x00,0x12,0x46,
  0x9d,0xff,0xff,0xff,0xff,0xff,0xc1,0x00,0x00,0x00,0xbf,0xff,0xff,0xff,0xff,0xff,0xff,0xff,0xff,0xff,0xff,0xff,0xff,0xff,
  0xff,0xf9,0x00,0x00,0x00,0x00,0xbf,0xff,0xff,0xff,0xff,0xff,0xff,0xff,0xff,0xff,0xff,0xff,0xff,0xff,0xfc,0x30,0x00,0x00,
  0x00,0x00,0xbf,0xff,0xff,0xff,0xff,0xff,0xff,0xff,0xff,0xff,0xff,0xff,0xff,0xfb,0x40,0x00,0x00,0x00,0x00,0x00,0xbf,0xff,
  0xff,0xff,0xff,0xff,0xff,0xff,0xff,0xff,0xff,0xfe,0xb6,0x10,0x00,0x00,0x00,0x00,0x00,0x00,0xbf,0xff,0xff,0xff,0xff,0xff,
  0xff,0xff,0xed,0xba,0x85,0x20,0x00,0x00,0x00,0x00,0x00,0x00,0x00,0x00,0xbf,0xff,0xff,0xff,0xff,0xff,0xff,0xff,0xff,0xff,
  0xff,0xff,0xff,0xff,0xfc,0x00,0xbf,0xff,0xff,0xff,0xff,0xff,0xff,0xff,0xff,0xff,0xff,0xff,0xff,0xff,0xfc,0x00,0xbf,0xff,
  0xff,0xff,0xff,0xff,0xff,0xff,0xff,0xff,0xff,0xff,0xff,0xff,0xfc,0x00,0xbf,0xff,0xff,0xff,0xff,0xff,0xff,0xff,0xff,0xff,
  0xff,0xff,0xff,0xff,0xfc,0x00,0xbf,0xff,0xff,0xff,0xff,0xff,0xff,0xff,0xff,0xff,0xff,0xff,0xff,0xff,0xfc,0x00,0xbf,0xff,
  0xff,0x90,0x00,0x00,0x00,0x00,0x00,0x00,0x00,0x00,0x00,0x00,0x00,0x00,0xbf,0xff,0xff,0x90,0x00,0x00,0x00,0x00,0x00,0x00,
  0x00,0x00,0x00,0x00,0x00,0x00,0xbf,0xff,0xff,0x90,0x00,0x00,0x00,0x00,0x00,0x00,0x00,0x00,0x00,0x00,0x00,0x00,0xbf,0xff,
  0xff,0x90,0x00,0x00,0x00,0x00,0x00,0x00,0x00,0x00,0x00,0x00,0x00,0x00,0xbf,0xff,0xff,0x90,0x00,0x00,0x00,0x00,0x00,0x00,
  0x00,0x00,0x00,0x00,0x00,0x00,0xbf,0xff,0xff,0x90,0x00,0x00,0x00,0x00,0x00,0x00,0x00,0x00,0x00,0x00,0x00,0x00,0xbf,0xff,
  0xff,0x90,0x00,0x00,0x00,0x00,0x00,0x00,0x00,0x00,0x00,0x00,0x00,0x00,0xbf,0xff,0xff,0x90,0x00,0x00,0x00,0x00,0x00,0x00,
  0x00,0x00,0x00,0x00,0x00,0x00,0xbf,0xff,0xff,0x90,0x00,0x00,0x00,0x00,0x00,0x00,0x00,0x00,0x00,0x00,0x00,0x00,0xbf,0xff,
  0xff,0x90,0x00,0x00,0x00,0x00,0x00,0x00,0x00,0x00,0x00,0x00,0x00,0x00,0xbf,0xff,0xff,0x90,0x00,0x00,0x00,0x00,0x00,0x00,
  0x00,0x00,0x00,0x00,0x00,0x00,0xbf,0xff,0xff,0x90,0x00,0x00,0x00,0x00,0x00,0x00,0x00,0x00,0x00,0x00,0x00,0x00,0xbf,0xff,
  0xff,0x90,0x00,0x00,0x00,0x00,0x00,0x00,0x00,0x00,0x00,0x00,0x00,0x00,0xbf,0xff,0xff,0x90,0x00,0x00,0x00,0x00,0x00,0x00,
  0x00,0x00,0x00,0x00,0x00,0x00,0xbf,0xff,0xff,0xff,0xff,0xff,0xff,0xff,0xff,0xff,0xff,0xff,0xff,0xff,0xd0,0x00,0xbf,0xff,
  0xff,0xff,0xff,0xff,0xff,0xff,0xff,0xff,0xff,0xff,0xff,0xff,0xd0,0x00,0xbf,0xff,0xff,0xff,0xff,0xff,0xff,0xff,0xff,0xff,
  0xff,0xff,0xff,0xff,0xd0,0x00,0xbf,0xff,0xff,0xff,0xff,0xff,0xff,0xff,0xff,0xff,0xff,0xff,0xff,0xff,0xd0,0x00,0xbf,0xff,
  0xff,0xff,0xff,0xff,0xff,0xff,0xff,0xff,0xff,0xff,0xff,0xff,0xd0,0x00,0xbf,0xff,0xff,0x90,0x00,0x00,0x00,0x00,0x00,0x00,
  0x00,0x00,0x00,0x00,0x00,0x00,0xbf,0xff,0xff,0x90,0x00,0x00,0x00,0x00,0x00,0x00,0x00,0x00,0x00,0x00,0x00,0x00,0xbf,0xff,
  0xff,0x90,0x00,0x00,0x00,0x00,0x00,0x00,0x00,0x00,0x00,0x00,0x00,0x00,0xbf,0xff,0xff,0x90,0x00,0x00,0x00,0x00,0x00,0x00,
  0x00,0x00,0x00,0x00,0x00,0x00,0xbf,0xff,0xff,0x90,0x00,0x00,0x00,0x00,0x00,0x00,0x00,0x00,0x00,0x00,0x00,0x00,0xbf,0xff,
  0xff,0x90,0x00,0x00,0x00,0x00,0x00,0x00,0x00,0x00,0x00,0x00,0x00,0x00,0xbf,0xff,0xff,0x90,0x00,0x00,0x00,0x00,0x00,0x00,
  0x00,0x00,0x00,0x00,0x00,0x00,0xbf,0xff,0xff,0x90,0x00,0x00,0x00,0x00,0x00,0x00,0x00,0x00,0x00,0x00,0x00,0x00,0xbf,0xff,
  0xff,0x90,0x00,0x00,0x00,0x00,0x00,0x00,0x00,0x00,0x00,0x00,0x00,0x00,0xbf,0xff,0xff,0x90,0x00,0x00,0x00,0x00,0x00,0x00,
  0x00,0x00,0x00,0x00,0x00,0x00,0xbf,0xff,0xff,0x90,0x00,0x00,0x00,0x00,0x00,0x00,0x00,0x00,0x00,0x00,0x00,0x00,0xbf,0xff,
  0xff,0x90,0x00,0x00,0x00,0x00,0x00,0x00,0x00,0x00,0x00,0x00,0x00,0x00,0xbf,0xff,0xff,0x90,0x00,0x00,0x00,0x00,0x00,0x00,
  0x00,0x00,0x00,0x00,0x00,0x00,0xbf,0xff,0xff,0x90,0x00,0x00,0x00,0x00,0x00,0x00,0x00,0x00,0x00,0x00,0x00,0x00,0xbf,0xff,
  0xff,0x90,0x00,0x00,0x00,0x00,0x00,0x00,0x00,0x00,0x00,0x00,0x00,0x00,0xbf,0xff,0xff,0x90,0x00,0x00,0x00,0x00,0x00,0x00,
  0x00,0x00,0x00,0x00,0x00,0x00,0xbf,0xff,0xff,0x90,0x00,0x00,0x00,0x00,0x00,0x00,0x00,0x00,0x00,0x00,0x00,0x00,0xbf,0xff,
  0xff,0x90,0x00,0x00,0x00,0x00,0x00,0x00,0x00,0x00,0x00,0x00,0x00,0x00,0xbf,0xff,0xff,0xff,0xff,0xff,0xff,0xff,0xff,0xff,
  0xff,0xff,0xff,0xff,0xff,0x50,0xbf,0xff,0xff,0xff,0xff,0xff,0xff,0xff,0xff,0xff,0xff,0xff,0xff,0xff,0xff,0x50,0xbf,0xff,
  0xff,0xff,0xff,0xff,0xff,0xff,0xff,0xff,0xff,0xff,0xff,0xff,0xff,0x50,0xbf,0xff,0xff,0xff,0xff,0xff,0xff,0xff,0xff,0xff,
  0xff,0xff,0xff,0xff,0xff,0x50,0xbf,0xff,0xff,0xff,0xff,0xff,0xff,0xff,0xff,0xff,0xff,0xff,0xff,0xff,0xff,0x50,0xbf,0xff,
  0xff,0xff,0xff,0xff,0xff,0xff,0xff,0xff,0xff,0xff,0xff,0xf1,0xbf,0xff,0xff,0xff,0xff,0xff,0xff,0xff,0xff,0xff,0xff,0xff,
  0xff,0xf1,0xbf,0xff,0xff,0xff,0xff,0xff,0xff,0xff,0xff,0xff,0xff,0xff,0xff,0xf1,0xbf,0xff,0xff,0xff,0xff,0xff,0xff,0xff,
  0xff,0xff,0xff,0xff,0xff,0xf1,0xbf,0xff,0xff,0xff,0xff,0xff,0xff,0xff,0xff,0xff,0xff,0xff,0xff,0xf1,0xbf,0xff,0xff,0x90,
  0x00,0x00,0x00,0x00,0x00,0x00,0x00,0x00,0x00,0x00,0xbf,0xff,0xff,0x90,0x00,0x00,0x00,0x00,0x00,0x00,0x00,0x00,0x00,0x00,
  0xbf,0xff,0xff,0x90,0x00,0x00,0x00,0x00,0x00,0x00,0x00,0x00,0x00,0x00,0xbf,0xff,0xff,0x90,0x00,0x00,0x00,0x00,0x00,0x00,
  0x00,0x00,0x00,0x00,0xbf,0xff,0xff,0x90,0x00,0x00,0x00,0x00,0x00,0x00,0x00,0x00,0x00,0x00,0xbf,0xff,0xff,0x90,0x00,0x00,
  0x00,0x00,0x00,0x00,0x00,0x00,0x00,0x00,0xbf,0xff,0xff,0x90,0x00,0x00,0x00,0x00,0x00,0x00,0x00,0x00,0x00,0x00,0xbf,0xff,
  0xff,0x90,0x00,0x00,0x00,0x00,0x00,0x00,0x00,0x00,0x00,0x00,0xbf,0xff,0xff,0x90,0x00,0x00,0x00,0x00,0x00,0x00,0x00,0x00,
  0x00,0x00,0xbf,0xff,0xff,0x90,0x00,0x00,0x00,0x00,0x00,0x00,0x00,0x00,0x00,0x00,0xbf,0xff,0xff,0x90,0x00,0x00,0x00,0x00,
  0x00,0x00,0x00,0x00,0x00,0x00,0xbf,0xff,0xff,0x90,0x00,0x00,0x00,0x00,0x00,0x00,0x00,0x00,0x00,0x00,0xbf,0xff,0xff,0x90,
  0x00,0x00,0x00,0x00,0x00,0x00,0x00,0x00,0x00,0x00,0xbf,0xff,0xff,0x90,0x00,0x00,0x00,0x00,0x00,0x00,0x00,0x00,0x00,0x00,
  0xbf,0xff,0xff,0xff,0xff,0xff,0xff,0xff,0xff,0xff,0xff,0xff,0xf1,0x00,0xbf,0xff,0xff,0xff,0xff,0xff,0xff,0xff,0xff,0xff,
  0xff,0xff,0xf1,0x00,0xbf,0xff,0xff,0xff,0xff,0xff,0xff,0xff,0xff,0xff,0xff,0xff,0xf1,0x00,0xbf,0xff,0xff,0xff,0xff,0xff,
  0xff,0xff,0xff,0xff,0xff,0xff,0xf1,0x00,0xbf,0xff,0xff,0xff,0xff,0xff,0xff,0xff,0xff,0xff,0xff,0xff,0xf1,0x00,0xbf,0xff,
  0xff,0x90,0x00,0x00,0x00,0x00,0x00,0x00,0x00,0x00,0x00,0x00,0xbf,0xff,0xff,0x90,0x00,0x00,0x00,0x00,0x00,0x00,0x00,0x00,
  0x00,0x00,0xbf,0xff,0xff,0x90,0x00,0x00,0x00,0x00,0x00,0x00,0x00,0x00,0x00,0x00,0xbf,0xff,0xff,0x90,0x00,0x00,0x00,0x00,
  0x00,0x00,0x00,0x00,0x00,0x00,0xbf,0xff,0xff,0x90,0x00,0x00,0x00,0x00,0x00,0x00,0x00,0x00,0x00,0x00,0xbf,0xff,0xff,0x90,
  0x00,0x00,0x00,0x00,0x00,0x00,0x00,0x00,0x00,0x00,0xbf,0xff,0xff,0x90,0x00,0x00,0x00,0x00,0x00,0x00,0x00,0x00,0x00,0x00,
  0xbf,0xff,0xff,0x90,0x00,0x00,0x00,0x00,0x00,0x00,0x00,0x00,0x00,0x00,0xbf,0xff,0xff,0x90,0x00,0x00,0x00,0x00,0x00,0x00,
  0x00,0x00,0x00,0x00,0xbf,0xff,0xff,0x90,0x00,0x00,0x00,0x00,0x00,0x00,0x00,0x00,0x00,0x00,0xbf,0xff,0xff,0x90,0x00,0x00,
  0x00,0x00,0x00,0x00,0x00,0x00,0x00,0x00,0xbf,0xff,0xff,0x90,0x00,0x00,0x00,0x00,0x00,0x00,0x00,0x00,0x00,0x00,0xbf,0xff,
  0xff,0x90,0x00,0x00,0x00,0x00,0x00,0x00,0x00,0x00,0x00,0x00,0xbf,0xff,0xff,0x90,0x00,0x00,0x00,0x00,0x00,0x00,0x00,0x00,
  0x00,0x00,0xbf,0xff,0xff,0x90,0x00,0x00,0x00,0x00,0x00,0x00,0x00,0x00,0x00,0x00,0xbf,0xff,0xff,0x90,0x00,0x00,0x00,0x00,
  0x00,0x00,0x00,0x00,0x00,0x00,0xbf,0xff,0xff,0x90,0x00,0x00,0x00,0x00,0x00,0x00,0x00,0x00,0x00,0x00,0xbf,0xff,0xff,0x90,
  0x00,0x00,0x00,0x00,0x00,0x00,0x00,0x00,0x00,0x00,0xbf,0xff,0xff,0x90,0x00,0x00,0x00,0x00,0x00,0x00,0x00,0x00,0x00,0x00,
  0xbf,0xff,0xff,0x90,0x00,0x00,0x00,0x00,0x00,0x00,0x00,0x00,0x00,0x00,0xbf,0xff,0xff,0x90,0x00,0x00,0x00,0x00,0x00,0x00,
  0x00,0x00,0x00,0x00,0xbf,0xff,0xff,0x90,0x00,0x00,0x00,0x00,0x00,0x00,0x00,0x00,0x00,0x00,0xbf,0xff,0xff,0x90,0x00,0x00,
  0x00,0x00,0x00,0x00,0x00,0x00,0x00,0x00,0x00,0x00,0x00,0x00,0x00,0x00,0x00,0x00,0x15,0x8b,0xce,0xff,0xff,0xed,0xb9,0x63,
  0x00,0x00,0x00,0x00,0x00,0x00,0x00,0x00,0x00,0x00,0x00,0x01,0x7d,0xff,0xff,0xff,0xff,0xff,0xff,0xff,0xff,0xfa,0x51,0x00,
  0x00,0x00,0x00,0x00,0x00,0x00,0x00,0x02,0xaf,0xff,0xff,0xff,0xff,0xff,0xff,0xff,0xff,0xff,0xff,0xff,0xb4,0x00,0x00,0x00,
  0x00,0x00,0x00,0x00,0x8f,0xff,0xff,0xff,0xff,0xff,0xff,0xff,0xff,0xff,0xff,0xff,0xff,0xff,0xc4,0x00,0x00,0x00,0x00,0x00,
  0x2d,0xff,0xff,0xff,0xff,0xff,0xff,0xff,0xff,0xff,0xff,0xff,0xff,0xff,0xff,0xff,0x20,0x00,0x00,0x00,0x04,0xff,0xff,0xff,
  0xff,0xff,0xb8,0x42,0x10,0x00,0x13,0x59,0xdf,0xff,0xff,0xff,0xff,0x20,0x00,0x00,0x00,0x4f,0xff,0xff,0xff,0xfd,0x60,0x00,
  0x00,0x00,0x00,0x00,0x00,0x02,0x7d,0xff,0xff,0xff,0x20,0x00,0x00,0x02,0xff,0xff,0xff,0xff,0x70,0x00,0x00,0x00,0x00,0x00,
  0x00,0x00,0x00,0x00,0x4d,0xff,0xff,0x20,0x00,0x00,0x0d,0xff,0xff,0xff,0xd2,0x00,0x00,0x00,0x00,0x00,0x00,0x00,0x00,0x00,
  0x00,0x00,0x6e,0xff,0x20,0x00,0x00,0x9f,0xff,0xff,0xfd,0x10,0x00,0x00,0x00,0x00,0x00,0x00,0x00,0x00,0x00,0x00,0x00,0x01,
  0xbf,0x20,0x00,0x03,0xff,0xff,0xff,0xf2,0x00,0x00,0x00,0x00,0x00,0x00,0x00,0x00,0x00,0x00,0x00,0x00,0x00,0x08,0x10,0x00,
  0x0b,0xff,0xff,0xff,0x50,0x00,0x00,0x00,0x00,0x00,0x00,0x00,0x00,0x00,0x00,0x00,0x00,0x00,0x00,0x00,0x00,0x2f,0xff,0xff,
  0xfc,0x00,0x00,0x00,0x00,0x00,0x00,0x00,0x00,0x00,0x00,0x00,0x00,0x00,0x00,0x00,0x00,0x00,0x9f,0xff,0xff,0xf4,0x00,0x00,
  0x00,0x00,0x00,0x00,0x00,0x00,0x00,0x00,0x00,0x00,0x00,0x00,0x00,0x00,0x00,0xef,0xff,0xff,0xd0,0x00,0x00,0x00,0x00,0x00,
  0x00,0x00,0x00,0x00,0x00,0x00,0x00,0x00,0x00,0x00,0x00,0x03,0xff,0xff,0xff,0x80,0x00,0x00,0x00,0x00,0x00,0x00,0x00,0x00,
  0x00,0x00,0x00,0x00,0x00,0x00,0x00,0x00,0x08,0xff,0xff,0xff,0x30,0x00,0x00,0x00,0x00,0x00,0x00,0x00,0x00,0x00,0x00,0x00,
  0x00,0x00,0x00,0x00,0x00,0x0b,0xff,0xff,0xff,0x00,0x00,0x00,0x00,0x00,0x00,0x00,0x00,0x00,0x00,0x00,0x00,0x00,0x00,0x00,
  0x00,0x00,0x0e,0xff,0xff,0xfc,0x00,0x00,0x00,0x00,0x00,0x00,0x00,0x00,0x00,0x00,0x00,0x00,0x00,0x00,0x00,0x00,0x00,0x1f,
  0xff,0xff,0xf9,0x00,0x00,0x00,0x00,0x00,0x00,0x00,0x00,0x00,0x00,0x00,0x00,0x00,0x00,0x00,0x00,0x00,0x2f,0xff,0xff,0xf7,
  0x00,0x00,0x00,0x00,0x00,0x00,0x00,0x00,0x00,0x00,0x00,0x00,0x00,0x00,0x00,0x00,0x00,0x4f,0xff,0xff,0xf6,0x00,0x00,0x00,
  0x00,0x00,0x00,0x00,0x00,0x00,0x00,0x00,0x00,0x00,0x00,0x00,0x00,0x00,0x5f,0xff,0xff,0xf4,0x00,0x00,0x00,0x00,0x00,0x00,
  0x00,0x00,0x00,0x00,0x00,0x00,0x00,0x00,0x00,0x00,0x00,0x6f,0xff,0xff,0xf4,0x00,0x00,0x00,0x00,0x00,0x00,0x00,0x00,0x00,
  0x00,0x00,0x00,0x00,0x00,0x00,0x00,0x00,0x6f,0xff,0xff,0xf4,0x00,0x00,0x00,0x00,0x00,0x00,0x00,0x00,0x3f,0xff,0xff,0xff,
  0xff,0xff,0xff,0xff,0xf5,0x6f,0xff,0xff,0xf4,0x00,0x00,0x00,0x00,0x00,0x00,0x00,0x00,0x3f,0xff,0xff,0xff,0xff,0xff,0xff,
  0xff,0xf5,0x5f,0xff,0xff,0xf4,0x00,0x00,0x00,0x00,0x00,0x00,0x00,0x00,0x3f,0xff,0xff,0xff,0xff,0xff,0xff,0xff,0xf5,0x4f,
  0xff,0xff,0xf5,0x00,0x00,0x00,0x00,0x00,0x00,0x00,0x00,0x3f,0xff,0xff,0xff,0xff,0xff,0xff,0xff,0xf5,0x3f,0xff,0xff,0xf7,
  0x00,0x00,0x00,0x00,0x00,0x00,0x00,0x00,0x3f,0xff,0xff,0xff,0xff,0xff,0xff,0xff,0xf5,0x1f,0xff,0xff,0xf9,0x00,0x00,0x00,
  0x00,0x00,0x00,0x00,0x00,0x00,0x00,0x00,0x00,0x00,0x0e,0xff,0xff,0xf5,0x0e,0xff,0xff,0xfc,0x00,0x00,0x00,0x00,0x00,0x00,
  0x00,0x00,0x00,0x00,0x00,0x00,0x00,0x0e,0xff,0xff,0xf5,0x0b,0xff,0xff,0xff,0x00,0x00,0x00,0x00,0x00,0x00,0x00,0x00,0x00,
  0x00,0x00,0x00,0x00,0x0e,0xff,0xff,0xf5,0x08,0xff,0xff,0xff,0x30,0x00,0x00,0x00,0x00,0x00,0x00,0x00,0x00,0x00,0x00,0x00,
  0x00,0x0e,0xff,0xff,0xf5,0x03,0xff,0xff,0xff,0x70,0x00,0x00,0x00,0x00,0x00,0x00,0x00,0x00,0x00,0x00,0x00,0x00,0x0e,0xff,
  0xff,0xf5,0x00,0xef,0xff,0xff,0xd0,0x00,0x00,0x00,0x00,0x00,0x00,0x00,0x00,0x00,0x00,0x00,0x00,0x0e,0xff,0xff,0xf5,0x00,
  0x9f,0xff,0xff,0xf4,0x00,0x00,0x00,0x00,0x00,0x00,0x00,0x00,0x00,0x00,0x00,0x00,0x0e,0xff,0xff,0xf5,0x00,0x2f,0xff,0xff,
  0xfc,0x00,0x00,0x00,0x00,0x00,0x00,0x00,0x00,0x00,0x00,0x00,0x00,0x0e,0xff,0xff,0xf5,0x00,0x0b,0xff,0xff,0xff,0x50,0x00,
  0x00,0x00,0x00,0x00,0x00,0x00,0x00,0x00,0x00,0x00,0x0e,0xff,0xff,0xf5,0x00,0x03,0xff,0xff,0xff,0xf2,0x00,0x00,0x00,0x00,
  0x00,0x00,0x00,0x00,0x00,0x00,0x00,0x0e,0xff,0xff,0xf5,0x00,0x00,0x9f,0xff,0xff,0xfd,0x10,0x00,0x00,0x00,0x00,0x00,0x00,
  0x00,0x00,0x00,0x00,0x0e,0xff,0xff,0xf5,0x00,0x00,0x0d,0xff,0xff,0xff,0xd2,0x00,0x00,0x00,0x00,0x00,0x00,0x00,0x00,0x00,
  0x00,0x0e,0xff,0xff,0xf5,0x00,0x00,0x02,0xff,0xff,0xff,0xff,0x60,0x00,0x00,0x00,0x00,0x00,0x00,0x00,0x00,0x00,0x1f,0xff,
  0xff,0xf5,0x00,0x00,0x00,0x4f,0xff,0xff,0xff,0xfd,0x60,0x00,0x00,0x00,0x00,0x00,0x00,0x00,0x39,0xff,0xff,0xff,0xf5,0x00,
  0x00,0x00,0x04,0xff,0xff,0xff,0xff,0xff,0xb7,0x42,0x10,0x00,0x12,0x47,0x9e,0xff,0xff,0xff,0xff,0xf5,0x00,0x00,0x00,0x00,
  0x2d,0xff,0xff,0xff,0xff,0xff,0xff,0xff,0xff,0xff,0xff,0xff,0xff,0xff,0xff,0xff,0x70,0x00,0x00,0x00,0x00,0x00,0x9f,0xff,
  0xff,0xff,0xff,0xff,0xff,0xff,0xff,0xff,0xff,0xff,0xff,0xff,0x91,0x00,0x00,0x00,0x00,0x00,0x00,0x02,0xaf,0xff,0xff,0xff,
  0xff,0xff,0xff,0xff,0xff,0xff,0xff,0xfe,0x82,0x00,0x00,0x00,0x00,0x00,0x00,0x00,0x00,0x01,0x8d,0xff,0xff,0xff,0xff,0xff,
  0xff,0xff,0xff,0xea,0x50,0x00,0x00,0x00,0x00,0x00,0x00,0x00,0x00,0x00,0x00,0x00,0x15,0x8b,0xde,0xff,0xff,0xec,0xb8,0x62,
  0x00,0x00,0x00,0x00,0x00,0xbf,0xff,0xff,0x90,0x00,0x00,0x00,0x00,0x00,0x00,0x00,0x00,0x00,0x00,0x07,0xff,0xff,0xfd,0xbf,
  0xff,0xff,0x90,0x00,0x00,0x00,0x00,0x00,0x00,0x00,0x00,0x00,0x00,0x07,0xff,0xff,0xfd,0xbf,0xff,0xff,0x90,0x00,0x00,0x00,
  0x00,0x00,0x00,0x00,0x00,0x00,0x00,0x07,0xff,0xff,0xfd,0xbf,0xff,0xff,0x90,0x00,0x00,0x00,0x00,0x00,0x00,0x00,0x00,0x00,
  0x00,0x07,0xff,0xff,0xfd,0xbf,0xff,0xff,0x90,0x00,0x00,0x00,0x00,0x00,0x00,0x00,0x00,0x00,0x00,0x07,0xff,0xff,0xfd,0xbf,
  0xff,0xff,0x90,0x00,0x00,0x00,0x00,0x00,0x00,0x00,0x00,0x00,0x00,0x07,0xff,0xff,0xfd,0xbf,0xff,0xff,0x90,0x00,0x00,0x00,
  0x00,0x00,0x00,0x00,0x00,0x00,0x00,0x07,0xff,0xff,0xfd,0xbf,0xff,0xff,0x90,0x00,0x00,0x00,0x00,0x00,0x00,0x00,0x00,0x00,
  0x00,0x07,0xff,0xff,0xfd,0xbf,0xff,0xff,0x90,0x00,0x00,0x00,0x00,0x00,0x00,0x00,0x00,0x00,0x00,0x07,0xff,0xff,0xfd,0xbf,
  0xff,0xff,0x90,0x00,0x00,0x00,0x00,0x00,0x00,0x00,0x00,0x00,0x00,0x07,0xff,0xff,0xfd,0xbf,0xff,0xff,0x90,0x00,0x00,0x00,
  0x00,0x00,0x00,0x00,0x00,0x00,0x00,0x07,0xff,0xff,0xfd,0xbf,0xff,0xff,0x90,0x00,0x00,0x00,0x00,0x00,0x00,0x00,0x00,0x00,
  0x00,0x07,0xff,0xff,0xfd,0xbf,0xff,0xff,0x90,0x00,0x00,0x00,0x00,0x00,0x00,0x00,0x00,0x00,0x00,0x07,0xff,0xff,0xfd,0xbf,
  0xff,0xff,0x90,0x00,0x00,0x00,0x00,0x00,0x00,0x00,0x00,0x00,0x00,0x07,0xff,0xff,0xfd,0xbf,0xff,0xff,0x90,0x00,0x00,0x00,
  0x00,0x00,0x00,0x00,0x00,0x00,0x00,0x07,0xff,0xff,0xfd,0xbf,0xff,0xff,0x90,0x00,0x00,0x00,0x00,0x00,0x00,0x00,0x00,0x00,
  0x00,0x07,0xff,0xff,0xfd,0xbf,0xff,0xff,0x90,0x00,0x00,0x00,0x00,0x00,0x00,0x00,0x00,0x00,0x00,0x07,0xff,0xff,0xfd,0xbf,
  0xff,0xff,0x90,0x00,0x00,0x00,0x00,0x00,0x00,0x00,0x00,0x00,0x00,0x07,0xff,0xff,0xfd,0xbf,0xff,0xff,0x90,0x00,0x00,0x00,
  0x00,0x00,0x00,0x00,0x00,0x00,0x00,0x07,0xff,0xff,0xfd,0xbf,0xff,0xff,0xff,0xff,0xff,0xff,0xff,0xff,0xff,0xff,0xff,0xff,
  0xff,0xff,0xff,0xff,0xfd,0xbf,0xff,0xff,0xff,0xff,0xff,0xff,0xff,0xff,0xff,0xff,0xff,0xff,0xff,0xff,0xff,0xff,0xfd,0xbf,
  0xff,0xff,0xff,0xff,0xff,0xff,0xff,0xff,0xff,0xff,0xff,0xff,0xff,0xff,0xff,0xff,0xfd,0xbf,0xff,0xff,0xff,0xff,0xff,0xff,
  0xff,0xff,0xff,0xff,0xff,0xff,0xff,0xff,0xff,0xff,0xfd,0xbf,0xff,0xff,0xff,0xff,0xff,0xff,0xff,0xff,0xff,0xff,0xff,0xff,
  0xff,0xff,0xff,0xff,0xfd,0xbf,0xff,0xff,0x90,0x00,0x00,0x00,0x00,0x00,0x00,0x00,0x00,0x00,0x00,0x07,0xff,0xff,0xfd,0xbf,
  0xff,0xff,0x90,0x00,0x00,0x00,0x00,0x00,0x00,0x00,0x00,0x00,0x00,0x07,0xff,0xff,0xfd,0xbf,0xff,0xff,0x90,0x00,0x00,0x00,
  0x00,0x00,0x00,0x00,0x00,0x00,0x00,0x07,0xff,0xff,0xfd,0xbf,0xff,0xff,0x90,0x00,0x00,0x00,0x00,0x00,0x00,0x00,0x00,0x00,
  0x00,0x07,0xff,0xff,0xfd,0xbf,0xff,0xff,0x90,0x00,0x00,0x00,0x00,0x00,0x00,0x00,0x00,0x00,0x00,0x07,0xff,0xff,0xfd,0xbf,
  0xff,0xff,0x90,0x00,0x00,0x00,0x00,0x00,0x00,0x00,0x00,0x00,0x00,0x07,0xff,0xff,0xfd,0xbf,0xff,0xff,0x90,0x00,0x00,0x00,
  0x00,0x00,0x00,0x00,0x00,0x00,0x00,0x07,0xff,0xff,0xfd,0xbf,0xff,0xff,0x90,0x00,0x00,0x00,0x00,0x00,0x00,0x00,0x00,0x00,
  0x00,0x07,0xff,0xff,0xfd,0xbf,0xff,0xff,0x90,0x00,0x00,0x00,0x00,0x00,0x00,0x00,0x00,0x00,0x00,0x07,0xff,0xff,0xfd,0xbf,
  0xff,0xff,0x90,0x00,0x00,0x00,0x00,0x00,0x00,0x00,0x00,0x00,0x00,0x07,0xff,0xff,0xfd,0xbf,0xff,0xff,0x90,0x00,0x00,0x00,
  0x00,0x00,0x00,0x00,0x00,0x00,0x00,0x07,0xff,0xff,0xfd,0xbf,0xff,0xff,0x90,0x00,0x00,0x00,0x00,0x00,0x00,0x00,0x00,0x00,
  0x00,0x07,0xff,0xff,0xfd,0xbf,0xff,0xff,0x90,0x00,0x00,0x00,0x00,0x00,0x00,0x00,0x00,0x00,0x00,0x07,0xff,0xff,0xfd,0xbf,
  0xff,0xff,0x90,0x00,0x00,0x00,0x00,0x00,0x00,0x00,0x00,0x00,0x00,0x07,0xff,0xff,0xfd,0xbf,0xff,0xff,0x90,0x00,0x00,0x00,
  0x00,0x00,0x00,0x00,0x00,0x00,0x00,0x07,0xff,0xff,0xfd,0xbf,0xff,0xff,0x90,0x00,0x00,0x00,0x00,0x00,0x00,0x00,0x00,0x00,
  0x00,0x07,0xff,0xff,0xfd,0xbf,0xff,0xff,0x90,0x00,0x00,0x00,0x00,0x00,0x00,0x00,0x00,0x00,0x00,0x07,0xff,0xff,0xfd,0xbf,
  0xff,0xff,0x90,0x00,0x00,0x00,0x00,0x00,0x00,0x00,0x00,0x00,0x00,0x07,0xff,0xff,0xfd,0xbf,0xff,0xff,0x90,0x00,0x00,0x00,
  0x00,0x00,0x00,0x00,0x00,0x00,0x00,0x07,0xff,0xff,0xfd,0xbf,0xff,0xff,0x90,0x00,0x00,0x00,0x00,0x00,0x00,0x00,0x00,0x00,
  0x00,0x07,0xff,0xff,0xfd,0xbf,0xff,0xff,0x90,0x00,0x00,0x00,0x00,0x00,0x00,0x00,0x00,0x00,0x00,0x07,0xff,0xff,0xfd,0xbf,
  0xff,0xff,0x90,0x00,0x00,0x00,0x00,0x00,0x00,0x00,0x00,0x00,0x00,0x07,0xff,0xff,0xfd,0xbf,0xff,0xff,0x90,0x00,0x00,0x00,
  0x00,0x00,0x00,0x00,0x00,0x00,0x00,0x07,0xff,0xff,0xfd,0xbf,0xff,0xff,0x90,0xbf,0xff,0xff,0x90,0xbf,0xff,0xff,0x90,0xbf,
  0xff,0xff,0x90,0xbf,0xff,0xff,0x90,0xbf,0xff,0xff,0x90,0xbf,0xff,0xff,0x90,0xbf,0xff,0xff,0x90,0xbf,0xff,0xff,0x90,0xbf,
  0xff,0xff,0x90,0xbf,0xff,0xff,0x90,0xbf,0xff,0xff,0x90,0xbf,0xff,0xff,0x90,0xbf,0xff,0xff,0x90,0xbf,0xff,0xff,0x90,0xbf,
  0xff,0xff,0x90,0xbf,0xff,0xff,0x90,0xbf,0xff,0xff,0x90,0xbf,0xff,0xff,0x90,0xbf,0xff,0xff,0x90,0xbf,0xff,0xff,0x90,0xbf,
  0xff,0xff,0x90,0xbf,0xff,0xff,0x90,0xbf,0xff,0xff,0x90,0xbf,0xff,0xff,0x90,0xbf,0xff,0xff,0x90,0xbf,0xff,0xff,0x90,0xbf,
  0xff,0xff,0x90,0xbf,0xff,0xff,0x90,0xbf,0xff,0xff,0x90,0xbf,0xff,0xff,0x90,0xbf,0xff,0xff,0x90,0xbf,0xff,0xff,0x90,0xbf,
  0xff,0xff,0x90,0xbf,0xff,0xff,0x90,0xbf,0xff,0xff,0x90,0xbf,0xff,0xff,0x90,0xbf,0xff,0xff,0x90,0xbf,0xff,0xff,0x90,0xbf,
  0xff,0xff,0x90,0xbf,0xff,0xff,0x90,0xbf,0xff,0xff,0x90,0xbf,0xff,0xff,0x90,0xbf,0xff,0xff,0x90,0xbf,0xff,0xff,0x90,0xbf,
  0xff,0xff,0x90,0xbf,0xff,0xff,0x90,0x00,0x00,0x00,0x00,0x00,0xbf,0xff,0xff,0x90,0x00,0x00,0x00,0x00,0x00,0xbf,0xff,0xff,
  0x90,0x00,0x00,0x00,0x00,0x00,0xbf,0xff,0xff,0x90,0x00,0x00,0x00,0x00,0x00,0xbf,0xff,0xff,0x90,0x00,0x00,0x00,0x00,0x00,
  0xbf,0xff,0xff,0x90,0x00,0x00,0x00,0x00,0x00,0xbf,0xff,0xff,0x90,0x00,0x00,0x00,0x00,0x00,0xbf,0xff,0xff,0x90,0x00,0x00,
  0x00,0x00,0x00,0xbf,0xff,0xff,0x90,0x00,0x00,0x00,0x00,0x00,0xbf,0xff,0xff,0x90,0x00,0x00,0x00,0x00,0x00,0xbf,0xff,0xff,
  0x90,0x00,0x00,0x00,0x00,0x00,0xbf,0xff,0xff,0x90,0x00,0x00,0x00,0x00,0x00,0xbf,0xff,0xff,0x90,0x00,0x00,0x00,0x00,0x00,
  0xbf,0xff,0xff,0x90,0x00,0x00,0x00,0x00,0x00,0xbf,0xff,0xff,0x90,0x00,0x00,0x00,0x00,0x00,0xbf,0xff,0xff,0x90,0x00,0x00,
  0x00,0x00,0x00,0xbf,0xff,0xff,0x90,0x00,0x00,0x00,0x00,0x00,0xbf,0xff,0xff,0x90,0x00,0x00,0x00,0x00,0x00,0xbf,0xff,0xff,
  0x90,0x00,0x00,0x00,0x00,0x00,0xbf,0xff,0xff,0x90,0x00,0x00,0x00,0x00,0x00,0xbf,0xff,0xff,0x90,0x00,0x00,0x00,0x00,0x00,
  0xbf,0xff,0xff,0x90,0x00,0x00,0x00,0x00,0x00,0xbf,0xff,0xff,0x90,0x00,0x00,0x00,0x00,0x00,0xbf,0xff,0xff,0x90,0x00,0x00,
  0x00,0x00,0x00,0xbf,0xff,0xff,0x90,0x00,0x00,0x00,0x00,0x00,0xbf,0xff,0xff,0x90,0x00,0x00,0x00,0x00,0x00,0xbf,0xff,0xff,
  0x90,0x00,0x00,0x00,0x00,0x00,0xbf,0xff,0xff,0x90,0x00,0x00,0x00,0x00,0x00,0xbf,0xff,0xff,0x90,0x00,0x00,0x00,0x00,0x00,
  0xbf,0xff,0xff,0x90,0x00,0x00,0x00,0x00,0x00,0xbf,0xff,0xff,0x90,0x00,0x00,0x00,0x00,0x00,0xbf,0xff,0xff,0x90,0x00,0x00,
  0x00,0x00,0x00,0xbf,0xff,0xff,0x90,0x00,0x00,0x00,0x00,0x00,0xbf,0xff,0xff,0x90,0x00,0x00,0x00,0x00,0x00,0xbf,0xff,0xff,
  0x90,0x00,0x00,0x00,0x00,0x00,0xbf,0xff,0xff,0x90,0x00,0x00,0x00,0x00,0x00,0xbf,0xff,0xff,0x90,0x00,0x00,0x00,0x00,0x00,
  0xbf,0xff,0xff,0x90,0x00,0x00,0x00,0x00,0x00,0xbf,0xff,0xff,0x90,0x00,0x00,0x00,0x00,0x00,0xbf,0xff,0xff,0x90,0x00,0x00,
  0x00,0x00,0x00,0xbf,0xff,0xff,0x90,0x00,0x00,0x00,0x00,0x00,0xbf,0xff,0xff,0x90,0x00,0x00,0x00,0x00,0x00,0xbf,0xff,0xff,
  0x90,0x00,0x00,0x00,0x00,0x00,0xbf,0xff,0xff,0x90,0x00,0x00,0x00,0x00,0x00,0xbf,0xff,0xff,0x90,0x00,0x00,0x00,0x00,0x00,
  0xbf,0xff,0xff,0x90,0x00,0x00,0x00,0x00,0x00,0xcf,0xff,0xff,0x80,0x00,0x00,0x00,0x00,0x00,0xcf,0xff,0xff,0x80,0x00,0x00,
  0x00,0x00,0x00,0xef,0xff,0xff,0x60,0x00,0x00,0x00,0x00,0x00,0xff,0xff,0xff,0x50,0x00,0x00,0x00,0x00,0x03,0xff,0xff,0xff,
  0x20,0x00,0x00,0x00,0x00,0x07,0xff,0xff,0xff,0x00,0x00,0x00,0x00,0x00,0x0d,0xff,0xff,0xfb,0x00,0x00,0x00,0x00,0x00,0x6f,
  0xff,0xff,0xf6,0x00,0x00,0x00,0x00,0x05,0xff,0xff,0xff,0xf1,0x00,0x00,0x01,0x26,0xcf,0xff,0xff,0xff,0x80,0x00,0x5f,0xff,
  0xff,0xff,0xff,0xff,0xfd,0x00,0x00,0x5f,0xff,0xff,0xff,0xff,0xff,0xe2,0x00,0x00,0x5f,0xff,0xff,0xff,0xff,0xfd,0x10,0x00,
  0x00,0x5f,0xff,0xff,0xff,0xfe,0x60,0x00,0x00,0x00,0x5f,0xff,0xed,0xb7,0x30,0x00,0x00,0x00,0x00,0xbf,0xff,0xff,0x90,0x00,
  0x00,0x00,0x00,0x00,0x00,0x00,0x00,0x00,0x2d,0xff,0xff,0xff,0xe3,0x00,0xbf,0xff,0xff,0x90,0x00,0x00,0x00,0x00,0x00,0x00,
  0x00,0x00,0x02,0xef,0xff,0xff,0xfe,0x20,0x00,0xbf,0xff,0xff,0x90,0x00,0x00,0x00,0x00,0x00,0x00,0x00,0x00,0x3e,0xff,0xff,
  0xff,0xe2,0x00,0x00,0xbf,0xff,0xff,0x90,0x00,0x00,0x00,0x00,0x00,0x00,0x00,0x03,0xef,0xff,0xff,0xfd,0x10,0x00,0x00,0xbf,
  0xff,0xff,0x90,0x00,0x00,0x00,0x00,0x00,0x00,0x00,0x4f,0xff,0xff,0xff,0xc1,0x00,0x00,0x00,0xbf,0xff,0xff,0x90,0x00,0x00,
  0x00,0x00,0x00,0x00,0x04,0xff,0xff,0xff,0xfc,0x10,0x00,0x00,0x00,0xbf,0xff,0xff,0x90,0x00,0x00,0x00,0x00,0x00,0x00,0x5f,
  0xff,0xff,0xff,0xb0,0x00,0x00,0x00,0x00,0xbf,0xff,0xff,0x90,0x00,0x00,0x00,0x00,0x00,0x06,0xff,0xff,0xff,0xfb,0x00,0x00,
  0x00,0x00,0x00,0xbf,0xff,0xff,0x90,0x00,0x00,0x00,0x00,0x00,0x6f,0xff,0xff,0xff,0xa0,0x00,0x00,0x00,0x00,0x00,0xbf,0xff,
  0xff,0x90,0x00,0x00,0x00,0x00,0x07,0xff,0xff,0xff,0xf9,0x00,0x00,0x00,0x00,0x00,0x00,0xbf,0xff,0xff,0x90,0x00,0x00,0x00,
  0x00,0x8f,0xff,0xff,0xff,0x80,0x00,0x00,0x00,0x00,0x00,0x00,0xbf,0xff,0xff,0x90,0x00,0x00,0x00,0x09,0xff,0xff,0xff,0xf8,
  0x00,0x00,0x00,0x00,0x00,0x00,0x00,0xbf,0xff,0xff,0x90,0x00,0x00,0x00,0xaf,0xff,0xff,0xff,0x70,0x00,0x00,0x00,0x00,0x00,
  0x00,0x00,0xbf,0xff,0xff,0x90,0x00,0x00,0x0a,0xff,0xff,0xff,0xf6,0x00,0x00,0x00,0x00,0x00,0x00,0x00,0x00,0xbf,0xff,0xff,
  0x90,0x00,0x00,0xbf,0xff,0xff,0xff,0x50,0x00,0x00,0x00,0x00,0x00,0x00,0x00,0x00,0xbf,0xff,0xff,0x90,0x00,0x0c,0xff,0xff,
  0xff,0xf4,0x00,0x00,0x00,0x00,0x00,0x00,0x00,0x00,0x00,0xbf,0xff,0xff,0x90,0x01,0xcf,0xff,0xff,0xff,0x40,0x00,0x00,0x00,
  0x00,0x00,0x00,0x00,0x00,0x00,0xbf,0xff,0xff,0x90,0x1d,0xff,0xff,0xff,0xe3,0x00,0x00,0x00,0x00,0x00,0x00,0x00,0x00,0x00,
  0x00,0xbf,0xff,0xff,0x91,0xdf,0xff,0xff,0xfe,0x30,0x00,0x00,0x00,0x00,0x00,0x00,0x00,0x00,0x00,0x00,0xbf,0xff,0xff,0xbe,
  0xff,0xff,0xff,0xe2,0x00,0x00,0x00,0x00,0x00,0x00,0x00,0x00,0x00,0x00,0x00,0xbf,0xff,0xff,0xff,0xff,0xff,0xfd,0x10,0x00,
  0x00,0x00,0x00,0x00,0x00,0x00,0x00,0x00,0x00,0x00,0xbf,0xff,0xff,0xff,0xff,0xff,0xd1,0x00,0x00,0x00,0x00,0x00,0x00,0x00,
  0x00,0x00,0x00,0x00,0x00,0xbf,0xff,0xff,0xff,0xff,0xff,0xe2,0x00,0x00,0x00,0x00,0x00,0x00,0x00,0x00,0x00,0x00,0x00,0x00,
  0xbf,0xff,0xff,0xff,0xff,0xff,0xfe,0x20,0x00,0x00,0x00,0x00,0x00,0x00,0x00,0x00,0x00,0x00,0x00,0xbf,0xff,0xff,0xdf,0xff,
  0xff,0xff,0xe2,0x00,0x00,0x00,0x00,0x00,0x00,0x00,0x00,0x00,0x00,0x00,0xbf,0xff,0xff,0x94,0xff,0xff,0xff,0xfe,0x20,0x00,
  0x00,0x00,0x00,0x00,0x00,0x00,0x00,0x00,0x00,0xbf,0xff,0xff,0x90,0x4f,0xff,0xff,0xff,0xe2,0x00,0x00,0x00,0x00,0x00,0x00,
  0x00,0x00,0x00,0x00,0xbf,0xff,0xff,0x90,0x05,0xff,0xff,0xff,0xfe,0x20,0x00,0x00,0x00,0x00,0x00,0x00,0x00,0x00,0x00,0xbf,
  0xff,0xff,0x90,0x00,0x5f,0xff,0xff,0xff,0xe2,0x00,0x00,0x00,0x00,0x00,0x00,0x00,0x00,0x00,0xbf,0xff,0xff,0x90,0x00,0x05,
  0xff,0xff,0xff,0xfe,0x20,0x00,0x00,0x00,0x00,0x00,0x00,0x00,0x00,0xbf,0xff,0xff,0x90,0x00,0x00,0x5f,0xff,0xff,0xff,0xd1,
  0x00,0x00,0x00,0x00,0x00,0x00,0x00,0x00,0xbf,0xff,0xff,0x90,0x00,0x00,0x05,0xff,0xff,0xff,0xfd,0x10,0x00,0x00,0x00,0x00,
  0x00,0x00,0x00,0xbf,0xff,0xff,0x90,0x00,0x00,0x00,0x5f,0xff,0xff,0xff,0xd1,0x00,0x00,0x00,0x00,0x00,0x00,0x00,0xbf,0xff,
  0xff,0x90,0x00,0x00,0x00,0x05,0xff,0xff,0xff,0xfd,0x10,0x00,0x00,0x00,0x00,0x00,0x00,0xbf,0xff,0xff,0x90,0x00,0x00,0x00,
  0x00,0x6f,0xff,0xff,0xff,0xd1,0x00,0x00,0x00,0x00,0x00,0x00,0xbf,0xff,0xff,0x90,0x00,0x00,0x00,0x00,0x06,0xff,0xff,0xff,
  0xfd,0x10,0x00,0x00,0x00,0x00,0x00,0xbf,0xff,0xff,0x90,0x00,0x00,0x00,0x00,0x00,0x6f,0xff,0xff,0xff,0xd1,0x00,0x00,0x00,
  0x00,0x00,0xbf,0xff,0xff,0x90,0x00,0x00,0x00,0x00,0x00,0x06,0xff,0xff,0xff,0xfd,0x10,0x00,0x00,0x00,0x00,0xbf,0xff,0xff,
  0x90,0x00,0x00,0x00,0x00,0x00,0x00,0x6f,0xff,0xff,0xff,0xd1,0x00,0x00,0x00,0x00,0xbf,0xff,0xff,0x90,0x00,0x00,0x00,0x00,
  0x00,0x00,0x06,0xff,0xff,0xff,0xfd,0x10,0x00,0x00,0x00,0xbf,0xff,0xff,0x90,0x00,0x00,0x00,0x00,0x00,0x00,0x00,0x6f,0xff,
  0xff,0xff,0xc1,0x00,0x00,0x00,0xbf,0xff,0xff,0x90,0x00,0x00,0x00,0x00,0x00,0x00,0x00,0x07,0xff,0xff,0xff,0xfc,0x10,0x00,
  0x00,0xbf,0xff,0xff,0x90,0x00,0x00,0x00,0x00,0x00,0x00,0x00,0x00,0x7f,0xff,0xff,0xff,0xc1,0x00,0x00,0xbf,0xff,0xff,0x90,
  0x00,0x00,0x00,0x00,0x00,0x00,0x00,0x00,0x07,0xff,0xff,0xff,0xfc,0x00,0x00,0xbf,0xff,0xff,0x90,0x00,0x00,0x00,0x00,0x00,
  0x00,0x00,0x00,0x00,0x7f,0xff,0xff,0xff,0xc0,0x00,0xbf,0xff,0xff,0x90,0x00,0x00,0x00,0x00,0x00,0x00,0x00,0x00,0x00,0x07,
  0xff,0xff,0xff,0xfc,0x00,0xbf,0xff,0xff,0x90,0x00,0x00,0x00,0x00,0x00,0x00,0x00,0x00,0x00,0x00,0x7f,0xff,0xff,0xff,0xc0,
  0xbf,0xff,0xff,0x90,0x00,0x00,0x00,0x00,0x00,0x00,0x00,0x00,0x00,0x00,0x00,0xbf,0xff,0xff,0x90,0x00,0x00,0x00,0x00,0x00,
  0x00,0x00,0x00,0x00,0x00,0x00,0xbf,0xff,0xff,0x90,0x00,0x00,0x00,0x00,0x00,0x00,0x00,0x00,0x00,0x00,0x00,0xbf,0xff,0xff,
  0x90,0x00,0x00,0x00,0x00,0x00,0x00,0x00,0x00,0x00,0x00,0x00,0xbf,0xff,0xff,0x90,0x00,0x00,0x00,0x00,0x00,0x00,0x00,0x00,
  0x00,0x00,0x00,0xbf,0xff,0xff,0x90,0x00,0x00,0x00,0x00,0x00,0x00,0x00,0x00,0x00,0x00,0x00,0xbf,0xff,0xff,0x90,0x00,0x00,
  0x00,0x00,0x00,0x00,0x00,0x00,0x00,0x00,0x00,0xbf,0xff,0xff,0x90,0x00,0x00,0x00,0x00,0x00,0x00,0x00,0x00,0x00,0x00,0x00,
  0xbf,0xff,0xff,0x90,0x00,0x00,0x00,0x00,0x00,0x00,0x00,0x00,0x00,0x00,0x00,0xbf,0xff,0xff,0x90,0x00,0x00,0x00,0x00,0x00,
  0x00,0x00,0x00,0x00,0x00,0x00,0xbf,0xff,0xff,0x90,0x00,0x00,0x00,0x00,0x00,0x00,0x00,0x00,0x00,0x00,0x00,0xbf,0xff,0xff,
  0x90,0x00,0x00,0x00,0x00,0x00,0x00,0x00,0x00,0x00,0x00,0x00,0xbf,0xff,0xff,0x90,0x00,0x00,0x00,0x00,0x00,0x00,0x00,0x00,
  0x00,0x00,0x00,0xbf,0xff,0xff,0x90,0x00,0x00,0x00,0x00,0x00,0x00,0x00,0x00,0x00,0x00,0x00,0xbf,0xff,0xff,0x90,0x00,0x00,
  0x00,0x00,0x00,0x00,0x00,0x00,0x00,0x00,0x00,0xbf,0xff,0xff,0x90,0x00,0x00,0x00,0x00,0x00,0x00,0x00,0x00,0x00,0x00,0x00,
  0xbf,0xff,0xff,0x90,0x00,0x00,0x00,0x00,0x00,0x00,0x00,0x00,0x00,0x00,0x00,0xbf,0xff,0xff,0x90,0x00,0x00,0x00,0x00,0x00,
  0x00,0x00,0x00,0x00,0x00,0x00,0xbf,0xff,0xff,0x90,0x00,0x00,0x00,0x00,0x00,0x00,0x00,0x00,0x00,0x00,0x00,0xbf,0xff,0xff,
  0x90,0x00,0x00,0x00,0x00,0x00,0x00,0x00,0x00,0x00,0x00,0x00,0xbf,0xff,0xff,0x90,0x00,0x00,0x00,0x00,0x00,0x00,0x00,0x00,
  0x00,0x00,0x00,0xbf,0xff,0xff,0x90,0x00,0x00,0x00,0x00,0x00,0x00,0x00,0x00,0x00,0x00,0x00,0xbf,0xff,0xff,0x90,0x00,0x00,
  0x00,0x00,0x00,0x00,0x00,0x00,0x00,0x00,0x00,0xbf,0xff,0xff,0x90,0x00,0x00,0x00,0x00,0x00,0x00,0x00,0x00,0x00,0x00,0x00,
  0xbf,0xff,0xff,0x90,0x00,0x00,0x00,0x00,0x00,0x00,0x00,0x00,0x00,0x00,0x00,0xbf,0xff,0xff,0x90,0x00,0x00,0x00,0x00,0x00,
  0x00,0x00,0x00,0x00,0x00,0x00,0xbf,0xff,0xff,0x90,0x00,0x00,0x00,0x00,0x00,0x00,0x00,0x00,0x00,0x00,0x00,0xbf,0xff,0xff,
  0x90,0x00,0x00,0x00,0x00,0x00,0x00,0x00,0x00,0x00,0x00,0x00,0xbf,0xff,0xff,0x90,0x00,0x00,0x00,0x00,0x00,0x00,0x00,0x00,
  0x00,0x00,0x00,0xbf,0xff,0xff,0x90,0x00,0x00,0x00,0x00,0x00,0x00,0x00,0x00,0x00,0x00,0x00,0xbf,0xff,0xff,0x90,0x00,0x00,
  0x00,0x00,0x00,0x00,0x00,0x00,0x00,0x00,0x00,0xbf,0xff,0xff,0x90,0x00,0x00,0x00,0x00,0x00,0x00,0x00,0x00,0x00,0x00,0x00,
  0xbf,0xff,0xff,0x90,0x00,0x00,0x00,0x00,0x00,0x00,0x00,0x00,0x00,0x00,0x00,0xbf,0xff,0xff,0x90,0x00,0x00,0x00,0x00,0x00,
  0x00,0x00,0x00,0x00,0x00,0x00,0xbf,0xff,0xff,0x90,0x00,0x00,0x00,0x00,0x00,0x00,0x00,0x00,0x00,0x00,0x00,0xbf,0xff,0xff,
  0x90,0x00,0x00,0x00,0x00,0x00,0x00,0x00,0x00,0x00,0x00,0x00,0xbf,0xff,0xff,0x90,0x00,0x00,0x00,0x00,0x00,0x00,0x00,0x00,
  0x00,0x00,0x00,0xbf,0xff,0xff,0x90,0x00,0x00,0x00,0x00,0x00,0x00,0x00,0x00,0x00,0x00,0x00,0xbf,0xff,0xff,0x90,0x00,0x00,
  0x00,0x00,0x00,0x00,0x00,0x00,0x00,0x00,0x00,0xbf,0xff,0xff,0x90,0x00,0x00,0x00,0x00,0x00,0x00,0x00,0x00,0x00,0x00,0x00,
  0xbf,0xff,0xff,0x90,0x00,0x00,0x00,0x00,0x00,0x00,0x00,0x00,0x00,0x00,0x00,0xbf,0xff,0xff,0x90,0x00,0x00,0x00,0x00,0x00,
  0x00,0x00,0x00,0x00,0x00,0x00,0xbf,0xff,0xff,0xff,0xff,0xff,0xff,0xff,0xff,0xff,0xff,0xff,0xff,0xff,0xf5,0xbf,0xff,0xff,
  0xff,0xff,0xff,0xff,0xff,0xff,0xff,0xff,0xff,0xff,0xff,0xf5,0xbf,0xff,0xff,0xff,0xff,0xff,0xff,0xff,0xff,0xff,0xff,0xff,
  0xff,0xff,0xf5,0xbf,0xff,0xff,0xff,0xff,0xff,0xff,0xff,0xff,0xff,0xff,0xff,0xff,0xff,0xf5,0xbf,0xff,0xff,0xff,0xff,0xff,
  0xff,0xff,0xff,0xff,0xff,0xff,0xff,0xff,0xf5,0xbf,0xff,0xff,0xff,0xfd,0x00,0x00,0x00,0x00,0x00,0x00,0x00,0x00,0x00,0x00,
  0x00,0x0a,0xff,0xff,0xff,0xff,0xf0,0xbf,0xff,0xff,0xff,0xff,0x30,0x00,0x00,0x00,0x00,0x00,0x00,0x00,0x00,0x00,0x00,0x0f,
  0xff,0xff,0xff,0xff,0xf0,0xbf,0xff,0xff,0xff,0xff,0x90,0x00,0x00,0x00,0x00,0x00,0x00,0x00,0x00,0x00,0x00,0x6f,0xff,0xff,
  0xff,0xff,0xf0,0xbf,0xff,0xff,0xff,0xff,0xf0,0x00,0x00,0x00,0x00,0x00,0x00,0x00,0x00,0x00,0x00,0xbf,0xff,0xff,0xff,0xff,
  0xf0,0xbf,0xff,0xff,0xff,0xff,0xf5,0x00,0x00,0x00,0x00,0x00,0x00,0x00,0x00,0x00,0x02,0xff,0xff,0xff,0xff,0xff,0xf0,0xbf,
  0xff,0xff,0xff,0xff,0xfb,0x00,0x00,0x00,0x00,0x00,0x00,0x00,0x00,0x00,0x07,0xff,0xff,0xff,0xff,0xff,0xf0,0xbf,0xff,0xff,
  0xbf,0xff,0xff,0x10,0x00,0x00,0x00,0x00,0x00,0x00,0x00,0x00,0x0d,0xff,0xff,0xbf,0xff,0xff,0xf0,0xbf,0xff,0xff,0x6e,0xff,
  0xff,0x70,0x00,0x00,0x00,0x00,0x00,0x00,0x00,0x00,0x3f,0xff,0xff,0x5f,0xff,0xff,0xf0,0xbf,0xff,0xff,0x69,0xff,0xff,0xd0,
  0x00,0x00,0x00,0x00,0x00,0x00,0x00,0x00,0x9f,0xff,0xfc,0x3f,0xff,0xff,0xf0,0xbf,0xff,0xff,0x63,0xff,0xff,0xf3,0x00,0x00,
  0x00,0x00,0x00,0x00,0x00,0x00,0xff,0xff,0xf6,0x3f,0xff,0xff,0xf0,0xbf,0xff,0xff,0x60,0xdf,0xff,0xf9,0x00,0x00,0x00,0x00,
  0x00,0x00,0x00,0x05,0xff,0xff,0xf1,0x3f,0xff,0xff,0xf0,0xbf,0xff,0xff,0x60,0x7f,0xff,0xfe,0x00,0x00,0x00,0x00,0x00,0x00,
  0x00,0x0b,0xff,0xff,0xa0,0x3f,0xff,0xff,0xf0,0xbf,0xff,0xff,0x60,0x1f,0xff,0xff,0x50,0x00,0x00,0x00,0x00,0x00,0x00,0x1f,
  0xff,0xff,0x40,0x3f,0xff,0xff,0xf0,0xbf,0xff,0xff,0x60,0x0b,0xff,0xff,0xb0,0x00,0x00,0x00,0x00,0x00,0x00,0x7f,0xff,0xfe,
  0x00,0x3f,0xff,0xff,0xf0,0xbf,0xff,0xff,0x60,0x05,0xff,0xff,0xf1,0x00,0x00,0x00,0x00,0x00,0x00,0xdf,0xff,0xf8,0x00,0x3f,
  0xff,0xff,0xf0,0xbf,0xff,0xff,0x60,0x00,0xef,0xff,0xf7,0x00,0x00,0x00,0x00,0x00,0x03,0xff,0xff,0xf2,0x00,0x3f,0xff,0xff,
  0xf0,0xbf,0xff,0xff,0x60,0x00,0x9f,0xff,0xfd,0x00,0x00,0x00,0x00,0x00,0x09,0xff,0xff,0xc0,0x00,0x3f,0xff,0xff,0xf0,0xbf,
  0xff,0xff,0x60,0x00,0x3f,0xff,0xff,0x30,0x00,0x00,0x00,0x00,0x0f,0xff,0xff,0x60,0x00,0x3f,0xff,0xff,0xf0,0xbf,0xff,0xff,
  0x60,0x00,0x0d,0xff,0xff,0x90,0x00,0x00,0x00,0x00,0x5f,0xff,0xff,0x10,0x00,0x3f,0xff,0xff,0xf0,0xbf,0xff,0xff,0x60,0x00,
  0x07,0xff,0xff,0xe0,0x00,0x00,0x00,0x00,0xbf,0xff,0xfa,0x00,0x00,0x3f,0xff,0xff,0xf0,0xbf,0xff,0xff,0x60,0x00,0x01,0xff,
  0xff,0xf4,0x00,0x00,0x00,0x01,0xff,0xff,0xf4,0x00,0x00,0x3f,0xff,0xff,0xf0,0xbf,0xff,0xff,0x60,0x00,0x00,0xbf,0xff,0xfa,
  0x00,0x00,0x00,0x07,0xff,0xff,0xe0,0x00,0x00,0x3f,0xff,0xff,0xf0,0xbf,0xff,0xff,0x60,0x00,0x00,0x5f,0xff,0xff,0x10,0x00,
  0x00,0x0d,0xff,0xff,0x80,0x00,0x00,0x3f,0xff,0xff,0xf0,0xbf,0xff,0xff,0x60,0x00,0x00,0x0e,0xff,0xff,0x60,0x00,0x00,0x3f,
  0xff,0xff,0x20,0x00,0x00,0x3f,0xff,0xff,0xf0,0xbf,0xff,0xff,0x60,0x00,0x00,0x09,0xff,0xff,0xc0,0x00,0x00,0x9f,0xff,0xfd,
  0x00,0x00,0x00,0x3f,0xff,0xff,0xf0,0xbf,0xff,0xff,0x60,0x00,0x00,0x03,0xff,0xff,0xf2,0x00,0x00,0xef,0xff,0xf7,0x00,0x00,
  0x00,0x3f,0xff,0xff,0xf0,0xbf,0xff,0xff,0x60,0x00,0x00,0x00,0xdf,0xff,0xf8,0x00,0x05,0xff,0xff,0xf1,0x00,0x00,0x00,0x3f,
  0xff,0xff,0xf0,0xbf,0xff,0xff,0x60,0x00,0x00,0x00,0x7f,0xff,0xfe,0x00,0x0b,0xff,0xff,0xb0,0x00,0x00,0x00,0x3f,0xff,0xff,
  0xf0,0xbf,0xff,0xff,0x60,0x00,0x00,0x00,0x1f,0xff,0xff,0x40,0x1f,0xff,0xff,0x50,0x00,0x00,0x00,0x3f,0xff,0xff,0xf0,0xbf,
  0xff,0xff,0x60,0x00,0x00,0x00,0x0b,0xff,0xff,0xa0,0x7f,0xff,0xfe,0x00,0x00,0x00,0x00,0x3f,0xff,0xff,0xf0,0xbf,0xff,0xff,
  0x60,0x00,0x00,0x00,0x05,0xff,0xff,0xf1,0xdf,0xff,0xf9,0x00,0x00,0x00,0x00,0x3f,0xff,0xff,0xf0,0xbf,0xff,0xff,0x60,0x00,
  0x00,0x00,0x00,0xff,0xff,0xf9,0xff,0xff,0xf3,0x00,0x00,0x00,0x00,0x3f,0xff,0xff,0xf0,0xbf,0xff,0xff,0x60,0x00,0x00,0x00,
  0x00,0x9f,0xff,0xff,0xff,0xff,0xd0,0x00,0x00,0x00,0x00,0x3f,0xff,0xff,0xf0,0xbf,0xff,0xff,0x60,0x00,0x00,0x00,0x00,0x3f,
  0xff,0xff,0xff,0xff,0x70,0x00,0x00,0x00,0x00,0x3f,0xff,0xff,0xf0,0xbf,0xff,0xff,0x60,0x00,0x00,0x00,0x00,0x0d,0xff,0xff,
  0xff,0xff,0x10,0x00,0x00,0x00,0x00,0x3f,0xff,0xff,0xf0,0xbf,0xff,0xff,0x60,0x00,0x00,0x00,0x00,0x07,0xff,0xff,0xff,0xfb,
  0x00,0x00,0x00,0x00,0x00,0x3f,0xff,0xff,0xf0,0xbf,0xff,0xff,0x60,0x00,0x00,0x00,0x00,0x02,0xff,0xff,0xff,0xf5,0x00,0x00,
  0x00,0x00,0x00,0x3f,0xff,0xff,0xf0,0xbf,0xff,0xff,0x60,0x00,0x00,0x00,0x00,0x00,0xcf,0xff,0xff,0xe0,0x00,0x00,0x00,0x00,
  0x00,0x3f,0xff,0xff,0xf0,0xbf,0xff,0xff,0x60,0x00,0x00,0x00,0x00,0x00,0x00,0x00,0x00,0x00,0x00,0x00,0x00,0x00,0x00,0x3f,
  0xff,0xff,0xf0,0xbf,0xff,0xff,0x60,0x00,0x00,0x00,0x00,0x00,0x00,0x00,0x00,0x00,0x00,0x00,0x00,0x00,0x00,0x3f,0xff,0xff,
  0xf0,0xbf,0xff,0xff,0x60,0x00,0x00,0x00,0x00,0x00,0x00,0x00,0x00,0x00,0x00,0x00,0x00,0x00,0x00,0x3f,0xff,0xff,0xf0,0xbf,
  0xff,0xff,0x60,0x00,0x00,0x00,0x00,0x00,0x00,0x00,0x00,0x00,0x00,0x00,0x00,0x00,0x00,0x3f,0xff,0xff,0xf0,0xbf,0xff,0xff,
  0x60,0x00,0x00,0x00,0x00,0x00,0x00,0x00,0x00,0x00,0x00,0x00,0x00,0x00,0x00,0x3f,0xff,0xff,0xf0,0xbf,0xff,0xff,0x60,0x00,
  0x00,0x00,0x00,0x00,0x00,0x00,0x00,0x00,0x00,0x00,0x00,0x00,0x00,0x3f,0xff,0xff,0xf0,0xbf,0xff,0xff,0x60,0x00,0x00,0x00,
  0x00,0x00,0x00,0x00,0x00,0x00,0x00,0x00,0x00,0x00,0x00,0x3f,0xff,0xff,0xf0,0xbf,0xff,0xff,0x60,0x00,0x00,0x00,0x00,0x00,
  0x00,0x00,0x00,0x00,0x00,0x00,0x00,0x00,0x00,0x3f,0xff,0xff,0xf0,0xbf,0xff,0xff,0x60,0x00,0x00,0x00,0x00,0x00,0x00,0x00,
  0x00,0x00,0x00,0x00,0x00,0x00,0x00,0x3f,0xff,0xff,0xf0,0xbf,0xff,0xff,0xff,0xf1,0x00,0x00,0x00,0x00,0x00,0x00,0x00,0x00,
  0x00,0x08,0xff,0xff,0xf9,0xbf,0xff,0xff,0xff,0xf9,0x00,0x00,0x00,0x00,0x00,0x00,0x00,0x00,0x00,0x08,0xff,0xff,0xf9,0xbf,
  0xff,0xff,0xff,0xff,0x10,0x00,0x00,0x00,0x00,0x00,0x00,0x00,0x00,0x08,0xff,0xff,0xf9,0xbf,0xff,0xff,0xff,0xff,0x90,0x00,
  0x00,0x00,0x00,0x00,0x00,0x00,0x00,0x08,0xff,0xff,0xf9,0xbf,0xff,0xff,0xff,0xff,0xf2,0x00,0x00,0x00,0x00,0x00,0x00,0x00,
  0x00,0x08,0xff,0xff,0xf9,0xbf,0xff,0xff,0xff,0xff,0xfa,0x00,0x00,0x00,0x00,0x00,0x00,0x00,0x00,0x08,0xff,0xff,0xf9,0xbf,
  0xff,0xff,0xff,0xff,0xff,0x30,0x00,0x00,0x00,0x00,0x00,0x00,0x00,0x08,0xff,0xff,0xf9,0xbf,0xff,0xff,0xff,0xff,0xff,0xb0,
  0x00,0x00,0x00,0x00,0x00,0x00,0x00,0x08,0xff,0xff,0xf9,0xbf,0xff,0xff,0x9f,0xff,0xff,0xf4,0x00,0x00,0x00,0x00,0x00,0x00,
  0x00,0x08,0xff,0xff,0xf9,0xbf,0xff,0xff,0x6a,0xff,0xff,0xfc,0x00,0x00,0x00,0x00,0x00,0x00,0x00,0x08,0xff,0xff,0xf9,0xbf,
  0xff,0xff,0x62,0xff,0xff,0xff,0x40,0x00,0x00,0x00,0x00,0x00,0x00,0x08,0xff,0xff,0xf9,0xbf,0xff,0xff,0x60,0x9f,0xff,0xff,
  0xd0,0x00,0x00,0x00,0x00,0x00,0x00,0x08,0xff,0xff,0xf9,0xbf,0xff,0xff,0x60,0x1f,0xff,0xff,0xf5,0x00,0x00,0x00,0x00,0x00,
  0x00,0x08,0xff,0xff,0xf9,0xbf,0xff,0xff,0x60,0x08,0xff,0xff,0xfd,0x00,0x00,0x00,0x00,0x00,0x00,0x08,0xff,0xff,0xf9,0xbf,
  0xff,0xff,0x60,0x01,0xff,0xff,0xff,0x60,0x00,0x00,0x00,0x00,0x00,0x08,0xff,0xff,0xf9,0xbf,0xff,0xff,0x60,0x00,0x7f,0xff,
  0xff,0xe0,0x00,0x00,0x00,0x00,0x00,0x08,0xff,0xff,0xf9,0xbf,0xff,0xff,0x60,0x00,0x0e,0xff,0xff,0xf7,0x00,0x00,0x00,0x00,
  0x00,0x08,0xff,0xff,0xf9,0xbf,0xff,0xff,0x60,0x00,0x06,0xff,0xff,0xfe,0x00,0x00,0x00,0x00,0x00,0x08,0xff,0xff,0xf9,0xbf,
  0xff,0xff,0x60,0x00,0x00,0xef,0xff,0xff,0x80,0x00,0x00,0x00,0x00,0x08,0xff,0xff,0xf9,0xbf,0xff,0xff,0x60,0x00,0x00,0x6f,
  0xff,0xff,0xf1,0x00,0x00,0x00,0x00,0x08,0xff,0xff,0xf9,0xbf,0xff,0xff,0x60,0x00,0x00,0x0d,0xff,0xff,0xf9,0x00,0x00,0x00,
  0x00,0x08,0xff,0xff,0xf9,0xbf,0xff,0xff,0x60,0x00,0x00,0x05,0xff,0xff,0xff,0x10,0x00,0x00,0x00,0x08,0xff,0xff,0xf9,0xbf,
  0xff,0xff,0x60,0x00,0x00,0x00,0xcf,0xff,0xff,0x90,0x00,0x00,0x00,0x08,0xff,0xff,0xf9,0xbf,0xff,0xff,0x60,0x00,0x00,0x00,
  0x4f,0xff,0xff,0xf2,0x00,0x00,0x00,0x08,0xff,0xff,0xf9,0xbf,0xff,0xff,0x60,0x00,0x00,0x00,0x0b,0xff,0xff,0xfa,0x00,0x00,
  0x00,0x08,0xff,0xff,0xf9,0xbf,0xff,0xff,0x60,0x00,0x00,0x00,0x03,0xff,0xff,0xff,0x30,0x00,0x00,0x08,0xff,0xff,0xf9,0xbf,
  0xff,0xff,0x60,0x00,0x00,0x00,0x00,0xbf,0xff,0xff,0xb0,0x00,0x00,0x08,0xff,0xff,0xf9,0xbf,0xff,0xff,0x60,0x00,0x00,0x00,
  0x00,0x2f,0xff,0xff,0xf4,0x00,0x00,0x08,0xff,0xff,0xf9,0xbf,0xff,0xff,0x60,0x00,0x00,0x00,0x00,0x0a,0xff,0xff,0xfc,0x00,
  0x00,0x08,0xff,0xff,0xf9,0xbf,0xff,0xff,0x60,0x00,0x00,0x00,0x00,0x02,0xff,0xff,0xff,0x40,0x00,0x08,0xff,0xff,0xf9,0xbf,
  0xff,0xff,0x60,0x00,0x00,0x00,0x00,0x00,0x9f,0xff,0xff,0xd0,0x00,0x08,0xff,0xff,0xf9,0xbf,0xff,0xff,0x60,0x00,0x00,0x00,
  0x00,0x00,0x1f,0xff,0xff,0xf5,0x00,0x08,0xff,0xff,0xf9,0xbf,0xff,0xff,0x60,0x00,0x00,0x00,0x00,0x00,0x08,0xff,0xff,0xfd,
  0x00,0x08,0xff,0xff,0xf9,0xbf,0xff,0xff,0x60,0x00,0x00,0x00,0x00,0x00,0x01,0xff,0xff,0xff,0x60,0x08,0xff,0xff,0xf9,0xbf,
  0xff,0xff,0x60,0x00,0x00,0x00,0x00,0x00,0x00,0x7f,0xff,0xff,0xe0,0x08,0xff,0xff,0xf9,0xbf,0xff,0xff,0x60,0x00,0x00,0x00,
  0x00,0x00,0x00,0x0e,0xff,0xff,0xf7,0x08,0xff,0xff,0xf9,0xbf,0xff,0xff,0x60,0x00,0x00,0x00,0x00,0x00,0x00,0x06,0xff,0xff,
  0xfe,0x08,0xff,0xff,0xf9,0xbf,0xff,0xff,0x60,0x00,0x00,0x00,0x00,0x00,0x00,0x00,0xef,0xff,0xff,0x88,0xff,0xff,0xf9,0xbf,
  0xff,0xff,0x60,0x00,0x00,0x00,0x00,0x00,0x00,0x00,0x6f,0xff,0xff,0xf9,0xff,0xff,0xf9,0xbf,0xff,0xff,0x60,0x00,0x00,0x00,
  0x00,0x00,0x00,0x00,0x0d,0xff,0xff,0xff,0xff,0xff,0xf9,0xbf,0xff,0xff,0x60,0x00,0x00,0x00,0x00,0x00,0x00,0x00,0x05,0xff,
  0xff,0xff,0xff,0xff,0xf9,0xbf,0xff,0xff,0x60,0x00,0x00,0x00,0x00,0x00,0x00,0x00,0x00,0xcf,0xff,0xff,0xff,0xff,0xf9,0xbf,
  0xff,0xff,0x60,0x00,0x00,0x00,0x00,0x00,0x00,0x00,0x00,0x4f,0xff,0xff,0xff,0xff,0xf9,0xbf,0xff,0xff,0x60,0x00,0x00,0x00,
  0x00,0x00,0x00,0x00,0x00,0x0c,0xff,0xff,0xff,0xff,0xf9,0xbf,0xff,0xff,0x60,0x00,0x00,0x00,0x00,0x00,0x00,0x00,0x00,0x03,
  0xff,0xff,0xff,0xff,0xf9,0xbf,0xff,0xff,0x60,0x00,0x00,0x00,0x00,0x00,0x00,0x00,0x00,0x00,0xbf,0xff,0xff,0xff,0xf9,0xbf,
  0xff,0xff,0x60,0x00,0x00,0x00,0x00,0x00,0x00,0x00,0x00,0x00,0x2f,0xff,0xff,0xff,0xf9,0x00,0x00,0x00,0x00,0x00,0x00,0x00,
  0x01,0x58,0xbd,0xef,0xff,0xec,0xa6,0x30,0x00,0x00,0x00,0x00,0x00,0x00,0x00,0x00,0x00,0x00,0x00,0x00,0x00,0x06,0xbf,0xff,
  0xff,0xff,0xff,0xff,0xff,0xfe,0x82,0x00,0x00,0x00,0x00,0x00,0x00,0x00,0x00,0x00,0x00,0x00,0x06,0xef,0xff,0xff,0xff,0xff,
  0xff,0xff,0xff,0xff,0xff,0x91,0x00,0x00,0x00,0x00,0x00,0x00,0x00,0x00,0x00,0x02,0xcf,0xff,0xff,0xff,0xff,0xff,0xff,0xff,
  0xff,0xff,0xff,0xff,0x60,0x00,0x00,0x00,0x00,0x00,0x00,0x00,0x00,0x4f,0xff,0xff,0xff,0xff,0xff,0xff,0xff,0xff,0xff,0xff,
  0xff,0xff,0xf9,0x00,0x00,0x00,0x00,0x00,0x00,0x00,0x06,0xff,0xff,0xff,0xff,0xfb,0x73,0x10,0x01,0x25,0x9e,0xff,0xff,0xff,
  0xff,0xb0,0x00,0x00,0x00,0x00,0x00,0x00,0x5f,0xff,0xff,0xff,0xf9,0x20,0x00,0x00,0x00,0x00,0x00,0x6e,0xff,0xff,0xff,0xfb,
  0x00,0x00,0x00,0x00,0x00,0x03,0xff,0xff,0xff,0xfe,0x30,0x00,0x00,0x00,0x00,0x00,0x00,0x00,0xaf,0xff,0xff,0xff,0x90,0x00,
  0x00,0x00,0x00,0x1e,0xff,0xff,0xff,0xd1,0x00,0x00,0x00,0x00,0x00,0x00,0x00,0x00,0x07,0xff,0xff,0xff,0xf5,0x00,0x00,0x00,
  0x00,0x9f,0xff,0xff,0xfd,0x10,0x00,0x00,0x00,0x00,0x00,0x00,0x00,0x00,0x00,0x8f,0xff,0xff,0xfe,0x10,0x00,0x00,0x03,0xff,
  0xff,0xff,0xf2,0x00,0x00,0x00,0x00,0x00,0x00,0x00,0x00,0x00,0x00,0x0b,0xff,0xff,0xff,0x90,0x00,0x00,0x0b,0xff,0xff,0xff,
  0x80,0x00,0x00,0x00,0x00,0x00,0x00,0x00,0x00,0x00,0x00,0x02,0xff,0xff,0xff,0xf1,0x00,0x00,0x2f,0xff,0xff,0xfd,0x00,0x00,
  0x00,0x00,0x00,0x00,0x00,0x00,0x00,0x00,0x00,0x00,0x8f,0xff,0xff,0xf8,0x00,0x00,0x9f,0xff,0xff,0xf5,0x00,0x00,0x00,0x00,
  0x00,0x00,0x00,0x00,0x00,0x00,0x00,0x00,0x0f,0xff,0xff,0xfe,0x00,0x00,0xef,0xff,0xff,0xf0,0x00,0x00,0x00,0x00,0x00,0x00,
  0x00,0x00,0x00,0x00,0x00,0x00,0x09,0xff,0xff,0xff,0x50,0x03,0xff,0xff,0xff,0x90,0x00,0x00,0x00,0x00,0x00,0x00,0x00,0x00,
  0x00,0x00,0x00,0x00,0x03,0xff,0xff,0xff,0x90,0x08,0xff,0xff,0xff,0x40,0x00,0x00,0x00,0x00,0x00,0x00,0x00,0x00,0x00,0x00,
  0x00,0x00,0x00,0xef,0xff,0xff,0xe0,0x0b,0xff,0xff,0xff,0x00,0x00,0x00,0x00,0x00,0x00,0x00,0x00,0x00,0x00,0x00,0x00,0x00,
  0x00,0xaf,0xff,0xff,0xf1,0x0e,0xff,0xff,0xfd,0x00,0x00,0x00,0x00,0x00,0x00,0x00,0x00,0x00,0x00,0x00,0x00,0x00,0x00,0x7f,
  0xff,0xff,0xf4,0x1f,0xff,0xff,0xfa,0x00,0x00,0x00,0x00,0x00,0x00,0x00,0x00,0x00,0x00,0x00,0x00,0x00,0x00,0x4f,0xff,0xff,
  0xf7,0x2f,0xff,0xff,0xf7,0x00,0x00,0x00,0x00,0x00,0x00,0x00,0x00,0x00,0x00,0x00,0x00,0x00,0x00,0x1f,0xff,0xff,0xf8,0x4f,
  0xff,0xff,0xf6,0x00,0x00,0x00,0x00,0x00,0x00,0x00,0x00,0x00,0x00,0x00,0x00,0x00,0x00,0x0f,0xff,0xff,0xfa,0x5f,0xff,0xff,
  0xf5,0x00,0x00,0x00,0x00,0x00,0x00,0x00,0x00,0x00,0x00,0x00,0x00,0x00,0x00,0x0f,0xff,0xff,0xfb,0x6f,0xff,0xff,0xf4,0x00,
  0x00,0x00,0x00,0x00,0x00,0x00,0x00,0x00,0x00,0x00,0x00,0x00,0x00,0x0f,0xff,0xff,0xfb,0x6f,0xff,0xff,0xf4,0x00,0x00,0x00,
  0x00,0x00,0x00,0x00,0x00,0x00,0x00,0x00,0x00,0x00,0x00,0x0e,0xff,0xff,0xfc,0x6f,0xff,0xff,0xf4,0x00,0x00,0x00,0x00,0x00,
  0x00,0x00,0x00,0x00,0x00,0x00,0x00,0x00,0x00,0x0e,0xff,0xff,0xfb,0x5f,0xff,0xff,0xf5,0x00,0x00,0x00,0x00,0x00,0x00,0x00,
  0x00,0x00,0x00,0x00,0x00,0x00,0x00,0x0f,0xff,0xff,0xfb,0x4f,0xff,0xff,0xf6,0x00,0x00,0x00,0x00,0x00,0x00,0x00,0x00,0x00,
  0x00,0x00,0x00,0x00,0x00,0x0f,0xff,0xff,0xfa,0x2f,0xff,0xff,0xf7,0x00,0x00,0x00,0x00,0x00,0x00,0x00,0x00,0x00,0x00,0x00,
  0x00,0x00,0x00,0x1f,0xff,0xff,0xf8,0x1f,0xff,0xff,0xfa,0x00,0x00,0x00,0x00,0x00,0x00,0x00,0x00,0x00,0x00,0x00,0x00,0x00,
  0x00,0x4f,0xff,0xff,0xf7,0x0e,0xff,0xff,0xfd,0x00,0x00,0x00,0x00,0x00,0x00,0x00,0x00,0x00,0x00,0x00,0x00,0x00,0x00,0x7f,
  0xff,0xff,0xf4,0x0b,0xff,0xff,0xff,0x00,0x00,0x00,0x00,0x00,0x00,0x00,0x00,0x00,0x00,0x00,0x00,0x00,0x00,0xaf,0xff,0xff,
  0xf1,0x08,0xff,0xff,0xff,0x40,0x00,0x00,0x00,0x00,0x00,0x00,0x00,0x00,0x00,0x00,0x00,0x00,0x00,0xef,0xff,0xff,0xe0,0x03,
  0xff,0xff,0xff,0x90,0x00,0x00,0x00,0x00,0x00,0x00,0x00,0x00,0x00,0x00,0x00,0x00,0x03,0xff,0xff,0xff,0x90,0x00,0xef,0xff,
  0xff,0xf0,0x00,0x00,0x00,0x00,0x00,0x00,0x00,0x00,0x00,0x00,0x00,0x00,0x09,0xff,0xff,0xff,0x50,0x00,0x9f,0xff,0xff,0xf5,
  0x00,0x00,0x00,0x00,0x00,0x00,0x00,0x00,0x00,0x00,0x00,0x00,0x0f,0xff,0xff,0xfe,0x00,0x00,0x3f,0xff,0xff,0xfd,0x00,0x00,
  0x00,0x00,0x00,0x00,0x00,0x00,0x00,0x00,0x00,0x00,0x8f,0xff,0xff,0xf8,0x00,0x00,0x0b,0xff,0xff,0xff,0x80,0x00,0x00,0x00,
  0x00,0x00,0x00,0x00,0x00,0x00,0x00,0x02,0xff,0xff,0xff,0xf1,0x00,0x00,0x03,0xff,0xff,0xff,0xf2,0x00,0x00,0x00,0x00,0x00,
  0x00,0x00,0x00,0x00,0x00,0x0b,0xff,0xff,0xff,0x90,0x00,0x00,0x00,0x9f,0xff,0xff,0xfd,0x10,0x00,0x00,0x00,0x00,0x00,0x00,
  0x00,0x00,0x00,0x8f,0xff,0xff,0xfe,0x10,0x00,0x00,0x00,0x1e,0xff,0xff,0xff,0xc1,0x00,0x00,0x00,0x00,0x00,0x00,0x00,0x00,
  0x07,0xff,0xff,0xff,0xf5,0x00,0x00,0x00,0x00,0x03,0xff,0xff,0xff,0xfe,0x30,0x00,0x00,0x00,0x00,0x00,0x00,0x00,0xaf,0xff,
  0xff,0xff,0x90,0x00,0x00,0x00,0x00,0x00,0x5f,0xff,0xff,0xff,0xf9,0x20,0x00,0x00,0x00,0x00,0x00,0x6e,0xff,0xff,0xff,0xfb,
  0x00,0x00,0x00,0x00,0x00,0x00,0x06,0xff,0xff,0xff,0xff,0xfb,0x73,0x10,0x00,0x25,0x9e,0xff,0xff,0xff,0xff,0xb0,0x00,0x00,
  0x00,0x00,0x00,0x00,0x00,0x5f,0xff,0xff,0xff,0xff,0xff,0xff,0xff,0xff,0xff,0xff,0xff,0xff,0xf9,0x00,0x00,0x00,0x00,0x00,
  0x00,0x00,0x00,0x02,0xcf,0xff,0xff,0xff,0xff,0xff,0xff,0xff,0xff,0xff,0xff,0xff,0x60,0x00,0x00,0x00,0x00,0x00,0x00,0x00,
  0x00,0x00,0x06,0xef,0xff,0xff,0xff,0xff,0xff,0xff,0xff,0xff,0xff,0x91,0x00,0x00,0x00,0x00,0x00,0x00,0x00,0x00,0x00,0x00,
  0x00,0x06,0xcf,0xff,0xff,0xff,0xff,0xff,0xff,0xfe,0x82,0x00,0x00,0x00,0x00,0x00,0x00,0x00,0x00,0x00,0x00,0x00,0x00,0x00,
  0x01,0x59,0xbd,0xef,0xff,0xec,0xa7,0x30,0x00,0x00,0x00,0x00,0x00,0x00,0x00,0xbf,0xff,0xff,0xff,0xff,0xff,0xff,0xff,0xed,
  0xb8,0x41,0x00,0x00,0x00,0x00,0x00,0xbf,0xff,0xff,0xff,0xff,0xff,0xff,0xff,0xff,0xff,0xff,0xa4,0x00,0x00,0x00,0x00,0xbf,
  0xff,0xff,0xff,0xff,0xff,0xff,0xff,0xff,0xff,0xff,0xff,0xb1,0x00,0x00,0x00,0xbf,0xff,0xff,0xff,0xff,0xff,0xff,0xff,0xff,
  0xff,0xff,0xff,0xff,0x40,0x00,0x00,0xbf,0xff,0xff,0xff,0xff,0xff,0xff,0xff,0xff,0xff,0xff,0xff,0xff,0xf3,0x00,0x00,0xbf,
  0xff,0xff,0x90,0x00,0x00,0x00,0x01,0x25,0xaf,0xff,0xff,0xff,0xfe,0x20,0x00,0xbf,0xff,0xff,0x90,0x00,0x00,0x00,0x00,0x00,
  0x01,0xbf,0xff,0xff,0xff,0xa0,0x00,0xbf,0xff,0xff,0x90,0x00,0x00,0x00,0x00,0x00,0x00,0x08,0xff,0xff,0xff,0xf2,0x00,0xbf,
  0xff,0xff,0x90,0x00,0x00,0x00,0x00,0x00,0x00,0x00,0xbf,0xff,0xff,0xf8,0x00,0xbf,0xff,0xff,0x90,0x00,0x00,0x00,0x00,0x00,
  0x00,0x00,0x3f,0xff,0xff,0xfd,0x00,0xbf,0xff,0xff,0x90,0x00,0x00,0x00,0x00,0x00,0x00,0x00,0x0c,0xff,0xff,0xff,0x10,0xbf,
  0xff,0xff,0x90,0x00,0x00,0x00,0x00,0x00,0x00,0x00,0x08,0xff,0xff,0xff,0x30,0xbf,0xff,0xff,0x90,0x00,0x00,0x00,0x00,0x00,
  0x00,0x00,0x05,0xff,0xff,0xff,0x40,0xbf,0xff,0xff,0x90,0x00,0x00,0x00,0x00,0x00,0x00,0x00,0x04,0xff,0xff,0xff,0x50,0xbf,
  0xff,0xff,0x90,0x00,0x00,0x00,0x00,0x00,0x00,0x00,0x04,0xff,0xff,0xff,0x50,0xbf,0xff,0xff,0x90,0x00,0x00,0x00,0x00,0x00,
  0x00,0x00,0x05,0xff,0xff,0xff,0x40,0xbf,0xff,0xff,0x90,0x00,0x00,0x00,0x00,0x00,0x00,0x00,0x08,0xff,0xff,0xff,0x30,0xbf,
  0xff,0xff,0x90,0x00,0x00,0x00,0x00,0x00,0x00,0x00,0x0c,0xff,0xff,0xff,0x10,0xbf,0xff,0xff,0x90,0x00,0x00,0x00,0x00,0x00,
  0x00,0x00,0x3f,0xff,0xff,0xfd,0x00,0xbf,0xff,0xff,0x90,0x00,0x00,0x00,0x00,0x00,0x00,0x00,0xbf,0xff,0xff,0xf8,0x00,0xbf,
  0xff,0xff,0x90,0x00,0x00,0x00,0x00,0x00,0x00,0x08,0xff,0xff,0xff,0xf2,0x00,0xbf,0xff,0xff,0x90,0x00,0x00,0x00,0x00,0x00,
  0x01,0xbf,0xff,0xff,0xff,0xa0,0x00,0xbf,0xff,0xff,0x90,0x00,0x00,0x00,0x01,0x25,0xaf,0xff,0xff,0xff,0xff,0x20,0x00,0xbf,
  0xff,0xff,0xff,0xff,0xff,0xff,0xff,0xff,0xff,0xff,0xff,0xff,0xf4,0x00,0x00,0xbf,0xff,0xff,0xff,0xff,0xff,0xff,0xff,0xff,
  0xff,0xff,0xff,0xff,0x50,0x00,0x00,0xbf,0xff,0xff,0xff,0xff,0xff,0xff,0xff,0xff,0xff,0xff,0xff,0xc1,0x00,0x00,0x00,0xbf,
  0xff,0xff,0xff,0xff,0xff,0xff,0xff,0xff,0xff,0xff,0xa4,0x00,0x00,0x00,0x00,0xbf,0xff,0xff,0xff,0xff,0xff,0xff,0xff,0xed,
  0xb8,0x41,0x00,0x00,0x00,0x00,0x00,0xbf,0xff,0xff,0x90,0x00,0x00,0x00,0x00,0x00,0x00,0x00,0x00,0x00,0x00,0x00,0x00,0xbf,
  0xff,0xff,0x90,0x00,0x00,0x00,0x00,0x00,0x00,0x00,0x00,0x00,0x00,0x00,0x00,0xbf,0xff,0xff,0x90,0x00,0x00,0x00,0x00,0x00,
  0x00,0x00,0x00,0x00,0x00,0x00,0x00,0xbf,0xff,0xff,0x90,0x00,0x00,0x00,0x00,0x00,0x00,0x00,0x00,0x00,0x00,0x00,0x00,0xbf,
  0xff,0xff,0x90,0x00,0x00,0x00,0x00,0x00,0x00,0x00,0x00,0x00,0x00,0x00,0x00,0xbf,0xff,0xff,0x90,0x00,0x00,0x00,0x00,0x00,
  0x00,0x00,0x00,0x00,0x00,0x00,0x00,0xbf,0xff,0xff,0x90,0x00,0x00,0x00,0x00,0x00,0x00,0x00,0x00,0x00,0x00,0x00,0x00,0xbf,
  0xff,0xff,0x90,0x00,0x00,0x00,0x00,0x00,0x00,0x00,0x00,0x00,0x00,0x00,0x00,0xbf,0xff,0xff,0x90,0x00,0x00,0x00,0x00,0x00,
  0x00,0x00,0x00,0x00,0x00,0x00,0x00,0xbf,0xff,0xff,0x90,0x00,0x00,0x00,0x00,0x00,0x00,0x00,0x00,0x00,0x00,0x00,0x00,0xbf,
  0xff,0xff,0x90,0x00,0x00,0x00,0x00,0x00,0x00,0x00,0x00,0x00,0x00,0x00,0x00,0xbf,0xff,0xff,0x90,0x00,0x00,0x00,0x00,0x00,
  0x00,0x00,0x00,0x00,0x00,0x00,0x00,0xbf,0xff,0xff,0x90,0x00,0x00,0x00,0x00,0x00,0x00,0x00,0x00,0x00,0x00,0x00,0x00,0xbf,
  0xff,0xff,0x90,0x00,0x00,0x00,0x00,0x00,0x00,0x00,0x00,0x00,0x00,0x00,0x00,0xbf,0xff,0xff,0x90,0x00,0x00,0x00,0x00,0x00,
  0x00,0x00,0x00,0x00,0x00,0x00,0x00,0xbf,0xff,0xff,0x90,0x00,0x00,0x00,0x00,0x00,0x00,0x00,0x00,0x00,0x00,0x00,0x00,0xbf,
  0xff,0xff,0x90,0x00,0x00,0x00,0x00,0x00,0x00,0x00,0x00,0x00,0x00,0x00,0x00,0xbf,0xff,0xff,0x90,0x00,0x00,0x00,0x00,0x00,
  0x00,0x00,0x00,0x00,0x00,0x00,0x00,0xbf,0xff,0xff,0x90,0x00,0x00,0x00,0x00,0x00,0x00,0x00,0x00,0x00,0x00,0x00,0x00,0x00,
  0x00,0x00,0x00,0x00,0x00,0x00,0x01,0x58,0xbd,0xef,0xff,0xec,0xa6,0x20,0x00,0x00,0x00,0x00,0x00,0x00,0x00,0x00,0x00,0x00,
  0x00,0x00,0x00,0x06,0xbf,0xff,0xff,0xff,0xff,0xff,0xff,0xfe,0x82,0x00,0x00,0x00,0x00,0x00,0x00,0x00,0x00,0x00,0x00,0x00,
  0x06,0xef,0xff,0xff,0xff,0xff,0xff,0xff,0xff,0xff,0xff,0x91,0x00,0x00,0x00,0x00,0x00,0x00,0x00,0x00,0x00,0x02,0xcf,0xff,
  0xff,0xff,0xff,0xff,0xff,0xff,0xff,0xff,0xff,0xfe,0x60,0x00,0x00,0x00,0x00,0x00,0x00,0x00,0x00,0x4f,0xff,0xff,0xff,0xff,
  0xff,0xff,0xff,0xff,0xff,0xff,0xff,0xff,0xf9,0x00,0x00,0x00,0x00,0x00,0x00,0x00,0x06,0xff,0xff,0xff,0xff,0xfb,0x73,0x10,
  0x01,0x25,0x9e,0xff,0xff,0xff,0xff,0xb0,0x00,0x00,0x00,0x00,0x00,0x00,0x5f,0xff,0xff,0xff,0xf9,0x20,0x00,0x00,0x00,0x00,
  0x00,0x6e,0xff,0xff,0xff,0xfb,0x00,0x00,0x00,0x00,0x00,0x03,0xff,0xff,0xff,0xfe,0x30,0x00,0x00,0x00,0x00,0x00,0x00,0x00,
  0xaf,0xff,0xff,0xff,0x80,0x00,0x00,0x00,0x00,0x1e,0xff,0xff,0xff,0xd1,0x00,0x00,0x00,0x00,0x00,0x00,0x00,0x00,0x07,0xff,
  0xff,0xff,0xf5,0x00,0x00,0x00,0x00,0x9f,0xff,0xff,0xfd,0x10,0x00,0x00,0x00,0x00,0x00,0x00,0x00,0x00,0x00,0x8f,0xff,0xff,
  0xfe,0x10,0x00,0x00,0x03,0xff,0xff,0xff,0xf2,0x00,0x00,0x00,0x00,0x00,0x00,0x00,0x00,0x00,0x00,0x0b,0xff,0xff,0xff,0x90,
  0x00,0x00,0x0b,0xff,0xff,0xff,0x80,0x00,0x00,0x00,0x00,0x00,0x00,0x00,0x00,0x00,0x00,0x02,0xff,0xff,0xff,0xf1,0x00,0x00,
  0x2f,0xff,0xff,0xfd,0x00,0x00,0x00,0x00,0x00,0x00,0x00,0x00,0x00,0x00,0x00,0x00,0x8f,0xff,0xff,0xf8,0x00,0x00,0x9f,0xff,
  0xff,0xf5,0x00,0x00,0x00,0x00,0x00,0x00,0x00,0x00,0x00,0x00,0x00,0x00,0x0f,0xff,0xff,0xfe,0x00,0x00,0xef,0xff,0xff,0xf0,
  0x00,0x00,0x00,0x00,0x00,0x00,0x00,0x00,0x00,0x00,0x00,0x00,0x09,0xff,0xff,0xff,0x40,0x03,0xff,0xff,0xff,0x90,0x00,0x00,
  0x00,0x00,0x00,0x00,0x00,0x00,0x00,0x00,0x00,0x00,0x03,0xff,0xff,0xff,0x90,0x08,0xff,0xff,0xff,0x40,0x00,0x00,0x00,0x00,
  0x00,0x00,0x00,0x00,0x00,0x00,0x00,0x00,0x00,0xef,0xff,0xff,0xd0,0x0b,0xff,0xff,0xff,0x00,0x00,0x00,0x00,0x00,0x00,0x00,
  0x00,0x00,0x00,0x00,0x00,0x00,0x00,0xaf,0xff,0xff,0xf1,0x0e,0xff,0xff,0xfd,0x00,0x00,0x00,0x00,0x00,0x00,0x00,0x00,0x00,
  0x00,0x00,0x00,0x00,0x00,0x7f,0xff,0xff,0xf4,0x1f,0xff,0xff,0xfa,0x00,0x00,0x00,0x00,0x00,0x00,0x00,0x00,0x00,0x00,0x00,
  0x00,0x00,0x00,0x4f,0xff,0xff,0xf7,0x2f,0xff,0xff,0xf7,0x00,0x00,0x00,0x00,0x00,0x00,0x00,0x00,0x00,0x00,0x00,0x00,0x00,
  0x00,0x1f,0xff,0xff,0xf8,0x4f,0xff,0xff,0xf6,0x00,0x00,0x00,0x00,0x00,0x00,0x00,0x00,0x00,0x00,0x00,0x00,0x00,0x00,0x0f,
  0xff,0xff,0xfa,0x5f,0xff,0xff,0xf5,0x00,0x00,0x00,0x00,0x00,0x00,0x00,0x00,0x00,0x00,0x00,0x00,0x00,0x00,0x0f,0xff,0xff,
  0xfb,0x6f,0xff,0xff,0xf4,0x00,0x00,0x00,0x00,0x00,0x00,0x00,0x00,0x00,0x00,0x00,0x00,0x00,0x00,0x0f,0xff,0xff,0xfb,0x6f,
  0xff,0xff,0xf4,0x00,0x00,0x00,0x00,0x00,0x00,0x00,0x00,0x00,0x00,0x00,0x00,0x00,0x00,0x0e,0xff,0xff,0xfc,0x6f,0xff,0xff,
  0xf4,0x00,0x00,0x00,0x00,0x00,0x00,0x00,0x00,0x00,0x00,0x00,0x00,0x00,0x00,0x0e,0xff,0xff,0xfb,0x5f,0xff,0xff,0xf5,0x00,
  0x00,0x00,0x00,0x00,0x00,0x00,0x00,0x00,0x00,0x00,0x00,0x00,0x00,0x0f,0xff,0xff,0xfa,0x4f,0xff,0xff,0xf6,0x00,0x00,0x00,
  0x00,0x00,0x00,0x00,0x00,0x00,0x00,0x00,0x00,0x00,0x00,0x0f,0xff,0xff,0xfa,0x2f,0xff,0xff,0xf7,0x00,0x00,0x00,0x00,0x00,
  0x00,0x00,0x00,0x00,0x00,0x00,0x00,0x00,0x00,0x1f,0xff,0xff,0xf8,0x1f,0xff,0xff,0xfa,0x00,0x00,0x00,0x00,0x00,0x00,0x00,
  0x00,0x00,0x00,0x00,0x00,0x00,0x00,0x4f,0xff,0xff,0xf6,0x0e,0xff,0xff,0xfd,0x00,0x00,0x00,0x00,0x00,0x00,0x00,0x00,0x00,
  0x00,0x00,0x00,0x00,0x00,0x7f,0xff,0xff,0xf3,0x0b,0xff,0xff,0xff,0x00,0x00,0x00,0x00,0x00,0x00,0x00,0x00,0x00,0x00,0x00,
  0x00,0x00,0x00,0xaf,0xff,0xff,0xf1,0x08,0xff,0xff,0xff,0x40,0x00,0x00,0x00,0x00,0x00,0x00,0x00,0x00,0x00,0x00,0x00,0x00,
  0x00,0xef,0xff,0xff,0xd0,0x03,0xff,0xff,0xff,0x90,0x00,0x00,0x00,0x00,0x00,0x00,0x00,0x00,0x00,0x00,0x00,0x00,0x03,0xff,
  0xff,0xff,0x90,0x00,0xef,0xff,0xff,0xf0,0x00,0x00,0x00,0x00,0x00,0x00,0x00,0x00,0x00,0x00,0x00,0x00,0x09,0xff,0xff,0xff,
  0x40,0x00,0x9f,0xff,0xff,0xf5,0x00,0x00,0x00,0x00,0x00,0x00,0x00,0x00,0x00,0x00,0x00,0x00,0x0f,0xff,0xff,0xfe,0x00,0x00,
  0x2f,0xff,0xff,0xfd,0x00,0x00,0x00,0x00,0x00,0x00,0x00,0x00,0x00,0x00,0x00,0x00,0x8f,0xff,0xff,0xf8,0x00,0x00,0x0b,0xff,
  0xff,0xff,0x80,0x00,0x00,0x00,0x00,0x00,0x00,0x00,0x00,0x00,0x00,0x02,0xff,0xff,0xff,0xf1,0x00,0x00,0x03,0xff,0xff,0xff,
  0xf2,0x00,0x00,0x00,0x00,0x00,0x00,0x00,0x00,0x00,0x00,0x0b,0xff,0xff,0xff,0x90,0x00,0x00,0x00,0x9f,0xff,0xff,0xfd,0x10,
  0x00,0x00,0x00,0x00,0x00,0x00,0x00,0x00,0x00,0x8f,0xff,0xff,0xfe,0x00,0x00,0x00,0x00,0x1e,0xff,0xff,0xff,0xc1,0x00,0x00,
  0x00,0x00,0x00,0x00,0x00,0x00,0x07,0xff,0xff,0xff,0xf4,0x00,0x00,0x00,0x00,0x03,0xff,0xff,0xff,0xfe,0x30,0x00,0x00,0x00,
  0x00,0x00,0x00,0x00,0xaf,0xff,0xff,0xff,0x90,0x00,0x00,0x00,0x00,0x00,0x5f,0xff,0xff,0xff,0xf9,0x20,0x00,0x00,0x00,0x00,
  0x00,0x6e,0xff,0xff,0xff,0xfa,0x00,0x00,0x00,0x00,0x00,0x00,0x06,0xff,0xff,0xff,0xff,0xfb,0x73,0x10,0x00,0x25,0x9e,0xff,
  0xff,0xff,0xff,0xb0,0x00,0x00,0x00,0x00,0x00,0x00,0x00,0x4f,0xff,0xff,0xff,0xff,0xff,0xff,0xff,0xff,0xff,0xff,0xff,0xff,
  0xf8,0x00,0x00,0x00,0x00,0x00,0x00,0x00,0x00,0x02,0xcf,0xff,0xff,0xff,0xff,0xff,0xff,0xff,0xff,0xff,0xff,0xfe,0x40,0x00,
  0x00,0x00,0x00,0x00,0x00,0x00,0x00,0x00,0x06,0xef,0xff,0xff,0xff,0xff,0xff,0xff,0xff,0xff,0xff,0x80,0x00,0x00,0x00,0x00,
  0x00,0x00,0x00,0x00,0x00,0x00,0x00,0x06,0xbf,0xff,0xff,0xff,0xff,0xff,0xff,0xff,0xf6,0x00,0x00,0x00,0x00,0x00,0x00,0x00,
  0x00,0x00,0x00,0x00,0x00,0x00,0x01,0x59,0xbd,0xef,0xff,0xef,0xff,0xff,0xff,0x30,0x00,0x00,0x00,0x00,0x00,0x00,0x00,0x00,
  0x00,0x00,0x00,0x00,0x00,0x00,0x00,0x00,0x00,0x08,0xff,0xff,0xff,0xf3,0x00,0x00,0x00,0x00,0x00,0x00,0x00,0x00,0x00,0x00,
  0x00,0x00,0x00,0x00,0x00,0x00,0x00,0x00,0x9f,0xff,0xff,0xfe,0x20,0x00,0x00,0x00,0x00,0x00,0x00,0x00,0x00,0x00,0x00,0x00,
  0x00,0x00,0x00,0x00,0x00,0x00,0x09,0xff,0xff,0xff,0xe2,0x00,0x00,0x00,0x00,0x00,0x00,0x00,0x00,0x00,0x00,0x00,0x00,0x00,
  0x00,0x00,0x00,0x00,0x00,0xaf,0xff,0xff,0xfe,0x20,0x00,0x00,0x00,0x00,0x00,0x00,0x00,0x00,0x00,0x00,0x00,0x00,0x00,0x00,
  0x00,0x00,0x00,0x0a,0xff,0xff,0xff,0xd1,0x00,0x00,0x00,0x00,0x00,0x00,0x00,0x00,0x00,0x00,0x00,0x00,0x00,0x00,0x00,0x00,
  0x00,0x00,0xaf,0xff,0xff,0xfd,0x10,0x00,0x00,0x00,0x00,0x00,0x00,0x00,0x00,0x00,0x00,0x00,0x00,0x00,0x00,0x00,0x00,0x00,
  0x0b,0xff,0xff,0xff,0xd1,0x00,0x00,0xbf,0xff,0xff,0xff,0xff,0xff,0xff,0xff,0xed,0xc9,0x62,0x00,0x00,0x00,0x00,0x00,0x00,
  0x00,0x00,0xbf,0xff,0xff,0xff,0xff,0xff,0xff,0xff,0xff,0xff,0xff,0xd7,0x00,0x00,0x00,0x00,0x00,0x00,0x00,0xbf,0xff,0xff,
  0xff,0xff,0xff,0xff,0xff,0xff,0xff,0xff,0xff,0xe5,0x00,0x00,0x00,0x00,0x00,0x00,0xbf,0xff,0xff,0xff,0xff,0xff,0xff,0xff,
  0xff,0xff,0xff,0xff,0xff,0x90,0x00,0x00,0x00,0x00,0x00,0xbf,0xff,0xff,0xff,0xff,0xff,0xff,0xff,0xff,0xff,0xff,0xff,0xff,
  0xf8,0x00,0x00,0x00,0x00,0x00,0xbf,0xff,0xff,0x90,0x00,0x00,0x00,0x01,0x25,0x8e,0xff,0xff,0xff,0xff,0x40,0x00,0x00,0x00,
  0x00,0xbf,0xff,0xff,0x90,0x00,0x00,0x00,0x00,0x00,0x00,0x7f,0xff,0xff,0xff,0xd0,0x00,0x00,0x00,0x00,0xbf,0xff,0xff,0x90,
  0x00,0x00,0x00,0x00,0x00,0x00,0x04,0xff,0xff,0xff,0xf5,0x00,0x00,0x00,0x00,0xbf,0xff,0xff,0x90,0x00,0x00,0x00,0x00,0x00,
  0x00,0x00,0x8f,0xff,0xff,0xfa,0x00,0x00,0x00,0x00,0xbf,0xff,0xff,0x90,0x00,0x00,0x00,0x00,0x00,0x00,0x00,0x0e,0xff,0xff,
  0xfe,0x00,0x00,0x00,0x00,0xbf,0xff,0xff,0x90,0x00,0x00,0x00,0x00,0x00,0x00,0x00,0x0a,0xff,0xff,0xff,0x20,0x00,0x00,0x00,
  0xbf,0xff,0xff,0x90,0x00,0x00,0x00,0x00,0x00,0x00,0x00,0x06,0xff,0xff,0xff,0x40,0x00,0x00,0x00,0xbf,0xff,0xff,0x90,0x00,
  0x00,0x00,0x00,0x00,0x00,0x00,0x05,0xff,0xff,0xff,0x50,0x00,0x00,0x00,0xbf,0xff,0xff,0x90,0x00,0x00,0x00,0x00,0x00,0x00,
  0x00,0x04,0xff,0xff,0xff,0x60,0x00,0x00,0x00,0xbf,0xff,0xff,0x90,0x00,0x00,0x00,0x00,0x00,0x00,0x00,0x05,0xff,0xff,0xff,
  0x50,0x00,0x00,0x00,0xbf,0xff,0xff,0x90,0x00,0x00,0x00,0x00,0x00,0x00,0x00,0x06,0xff,0xff,0xff,0x40,0x00,0x00,0x00,0xbf,
  0xff,0xff,0x90,0x00,0x00,0x00,0x00,0x00,0x00,0x00,0x0a,0xff,0xff,0xff,0x10,0x00,0x00,0x00,0xbf,0xff,0xff,0x90,0x00,0x00,
  0x00,0x00,0x00,0x00,0x00,0x0f,0xff,0xff,0xfe,0x00,0x00,0x00,0x00,0xbf,0xff,0xff,0x90,0x00,0x00,0x00,0x00,0x00,0x00,0x00,
  0x8f,0xff,0xff,0xf8,0x00,0x00,0x00,0x00,0xbf,0xff,0xff,0x90,0x00,0x00,0x00,0x00,0x00,0x00,0x04,0xff,0xff,0xff,0xf2,0x00,
  0x00,0x00,0x00,0xbf,0xff,0xff,0x90,0x00,0x00,0x00,0x00,0x00,0x00,0x7f,0xff,0xff,0xff,0x90,0x00,0x00,0x00,0x00,0xbf,0xff,
  0xff,0x90,0x00,0x00,0x00,0x00,0x25,0x8e,0xff,0xff,0xff,0xfc,0x00,0x00,0x00,0x00,0x00,0xbf,0xff,0xff,0xff,0xff,0xff,0xff,
  0xff,0xff,0xff,0xff,0xff,0xff,0xc1,0x00,0x00,0x00,0x00,0x00,0xbf,0xff,0xff,0xff,0xff,0xff,0xff,0xff,0xff,0xff,0xff,0xff,
  0xf8,0x00,0x00,0x00,0x00,0x00,0x00,0xbf,0xff,0xff,0xff,0xff,0xff,0xff,0xff,0xff,0xff,0xff,0xe8,0x20,0x00,0x00,0x00,0x00,
  0x00,0x00,0xbf,0xff,0xff,0xff,0xff,0xff,0xff,0xff,0xff,0xff,0xff,0xf8,0x00,0x00,0x00,0x00,0x00,0x00,0x00,0xbf,0xff,0xff,
  0xff,0xff,0xff,0xff,0xff,0xff,0xff,0xff,0xff,0xd2,0x00,0x00,0x00,0x00,0x00,0x00,0xbf,0xff,0xff,0x90,0x00,0x00,0x00,0x02,
  0x5a,0xff,0xff,0xff,0xfe,0x10,0x00,0x00,0x00,0x00,0x00,0xbf,0xff,0xff,0x90,0x00,0x00,0x00,0x00,0x00,0x1a,0xff,0xff,0xff,
  0xc0,0x00,0x00,0x00,0x00,0x00,0xbf,0xff,0xff,0x90,0x00,0x00,0x00,0x00,0x00,0x00,0x9f,0xff,0xff,0xf9,0x00,0x00,0x00,0x00,
  0x00,0xbf,0xff,0xff,0x90,0x00,0x00,0x00,0x00,0x00,0x00,0x0b,0xff,0xff,0xff,0x30,0x00,0x00,0x00,0x00,0xbf,0xff,0xff,0x90,
  0x00,0x00,0x00,0x00,0x00,0x00,0x01,0xef,0xff,0xff,0xd0,0x00,0x00,0x00,0x00,0xbf,0xff,0xff,0x90,0x00,0x00,0x00,0x00,0x00,
  0x00,0x00,0x6f,0xff,0xff,0xf6,0x00,0x00,0x00,0x00,0xbf,0xff,0xff,0x90,0x00,0x00,0x00,0x00,0x00,0x00,0x00,0x0d,0xff,0xff,
  0xfe,0x00,0x00,0x00,0x00,0xbf,0xff,0xff,0x90,0x00,0x00,0x00,0x00,0x00,0x00,0x00,0x05,0xff,0xff,0xff,0x60,0x00,0x00,0x00,
  0xbf,0xff,0xff,0x90,0x00,0x00,0x00,0x00,0x00,0x00,0x00,0x00,0xcf,0xff,0xff,0xe0,0x00,0x00,0x00,0xbf,0xff,0xff,0x90,0x00,
  0x00,0x00,0x00,0x00,0x00,0x00,0x00,0x5f,0xff,0xff,0xf6,0x00,0x00,0x00,0xbf,0xff,0xff,0x90,0x00,0x00,0x00,0x00,0x00,0x00,
  0x00,0x00,0x0d,0xff,0xff,0xfe,0x00,0x00,0x00,0xbf,0xff,0xff,0x90,0x00,0x00,0x00,0x00,0x00,0x00,0x00,0x00,0x05,0xff,0xff,
  0xff,0x60,0x00,0x00,0xbf,0xff,0xff,0x90,0x00,0x00,0x00,0x00,0x00,0x00,0x00,0x00,0x00,0xdf,0xff,0xff,0xe0,0x00,0x00,0xbf,
  0xff,0xff,0x90,0x00,0x00,0x00,0x00,0x00,0x00,0x00,0x00,0x00,0x5f,0xff,0xff,0xf6,0x00,0x00,0xbf,0xff,0xff,0x90,0x00,0x00,
  0x00,0x00,0x00,0x00,0x00,0x00,0x00,0x0d,0xff,0xff,0xfe,0x00,0x00,0xbf,0xff,0xff,0x90,0x00,0x00,0x00,0x00,0x00,0x00,0x00,
  0x00,0x00,0x05,0xff,0xff,0xff,0x60,0x00,0xbf,0xff,0xff,0x90,0x00,0x00,0x00,0x00,0x00,0x00,0x00,0x00,0x00,0x00,0xdf,0xff,
  0xff,0xd0,0x00,0xbf,0xff,0xff,0x90,0x00,0x00,0x00,0x00,0x00,0x00,0x00,0x00,0x00,0x00,0x6f,0xff,0xff,0xf6,0x00,0xbf,0xff,
  0xff,0x90,0x00,0x00,0x00,0x00,0x00,0x00,0x00,0x00,0x00,0x00,0x0d,0xff,0xff,0xfd,0x00,0xbf,0xff,0xff,0x90,0x00,0x00,0x00,
  0x00,0x00,0x00,0x00,0x00,0x00,0x00,0x06,0xff,0xff,0xff,0x60,0x00,0x00,0x00,0x00,0x00,0x47,0xac,0xde,0xff,0xee,0xcb,0x97,
  0x41,0x00,0x00,0x00,0x00,0x00,0x00,0x00,0x03,0x9f,0xff,0xff,0xff,0xff,0xff,0xff,0xff,0xff,0xea,0x62,0x00,0x00,0x00,0x00,
  0x01,0xbf,0xff,0xff,0xff,0xff,0xff,0xff,0xff,0xff,0xff,0xff,0xff,0x40,0x00,0x00,0x00,0x5f,0xff,0xff,0xff,0xff,0xff,0xff,
  0xff,0xff,0xff,0xff,0xff,0xff,0x40,0x00,0x00,0x07,0xff,0xff,0xff,0xff,0xff,0xff,0xff,0xff,0xff,0xff,0xff,0xff,0xff,0x40,
  0x00,0x00,0x5f,0xff,0xff,0xff,0xfe,0x95,0x31,0x00,0x12,0x36,0x9c,0xff,0xff,0xff,0x40,0x00,0x01,0xef,0xff,0xff,0xfd,0x50,
  0x00,0x00,0x00,0x00,0x00,0x00,0x05,0x9e,0xff,0x40,0x00,0x09,0xff,0xff,0xff,0xb0,0x00,0x00,0x00,0x00,0x00,0x00,0x00,0x00,
  0x00,0x5b,0x30,0x00,0x0f,0xff,0xff,0xfd,0x00,0x00,0x00,0x00,0x00,0x00,0x00,0x00,0x00,0x00,0x00,0x00,0x00,0x4f,0xff,0xff,
  0xf3,0x00,0x00,0x00,0x00,0x00,0x00,0x00,0x00,0x00,0x00,0x00,0x00,0x00,0x8f,0xff,0xff,0xd0,0x00,0x00,0x00,0x00,0x00,0x00,
  0x00,0x00,0x00,0x00,0x00,0x00,0x00,0xaf,0xff,0xff,0xa0,0x00,0x00,0x00,0x00,0x00,0x00,0x00,0x00,0x00,0x00,0x00,0x00,0x00,
  0xcf,0xff,0xff,0x90,0x00,0x00,0x00,0x00,0x00,0x00,0x00,0x00,0x00,0x00,0x00,0x00,0x00,0xcf,0xff,0xff,0xa0,0x00,0x00,0x00,
  0x00,0x00,0x00,0x00,0x00,0x00,0x00,0x00,0x00,0x00,0xaf,0xff,0xff,0xc0,0x00,0x00,0x00,0x00,0x00,0x00,0x00,0x00,0x00,0x00,
  0x00,0x00,0x00,0x9f,0xff,0xff,0xf2,0x00,0x00,0x00,0x00,0x00,0x00,0x00,0x00,0x00,0x00,0x00,0x00,0x00,0x6f,0xff,0xff,0xfc,
  0x00,0x00,0x00,0x00,0x00,0x00,0x00,0x00,0x00,0x00,0x00,0x00,0x00,0x1f,0xff,0xff,0xff,0xc2,0x00,0x00,0x00,0x00,0x00,0x00,
  0x00,0x00,0x00,0x00,0x00,0x00,0x0b,0xff,0xff,0xff,0xff,0xa4,0x00,0x00,0x00,0x00,0x00,0x00,0x00,0x00,0x00,0x00,0x00,0x03,
  0xff,0xff,0xff,0xff,0xff,0xfb,0x74,0x10,0x00,0x00,0x00,0x00,0x00,0x00,0x00,0x00,0x00,0x7f,0xff,0xff,0xff,0xff,0xff,0xff,
  0xfd,0xa6,0x20,0x00,0x00,0x00,0x00,0x00,0x00,0x00,0x09,0xff,0xff,0xff,0xff,0xff,0xff,0xff,0xff,0xfe,0xa4,0x00,0x00,0x00,
  0x00,0x00,0x00,0x00,0x5f,0xff,0xff,0xff,0xff,0xff,0xff,0xff,0xff,0xff,0xe8,0x00,0x00,0x00,0x00,0x00,0x00,0x01,0x9f,0xff,
  0xff,0xff,0xff,0xff,0xff,0xff,0xff,0xff,0xe5,0x00,0x00,0x00,0x00,0x00,0x00,0x01,0x7c,0xff,0xff,0xff,0xff,0xff,0xff,0xff,
  0xff,0xff,0x90,0x00,0x00,0x00,0x00,0x00,0x00,0x00,0x15,0x9d,0xff,0xff,0xff,0xff,0xff,0xff,0xff,0xfb,0x00,0x00,0x00,0x00,
  0x00,0x00,0x00,0x00,0x00,0x04,0x7a,0xef,0xff,0xff,0xff,0xff,0xff,0x80,0x00,0x00,0x00,0x00,0x00,0x00,0x00,0x00,0x00,0x00,
  0x02,0x8e,0xff,0xff,0xff,0xff,0xf4,0x00,0x00,0x00,0x00,0x00,0x00,0x00,0x00,0x00,0x00,0x00,0x00,0x6e,0xff,0xff,0xff,0xfb,
  0x00,0x00,0x00,0x00,0x00,0x00,0x00,0x00,0x00,0x00,0x00,0x00,0x01,0xcf,0xff,0xff,0xff,0x30,0x00,0x00,0x00,0x00,0x00,0x00,
  0x00,0x00,0x00,0x00,0x00,0x00,0x1e,0xff,0xff,0xff,0x70,0x00,0x00,0x00,0x00,0x00,0x00,0x00,0x00,0x00,0x00,0x00,0x00,0x06,
  0xff,0xff,0xff,0xb0,0x00,0x00,0x00,0x00,0x00,0x00,0x00,0x00,0x00,0x00,0x00,0x00,0x00,0xff,0xff,0xff,0xe0,0x00,0x00,0x00,
  0x00,0x00,0x00,0x00,0x00,0x00,0x00,0x00,0x00,0x00,0xbf,0xff,0xff,0xf0,0x00,0x00,0x00,0x00,0x00,0x00,0x00,0x00,0x00,0x00,
  0x00,0x00,0x00,0x9f,0xff,0xff,0xf0,0x00,0x00,0x00,0x00,0x00,0x00,0x00,0x00,0x00,0x00,0x00,0x00,0x00,0x8f,0xff,0xff,0xf0,
  0x00,0x00,0x00,0x00,0x00,0x00,0x00,0x00,0x00,0x00,0x00,0x00,0x00,0xaf,0xff,0xff,0xf0,0x00,0x00,0x00,0x00,0x00,0x00,0x00,
  0x00,0x00,0x00,0x00,0x00,0x00,0xcf,0xff,0xff,0xd0,0x00,0x00,0x00,0x00,0x00,0x00,0x00,0x00,0x00,0x00,0x00,0x00,0x01,0xff,
  0xff,0xff,0xa0,0x75,0x00,0x00,0x00,0x00,0x00,0x00,0x00,0x00,0x00,0x00,0x00,0x08,0xff,0xff,0xff,0x60,0x9f,0xb3,0x00,0x00,
  0x00,0x00,0x00,0x00,0x00,0x00,0x00,0x00,0x3f,0xff,0xff,0xff,0x10,0x9f,0xff,0xa3,0x00,0x00,0x00,0x00,0x00,0x00,0x00,0x00,
  0x04,0xff,0xff,0xff,0xfa,0x00,0x9f,0xff,0xff,0xc6,0x10,0x00,0x00,0x00,0x00,0x00,0x01,0x9f,0xff,0xff,0xff,0xf2,0x00,0x9f,
  0xff,0xff,0xff,0xfc,0x85,0x31,0x00,0x12,0x47,0xbf,0xff,0xff,0xff,0xff,0x60,0x00,0x9f,0xff,0xff,0xff,0xff,0xff,0xff,0xff,
  0xff,0xff,0xff,0xff,0xff,0xff,0xf7,0x00,0x00,0x9f,0xff,0xff,0xff,0xff,0xff,0xff,0xff,0xff,0xff,0xff,0xff,0xff,0xff,0x60,
  0x00,0x00,0x05,0xbf,0xff,0xff,0xff,0xff,0xff,0xff,0xff,0xff,0xff,0xff,0xff,0xa2,0x00,0x00,0x00,0x00,0x00,0x59,0xdf,0xff,
  0xff,0xff,0xff,0xff,0xff,0xff,0xfe,0x92,0x00,0x00,0x00,0x00,0x00,0x00,0x00,0x01,0x47,0x9c,0xde,0xff,0xfe,0xdb,0x96,0x30,
  0x00,0x00,0x00,0x00,0x00,0x3f,0xff,0xff,0xff,0xff,0xff,0xff,0xff,0xff,0xff,0xff,0xff,0xff,0xff,0xff,0xff,0xff,0xff,0xff,
  0xff,0x40,0x3f,0xff,0xff,0xff,0xff,0xff,0xff,0xff,0xff,0xff,0xff,0xff,0xff,0xff,0xff,0xff,0xff,0xff,0xff,0xff,0x40,0x3f,
  0xff,0xff,0xff,0xff,0xff,0xff,0xff,0xff,0xff,0xff,0xff,0xff,0xff,0xff,0xff,0xff,0xff,0xff,0xff,0x40,0x3f,0xff,0xff,0xff,
  0xff,0xff,0xff,0xff,0xff,0xff,0xff,0xff,0xff,0xff,0xff,0xff,0xff,0xff,0xff,0xff,0x40,0x3f,0xff,0xff,0xff,0xff,0xff,0xff,
  0xff,0xff,0xff,0xff,0xff,0xff,0xff,0xff,0xff,0xff,0xff,0xff,0xff,0x40,0x00,0x00,0x00,0x00,0x00,0x00,0x00,0x00,0x0a,0xff,
  0xff,0xfb,0x00,0x00,0x00,0x00,0x00,0x00,0x00,0x00,0x00,0x00,0x00,0x00,0x00,0x00,0x00,0x00,0x00,0x0a,0xff,0xff,0xfb,0x00,
  0x00,0x00,0x00,0x00,0x00,0x00,0x00,0x00,0x00,0x00,0x00,0x00,0x00,0x00,0x00,0x00,0x0a,0xff,0xff,0xfb,0x00,0x00,0x00,0x00,
  0x00,0x00,0x00,0x00,0x00,0x00,0x00,0x00,0x00,0x00,0x00,0x00,0x00,0x0a,0xff,0xff,0xfb,0x00,0x00,0x00,0x00,0x00,0x00,0x00,
  0x00,0x00,0x00,0x00,0x00,0x00,0x00,0x00,0x00,0x00,0x0a,0xff,0xff,0xfb,0x00,0x00,0x00,0x00,0x00,0x00,0x00,0x00,0x00,0x00,
  0x00,0x00,0x00,0x00,0x00,0x00,0x00,0x0a,0xff,0xff,0xfb,0x00,0x00,0x00,0x00,0x00,0x00,0x00,0x00,0x00,0x00,0x00,0x00,0x00,
  0x00,0x00,0x00,0x00,0x0a,0xff,0xff,0xfb,0x00,0x00,0x00,0x00,0x00,0x00,0x00,0x00,0x00,0x00,0x00,0x00,0x00,0x00,0x00,0x00,
  0x00,0x0a,0xff,0xff,0xfb,0x00,0x00,0x00,0x00,0x00,0x00,0x00,0x00,0x00,0x00,0x00,0x00,0x00,0x00,0x00,0x00,0x00,0x0a,0xff,
  0xff,0xfb,0x00,0x00,0x00,0x00,0x00,0x00,0x00,0x00,0x00,0x00,0x00,0x00,0x00,0x00,0x00,0x00,0x00,0x0a,0xff,0xff,0xfb,0x00,
  0x00,0x00,0x00,0x00,0x00,0x00,0x00,0x00,0x00,0x00,0x00,0x00,0x00,0x00,0x00,0x00,0x0a,0xff,0xff,0xfb,0x00,0x00,0x00,0x00,
  0x00,0x00,0x00,0x00,0x00,0x00,0x00,0x00,0x00,0x00,0x00,0x00,0x00,0x0a,0xff,0xff,0xfb,0x00,0x00,0x00,0x00,0x00,0x00,0x00,
  0x00,0x00,0x00,0x00,0x00,0x00,0x00,0x00,0x00,0x00,0x0a,0xff,0xff,0xfb,0x00,0x00,0x00,0x00,0x00,0x00,0x00,0x00,0x00,0x00,
  0x00,0x00,0x00,0x00,0x00,0x00,0x00,0x0a,0xff,0xff,0xfb,0x00,0x00,0x00,0x00,0x00,0x00,0x00,0x00,0x00,0x00,0x00,0x00,0x00,
  0x00,0x00,0x00,0x00,0x0a,0xff,0xff,0xfb,0x00,0x00,0x00,0x00,0x00,0x00,0x00,0x00,0x00,0x00,0x00,0x00,0x00,0x00,0x00,0x00,
  0x00,0x0a,0xff,0xff,0xfb,0x00,0x00,0x00,0x00,0x00,0x00,0x00,0x00,0x00,0x00,0x00,0x00,0x00,0x00,0x00,0x00,0x00,0x0a,0xff,
  0xff,0xfb,0x00,0x00,0x00,0x00,0x00,0x00,0x00,0x00,0x00,0x00,0x00,0x00,0x00,0x00,0x00,0x00,0x00,0x0a,0xff,0xff,0xfb,0x00,
  0x00,0x00,0x00,0x00,0x00,0x00,0x00,0x00,0x00,0x00,0x00,0x00,0x00,0x00,0x00,0x00,0x0a,0xff,0xff,0xfb,0x00,0x00,0x00,0x00,
  0x00,0x00,0x00,0x00,0x00,0x00,0x00,0x00,0x00,0x00,0x00,0x00,0x00,0x0a,0xff,0xff,0xfb,0x00,0x00,0x00,0x00,0x00,0x00,0x00,
  0x00,0x00,0x00,0x00,0x00,0x00,0x00,0x00,0x00,0x00,0x0a,0xff,0xff,0xfb,0x00,0x00,0x00,0x00,0x00,0x00,0x00,0x00,0x00,0x00,
  0x00,0x00,0x00,0x00,0x00,0x00,0x00,0x0a,0xff,0xff,0xfb,0x00,0x00,0x00,0x00,0x00,0x00,0x00,0x00,0x00,0x00,0x00,0x00,0x00,
  0x00,0x00,0x00,0x00,0x0a,0xff,0xff,0xfb,0x00,0x00,0x00,0x00,0x00,0x00,0x00,0x00,0x00,0x00,0x00,0x00,0x00,0x00,0x00,0x00,
  0x00,0x0a,0xff,0xff,0xfb,0x00,0x00,0x00,0x00,0x00,0x00,0x00,0x00,0x00,0x00,0x00,0x00,0x00,0x00,0x00,0x00,0x00,0x0a,0xff,
  0xff,0xfb,0x00,0x00,0x00,0x00,0x00,0x00,0x00,0x00,0x00,0x00,0x00,0x00,0x00,0x00,0x00,0x00,0x00,0x0a,0xff,0xff,0xfb,0x00,
  0x00,0x00,0x00,0x00,0x00,0x00,0x00,0x00,0x00,0x00,0x00,0x00,0x00,0x00,0x00,0x00,0x0a,0xff,0xff,0xfb,0x00,0x00,0x00,0x00,
  0x00,0x00,0x00,0x00,0x00,0x00,0x00,0x00,0x00,0x00,0x00,0x00,0x00,0x0a,0xff,0xff,0xfb,0x00,0x00,0x00,0x00,0x00,0x00,0x00,
  0x00,0x00,0x00,0x00,0x00,0x00,0x00,0x00,0x00,0x00,0x0a,0xff,0xff,0xfb,0x00,0x00,0x00,0x00,0x00,0x00,0x00,0x00,0x00,0x00,
  0x00,0x00,0x00,0x00,0x00,0x00,0x00,0x0a,0xff,0xff,0xfb,0x00,0x00,0x00,0x00,0x00,0x00,0x00,0x00,0x00,0x00,0x00,0x00,0x00,
  0x00,0x00,0x00,0x00,0x0a,0xff,0xff,0xfb,0x00,0x00,0x00,0x00,0x00,0x00,0x00,0x00,0x00,0x00,0x00,0x00,0x00,0x00,0x00,0x00,
  0x00,0x0a,0xff,0xff,0xfb,0x00,0x00,0x00,0x00,0x00,0x00,0x00,0x00,0x00,0x00,0x00,0x00,0x00,0x00,0x00,0x00,0x00,0x0a,0xff,
  0xff,0xfb,0x00,0x00,0x00,0x00,0x00,0x00,0x00,0x00,0x00,0x00,0x00,0x00,0x00,0x00,0x00,0x00,0x00,0x0a,0xff,0xff,0xfb,0x00,
  0x00,0x00,0x00,0x00,0x00,0x00,0x00,0x00,0x00,0x00,0x00,0x00,0x00,0x00,0x00,0x00,0x0a,0xff,0xff,0xfb,0x00,0x00,0x00,0x00,
  0x00,0x00,0x00,0x00,0x00,0x00,0x00,0x00,0x00,0x00,0x00,0x00,0x00,0x0a,0xff,0xff,0xfb,0x00,0x00,0x00,0x00,0x00,0x00,0x00,
  0x00,0x00,0x00,0x00,0x00,0x00,0x00,0x00,0x00,0x00,0x0a,0xff,0xff,0xfb,0x00,0x00,0x00,0x00,0x00,0x00,0x00,0x00,0x00,0x00,
  0x00,0x00,0x00,0x00,0x00,0x00,0x00,0x0a,0xff,0xff,0xfb,0x00,0x00,0x00,0x00,0x00,0x00,0x00,0x00,0x00,0x00,0x00,0x00,0x00,
  0x00,0x00,0x00,0x00,0x0a,0xff,0xff,0xfb,0x00,0x00,0x00,0x00,0x00,0x00,0x00,0x00,0x00,0x00,0x00,0x00,0x00,0x00,0x00,0x00,
  0x00,0x0a,0xff,0xff,0xfb,0x00,0x00,0x00,0x00,0x00,0x00,0x00,0x00,0x00,0x00,0x00,0x00,0x00,0x00,0x00,0x00,0x00,0x0a,0xff,
  0xff,0xfb,0x00,0x00,0x00,0x00,0x00,0x00,0x00,0x00,0x00,0x00,0x00,0x00,0x00,0x00,0x00,0x00,0x00,0x0a,0xff,0xff,0xfb,0x00,
  0x00,0x00,0x00,0x00,0x00,0x00,0x00,0x00,0x7f,0xff,0xff,0xe0,0x00,0x00,0x00,0x00,0x00,0x00,0x00,0x00,0x00,0x00,0x01,0xff,
  0xff,0xff,0x40,0x7f,0xff,0xff,0xe0,0x00,0x00,0x00,0x00,0x00,0x00,0x00,0x00,0x00,0x00,0x01,0xff,0xff,0xff,0x40,0x7f,0xff,
  0xff,0xe0,0x00,0x00,0x00,0x00,0x00,0x00,0x00,0x00,0x00,0x00,0x01,0xff,0xff,0xff,0x40,0x7f,0xff,0xff,0xe0,0x00,0x00,0x00,
  0x00,0x00,0x00,0x00,0x00,0x00,0x00,0x01,0xff,0xff,0xff,0x40,0x7f,0xff,0xff,0xe0,0x00,0x00,0x00,0x00,0x00,0x00,0x00,0x00,
  0x00,0x00,0x01,0xff,0xff,0xff,0x40,0x7f,0xff,0xff,0xe0,0x00,0x00,0x00,0x00,0x00,0x00,0x00,0x00,0x00,0x00,0x01,0xff,0xff,
  0xff,0x40,0x7f,0xff,0xff,0xe0,0x00,0x00,0x00,0x00,0x00,0x00,0x00,0x00,0x00,0x00,0x01,0xff,0xff,0xff,0x40,0x7f,0xff,0xff,
  0xe0,0x00,0x00,0x00,0x00,0x00,0x00,0x00,0x00,0x00,0x00,0x01,0xff,0xff,0xff,0x40,0x7f,0xff,0xff,0xe0,0x00,0x00,0x00,0x00,
  0x00,0x00,0x00,0x00,0x00,0x00,0x01,0xff,0xff,0xff,0x40,0x7f,0xff,0xff,0xe0,0x00,0x00,0x00,0x00,0x00,0x00,0x00,0x00,0x00,
  0x00,0x01,0xff,0xff,0xff,0x40,0x7f,0xff,0xff,0xe0,0x00,0x00,0x00,0x00,0x00,0x00,0x00,0x00,0x00,0x00,0x01,0xff,0xff,0xff,
  0x40,0x7f,0xff,0xff,0xe0,0x00,0x00,0x00,0x00,0x00,0x00,0x00,0x00,0x00,0x00,0x01,0xff,0xff,0xff,0x40,0x7f,0xff,0xff,0xe0,
  0x00,0x00,0x00,0x00,0x00,0x00,0x00,0x00,0x00,0x00,0x01,0xff,0xff,0xff,0x40,0x7f,0xff,0xff,0xe0,0x00,0x00,0x00,0x00,0x00,
  0x00,0x00,0x00,0x00,0x00,0x01,0xff,0xff,0xff,0x40,0x7f,0xff,0xff,0xe0,0x00,0x00,0x00,0x00,0x00,0x00,0x00,0x00,0x00,0x00,
  0x01,0xff,0xff,0xff,0x40,0x7f,0xff,0xff,0xe0,0x00,0x00,0x00,0x00,0x00,0x00,0x00,0x00,0x00,0x00,0x01,0xff,0xff,0xff,0x40,
  0x7f,0xff,0xff,0xe0,0x00,0x00,0x00,0x00,0x00,0x00,0x00,0x00,0x00,0x00,0x01,0xff,0xff,0xff,0x40,0x7f,0xff,0xff,0xe0,0x00,
  0x00,0x00,0x00,0x00,0x00,0x00,0x00,0x00,0x00,0x01,0xff,0xff,0xff,0x40,0x7f,0xff,0xff,0xe0,0x00,0x00,0x00,0x00,0x00,0x00,
  0x00,0x00,0x00,0x00,0x01,0xff,0xff,0xff,0x40,0x7f,0xff,0xff,0xe0,0x00,0x00,0x00,0x00,0x00,0x00,0x00,0x00,0x00,0x00,0x01,
  0xff,0xff,0xff,0x40,0x7f,0xff,0xff,0xe0,0x00,0x00,0x00,0x00,0x00,0x00,0x00,0x00,0x00,0x00,0x01,0xff,0xff,0xff,0x40,0x7f,
  0xff,0xff,0xe0,0x00,0x00,0x00,0x00,0x00,0x00,0x00,0x00,0x00,0x00,0x01,0xff,0xff,0xff,0x40,0x7f,0xff,0xff,0xe0,0x00,0x00,
  0x00,0x00,0x00,0x00,0x00,0x00,0x00,0x00,0x01,0xff,0xff,0xff,0x40,0x7f,0xff,0xff,0xe0,0x00,0x00,0x00,0x00,0x00,0x00,0x00,
  0x00,0x00,0x00,0x01,0xff,0xff,0xff,0x40,0x7f,0xff,0xff,0xe0,0x00,0x00,0x00,0x00,0x00,0x00,0x00,0x00,0x00,0x00,0x01,0xff,
  0xff,0xff,0x40,0x7f,0xff,0xff,0xe0,0x00,0x00,0x00,0x00,0x00,0x00,0x00,0x00,0x00,0x00,0x01,0xff,0xff,0xff,0x40,0x7f,0xff,
  0xff,0xe0,0x00,0x00,0x00,0x00,0x00,0x00,0x00,0x00,0x00,0x00,0x01,0xff,0xff,0xff,0x40,0x7f,0xff,0xff,0xe0,0x00,0x00,0x00,
  0x00,0x00,0x00,0x00,0x00,0x00,0x00,0x01,0xff,0xff,0xff,0x40,0x7f,0xff,0xff,0xe0,0x00,0x00,0x00,0x00,0x00,0x00,0x00,0x00,
  0x00,0x00,0x01,0xff,0xff,0xff,0x40,0x6f,0xff,0xff,0xe0,0x00,0x00,0x00,0x00,0x00,0x00,0x00,0x00,0x00,0x00,0x01,0xff,0xff,
  0xff,0x40,0x6f,0xff,0xff,0xf0,0x00,0x00,0x00,0x00,0x00,0x00,0x00,0x00,0x00,0x00,0x01,0xff,0xff,0xff,0x30,0x5f,0xff,0xff,
  0xf0,0x00,0x00,0x00,0x00,0x00,0x00,0x00,0x00,0x00,0x00,0x02,0xff,0xff,0xff,0x30,0x4f,0xff,0xff,0xf1,0x00,0x00,0x00,0x00,
  0x00,0x00,0x00,0x00,0x00,0x00,0x04,0xff,0xff,0xff,0x20,0x3f,0xff,0xff,0xf3,0x00,0x00,0x00,0x00,0x00,0x00,0x00,0x00,0x00,
  0x00,0x06,0xff,0xff,0xff,0x00,0x0f,0xff,0xff,0xf6,0x00,0x00,0x00,0x00,0x00,0x00,0x00,0x00,0x00,0x00,0x09,0xff,0xff,0xfd,
  0x00,0x0d,0xff,0xff,0xfa,0x00,0x00,0x00,0x00,0x00,0x00,0x00,0x00,0x00,0x00,0x0d,0xff,0xff,0xfa,0x00,0x09,0xff,0xff,0xfe,
  0x00,0x00,0x00,0x00,0x00,0x00,0x00,0x00,0x00,0x00,0x1f,0xff,0xff,0xf6,0x00,0x04,0xff,0xff,0xff,0x50,0x00,0x00,0x00,0x00,
  0x00,0x00,0x00,0x00,0x00,0x8f,0xff,0xff,0xf2,0x00,0x00,0xef,0xff,0xff,0xd0,0x00,0x00,0x00,0x00,0x00,0x00,0x00,0x00,0x01,
  0xff,0xff,0xff,0xc0,0x00,0x00,0x8f,0xff,0xff,0xf8,0x00,0x00,0x00,0x00,0x00,0x00,0x00,0x00,0x0a,0xff,0xff,0xff,0x50,0x00,
  0x00,0x1e,0xff,0xff,0xff,0x80,0x00,0x00,0x00,0x00,0x00,0x00,0x00,0xaf,0xff,0xff,0xfd,0x00,0x00,0x00,0x06,0xff,0xff,0xff,
  0xfb,0x30,0x00,0x00,0x00,0x00,0x00,0x4c,0xff,0xff,0xff,0xf3,0x00,0x00,0x00,0x00,0xaf,0xff,0xff,0xff,0xfc,0x73,0x21,0x01,
  0x24,0x8c,0xff,0xff,0xff,0xff,0x70,0x00,0x00,0x00,0x00,0x0b,0xff,0xff,0xff,0xff,0xff,0xff,0xff,0xff,0xff,0xff,0xff,0xff,
  0xf9,0x00,0x00,0x00,0x00,0x00,0x00,0x9f,0xff,0xff,0xff,0xff,0xff,0xff,0xff,0xff,0xff,0xff,0xff,0x70,0x00,0x00,0x00,0x00,
  0x00,0x00,0x04,0xdf,0xff,0xff,0xff,0xff,0xff,0xff,0xff,0xff,0xff,0xc3,0x00,0x00,0x00,0x00,0x00,0x00,0x00,0x00,0x05,0xcf,
  0xff,0xff,0xff,0xff,0xff,0xff,0xff,0xb4,0x00,0x00,0x00,0x00,0x00,0x00,0x00,0x00,0x00,0x00,0x01,0x58,0xbd,0xef,0xff,0xed,
  0xb8,0x50,0x00,0x00,0x00,0x00,0x00,0x00,0x5f,0xff,0xff,0xf4,0x00,0x00,0x00,0x00,0x00,0x00,0x00,0x00,0x00,0x00,0x00,0x00,
  0x00,0x00,0x8f,0xff,0xff,0xf1,0x0e,0xff,0xff,0xfa,0x00,0x00,0x00,0x00,0x00,0x00,0x00,0x00,0x00,0x00,0x00,0x00,0x00,0x00,
  0xdf,0xff,0xff,0xa0,0x08,0xff,0xff,0xff,0x00,0x00,0x00,0x00,0x00,0x00,0x00,0x00,0x00,0x00,0x00,0x00,0x00,0x04,0xff,0xff,
  0xff,0x40,0x02,0xff,0xff,0xff,0x60,0x00,0x00,0x00,0x00,0x00,0x00,0x00,0x00,0x00,0x00,0x00,0x00,0x0a,0xff,0xff,0xfe,0x00,
  0x00,0xcf,0xff,0xff,0xc0,0x00,0x00,0x00,0x00,0x00,0x00,0x00,0x00,0x00,0x00,0x00,0x00,0x0f,0xff,0xff,0xf8,0x00,0x00,0x6f,
  0xff,0xff,0xf2,0x00,0x00,0x00,0x00,0x00,0x00,0x00,0x00,0x00,0x00,0x00,0x00,0x5f,0xff,0xff,0xf2,0x00,0x00,0x1f,0xff,0xff,
  0xf8,0x00,0x00,0x00,0x00,0x00,0x00,0x00,0x00,0x00,0x00,0x00,0x00,0xbf,0xff,0xff,0xc0,0x00,0x00,0x0a,0xff,0xff,0xfe,0x00,
  0x00,0x00,0x00,0x00,0x00,0x00,0x00,0x00,0x00,0x00,0x02,0xff,0xff,0xff,0x60,0x00,0x00,0x04,0xff,0xff,0xff,0x40,0x00,0x00,
  0x00,0x00,0x00,0x00,0x00,0x00,0x00,0x00,0x07,0xff,0xff,0xff,0x10,0x00,0x00,0x00,0xef,0xff,0xff,0xa0,0x00,0x00,0x00,0x00,
  0x00,0x00,0x00,0x00,0x00,0x00,0x0d,0xff,0xff,0xfa,0x00,0x00,0x00,0x00,0x8f,0xff,0xff,0xf0,0x00,0x00,0x00,0x00,0x00,0x00,
  0x00,0x00,0x00,0x00,0x3f,0xff,0xff,0xf4,0x00,0x00,0x00,0x00,0x2f,0xff,0xff,0xf6,0x00,0x00,0x00,0x00,0x00,0x00,0x00,0x00,
  0x00,0x00,0x9f,0xff,0xff,0xe0,0x00,0x00,0x00,0x00,0x0c,0xff,0xff,0xfc,0x00,0x00,0x00,0x00,0x00,0x00,0x00,0x00,0x00,0x00,
  0xff,0xff,0xff,0x80,0x00,0x00,0x00,0x00,0x06,0xff,0xff,0xff,0x20,0x00,0x00,0x00,0x00,0x00,0x00,0x00,0x00,0x05,0xff,0xff,
  0xff,0x20,0x00,0x00,0x00,0x00,0x00,0xff,0xff,0xff,0x80,0x00,0x00,0x00,0x00,0x00,0x00,0x00,0x00,0x0b,0xff,0xff,0xfc,0x00,
  0x00,0x00,0x00,0x00,0x00,0xaf,0xff,0xff,0xe0,0x00,0x00,0x00,0x00,0x00,0x00,0x00,0x00,0x1f,0xff,0xff,0xf6,0x00,0x00,0x00,
  0x00,0x00,0x00,0x3f,0xff,0xff,0xf4,0x00,0x00,0x00,0x00,0x00,0x00,0x00,0x00,0x7f,0xff,0xff,0xf0,0x00,0x00,0x00,0x00,0x00,
  0x00,0x0d,0xff,0xff,0xfa,0x00,0x00,0x00,0x00,0x00,0x00,0x00,0x00,0xdf,0xff,0xff,0xa0,0x00,0x00,0x00,0x00,0x00,0x00,0x07,
  0xff,0xff,0xff,0x00,0x00,0x00,0x00,0x00,0x00,0x00,0x03,0xff,0xff,0xff,0x30,0x00,0x00,0x00,0x00,0x00,0x00,0x01,0xff,0xff,
  0xff,0x60,0x00,0x00,0x00,0x00,0x00,0x00,0x09,0xff,0xff,0xfd,0x00,0x00,0x00,0x00,0x00,0x00,0x00,0x00,0xbf,0xff,0xff,0xb0,
  0x00,0x00,0x00,0x00,0x00,0x00,0x0f,0xff,0xff,0xf7,0x00,0x00,0x00,0x00,0x00,0x00,0x00,0x00,0x5f,0xff,0xff,0xf2,0x00,0x00,
  0x00,0x00,0x00,0x00,0x5f,0xff,0xff,0xf1,0x00,0x00,0x00,0x00,0x00,0x00,0x00,0x00,0x0f,0xff,0xff,0xf7,0x00,0x00,0x00,0x00,
  0x00,0x00,0xbf,0xff,0xff,0xb0,0x00,0x00,0x00,0x00,0x00,0x00,0x00,0x00,0x09,0xff,0xff,0xfd,0x00,0x00,0x00,0x00,0x00,0x01,
  0xff,0xff,0xff,0x50,0x00,0x00,0x00,0x00,0x00,0x00,0x00,0x00,0x03,0xff,0xff,0xff,0x30,0x00,0x00,0x00,0x00,0x07,0xff,0xff,
  0xff,0x00,0x00,0x00,0x00,0x00,0x00,0x00,0x00,0x00,0x00,0xdf,0xff,0xff,0x90,0x00,0x00,0x00,0x00,0x0d,0xff,0xff,0xf9,0x00,
  0x00,0x00,0x00,0x00,0x00,0x00,0x00,0x00,0x00,0x7f,0xff,0xff,0xf0,0x00,0x00,0x00,0x00,0x3f,0xff,0xff,0xf3,0x00,0x00,0x00,
  0x00,0x00,0x00,0x00,0x00,0x00,0x00,0x1f,0xff,0xff,0xf5,0x00,0x00,0x00,0x00,0x9f,0xff,0xff,0xd0,0x00,0x00,0x00,0x00,0x00,
  0x00,0x00,0x00,0x00,0x00,0x0b,0xff,0xff,0xfb,0x00,0x00,0x00,0x00,0xff,0xff,0xff,0x70,0x00,0x00,0x00,0x00,0x00,0x00,0x00,
  0x00,0x00,0x00,0x05,0xff,0xff,0xff,0x10,0x00,0x00,0x05,0xff,0xff,0xff,0x10,0x00,0x00,0x00,0x00,0x00,0x00,0x00,0x00,0x00,
  0x00,0x00,0xef,0xff,0xff,0x70,0x00,0x00,0x0b,0xff,0xff,0xfb,0x00,0x00,0x00,0x00,0x00,0x00,0x00,0x00,0x00,0x00,0x00,0x00,
  0x9f,0xff,0xff,0xd0,0x00,0x00,0x1f,0xff,0xff,0xf5,0x00,0x00,0x00,0x00,0x00,0x00,0x00,0x00,0x00,0x00,0x00,0x00,0x2f,0xff,
  0xff,0xf3,0x00,0x00,0x7f,0xff,0xff,0xe0,0x00,0x00,0x00,0x00,0x00,0x00,0x00,0x00,0x00,0x00,0x00,0x00,0x0c,0xff,0xff,0xf9,
  0x00,0x00,0xdf,0xff,0xff,0x90,0x00,0x00,0x00,0x00,0x00,0x00,0x00,0x00,0x00,0x00,0x00,0x00,0x06,0xff,0xff,0xff,0x00,0x03,
  0xff,0xff,0xff,0x30,0x00,0x00,0x00,0x00,0x00,0x00,0x00,0x00,0x00,0x00,0x00,0x00,0x01,0xff,0xff,0xff,0x50,0x09,0xff,0xff,
  0xfd,0x00,0x00,0x00,0x00,0x00,0x00,0x00,0x00,0x00,0x00,0x00,0x00,0x00,0x00,0xaf,0xff,0xff,0xb0,0x0f,0xff,0xff,0xf7,0x00,
  0x00,0x00,0x00,0x00,0x00,0x00,0x00,0x00,0x00,0x00,0x00,0x00,0x00,0x4f,0xff,0xff,0xf1,0x5f,0xff,0xff,0xf1,0x00,0x00,0x00,
  0x00,0x00,0x00,0x00,0x00,0x00,0x00,0x00,0x00,0x00,0x00,0x0e,0xff,0xff,0xf7,0xbf,0xff,0xff,0xa0,0x00,0x00,0x00,0x00,0x00,
  0x00,0x00,0x00,0x00,0x00,0x00,0x00,0x00,0x00,0x08,0xff,0xff,0xfe,0xff,0xff,0xff,0x40,0x00,0x00,0x00,0x00,0x00,0x00,0x00,
  0x00,0x00,0x00,0x00,0x00,0x00,0x00,0x02,0xff,0xff,0xff,0xff,0xff,0xfe,0x00,0x00,0x00,0x00,0x00,0x00,0x00,0x00,0x00,0x00,
  0x00,0x00,0x00,0x00,0x00,0x00,0xcf,0xff,0xff,0xff,0xff,0xf8,0x00,0x00,0x00,0x00,0x00,0x00,0x00,0x00,0x00,0x00,0x00,0x00,
  0x00,0x00,0x00,0x00,0x6f,0xff,0xff,0xff,0xff,0xf2,0x00,0x00,0x00,0x00,0x00,0x00,0x00,0x00,0x00,0x00,0x00,0x00,0x00,0x00,
  0x00,0x00,0x0f,0xff,0xff,0xff,0xff,0xc0,0x00,0x00,0x00,0x00,0x00,0x00,0x00,0x00,0x00,0x00,0x00,0x00,0x00,0x00,0x00,0x00,
  0x0a,0xff,0xff,0xff,0xff,0x60,0x00,0x00,0x00,0x00,0x00,0x00,0x00,0x00,0x00,0x00,0x00,0x00,0x00,0x00,0x00,0x00,0x04,0xff,
  0xff,0xff,0xff,0x10,0x00,0x00,0x00,0x00,0x00,0x00,0x00,0x00,0x00,0x00,0x00,0x00,0x00,0x00,0x00,0x00,0x00,0xdf,0xff,0xff,
  0xfa,0x00,0x00,0x00,0x00,0x00,0x00,0x00,0x00,0x00,0xcf,0xff,0xff,0x90,0x00,0x00,0x00,0x00,0x00,0x00,0x00,0x00,0x00,0xff,
  0xff,0xff,0xf4,0x00,0x00,0x00,0x00,0x00,0x00,0x00,0x00,0x00,0x5f,0xff,0xff,0xf1,0x8f,0xff,0xff,0xd0,0x00,0x00,0x00,0x00,
  0x00,0x00,0x00,0x00,0x04,0xff,0xff,0xff,0xf8,0x00,0x00,0x00,0x00,0x00,0x00,0x00,0x00,0x00,0x9f,0xff,0xff,0xd0,0x4f,0xff,
  0xff,0xf1,0x00,0x00,0x00,0x00,0x00,0x00,0x00,0x00,0x08,0xff,0xff,0xff,0xfc,0x00,0x00,0x00,0x00,0x00,0x00,0x00,0x00,0x00,
  0xdf,0xff,0xff,0x90,0x0f,0xff,0xff,0xf5,0x00,0x00,0x00,0x00,0x00,0x00,0x00,0x00,0x0c,0xff,0xff,0xff,0xff,0x00,0x00,0x00,
  0x00,0x00,0x00,0x00,0x00,0x01,0xff,0xff,0xff,0x50,0x0c,0xff,0xff,0xf9,0x00,0x00,0x00,0x00,0x00,0x00,0x00,0x00,0x0f,0xff,
  0xff,0xff,0xff,0x40,0x00,0x00,0x00,0x00,0x00,0x00,0x00,0x05,0xff,0xff,0xff,0x10,0x08,0xff,0xff,0xfd,0x00,0x00,0x00,0x00,
  0x00,0x00,0x00,0x00,0x4f,0xff,0xff,0xff,0xff,0x80,0x00,0x00,0x00,0x00,0x00,0x00,0x00,0x09,0xff,0xff,0xfd,0x00,0x04,0xff,
  0xff,0xff,0x10,0x00,0x00,0x00,0x00,0x00,0x00,0x00,0x8f,0xff,0xfd,0xff,0xff,0xc0,0x00,0x00,0x00,0x00,0x00,0x00,0x00,0x0d,
  0xff,0xff,0xf9,0x00,0x00,0xff,0xff,0xff,0x50,0x00,0x00,0x00,0x00,0x00,0x00,0x00,0xcf,0xff,0xf6,0xff,0xff,0xf0,0x00,0x00,
  0x00,0x00,0x00,0x00,0x00,0x1f,0xff,0xff,0xf5,0x00,0x00,0xcf,0xff,0xff,0x90,0x00,0x00,0x00,0x00,0x00,0x00,0x00,0xff,0xff,
  0xf2,0xcf,0xff,0xf4,0x00,0x00,0x00,0x00,0x00,0x00,0x00,0x5f,0xff,0xff,0xf1,0x00,0x00,0x8f,0xff,0xff,0xd0,0x00,0x00,0x00,
  0x00,0x00,0x00,0x03,0xff,0xff,0xe0,0x8f,0xff,0xf8,0x00,0x00,0x00,0x00,0x00,0x00,0x00,0x8f,0xff,0xff,0xd0,0x00,0x00,0x4f,
  0xff,0xff,0xf1,0x00,0x00,0x00,0x00,0x00,0x00,0x07,0xff,0xff,0xa0,0x4f,0xff,0xfc,0x00,0x00,0x00,0x00,0x00,0x00,0x00,0xcf,
  0xff,0xff,0x90,0x00,0x00,0x0f,0xff,0xff,0xf5,0x00,0x00,0x00,0x00,0x00,0x00,0x0b,0xff,0xff,0x60,0x0f,0xff,0xff,0x00,0x00,
  0x00,0x00,0x00,0x00,0x00,0xff,0xff,0xff,0x50,0x00,0x00,0x0c,0xff,0xff,0xf9,0x00,0x00,0x00,0x00,0x00,0x00,0x0f,0xff,0xff,
  0x20,0x0c,0xff,0xff,0x40,0x00,0x00,0x00,0x00,0x00,0x04,0xff,0xff,0xff,0x10,0x00,0x00,0x08,0xff,0xff,0xfd,0x00,0x00,0x00,
  0x00,0x00,0x00,0x3f,0xff,0xfe,0x00,0x08,0xff,0xff,0x80,0x00,0x00,0x00,0x00,0x00,0x08,0xff,0xff,0xfd,0x00,0x00,0x00,0x04,
  0xff,0xff,0xff,0x10,0x00,0x00,0x00,0x00,0x00,0x7f,0xff,0xfa,0x00,0x05,0xff,0xff,0xc0,0x00,0x00,0x00,0x00,0x00,0x0c,0xff,
  0xff,0xf9,0x00,0x00,0x00,0x00,0xff,0xff,0xff,0x50,0x00,0x00,0x00,0x00,0x00,0xbf,0xff,0xf6,0x00,0x01,0xff,0xff,0xf0,0x00,
  0x00,0x00,0x00,0x00,0x0f,0xff,0xff,0xf5,0x00,0x00,0x00,0x00,0xcf,0xff,0xff,0x90,0x00,0x00,0x00,0x00,0x00,0xff,0xff,0xf2,
  0x00,0x00,0xdf,0xff,0xf4,0x00,0x00,0x00,0x00,0x00,0x4f,0xff,0xff,0xf1,0x00,0x00,0x00,0x00,0x8f,0xff,0xff,0xd0,0x00,0x00,
  0x00,0x00,0x03,0xff,0xff,0xe0,0x00,0x00,0x9f,0xff,0xf8,0x00,0x00,0x00,0x00,0x00,0x8f,0xff,0xff,0xd0,0x00,0x00,0x00,0x00,
  0x4f,0xff,0xff,0xf1,0x00,0x00,0x00,0x00,0x07,0xff,0xff,0xb0,0x00,0x00,0x5f,0xff,0xfc,0x00,0x00,0x00,0x00,0x00,0xcf,0xff,
  0xff,0x90,0x00,0x00,0x00,0x00,0x0f,0xff,0xff,0xf5,0x00,0x00,0x00,0x00,0x0b,0xff,0xff,0x70,0x00,0x00,0x1f,0xff,0xff,0x00,
  0x00,0x00,0x00,0x00,0xff,0xff,0xff,0x50,0x00,0x00,0x00,0x00,0x0c,0xff,0xff,0xf8,0x00,0x00,0x00,0x00,0x0f,0xff,0xff,0x30,
  0x00,0x00,0x0d,0xff,0xff,0x30,0x00,0x00,0x00,0x04,0xff,0xff,0xff,0x10,0x00,0x00,0x00,0x00,0x08,0xff,0xff,0xfc,0x00,0x00,
  0x00,0x00,0x3f,0xff,0xff,0x00,0x00,0x00,0x0a,0xff,0xff,0x70,0x00,0x00,0x00,0x08,0xff,0xff,0xfd,0x00,0x00,0x00,0x00,0x00,
  0x04,0xff,0xff,0xff,0x10,0x00,0x00,0x00,0x7f,0xff,0xfb,0x00,0x00,0x00,0x06,0xff,0xff,0xb0,0x00,0x00,0x00,0x0c,0xff,0xff,
  0xf9,0x00,0x00,0x00,0x00,0x00,0x00,0xff,0xff,0xff,0x40,0x00,0x00,0x00,0xbf,0xff,0xf7,0x00,0x00,0x00,0x02,0xff,0xff,0xf0,
  0x00,0x00,0x00,0x0f,0xff,0xff,0xf5,0x00,0x00,0x00,0x00,0x00,0x00,0xcf,0xff,0xff,0x80,0x00,0x00,0x00,0xef,0xff,0xf3,0x00,
  0x00,0x00,0x00,0xef,0xff,0xf3,0x00,0x00,0x00,0x4f,0xff,0xff,0xf1,0x00,0x00,0x00,0x00,0x00,0x00,0x8f,0xff,0xff,0xc0,0x00,
  0x00,0x02,0xff,0xff,0xf0,0x00,0x00,0x00,0x00,0xaf,0xff,0xf7,0x00,0x00,0x00,0x7f,0xff,0xff,0xd0,0x00,0x00,0x00,0x00,0x00,
  0x00,0x4f,0xff,0xff,0xf0,0x00,0x00,0x06,0xff,0xff,0xb0,0x00,0x00,0x00,0x00,0x6f,0xff,0xfb,0x00,0x00,0x00,0xbf,0xff,0xff,
  0x90,0x00,0x00,0x00,0x00,0x00,0x00,0x0f,0xff,0xff,0xf4,0x00,0x00,0x0a,0xff,0xff,0x70,0x00,0x00,0x00,0x00,0x2f,0xff,0xff,
  0x00,0x00,0x00,0xff,0xff,0xff,0x50,0x00,0x00,0x00,0x00,0x00,0x00,0x0c,0xff,0xff,0xf8,0x00,0x00,0x0e,0xff,0xff,0x40,0x00,
  0x00,0x00,0x00,0x0e,0xff,0xff,0x30,0x00,0x03,0xff,0xff,0xff,0x10,0x00,0x00,0x00,0x00,0x00,0x00,0x08,0xff,0xff,0xfc,0x00,
  0x00,0x2f,0xff,0xff,0x00,0x00,0x00,0x00,0x00,0x0b,0xff,0xff,0x70,0x00,0x07,0xff,0xff,0xfd,0x00,0x00,0x00,0x00,0x00,0x00,
  0x00,0x04,0xff,0xff,0xff,0x00,0x00,0x6f,0xff,0xfc,0x00,0x00,0x00,0x00,0x00,0x07,0xff,0xff,0xb0,0x00,0x0b,0xff,0xff,0xf9,
  0x00,0x00,0x00,0x00,0x00,0x00,0x00,0x00,0xff,0xff,0xff,0x40,0x00,0xaf,0xff,0xf8,0x00,0x00,0x00,0x00,0x00,0x03,0xff,0xff,
  0xf0,0x00,0x0f,0xff,0xff,0xf5,0x00,0x00,0x00,0x00,0x00,0x00,0x00,0x00,0xcf,0xff,0xff,0x80,0x00,0xef,0xff,0xf4,0x00,0x00,
  0x00,0x00,0x00,0x00,0xff,0xff,0xf3,0x00,0x3f,0xff,0xff,0xf1,0x00,0x00,0x00,0x00,0x00,0x00,0x00,0x00,0x8f,0xff,0xff,0xc0,
  0x02,0xff,0xff,0xf0,0x00,0x00,0x00,0x00,0x00,0x00,0xbf,0xff,0xf7,0x00,0x7f,0xff,0xff,0xd0,0x00,0x00,0x00,0x00,0x00,0x00,
  0x00,0x00,0x4f,0xff,0xff,0xf0,0x06,0xff,0xff,0xc0,0x00,0x00,0x00,0x00,0x00,0x00,0x7f,0xff,0xfb,0x00,0xbf,0xff,0xff,0x90,
  0x00,0x00,0x00,0x00,0x00,0x00,0x00,0x00,0x0f,0xff,0xff,0xf4,0x0a,0xff,0xff,0x80,0x00,0x00,0x00,0x00,0x00,0x00,0x3f,0xff,
  0xff,0x00,0xff,0xff,0xff,0x50,0x00,0x00,0x00,0x00,0x00,0x00,0x00,0x00,0x0c,0xff,0xff,0xf8,0x0e,0xff,0xff,0x40,0x00,0x00,
  0x00,0x00,0x00,0x00,0x0f,0xff,0xff,0x33,0xff,0xff,0xff,0x10,0x00,0x00,0x00,0x00,0x00,0x00,0x00,0x00,0x08,0xff,0xff,0xfc,
  0x2f,0xff,0xff,0x10,0x00,0x00,0x00,0x00,0x00,0x00,0x0c,0xff,0xff,0x77,0xff,0xff,0xfd,0x00,0x00,0x00,0x00,0x00,0x00,0x00,
  0x00,0x00,0x04,0xff,0xff,0xff,0x6f,0xff,0xfd,0x00,0x00,0x00,0x00,0x00,0x00,0x00,0x08,0xff,0xff,0xbb,0xff,0xff,0xf9,0x00,
  0x00,0x00,0x00,0x00,0x00,0x00,0x00,0x00,0x01,0xff,0xff,0xff,0xdf,0xff,0xf9,0x00,0x00,0x00,0x00,0x00,0x00,0x00,0x04,0xff,
  0xff,0xee,0xff,0xff,0xf5,0x00,0x00,0x00,0x00,0x00,0x00,0x00,0x00,0x00,0x00,0xcf,0xff,0xff,0xff,0xff,0xf5,0x00,0x00,0x00,
  0x00,0x00,0x00,0x00,0x00,0xff,0xff,0xff,0xff,0xff,0xf1,0x00,0x00,0x00,0x00,0x00,0x00,0x00,0x00,0x00,0x00,0x8f,0xff,0xff,
  0xff,0xff,0xf1,0x00,0x00,0x00,0x00,0x00,0x00,0x00,0x00,0xcf,0xff,0xff,0xff,0xff,0xd0,0x00,0x00,0x00,0x00,0x00,0x00,0x00,
  0x00,0x00,0x00,0x4f,0xff,0xff,0xff,0xff,0xd0,0x00,0x00,0x00,0x00,0x00,0x00,0x00,0x00,0x8f,0xff,0xff,0xff,0xff,0x90,0x00,
  0x00,0x00,0x00,0x00,0x00,0x00,0x00,0x00,0x00,0x1f,0xff,0xff,0xff,0xff,0x90,0x00,0x00,0x00,0x00,0x00,0x00,0x00,0x00,0x5f,
  0xff,0xff,0xff,0xff,0x50,0x00,0x00,0x00,0x00,0x00,0x00,0x00,0x00,0x00,0x00,0x0c,0xff,0xff,0xff,0xff,0x50,0x00,0x00,0x00,
  0x00,0x00,0x00,0x00,0x00,0x1f,0xff,0xff,0xff,0xff,0x10,0x00,0x00,0x00,0x00,0x00,0x00,0x00,0x00,0x00,0x00,0x09,0xff,0xff,
  0xff,0xff,0x10,0x00,0x00,0x00,0x00,0x00,0x00,0x00,0x00,0x0d,0xff,0xff,0xff,0xfd,0x00,0x00,0x00,0x00,0x00,0x00,0x00,0x00,
  0x00,0x00,0x00,0x05,0xff,0xff,0xff,0xfd,0x00,0x00,0x00,0x00,0x00,0x00,0x00,0x00,0x00,0x09,0xff,0xff,0xff,0xf9,0x00,0x00,
  0x00,0x00,0x00,0x00,0x00,0x0a,0xff,0xff,0xff,0x20,0x00,0x00,0x00,0x00,0x00,0x00,0x00,0x00,0x00,0x00,0x4f,0xff,0xff,0xf7,
  0x00,0x00,0x01,0xef,0xff,0xff,0xc0,0x00,0x00,0x00,0x00,0x00,0x00,0x00,0x00,0x00,0x01,0xef,0xff,0xff,0xc0,0x00,0x00,0x00,
  0x5f,0xff,0xff,0xf7,0x00,0x00,0x00,0x00,0x00,0x00,0x00,0x00,0x00,0x0a,0xff,0xff,0xff,0x20,0x00,0x00,0x00,0x0a,0xff,0xff,
  0xff,0x20,0x00,0x00,0x00,0x00,0x00,0x00,0x00,0x00,0x5f,0xff,0xff,0xf7,0x00,0x00,0x00,0x00,0x01,0xef,0xff,0xff,0xc0,0x00,
  0x00,0x00,0x00,0x00,0x00,0x00,0x01,0xef,0xff,0xff,0xc0,0x00,0x00,0x00,0x00,0x00,0x5f,0xff,0xff,0xf7,0x00,0x00,0x00,0x00,
  0x00,0x00,0x00,0x0b,0xff,0xff,0xff,0x20,0x00,0x00,0x00,0x00,0x00,0x0a,0xff,0xff,0xff,0x20,0x00,0x00,0x00,0x00,0x00,0x00,
  0x6f,0xff,0xff,0xf6,0x00,0x00,0x00,0x00,0x00,0x00,0x01,0xef,0xff,0xff,0xc0,0x00,0x00,0x00,0x00,0x00,0x01,0xff,0xff,0xff,
  0xb0,0x00,0x00,0x00,0x00,0x00,0x00,0x00,0x5f,0xff,0xff,0xf6,0x00,0x00,0x00,0x00,0x00,0x0b,0xff,0xff,0xfe,0x10,0x00,0x00,
  0x00,0x00,0x00,0x00,0x00,0x0b,0xff,0xff,0xff,0x20,0x00,0x00,0x00,0x00,0x6f,0xff,0xff,0xf5,0x00,0x00,0x00,0x00,0x00,0x00,
  0x00,0x00,0x01,0xef,0xff,0xff,0xb0,0x00,0x00,0x00,0x02,0xff,0xff,0xff,0xa0,0x00,0x00,0x00,0x00,0x00,0x00,0x00,0x00,0x00,
  0x6f,0xff,0xff,0xf6,0x00,0x00,0x00,0x0c,0xff,0xff,0xfe,0x10,0x00,0x00,0x00,0x00,0x00,0x00,0x00,0x00,0x00,0x0b,0xff,0xff,
  0xff,0x10,0x00,0x00,0x7f,0xff,0xff,0xf4,0x00,0x00,0x00,0x00,0x00,0x00,0x00,0x00,0x00,0x00,0x01,0xff,0xff,0xff,0xb0,0x00,
  0x03,0xff,0xff,0xff,0x90,0x00,0x00,0x00,0x00,0x00,0x00,0x00,0x00,0x00,0x00,0x00,0x6f,0xff,0xff,0xf6,0x00,0x0d,0xff,0xff,
  0xfd,0x00,0x00,0x00,0x00,0x00,0x00,0x00,0x00,0x00,0x00,0x00,0x00,0x0b,0xff,0xff,0xff,0x10,0x8f,0xff,0xff,0xf3,0x00,0x00,
  0x00,0x00,0x00,0x00,0x00,0x00,0x00,0x00,0x00,0x00,0x02,0xff,0xff,0xff,0xb3,0xff,0xff,0xff,0x80,0x00,0x00,0x00,0x00,0x00,
  0x00,0x00,0x00,0x00,0x00,0x00,0x00,0x00,0x6f,0xff,0xff,0xff,0xff,0xff,0xfd,0x00,0x00,0x00,0x00,0x00,0x00,0x00,0x00,0x00,
  0x00,0x00,0x00,0x00,0x00,0x0c,0xff,0xff,0xff,0xff,0xff,0xf3,0x00,0x00,0x00,0x00,0x00,0x00,0x00,0x00,0x00,0x00,0x00,0x00,
  0x00,0x00,0x02,0xff,0xff,0xff,0xff,0xff,0x80,0x00,0x00,0x00,0x00,0x00,0x00,0x00,0x00,0x00,0x00,0x00,0x00,0x00,0x00,0x00,
  0x7f,0xff,0xff,0xff,0xfc,0x00,0x00,0x00,0x00,0x00,0x00,0x00,0x00,0x00,0x00,0x00,0x00,0x00,0x00,0x00,0x00,0x0c,0xff,0xff,
  0xff,0xf2,0x00,0x00,0x00,0x00,0x00,0x00,0x00,0x00,0x00,0x00,0x00,0x00,0x00,0x00,0x00,0x00,0x06,0xff,0xff,0xff,0xb0,0x00,
  0x00,0x00,0x00,0x00,0x00,0x00,0x00,0x00,0x00,0x00,0x00,0x00,0x00,0x00,0x00,0x1e,0xff,0xff,0xff,0xf5,0x00,0x00,0x00,0x00,
  0x00,0x00,0x00,0x00,0x00,0x00,0x00,0x00,0x00,0x00,0x00,0x00,0xbf,0xff,0xff,0xff,0xfe,0x10,0x00,0x00,0x00,0x00,0x00,0x00,
  0x00,0x00,0x00,0x00,0x00,0x00,0x00,0x00,0x06,0xff,0xff,0xff,0xff,0xff,0xa0,0x00,0x00,0x00,0x00,0x00,0x00,0x00,0x00,0x00,
  0x00,0x00,0x00,0x00,0x00,0x1f,0xff,0xff,0xff,0xff,0xff,0xf4,0x00,0x00,0x00,0x00,0x00,0x00,0x00,0x00,0x00,0x00,0x00,0x00,
  0x00,0x00,0xbf,0xff,0xff,0xfd,0xff,0xff,0xfe,0x10,0x00,0x00,0x00,0x00,0x00,0x00,0x00,0x00,0x00,0x00,0x00,0x00,0x06,0xff,
  0xff,0xff,0x52,0xff,0xff,0xff,0xa0,0x00,0x00,0x00,0x00,0x00,0x00,0x00,0x00,0x00,0x00,0x00,0x00,0x2f,0xff,0xff,0xfa,0x00,
  0x7f,0xff,0xff,0xf4,0x00,0x00,0x00,0x00,0x00,0x00,0x00,0x00,0x00,0x00,0x00,0x00,0xcf,0xff,0xff,0xe1,0x00,0x0c,0xff,0xff,
  0xfe,0x00,0x00,0x00,0x00,0x00,0x00,0x00,0x00,0x00,0x00,0x00,0x07,0xff,0xff,0xff,0x50,0x00,0x02,0xff,0xff,0xff,0x90,0x00,
  0x00,0x00,0x00,0x00,0x00,0x00,0x00,0x00,0x00,0x3f,0xff,0xff,0xfa,0x00,0x00,0x00,0x8f,0xff,0xff,0xf4,0x00,0x00,0x00,0x00,
  0x00,0x00,0x00,0x00,0x00,0x00,0xdf,0xff,0xff,0xe0,0x00,0x00,0x00,0x0d,0xff,0xff,0xfe,0x00,0x00,0x00,0x00,0x00,0x00,0x00,
  0x00,0x00,0x08,0xff,0xff,0xff,0x40,0x00,0x00,0x00,0x03,0xff,0xff,0xff,0x90,0x00,0x00,0x00,0x00,0x00,0x00,0x00,0x00,0x3f,
  0xff,0xff,0xf9,0x00,0x00,0x00,0x00,0x00,0x8f,0xff,0xff,0xf4,0x00,0x00,0x00,0x00,0x00,0x00,0x00,0x00,0xdf,0xff,0xff,0xd0,
  0x00,0x00,0x00,0x00,0x00,0x0d,0xff,0xff,0xfd,0x00,0x00,0x00,0x00,0x00,0x00,0x00,0x09,0xff,0xff,0xff,0x30,0x00,0x00,0x00,
  0x00,0x00,0x03,0xff,0xff,0xff,0x90,0x00,0x00,0x00,0x00,0x00,0x00,0x4f,0xff,0xff,0xf8,0x00,0x00,0x00,0x00,0x00,0x00,0x00,
  0x8f,0xff,0xff,0xf3,0x00,0x00,0x00,0x00,0x00,0x01,0xef,0xff,0xff,0xd0,0x00,0x00,0x00,0x00,0x00,0x00,0x00,0x0d,0xff,0xff,
  0xfd,0x00,0x00,0x00,0x00,0x00,0x0a,0xff,0xff,0xff,0x20,0x00,0x00,0x00,0x00,0x00,0x00,0x00,0x03,0xff,0xff,0xff,0x80,0x00,
  0x00,0x00,0x00,0x5f,0xff,0xff,0xf7,0x00,0x00,0x00,0x00,0x00,0x00,0x00,0x00,0x00,0x9f,0xff,0xff,0xf3,0x00,0x00,0x00,0x01,
  0xef,0xff,0xff,0xc0,0x00,0x00,0x00,0x00,0x00,0x00,0x00,0x00,0x00,0x0d,0xff,0xff,0xfd,0x00,0x00,0x00,0x0b,0xff,0xff,0xff,
  0x20,0x00,0x00,0x00,0x00,0x00,0x00,0x00,0x00,0x00,0x04,0xff,0xff,0xff,0x80,0x00,0x00,0x6f,0xff,0xff,0xf6,0x00,0x00,0x00,
  0x00,0x00,0x00,0x00,0x00,0x00,0x00,0x00,0x9f,0xff,0xff,0xf3,0x00,0x01,0xff,0xff,0xff,0xb0,0x00,0x00,0x00,0x00,0x00,0x00,
  0x00,0x00,0x00,0x00,0x00,0x0e,0xff,0xff,0xfd,0x00,0x0b,0xff,0xff,0xff,0x10,0x00,0x00,0x00,0x00,0x00,0x00,0x00,0x00,0x00,
  0x00,0x00,0x04,0xff,0xff,0xff,0x80,0x0c,0xff,0xff,0xfe,0x10,0x00,0x00,0x00,0x00,0x00,0x00,0x00,0x00,0x00,0x00,0x00,0x0d,
  0xff,0xff,0xfd,0x00,0x02,0xff,0xff,0xff,0xa0,0x00,0x00,0x00,0x00,0x00,0x00,0x00,0x00,0x00,0x00,0x00,0x9f,0xff,0xff,0xf3,
  0x00,0x00,0x7f,0xff,0xff,0xf5,0x00,0x00,0x00,0x00,0x00,0x00,0x00,0x00,0x00,0x00,0x03,0xff,0xff,0xff,0x80,0x00,0x00,0x0c,
  0xff,0xff,0xfe,0x10,0x00,0x00,0x00,0x00,0x00,0x00,0x00,0x00,0x00,0x0d,0xff,0xff,0xfd,0x00,0x00,0x00,0x02,0xff,0xff,0xff,
  0xa0,0x00,0x00,0x00,0x00,0x00,0x00,0x00,0x00,0x00,0x8f,0xff,0xff,0xf3,0x00,0x00,0x00,0x00,0x7f,0xff,0xff,0xf5,0x00,0x00,
  0x00,0x00,0x00,0x00,0x00,0x00,0x03,0xff,0xff,0xff,0x80,0x00,0x00,0x00,0x00,0x0c,0xff,0xff,0xfe,0x10,0x00,0x00,0x00,0x00,
  0x00,0x00,0x00,0x0d,0xff,0xff,0xfd,0x00,0x00,0x00,0x00,0x00,0x02,0xff,0xff,0xff,0xa0,0x00,0x00,0x00,0x00,0x00,0x00,0x00,
  0x8f,0xff,0xff,0xf3,0x00,0x00,0x00,0x00,0x00,0x00,0x6f,0xff,0xff,0xf5,0x00,0x00,0x00,0x00,0x00,0x00,0x03,0xff,0xff,0xff,
  0x80,0x00,0x00,0x00,0x00,0x00,0x00,0x0c,0xff,0xff,0xfe,0x10,0x00,0x00,0x00,0x00,0x00,0x0d,0xff,0xff,0xfd,0x00,0x00,0x00,
  0x00,0x00,0x00,0x00,0x02,0xff,0xff,0xff,0xa0,0x00,0x00,0x00,0x00,0x00,0x8f,0xff,0xff,0xf3,0x00,0x00,0x00,0x00,0x00,0x00,
  0x00,0x00,0x6f,0xff,0xff,0xf5,0x00,0x00,0x00,0x00,0x03,0xff,0xff,0xff,0x80,0x00,0x00,0x00,0x00,0x00,0x00,0x00,0x00,0x0b,
  0xff,0xff,0xfe,0x10,0x00,0x00,0x00,0x0d,0xff,0xff,0xfd,0x00,0x00,0x00,0x00,0x00,0x00,0x00,0x00,0x00,0x02,0xff,0xff,0xff,
  0xb0,0x00,0x00,0x00,0x8f,0xff,0xff,0xf3,0x00,0x00,0x00,0x00,0x00,0x00,0x00,0x00,0x00,0x00,0x6f,0xff,0xff,0xf5,0x00,0x00,
  0x03,0xff,0xff,0xff,0x80,0x00,0x00,0x00,0x00,0x00,0x00,0x00,0x00,0x00,0x00,0x0b,0xff,0xff,0xfe,0x10,0x00,0x0d,0xff,0xff,
  0xfc,0x00,0x00,0x00,0x00,0x00,0x00,0x00,0x00,0x00,0x00,0x00,0x01,0xff,0xff,0xff,0xb0,0x00,0x8f,0xff,0xff,0xf2,0x00,0x00,
  0x00,0x00,0x00,0x00,0x00,0x00,0x00,0x00,0x00,0x00,0x6f,0xff,0xff,0xf5,0x03,0xff,0xff,0xff,0x70,0x00,0x00,0x00,0x00,0x00,
  0x00,0x00,0x00,0x00,0x00,0x00,0x00,0x0b,0xff,0xff,0xfe,0x2d,0xff,0xff,0xfc,0x00,0x00,0x00,0x00,0x00,0x00,0x00,0x00,0x00,
  0x00,0x00,0x00,0x00,0x01,0xff,0xff,0xff,0xef,0xff,0xff,0xf2,0x00,0x00,0x00,0x00,0x00,0x00,0x00,0x00,0x00,0x00,0x00,0x00,
  0x00,0x00,0x6f,0xff,0xff,0xff,0xff,0xff,0x70,0x00,0x00,0x00,0x00,0x00,0x00,0x00,0x00,0x00,0x00,0x00,0x00,0x00,0x00,0x0b,
  0xff,0xff,0xff,0xff,0xfc,0x00,0x00,0x00,0x00,0x00,0x00,0x00,0x00,0x00,0x00,0x00,0x00,0x00,0x00,0x00,0x01,0xff,0xff,0xff,
  0xff,0xf2,0x00,0x00,0x00,0x00,0x00,0x00,0x00,0x00,0x00,0x00,0x00,0x00,0x00,0x00,0x00,0x00,0x6f,0xff,0xff,0xff,0x70,0x00,
  0x00,0x00,0x00,0x00,0x00,0x00,0x00,0x00,0x00,0x00,0x00,0x00,0x00,0x00,0x00,0x0c,0xff,0xff,0xfd,0x00,0x00,0x00,0x00,0x00,
  0x00,0x00,0x00,0x00,0x00,0x00,0x00,0x00,0x00,0x00,0x00,0x00,0x0a,0xff,0xff,0xfb,0x00,0x00,0x00,0x00,0x00,0x00,0x00,0x00,
  0x00,0x00,0x00,0x00,0x00,0x00,0x00,0x00,0x00,0x0a,0xff,0xff,0xfb,0x00,0x00,0x00,0x00,0x00,0x00,0x00,0x00,0x00,0x00,0x00,
  0x00,0x00,0x00,0x00,0x00,0x00,0x0a,0xff,0xff,0xfb,0x00,0x00,0x00,0x00,0x00,0x00,0x00,0x00,0x00,0x00,0x00,0x00,0x00,0x00,
  0x00,0x00,0x00,0x0a,0xff,0xff,0xfb,0x00,0x00,0x00,0x00,0x00,0x00,0x00,0x00,0x00,0x00,0x00,0x00,0x00,0x00,0x00,0x00,0x00,
  0x0a,0xff,0xff,0xfb,0x00,0x00,0x00,0x00,0x00,0x00,0x00,0x00,0x00,0x00,0x00,0x00,0x00,0x00,0x00,0x00,0x00,0x0a,0xff,0xff,
  0xfb,0x00,0x00,0x00,0x00,0x00,0x00,0x00,0x00,0x00,0x00,0x00,0x00,0x00,0x00,0x00,0x00,0x00,0x0a,0xff,0xff,0xfb,0x00,0x00,
  0x00,0x00,0x00,0x00,0x00,0x00,0x00,0x00,0x00,0x00,0x00,0x00,0x00,0x00,0x00,0x0a,0xff,0xff,0xfb,0x00,0x00,0x00,0x00,0x00,
  0x00,0x00,0x00,0x00,0x00,0x00,0x00,0x00,0x00,0x00,0x00,0x00,0x0a,0xff,0xff,0xfb,0x00,0x00,0x00,0x00,0x00,0x00,0x00,0x00,
  0x00,0x00,0x00,0x00,0x00,0x00,0x00,0x00,0x00,0x0a,0xff,0xff,0xfb,0x00,0x00,0x00,0x00,0x00,0x00,0x00,0x00,0x00,0x00,0x00,
  0x00,0x00,0x00,0x00,0x00,0x00,0x0a,0xff,0xff,0xfb,0x00,0x00,0x00,0x00,0x00,0x00,0x00,0x00,0x00,0x00,0x00,0x00,0x00,0x00,
  0x00,0x00,0x00,0x0a,0xff,0xff,0xfb,0x00,0x00,0x00,0x00,0x00,0x00,0x00,0x00,0x00,0x00,0x00,0x00,0x00,0x00,0x00,0x00,0x00,
  0x0a,0xff,0xff,0xfb,0x00,0x00,0x00,0x00,0x00,0x00,0x00,0x00,0x00,0x00,0x00,0x00,0x00,0x00,0x00,0x00,0x00,0x0a,0xff,0xff,
  0xfb,0x00,0x00,0x00,0x00,0x00,0x00,0x00,0x00,0x00,0x00,0x00,0x00,0x00,0x00,0x00,0x00,0x00,0x0a,0xff,0xff,0xfb,0x00,0x00,
  0x00,0x00,0x00,0x00,0x00,0x00,0x00,0x00,0x00,0x00,0x00,0x00,0x00,0x00,0x00,0x0a,0xff,0xff,0xfb,0x00,0x00,0x00,0x00,0x00,
  0x00,0x00,0x00,0x00,0x00,0x00,0x00,0x00,0x00,0x00,0x00,0x00,0x0a,0xff,0xff,0xfb,0x00,0x00,0x00,0x00,0x00,0x00,0x00,0x00,
  0x00,0x00,0x00,0x00,0x00,0x00,0x00,0x00,0x00,0x0a,0xff,0xff,0xfb,0x00,0x00,0x00,0x00,0x00,0x00,0x00,0x00,0x00,0x00,0x00,
  0x00,0x00,0x00,0x00,0x00,0x00,0x0a,0xff,0xff,0xfb,0x00,0x00,0x00,0x00,0x00,0x00,0x00,0x00,0x00,0x00,0x00,0x00,0x00,0x00,
  0x00,0x00,0x00,0x0a,0xff,0xff,0xfb,0x00,0x00,0x00,0x00,0x00,0x00,0x00,0x00,0x00,0x00,0x00,0x00,0x00,0x00,0x00,0x00,0x00,
  0x0a,0xff,0xff,0xfb,0x00,0x00,0x00,0x00,0x00,0x00,0x00,0x00,0x00,0x00,0x00,0x00,0x00,0x00,0x00,0x00,0x00,0x0a,0xff,0xff,
  0xfb,0x00,0x00,0x00,0x00,0x00,0x00,0x00,0x00,0x00,0x06,0xff,0xff,0xff,0xff,0xff,0xff,0xff,0xff,0xff,0xff,0xff,0xff,0xff,
  0xff,0xff,0xff,0xff,0xff,0x40,0x06,0xff,0xff,0xff,0xff,0xff,0xff,0xff,0xff,0xff,0xff,0xff,0xff,0xff,0xff,0xff,0xff,0xff,
  0xff,0x40,0x06,0xff,0xff,0xff,0xff,0xff,0xff,0xff,0xff,0xff,0xff,0xff,0xff,0xff,0xff,0xff,0xff,0xff,0xff,0x40,0x06,0xff,
  0xff,0xff,0xff,0xff,0xff,0xff,0xff,0xff,0xff,0xff,0xff,0xff,0xff,0xff,0xff,0xff,0xff,0x40,0x06,0xff,0xff,0xff,0xff,0xff,
  0xff,0xff,0xff,0xff,0xff,0xff,0xff,0xff,0xff,0xff,0xff,0xff,0xff,0x30,0x00,0x00,0x00,0x00,0x00,0x00,0x00,0x00,0x00,0x00,
  0x00,0x00,0x00,0x00,0x01,0xef,0xff,0xff,0xfb,0x00,0x00,0x00,0x00,0x00,0x00,0x00,0x00,0x00,0x00,0x00,0x00,0x00,0x00,0x00,
  0x0c,0xff,0xff,0xff,0xe1,0x00,0x00,0x00,0x00,0x00,0x00,0x00,0x00,0x00,0x00,0x00,0x00,0x00,0x00,0x00,0x9f,0xff,0xff,0xff,
  0x30,0x00,0x00,0x00,0x00,0x00,0x00,0x00,0x00,0x00,0x00,0x00,0x00,0x00,0x00,0x06,0xff,0xff,0xff,0xf6,0x00,0x00,0x00,0x00,
  0x00,0x00,0x00,0x00,0x00,0x00,0x00,0x00,0x00,0x00,0x00,0x3f,0xff,0xff,0xff,0x90,0x00,0x00,0x00,0x00,0x00,0x00,0x00,0x00,
  0x00,0x00,0x00,0x00,0x00,0x00,0x01,0xef,0xff,0xff,0xfc,0x00,0x00,0x00,0x00,0x00,0x00,0x00,0x00,0x00,0x00,0x00,0x00,0x00,
  0x00,0x00,0x0c,0xff,0xff,0xff,0xe1,0x00,0x00,0x00,0x00,0x00,0x00,0x00,0x00,0x00,0x00,0x00,0x00,0x00,0x00,0x00,0x9f,0xff,
  0xff,0xff,0x30,0x00,0x00,0x00,0x00,0x00,0x00,0x00,0x00,0x00,0x00,0x00,0x00,0x00,0x00,0x06,0xff,0xff,0xff,0xf6,0x00,0x00,
  0x00,0x00,0x00,0x00,0x00,0x00,0x00,0x00,0x00,0x00,0x00,0x00,0x00,0x3f,0xff,0xff,0xff,0x90,0x00,0x00,0x00,0x00,0x00,0x00,
  0x00,0x00,0x00,0x00,0x00,0x00,0x00,0x00,0x01,0xef,0xff,0xff,0xfc,0x00,0x00,0x00,0x00,0x00,0x00,0x00,0x00,0x00,0x00,0x00,
  0x00,0x00,0x00,0x00,0x0b,0xff,0xff,0xff,0xe1,0x00,0x00,0x00,0x00,0x00,0x00,0x00,0x00,0x00,0x00,0x00,0x00,0x00,0x00,0x00,
  0x9f,0xff,0xff,0xff,0x30,0x00,0x00,0x00,0x00,0x00,0x00,0x00,0x00,0x00,0x00,0x00,0x00,0x00,0x00,0x05,0xff,0xff,0xff,0xf6,
  0x00,0x00,0x00,0x00,0x00,0x00,0x00,0x00,0x00,0x00,0x00,0x00,0x00,0x00,0x00,0x3f,0xff,0xff,0xff,0xa0,0x00,0x00,0x00,0x00,
  0x00,0x00,0x00,0x00,0x00,0x00,0x00,0x00,0x00,0x00,0x01,0xdf,0xff,0xff,0xfc,0x00,0x00,0x00,0x00,0x00,0x00,0x00,0x00,0x00,
  0x00,0x00,0x00,0x00,0x00,0x00,0x0b,0xff,0xff,0xff,0xe1,0x00,0x00,0x00,0x00,0x00,0x00,0x00,0x00,0x00,0x00,0x00,0x00,0x00,
  0x00,0x00,0x8f,0xff,0xff,0xff,0x40,0x00,0x00,0x00,0x00,0x00,0x00,0x00,0x00,0x00,0x00,0x00,0x00,0x00,0x00,0x05,0xff,0xff,
  0xff,0xf7,0x00,0x00,0x00,0x00,0x00,0x00,0x00,0x00,0x00,0x00,0x00,0x00,0x00,0x00,0x00,0x2f,0xff,0xff,0xff,0xa0,0x00,0x00,
  0x00,0x00,0x00,0x00,0x00,0x00,0x00,0x00,0x00,0x00,0x00,0x00,0x01,0xdf,0xff,0xff,0xfd,0x00,0x00,0x00,0x00,0x00,0x00,0x00,
  0x00,0x00,0x00,0x00,0x00,0x00,0x00,0x00,0x0b,0xff,0xff,0xff,0xe2,0x00,0x00,0x00,0x00,0x00,0x00,0x00,0x00,0x00,0x00,0x00,
  0x00,0x00,0x00,0x00,0x8f,0xff,0xff,0xff,0x40,0x00,0x00,0x00,0x00,0x00,0x00,0x00,0x00,0x00,0x00,0x00,0x00,0x00,0x00,0x04,
  0xff,0xff,0xff,0xf7,0x00,0x00,0x00,0x00,0x00,0x00,0x00,0x00,0x00,0x00,0x00,0x00,0x00,0x00,0x00,0x2f,0xff,0xff,0xff,0xa0,
  0x00,0x00,0x00,0x00,0x00,0x00,0x00,0x00,0x00,0x00,0x00,0x00,0x00,0x00,0x00,0xdf,0xff,0xff,0xfd,0x00,0x00,0x00,0x00,0x00,
  0x00,0x00,0x00,0x00,0x00,0x00,0x00,0x00,0x00,0x00,0x0a,0xff,0xff,0xff,0xf2,0x00,0x00,0x00,0x00,0x00,0x00,0x00,0x00,0x00,
  0x00,0x00,0x00,0x00,0x00,0x00,0x7f,0xff,0xff,0xff,0x40,0x00,0x00,0x00,0x00,0x00,0x00,0x00,0x00,0x00,0x00,0x00,0x00,0x00,
  0x00,0x04,0xff,0xff,0xff,0xf8,0x00,0x00,0x00,0x00,0x00,0x00,0x00,0x00,0x00,0x00,0x00,0x00,0x00,0x00,0x00,0x2e,0xff,0xff,
  0xff,0xb0,0x00,0x00,0x00,0x00,0x00,0x00,0x00,0x00,0x00,0x00,0x00,0x00,0x00,0x00,0x00,0xdf,0xff,0xff,0xfd,0x00,0x00,0x00,
  0x00,0x00,0x00,0x00,0x00,0x00,0x00,0x00,0x00,0x00,0x00,0x00,0x0a,0xff,0xff,0xff,0xf2,0x00,0x00,0x00,0x00,0x00,0x00,0x00,
  0x00,0x00,0x00,0x00,0x00,0x00,0x00,0x00,0x7f,0xff,0xff,0xff,0x50,0x00,0x00,0x00,0x00,0x00,0x00,0x00,0x00,0x00,0x00,0x00,
  0x00,0x00,0x00,0x04,0xff,0xff,0xff,0xf8,0x00,0x00,0x00,0x00,0x00,0x00,0x00,0x00,0x00,0x00,0x00,0x00,0x00,0x00,0x00,0x2e,
  0xff,0xff,0xff,0xb0,0x00,0x00,0x00,0x00,0x00,0x00,0x00,0x00,0x00,0x00,0x00,0x00,0x00,0x00,0x00,0xcf,0xff,0xff,0xfd,0x10,
  0x00,0x00,0x00,0x00,0x00,0x00,0x00,0x00,0x00,0x00,0x00,0x00,0x00,0x00,0x0a,0xff,0xff,0xff,0xf2,0x00,0x00,0x00,0x00,0x00,
  0x00,0x00,0x00,0x00,0x00,0x00,0x00,0x00,0x00,0x00,0x1f,0xff,0xff,0xff,0xff,0xff,0xff,0xff,0xff,0xff,0xff,0xff,0xff,0xff,
  0xff,0xff,0xff,0xff,0xff,0xf0,0x2f,0xff,0xff,0xff,0xff,0xff,0xff,0xff,0xff,0xff,0xff,0xff,0xff,0xff,0xff,0xff,0xff,0xff,
  0xff,0xf0,0x2f,0xff,0xff,0xff,0xff,0xff,0xff,0xff,0xff,0xff,0xff,0xff,0xff,0xff,0xff,0xff,0xff,0xff,0xff,0xf0,0x2f,0xff,
  0xff,0xff,0xff,0xff,0xff,0xff,0xff,0xff,0xff,0xff,0xff,0xff,0xff,0xff,0xff,0xff,0xff,0xf0,0x2f,0xff,0xff,0xff,0xff,0xff,
  0xff,0xff,0xff,0xff,0xff,0xff,0xff,0xff,0xff,0xff,0xff,0xff,0xff,0xf0,0x8f,0xff,0xff,0xff,0xff,0xff,0xfc,0x8f,0xff,0xff,
  0xff,0xff,0xff,0xfc,0x8f,0xff,0xff,0xff,0xff,0xff,0xfc,0x8f,0xff,0xff,0xff,0xff,0xff,0xfc,0x8f,0xff,0xff,0xff,0xff,0xff,
  0xfc,0x8f,0xff,0xff,0x40,0x00,0x00,0x00,0x8f,0xff,0xff,0x40,0x00,0x00,0x00,0x8f,0xff,0xff,0x40,0x00,0x00,0x00,0x8f,0xff,
  0xff,0x40,0x00,0x00,0x00,0x8f,0xff,0xff,0x40,0x00,0x00,0x00,0x8f,0xff,0xff,0x40,0x00,0x00,0x00,0x8f,0xff,0xff,0x40,0x00,
  0x00,0x00,0x8f,0xff,0xff,0x40,0x00,0x00,0x00,0x8f,0xff,0xff,0x40,0x00,0x00,0x00,0x8f,0xff,0xff,0x40,0x00,0x00,0x00,0x8f,
  0xff,0xff,0x40,0x00,0x00,0x00,0x8f,0xff,0xff,0x40,0x00,0x00,0x00,0x8f,0xff,0xff,0x40,0x00,0x00,0x00,0x8f,0xff,0xff,0x40,
  0x00,0x00,0x00,0x8f,0xff,0xff,0x40,0x00,0x00,0x00,0x8f,0xff,0xff,0x40,0x00,0x00,0x00,0x8f,0xff,0xff,0x40,0x00,0x00,0x00,
  0x8f,0xff,0xff,0x40,0x00,0x00,0x00,0x8f,0xff,0xff,0x40,0x00,0x00,0x00,0x8f,0xff,0xff,0x40,0x00,0x00,0x00,0x8f,0xff,0xff,
  0x40,0x00,0x00,0x00,0x8f,0xff,0xff,0x40,0x00,0x00,0x00,0x8f,0xff,0xff,0x40,0x00,0x00,0x00,0x8f,0xff,0xff,0x40,0x00,0x00,
  0x00,0x8f,0xff,0xff,0x40,0x00,0x00,0x00,0x8f,0xff,0xff,0x40,0x00,0x00,0x00,0x8f,0xff,0xff,0x40,0x00,0x00,0x00,0x8f,0xff,
  0xff,0x40,0x00,0x00,0x00,0x8f,0xff,0xff,0x40,0x00,0x00,0x00,0x8f,0xff,0xff,0x40,0x00,0x00,0x00,0x8f,0xff,0xff,0x40,0x00,
  0x00,0x00,0x8f,0xff,0xff,0x40,0x00,0x00,0x00,0x8f,0xff,0xff,0x40,0x00,0x00,0x00,0x8f,0xff,0xff,0x40,0x00,0x00,0x00,0x8f,
  0xff,0xff,0x40,0x00,0x00,0x00,0x8f,0xff,0xff,0x40,0x00,0x00,0x00,0x8f,0xff,0xff,0x40,0x00,0x00,0x00,0x8f,0xff,0xff,0x40,
  0x00,0x00,0x00,0x8f,0xff,0xff,0x40,0x00,0x00,0x00,0x8f,0xff,0xff,0x40,0x00,0x00,0x00,0x8f,0xff,0xff,0x40,0x00,0x00,0x00,
  0x8f,0xff,0xff,0x40,0x00,0x00,0x00,0x8f,0xff,0xff,0x40,0x00,0x00,0x00,0x8f,0xff,0xff,0x40,0x00,0x00,0x00,0x8f,0xff,0xff,
  0x40,0x00,0x00,0x00,0x8f,0xff,0xff,0x40,0x00,0x00,0x00,0x8f,0xff,0xff,0x40,0x00,0x00,0x00,0x8f,0xff,0xff,0xff,0xff,0xff,
  0xfc,0x8f,0xff,0xff,0xff,0xff,0xff,0xfc,0x8f,0xff,0xff,0xff,0xff,0xff,0xfc,0x8f,0xff,0xff,0xff,0xff,0xff,0xfc,0x8f,0xff,
  0xff,0xff,0xff,0xff,0xfc,0xdf,0xff,0xf7,0x00,0x00,0x00,0x00,0x00,0x00,0x00,0x00,0x8f,0xff,0xfc,0x00,0x00,0x00,0x00,0x00,
  0x00,0x00,0x00,0x3f,0xff,0xff,0x10,0x00,0x00,0x00,0x00,0x00,0x00,0x00,0x0e,0xff,0xff,0x60,0x00,0x00,0x00,0x00,0x00,0x00,
  0x00,0x09,0xff,0xff,0xb0,0x00,0x00,0x00,0x00,0x00,0x00,0x00,0x05,0xff,0xff,0xf0,0x00,0x00,0x00,0x00,0x00,0x00,0x00,0x00,
  0xff,0xff,0xf4,0x00,0x00,0x00,0x00,0x00,0x00,0x00,0x00,0xbf,0xff,0xf9,0x00,0x00,0x00,0x00,0x00,0x00,0x00,0x00,0x6f,0xff,
  0xfe,0x00,0x00,0x00,0x00,0x00,0x00,0x00,0x00,0x1f,0xff,0xff,0x30,0x00,0x00,0x00,0x00,0x00,0x00,0x00,0x0c,0xff,0xff,0x80,
  0x00,0x00,0x00,0x00,0x00,0x00,0x00,0x07,0xff,0xff,0xd0,0x00,0x00,0x00,0x00,0x00,0x00,0x00,0x02,0xff,0xff,0xf2,0x00,0x00,
  0x00,0x00,0x00,0x00,0x00,0x00,0xdf,0xff,0xf7,0x00,0x00,0x00,0x00,0x00,0x00,0x00,0x00,0x8f,0xff,0xfc,0x00,0x00,0x00,0x00,
  0x00,0x00,0x00,0x00,0x4f,0xff,0xff,0x10,0x00,0x00,0x00,0x00,0x00,0x00,0x00,0x0e,0xff,0xff,0x50,0x00,0x00,0x00,0x00,0x00,
  0x00,0x00,0x0a,0xff,0xff,0xa0,0x00,0x00,0x00,0x00,0x00,0x00,0x00,0x05,0xff,0xff,0xf0,0x00,0x00,0x00,0x00,0x00,0x00,0x00,
  0x00,0xff,0xff,0xf4,0x00,0x00,0x00,0x00,0x00,0x00,0x00,0x00,0xbf,0xff,0xf9,0x00,0x00,0x00,0x00,0x00,0x00,0x00,0x00,0x6f,
  0xff,0xfe,0x00,0x00,0x00,0x00,0x00,0x00,0x00,0x00,0x1f,0xff,0xff,0x30,0x00,0x00,0x00,0x00,0x00,0x00,0x00,0x0c,0xff,0xff,
  0x80,0x00,0x00,0x00,0x00,0x00,0x00,0x00,0x07,0xff,0xff,0xd0,0x00,0x00,0x00,0x00,0x00,0x00,0x00,0x02,0xff,0xff,0xf2,0x00,
  0x00,0x00,0x00,0x00,0x00,0x00,0x00,0xdf,0xff,0xf6,0x00,0x00,0x00,0x00,0x00,0x00,0x00,0x00,0x9f,0xff,0xfb,0x00,0x00,0x00,
  0x00,0x00,0x00,0x00,0x00,0x4f,0xff,0xff,0x10,0x00,0x00,0x00,0x00,0x00,0x00,0x00,0x0e,0xff,0xff,0x50,0x00,0x00,0x00,0x00,
  0x00,0x00,0x00,0x0a,0xff,0xff,0xa0,0x00,0x00,0x00,0x00,0x00,0x00,0x00,0x05,0xff,0xff,0xf0,0x00,0x00,0x00,0x00,0x00,0x00,
  0x00,0x00,0xff,0xff,0xf4,0x00,0x00,0x00,0x00,0x00,0x00,0x00,0x00,0xbf,0xff,0xf9,0x00,0x00,0x00,0x00,0x00,0x00,0x00,0x00,
  0x6f,0xff,0xfe,0x00,0x00,0x00,0x00,0x00,0x00,0x00,0x00,0x1f,0xff,0xff,0x30,0x00,0x00,0x00,0x00,0x00,0x00,0x00,0x0c,0xff,
  0xff,0x80,0x00,0x00,0x00,0x00,0x00,0x00,0x00,0x08,0xff,0xff,0xc0,0x00,0x00,0x00,0x00,0x00,0x00,0x00,0x03,0xff,0xff,0xf1,
  0x00,0x00,0x00,0x00,0x00,0x00,0x00,0x00,0xef,0xff,0xf6,0x00,0x00,0x00,0x00,0x00,0x00,0x00,0x00,0x9f,0xff,0xfb,0x00,0x00,
  0x00,0x00,0x00,0x00,0x00,0x00,0x4f,0xff,0xff,0x00,0x00,0x00,0x00,0x00,0x00,0x00,0x00,0x0f,0xff,0xff,0x50,0x00,0x00,0x00,
  0x00,0x00,0x00,0x00,0x0a,0xff,0xff,0xa0,0x00,0x00,0x00,0x00,0x00,0x00,0x00,0x05,0xff,0xff,0xe0,0x00,0x00,0x00,0x00,0x00,
  0x00,0x00,0x01,0xff,0xff,0xf4,0x00,0x00,0x00,0x00,0x00,0x00,0x00,0x00,0xbf,0xff,0xf9,0x00,0x00,0x00,0x00,0x00,0x00,0x00,
  0x00,0x7f,0xff,0xfd,0x00,0x00,0x00,0x00,0x00,0x00,0x00,0x00,0x2f,0xff,0xff,0x20,0x00,0x00,0x00,0x00,0x00,0x00,0x00,0x0d,
  0xff,0xff,0x70,0x00,0x00,0x00,0x00,0x00,0x00,0x00,0x08,0xff,0xff,0xc0,0x00,0x00,0x00,0x00,0x00,0x00,0x00,0x03,0xff,0xff,
  0xf1,0x00,0x00,0x00,0x00,0x00,0x00,0x00,0x00,0xef,0xff,0xf6,0xcf,0xff,0xff,0xff,0xff,0xff,0xf7,0xcf,0xff,0xff,0xff,0xff,
  0xff,0xf7,0xcf,0xff,0xff,0xff,0xff,0xff,0xf7,0xcf,0xff,0xff,0xff,0xff,0xff,0xf7,0xcf,0xff,0xff,0xff,0xff,0xff,0xf7,0x00,
  0x00,0x00,0x05,0xff,0xff,0xf7,0x00,0x00,0x00,0x05,0xff,0xff,0xf7,0x00,0x00,0x00,0x05,0xff,0xff,0xf7,0x00,0x00,0x00,0x05,
  0xff,0xff,0xf7,0x00,0x00,0x00,0x05,0xff,0xff,0xf7,0x00,0x00,0x00,0x05,0xff,0xff,0xf7,0x00,0x00,0x00,0x05,0xff,0xff,0xf7,
  0x00,0x00,0x00,0x05,0xff,0xff,0xf7,0x00,0x00,0x00,0x05,0xff,0xff,0xf7,0x00,0x00,0x00,0x05,0xff,0xff,0xf7,0x00,0x00,0x00,
  0x05,0xff,0xff,0xf7,0x00,0x00,0x00,0x05,0xff,0xff,0xf7,0x00,0x00,0x00,0x05,0xff,0xff,0xf7,0x00,0x00,0x00,0x05,0xff,0xff,
  0xf7,0x00,0x00,0x00,0x05,0xff,0xff,0xf7,0x00,0x00,0x00,0x05,0xff,0xff,0xf7,0x00,0x00,0x00,0x05,0xff,0xff,0xf7,0x00,0x00,
  0x00,0x05,0xff,0xff,0xf7,0x00,0x00,0x00,0x05,0xff,0xff,0xf7,0x00,0x00,0x00,0x05,0xff,0xff,0xf7,0x00,0x00,0x00,0x05,0xff,
  0xff,0xf7,0x00,0x00,0x00,0x05,0xff,0xff,0xf7,0x00,0x00,0x00,0x05,0xff,0xff,0xf7,0x00,0x00,0x00,0x05,0xff,0xff,0xf7,0x00,
  0x00,0x00,0x05,0xff,0xff,0xf7,0x00,0x00,0x00,0x05,0xff,0xff,0xf7,0x00,0x00,0x00,0x05,0xff,0xff,0xf7,0x00,0x00,0x00,0x05,
  0xff,0xff,0xf7,0x00,0x00,0x00,0x05,0xff,0xff,0xf7,0x00,0x00,0x00,0x05,0xff,0xff,0xf7,0x00,0x00,0x00,0x05,0xff,0xff,0xf7,
  0x00,0x00,0x00,0x05,0xff,0xff,0xf7,0x00,0x00,0x00,0x05,0xff,0xff,0xf7,0x00,0x00,0x00,0x05,0xff,0xff,0xf7,0x00,0x00,0x00,
  0x05,0xff,0xff,0xf7,0x00,0x00,0x00,0x05,0xff,0xff,0xf7,0x00,0x00,0x00,0x05,0xff,0xff,0xf7,0x00,0x00,0x00,0x05,0xff,0xff,
  0xf7,0x00,0x00,0x00,0x05,0xff,0xff,0xf7,0x00,0x00,0x00,0x05,0xff,0xff,0xf7,0x00,0x00,0x00,0x05,0xff,0xff,0xf7,0x00,0x00,
  0x00,0x05,0xff,0xff,0xf7,0x00,0x00,0x00,0x05,0xff,0xff,0xf7,0x00,0x00,0x00,0x05,0xff,0xff,0xf7,0x00,0x00,0x00,0x05,0xff,
  0xff,0xf7,0x00,0x00,0x00,0x05,0xff,0xff,0xf7,0x00,0x00,0x00,0x05,0xff,0xff,0xf7,0xcf,0xff,0xff,0xff,0xff,0xff,0xf7,0xcf,
  0xff,0xff,0xff,0xff,0xff,0xf7,0xcf,0xff,0xff,0xff,0xff,0xff,0xf7,0xcf,0xff,0xff,0xff,0xff,0xff,0xf7,0xcf,0xff,0xff,0xff,
  0xff,0xff,0xf7,0x00,0x00,0x00,0x00,0x00,0x00,0x00,0x00,0x0b,0xff,0xff,0xff,0x60,0x00,0x00,0x00,0x00,0x00,0x00,0x00,0x00,
  0x00,0x00,0x00,0x00,0x00,0x00,0x00,0x00,0xbf,0xff,0xff,0xff,0xf6,0x00,0x00,0x00,0x00,0x00,0x00,0x00,0x00,0x00,0x00,0x00,
  0x00,0x00,0x00,0x00,0x0b,0xff,0xff,0xff,0xff,0xff,0x60,0x00,0x00,0x00,0x00,0x00,0x00,0x00,0x00,0x00,0x00,0x00,0x00,0x00,
  0x00,0xbf,0xff,0xff,0xff,0xff,0xff,0xf6,0x00,0x00,0x00,0x00,0x00,0x00,0x00,0x00,0x00,0x00,0x00,0x00,0x00,0x0b,0xff,0xff,
  0xff,0xff,0xff,0xff,0xff,0x50,0x00,0x00,0x00,0x00,0x00,0x00,0x00,0x00,0x00,0x00,0x00,0x00,0xbf,0xff,0xff,0xfe,0x38,0xff,
  0xff,0xff,0xf5,0x00,0x00,0x00,0x00,0x00,0x00,0x00,0x00,0x00,0x00,0x00,0x0b,0xff,0xff,0xff,0xd2,0x00,0x6f,0xff,0xff,0xff,
  0x50,0x00,0x00,0x00,0x00,0x00,0x00,0x00,0x00,0x00,0x00,0xbf,0xff,0xff,0xfc,0x10,0x00,0x04,0xff,0xff,0xff,0xf5,0x00,0x00,
  0x00,0x00,0x00,0x00,0x00,0x00,0x00,0x0b,0xff,0xff,0xff,0xb0,0x00,0x00,0x00,0x3e,0xff,0xff,0xff,0x50,0x00,0x00,0x00,0x00,
  0x00,0x00,0x00,0x00,0xbf,0xff,0xff,0xf9,0x00,0x00,0x00,0x00,0x02,0xdf,0xff,0xff,0xf5,0x00,0x00,0x00,0x00,0x00,0x00,0x00,
  0x0b,0xff,0xff,0xff,0x70,0x00,0x00,0x00,0x00,0x00,0x1c,0xff,0xff,0xff,0x50,0x00,0x00,0x00,0x00,0x00,0x00,0xbf,0xff,0xff,
  0xf5,0x00,0x00,0x00,0x00,0x00,0x00,0x00,0xaf,0xff,0xff,0xf5,0x00,0x00,0x00,0x00,0x00,0x0b,0xff,0xff,0xff,0x40,0x00,0x00,
  0x00,0x00,0x00,0x00,0x00,0x08,0xff,0xff,0xff,0x50,0x00,0x00,0x00,0x00,0xbf,0xff,0xff,0xe2,0x00,0x00,0x00,0x00,0x00,0x00,
  0x00,0x00,0x00,0x7f,0xff,0xff,0xf5,0x00,0x00,0x00,0x0b,0xff,0xff,0xfc,0x10,0x00,0x00,0x00,0x00,0x00,0x00,0x00,0x00,0x00,
  0x05,0xff,0xff,0xff,0x50,0x00,0x00,0xbf,0xff,0xff,0xb0,0x00,0x00,0x00,0x00,0x00,0x00,0x00,0x00,0x00,0x00,0x00,0x3e,0xff,
  0xff,0xf5,0x00,0x0b,0xff,0xff,0xf9,0x00,0x00,0x00,0x00,0x00,0x00,0x00,0x00,0x00,0x00,0x00,0x00,0x02,0xdf,0xff,0xff,0x50,
  0xaf,0xff,0xff,0xff,0xff,0xff,0xff,0xff,0xff,0xff,0xff,0xff,0xff,0xff,0xff,0xff,0xfa,0xaf,0xff,0xff,0xff,0xff,0xff,0xff,
  0xff,0xff,0xff,0xff,0xff,0xff,0xff,0xff,0xff,0xfa,0xaf,0xff,0xff,0xff,0xff,0xff,0xff,0xff,0xff,0xff,0xff,0xff,0xff,0xff,
  0xff,0xff,0xfa,0xaf,0xff,0xff,0xff,0xff,0xff,0xff,0xff,0xff,0xff,0xff,0xff,0xff,0xff,0xff,0xff,0xfa,0xaf,0xff,0xff,0xff,
  0xff,0xff,0xff,0xff,0xff,0xff,0xff,0xff,0xff,0xff,0xff,0xff,0xfa,0x4f,0xff,0xff,0xc0,0x00,0x00,0x00,0x00,0x06,0xff,0xff,
  0xf9,0x00,0x00,0x00,0x00,0x00,0x9f,0xff,0xff,0x40,0x00,0x00,0x00,0x00,0x0b,0xff,0xff,0xe1,0x00,0x00,0x00,0x00,0x00,0xdf,
  0xff,0xfc,0x00,0x00,0x00,0x00,0x00,0x1e,0xff,0xff,0x80,0x00,0x00,0x00,0x00,0x03,0xff,0xff,0xf4,0x00,0x00,0x00,0x00,0x00,
  0x5f,0xff,0xfe,0x10,0x00,0x00,0x00,0x00,0x07,0xff,0xff,0xb0,0x00,0x00,0x00,0x00,0x00,0x9f,0xff,0xf7,0x00,0x00,0x00,0x00,
  0x00,0x0c,0xff,0xff,0x30,0x00,0x00,0x00,0x00,0x01,0xdf,0xff,0xd0,0x00,0x00,0x00,0x00,0x03,0x6a,0xce,0xff,0xfe,0xc9,0x61,
  0x00,0x00,0x00,0x00,0x00,0x00,0x00,0x00,0x49,0xef,0xff,0xff,0xff,0xff,0xff,0xff,0xb4,0x00,0x00,0x00,0x00,0x00,0x01,0x7d,
  0xff,0xff,0xff,0xff,0xff,0xff,0xff,0xff,0xff,0xb1,0x00,0x00,0x00,0x00,0x09,0xff,0xff,0xff,0xff,0xff,0xff,0xff,0xff,0xff,
  0xff,0xfe,0x20,0x00,0x00,0x00,0x09,0xff,0xff,0xff,0xff,0xff,0xff,0xff,0xff,0xff,0xff,0xff,0xe1,0x00,0x00,0x00,0x09,0xff,
  0xff,0xda,0x63,0x21,0x00,0x14,0x7c,0xff,0xff,0xff,0xfc,0x00,0x00,0x00,0x09,0xfe,0x83,0x00,0x00,0x00,0x00,0x00,0x00,0x3d,
  0xff,0xff,0xff,0x50,0x00,0x00,0x08,0x70,0x00,0x00,0x00,0x00,0x00,0x00,0x00,0x00,0xaf,0xff,0xff,0xd0,0x00,0x00,0x00,0x00,
  0x00,0x00,0x00,0x00,0x00,0x00,0x00,0x00,0x0c,0xff,0xff,0xf3,0x00,0x00,0x00,0x00,0x00,0x00,0x00,0x00,0x00,0x00,0x00,0x00,
  0x03,0xff,0xff,0xf8,0x00,0x00,0x00,0x00,0x00,0x00,0x00,0x00,0x00,0x00,0x00,0x00,0x00,0xdf,0xff,0xfc,0x00,0x00,0x00,0x00,
  0x00,0x00,0x00,0x00,0x00,0x00,0x00,0x00,0x00,0x8f,0xff,0xff,0x00,0x00,0x00,0x00,0x00,0x00,0x00,0x00,0x00,0x00,0x00,0x00,
  0x00,0x6f,0xff,0xff,0x20,0x00,0x00,0x00,0x00,0x00,0x00,0x00,0x00,0x00,0x00,0x00,0x00,0x5f,0xff,0xff,0x40,0x00,0x00,0x00,
  0x00,0x02,0x68,0xbd,0xef,0xff,0xff,0xff,0xff,0xff,0xff,0xff,0x50,0x00,0x00,0x00,0x17,0xdf,0xff,0xff,0xff,0xff,0xff,0xff,
  0xff,0xff,0xff,0xff,0x60,0x00,0x00,0x06,0xef,0xff,0xff,0xff,0xff,0xff,0xff,0xff,0xff,0xff,0xff,0xff,0x60,0x00,0x00,0xbf,
  0xff,0xff,0xff,0xff,0xff,0xff,0xff,0xff,0xff,0xff,0xff,0xff,0x60,0x00,0x0b,0xff,0xff,0xff,0xff,0xff,0xff,0xff,0xff,0xff,
  0xff,0xff,0xff,0xff,0x60,0x00,0x6f,0xff,0xff,0xff,0xfb,0x75,0x31,0x10,0x00,0x00,0x00,0x5f,0xff,0xff,0x60,0x01,0xff,0xff,
  0xff,0xf6,0x00,0x00,0x00,0x00,0x00,0x00,0x00,0x5f,0xff,0xff,0x60,0x06,0xff,0xff,0xfe,0x20,0x00,0x00,0x00,0x00,0x00,0x00,
  0x00,0x6f,0xff,0xff,0x60,0x0b,0xff,0xff,0xf5,0x00,0x00,0x00,0x00,0x00,0x00,0x00,0x00,0x8f,0xff,0xff,0x60,0x0f,0xff,0xff,
  0xe0,0x00,0x00,0x00,0x00,0x00,0x00,0x00,0x00,0xbf,0xff,0xff,0x60,0x0f,0xff,0xff,0xb0,0x00,0x00,0x00,0x00,0x00,0x00,0x00,
  0x00,0xef,0xff,0xff,0x60,0x1f,0xff,0xff,0x90,0x00,0x00,0x00,0x00,0x00,0x00,0x00,0x04,0xff,0xff,0xff,0x60,0x1f,0xff,0xff,
  0xa0,0x00,0x00,0x00,0x00,0x00,0x00,0x00,0x0b,0xff,0xff,0xff,0x60,0x0f,0xff,0xff,0xd0,0x00,0x00,0x00,0x00,0x00,0x00,0x00,
  0x4f,0xff,0xff,0xff,0x60,0x0e,0xff,0xff,0xf3,0x00,0x00,0x00,0x00,0x00,0x00,0x01,0xef,0xff,0xff,0xff,0x60,0x0a,0xff,0xff,
  0xfd,0x00,0x00,0x00,0x00,0x00,0x00,0x2d,0xff,0xff,0xff,0xff,0x60,0x05,0xff,0xff,0xff,0xc2,0x00,0x00,0x00,0x00,0x06,0xef,
  0xff,0xff,0xff,0xff,0x60,0x00,0xdf,0xff,0xff,0xff,0xa5,0x10,0x01,0x48,0xdf,0xff,0xff,0xaf,0xff,0xff,0x60,0x00,0x3f,0xff,
  0xff,0xff,0xff,0xff,0xff,0xff,0xff,0xff,0xf8,0x5f,0xff,0xff,0x60,0x00,0x06,0xff,0xff,0xff,0xff,0xff,0xff,0xff,0xff,0xff,
  0x90,0x5f,0xff,0xff,0x60,0x00,0x00,0x5f,0xff,0xff,0xff,0xff,0xff,0xff,0xff,0xf6,0x00,0x5f,0xff,0xff,0x60,0x00,0x00,0x02,
  0xaf,0xff,0xff,0xff,0xff,0xff,0xfa,0x20,0x00,0x5f,0xff,0xff,0x60,0x00,0x00,0x00,0x02,0x7b,0xde,0xff,0xec,0x95,0x10,0x00,
  0x00,0x00,0x00,0x00,0x00,0x3f,0xff,0xff,0x90,0x00,0x00,0x00,0x00,0x00,0x00,0x00,0x00,0x00,0x00,0x00,0x00,0x00,0x3f,0xff,
  0xff,0x90,0x00,0x00,0x00,0x00,0x00,0x00,0x00,0x00,0x00,0x00,0x00,0x00,0x00,0x3f,0xff,0xff,0x90,0x00,0x00,0x00,0x00,0x00,
  0x00,0x00,0x00,0x00,0x00,0x00,0x00,0x00,0x3f,0xff,0xff,0x90,0x00,0x00,0x00,0x00,0x00,0x00,0x00,0x00,0x00,0x00,0x00,0x00,
  0x00,0x3f,0xff,0xff,0x90,0x00,0x00,0x00,0x00,0x00,0x00,0x00,0x00,0x00,0x00,0x00,0x00,0x00,0x3f,0xff,0xff,0x90,0x00,0x00,
  0x00,0x00,0x00,0x00,0x00,0x00,0x00,0x00,0x00,0x00,0x00,0x3f,0xff,0xff,0x90,0x00,0x00,0x00,0x00,0x00,0x00,0x00,0x00,0x00,
  0x00,0x00,0x00,0x00,0x3f,0xff,0xff,0x90,0x00,0x00,0x00,0x00,0x00,0x00,0x00,0x00,0x00,0x00,0x00,0x00,0x00,0x3f,0xff,0xff,
  0x90,0x00,0x00,0x00,0x00,0x00,0x00,0x00,0x00,0x00,0x00,0x00,0x00,0x00,0x3f,0xff,0xff,0x90,0x00,0x00,0x00,0x00,0x00,0x00,
  0x00,0x00,0x00,0x00,0x00,0x00,0x00,0x3f,0xff,0xff,0x90,0x00,0x00,0x00,0x00,0x00,0x00,0x00,0x00,0x00,0x00,0x00,0x00,0x00,
  0x3f,0xff,0xff,0x90,0x00,0x00,0x00,0x00,0x00,0x00,0x00,0x00,0x00,0x00,0x00,0x00,0x00,0x3f,0xff,0xff,0x90,0x00,0x00,0x00,
  0x00,0x00,0x00,0x00,0x00,0x00,0x00,0x00,0x00,0x00,0x3f,0xff,0xff,0x90,0x00,0x00,0x16,0xad,0xef,0xfe,0xb7,0x20,0x00,0x00,
  0x00,0x00,0x00,0x3f,0xff,0xff,0x90,0x00,0x2a,0xff,0xff,0xff,0xff,0xff,0xfb,0x30,0x00,0x00,0x00,0x00,0x3f,0xff,0xff,0x90,
  0x06,0xff,0xff,0xff,0xff,0xff,0xff,0xff,0xf7,0x00,0x00,0x00,0x00,0x3f,0xff,0xff,0x90,0x7f,0xff,0xff,0xff,0xff,0xff,0xff,
  0xff,0xff,0xa0,0x00,0x00,0x00,0x3f,0xff,0xff,0x95,0xff,0xff,0xff,0xff,0xff,0xff,0xff,0xff,0xff,0xf9,0x00,0x00,0x00,0x3f,
  0xff,0xff,0xbf,0xff,0xff,0xd7,0x31,0x01,0x49,0xef,0xff,0xff,0xff,0x60,0x00,0x00,0x3f,0xff,0xff,0xff,0xff,0xf7,0x00,0x00,
  0x00,0x00,0x09,0xff,0xff,0xff,0xe1,0x00,0x00,0x3f,0xff,0xff,0xff,0xff,0x30,0x00,0x00,0x00,0x00,0x00,0x7f,0xff,0xff,0xfa,
  0x00,0x00,0x3f,0xff,0xff,0xff,0xf5,0x00,0x00,0x00,0x00,0x00,0x00,0x09,0xff,0xff,0xff,0x20,0x00,0x3f,0xff,0xff,0xff,0xa0,
  0x00,0x00,0x00,0x00,0x00,0x00,0x00,0xef,0xff,0xff,0x80,0x00,0x3f,0xff,0xff,0xff,0x20,0x00,0x00,0x00,0x00,0x00,0x00,0x00,
  0x5f,0xff,0xff,0xe0,0x00,0x3f,0xff,0xff,0xfb,0x00,0x00,0x00,0x00,0x00,0x00,0x00,0x00,0x0f,0xff,0xff,0xf3,0x00,0x3f,0xff,
  0xff,0xf6,0x00,0x00,0x00,0x00,0x00,0x00,0x00,0x00,0x0a,0xff,0xff,0xf7,0x00,0x3f,0xff,0xff,0xf2,0x00,0x00,0x00,0x00,0x00,
  0x00,0x00,0x00,0x06,0xff,0xff,0xfa,0x00,0x3f,0xff,0xff,0xf0,0x00,0x00,0x00,0x00,0x00,0x00,0x00,0x00,0x03,0xff,0xff,0xfd,
  0x00,0x3f,0xff,0xff,0xc0,0x00,0x00,0x00,0x00,0x00,0x00,0x00,0x00,0x00,0xff,0xff,0xfe,0x00,0x3f,0xff,0xff,0xb0,0x00,0x00,
  0x00,0x00,0x00,0x00,0x00,0x00,0x00,0xff,0xff,0xff,0x00,0x3f,0xff,0xff,0xa0,0x00,0x00,0x00,0x00,0x00,0x00,0x00,0x00,0x00,
  0xef,0xff,0xff,0x00,0x3f,0xff,0xff,0x90,0x00,0x00,0x00,0x00,0x00,0x00,0x00,0x00,0x00,0xdf,0xff,0xff,0x10,0x3f,0xff,0xff,
  0xa0,0x00,0x00,0x00,0x00,0x00,0x00,0x00,0x00,0x00,0xef,0xff,0xff,0x00,0x3f,0xff,0xff,0xb0,0x00,0x00,0x00,0x00,0x00,0x00,
  0x00,0x00,0x00,0xff,0xff,0xff,0x00,0x3f,0xff,0xff,0xc0,0x00,0x00,0x00,0x00,0x00,0x00,0x00,0x00,0x00,0xff,0xff,0xfe,0x00,
  0x3f,0xff,0xff,0xf0,0x00,0x00,0x00,0x00,0x00,0x00,0x00,0x00,0x03,0xff,0xff,0xfd,0x00,0x3f,0xff,0xff,0xf2,0x00,0x00,0x00,
  0x00,0x00,0x00,0x00,0x00,0x06,0xff,0xff,0xfa,0x00,0x3f,0xff,0xff,0xf6,0x00,0x00,0x00,0x00,0x00,0x00,0x00,0x00,0x0a,0xff,
  0xff,0xf7,0x00,0x3f,0xff,0xff,0xfb,0x00,0x00,0x00,0x00,0x00,0x00,0x00,0x00,0x0f,0xff,0xff,0xf3,0x00,0x3f,0xff,0xff,0xff,
  0x20,0x00,0x00,0x00,0x00,0x00,0x00,0x00,0x5f,0xff,0xff,0xe0,0x00,0x3f,0xff,0xff,0xff,0xa0,0x00,0x00,0x00,0x00,0x00,0x00,
  0x00,0xef,0xff,0xff,0x80,0x00,0x3f,0xff,0xff,0xff,0xf5,0x00,0x00,0x00,0x00,0x00,0x00,0x09,0xff,0xff,0xff,0x20,0x00,0x3f,
  0xff,0xff,0xff,0xff,0x30,0x00,0x00,0x00,0x00,0x00,0x7f,0xff,0xff,0xfa,0x00,0x00,0x3f,0xff,0xff,0xff,0xff,0xf6,0x00,0x00,
  0x00,0x00,0x09,0xff,0xff,0xff,0xe1,0x00,0x00,0x3f,0xff,0xff,0xbf,0xff,0xff,0xd7,0x31,0x01,0x39,0xef,0xff,0xff,0xff,0x60,
  0x00,0x00,0x3f,0xff,0xff,0x95,0xff,0xff,0xff,0xff,0xff,0xff,0xff,0xff,0xff,0xf9,0x00,0x00,0x00,0x3f,0xff,0xff,0x90,0x7f,
  0xff,0xff,0xff,0xff,0xff,0xff,0xff,0xff,0xa0,0x00,0x00,0x00,0x3f,0xff,0xff,0x90,0x06,0xff,0xff,0xff,0xff,0xff,0xff,0xff,
  0xf8,0x00,0x00,0x00,0x00,0x3f,0xff,0xff,0x90,0x00,0x2a,0xff,0xff,0xff,0xff,0xff,0xfb,0x30,0x00,0x00,0x00,0x00,0x00,0x00,
  0x00,0x00,0x00,0x00,0x16,0xad,0xff,0xfe,0xb7,0x20,0x00,0x00,0x00,0x00,0x00,0x00,0x00,0x00,0x00,0x00,0x00,0x48,0xbd,0xef,
  0xfe,0xda,0x62,0x00,0x00,0x00,0x00,0x00,0x00,0x00,0x02,0x9f,0xff,0xff,0xff,0xff,0xff,0xff,0xc6,0x00,0x00,0x00,0x00,0x00,
  0x01,0xaf,0xff,0xff,0xff,0xff,0xff,0xff,0xff,0xff,0xe6,0x00,0x00,0x00,0x00,0x4e,0xff,0xff,0xff,0xff,0xff,0xff,0xff,0xff,
  0xff,0xff,0x30,0x00,0x00,0x05,0xff,0xff,0xff,0xff,0xff,0xff,0xff,0xff,0xff,0xff,0xff,0x30,0x00,0x00,0x4f,0xff,0xff,0xff,
  0xfd,0x94,0x21,0x01,0x25,0x9d,0xff,0xff,0x30,0x00,0x01,0xef,0xff,0xff,0xfe,0x60,0x00,0x00,0x00,0x00,0x00,0x39,0xff,0x30,
  0x00,0x0b,0xff,0xff,0xff,0xc1,0x00,0x00,0x00,0x00,0x00,0x00,0x00,0x19,0x30,0x00,0x4f,0xff,0xff,0xfb,0x00,0x00,0x00,0x00,
  0x00,0x00,0x00,0x00,0x00,0x00,0x00,0xcf,0xff,0xff,0xe1,0x00,0x00,0x00,0x00,0x00,0x00,0x00,0x00,0x00,0x00,0x02,0xff,0xff,
  0xff,0x50,0x00,0x00,0x00,0x00,0x00,0x00,0x00,0x00,0x00,0x00,0x08,0xff,0xff,0xfe,0x00,0x00,0x00,0x00,0x00,0x00,0x00,0x00,
  0x00,0x00,0x00,0x0c,0xff,0xff,0xf7,0x00,0x00,0x00,0x00,0x00,0x00,0x00,0x00,0x00,0x00,0x00,0x0f,0xff,0xff,0xf3,0x00,0x00,
  0x00,0x00,0x00,0x00,0x00,0x00,0x00,0x00,0x00,0x2f,0xff,0xff,0xf0,0x00,0x00,0x00,0x00,0x00,0x00,0x00,0x00,0x00,0x00,0x00,
  0x4f,0xff,0xff,0xc0,0x00,0x00,0x00,0x00,0x00,0x00,0x00,0x00,0x00,0x00,0x00,0x6f,0xff,0xff,0xb0,0x00,0x00,0x00,0x00,0x00,
  0x00,0x00,0x00,0x00,0x00,0x00,0x7f,0xff,0xff,0xa0,0x00,0x00,0x00,0x00,0x00,0x00,0x00,0x00,0x00,0x00,0x00,0x7f,0xff,0xff,
  0x90,0x00,0x00,0x00,0x00,0x00,0x00,0x00,0x00,0x00,0x00,0x00,0x6f,0xff,0xff,0xa0,0x00,0x00,0x00,0x00,0x00,0x00,0x00,0x00,
  0x00,0x00,0x00,0x6f,0xff,0xff,0xb0,0x00,0x00,0x00,0x00,0x00,0x00,0x00,0x00,0x00,0x00,0x00,0x4f,0xff,0xff,0xc0,0x00,0x00,
  0x00,0x00,0x00,0x00,0x00,0x00,0x00,0x00,0x00,0x2f,0xff,0xff,0xf0,0x00,0x00,0x00,0x00,0x00,0x00,0x00,0x00,0x00,0x00,0x00,
  0x0f,0xff,0xff,0xf3,0x00,0x00,0x00,0x00,0x00,0x00,0x00,0x00,0x00,0x00,0x00,0x0c,0xff,0xff,0xf7,0x00,0x00,0x00,0x00,0x00,
  0x00,0x00,0x00,0x00,0x00,0x00,0x07,0xff,0xff,0xfe,0x00,0x00,0x00,0x00,0x00,0x00,0x00,0x00,0x00,0x00,0x00,0x02,0xff,0xff,
  0xff,0x50,0x00,0x00,0x00,0x00,0x00,0x00,0x00,0x00,0x00,0x00,0x00,0xcf,0xff,0xff,0xe1,0x00,0x00,0x00,0x00,0x00,0x00,0x00,
  0x00,0x00,0x00,0x00,0x4f,0xff,0xff,0xfb,0x00,0x00,0x00,0x00,0x00,0x00,0x00,0x00,0x00,0x00,0x00,0x0b,0xff,0xff,0xff,0xc1,
  0x00,0x00,0x00,0x00,0x00,0x00,0x00,0x19,0x30,0x00,0x01,0xef,0xff,0xff,0xfe,0x60,0x00,0x00,0x00,0x00,0x00,0x39,0xff,0x30,
  0x00,0x00,0x4f,0xff,0xff,0xff,0xfd,0x94,0x21,0x01,0x25,0x8d,0xff,0xff,0x30,0x00,0x00,0x05,0xff,0xff,0xff,0xff,0xff,0xff,
  0xff,0xff,0xff,0xff,0xff,0x30,0x00,0x00,0x00,0x4e,0xff,0xff,0xff,0xff,0xff,0xff,0xff,0xff,0xff,0xff,0x30,0x00,0x00,0x00,
  0x01,0xaf,0xff,0xff,0xff,0xff,0xff,0xff,0xff,0xff,0xe6,0x00,0x00,0x00,0x00,0x00,0x03,0xaf,0xff,0xff,0xff,0xff,0xff,0xff,
  0xc6,0x00,0x00,0x00,0x00,0x00,0x00,0x00,0x01,0x59,0xce,0xff,0xfe,0xc9,0x62,0x00,0x00,0x00,0x00,0x00,0x00,0x00,0x00,0x00,
  0x00,0x00,0x00,0x00,0x00,0x00,0x00,0xff,0xff,0xfd,0x00,0x00,0x00,0x00,0x00,0x00,0x00,0x00,0x00,0x00,0x00,0x00,0x00,0xff,
  0xff,0xfd,0x00,0x00,0x00,0x00,0x00,0x00,0x00,0x00,0x00,0x00,0x00,0x00,0x00,0xff,0xff,0xfd,0x00,0x00,0x00,0x00,0x00,0x00,
  0x00,0x00,0x00,0x00,0x00,0x00,0x00,0xff,0xff,0xfd,0x00,0x00,0x00,0x00,0x00,0x00,0x00,0x00,0x00,0x00,0x00,0x00,0x00,0xff,
  0xff,0xfd,0x00,0x00,0x00,0x00,0x00,0x00,0x00,0x00,0x00,0x00,0x00,0x00,0x00,0xff,0xff,0xfd,0x00,0x00,0x00,0x00,0x00,0x00,
  0x00,0x00,0x00,0x00,0x00,0x00,0x00,0xff,0xff,0xfd,0x00,0x00,0x00,0x00,0x00,0x00,0x00,0x00,0x00,0x00,0x00,0x00,0x00,0xff,
  0xff,0xfd,0x00,0x00,0x00,0x00,0x00,0x00,0x00,0x00,0x00,0x00,0x00,0x00,0x00,0xff,0xff,0xfd,0x00,0x00,0x00,0x00,0x00,0x00,
  0x00,0x00,0x00,0x00,0x00,0x00,0x00,0xff,0xff,0xfd,0x00,0x00,0x00,0x00,0x00,0x00,0x00,0x00,0x00,0x00,0x00,0x00,0x00,0xff,
  0xff,0xfd,0x00,0x00,0x00,0x00,0x00,0x00,0x00,0x00,0x00,0x00,0x00,0x00,0x00,0xff,0xff,0xfd,0x00,0x00,0x00,0x00,0x00,0x00,
  0x00,0x00,0x00,0x00,0x00,0x00,0x00,0xff,0xff,0xfd,0x00,0x00,0x00,0x00,0x00,0x49,0xce,0xff,0xec,0x95,0x00,0x00,0x00,0xff,
  0xff,0xfd,0x00,0x00,0x00,0x00,0x6e,0xff,0xff,0xff,0xff,0xff,0xe7,0x00,0x00,0xff,0xff,0xfd,0x00,0x00,0x00,0x1c,0xff,0xff,
  0xff,0xff,0xff,0xff,0xff,0xd2,0x00,0xff,0xff,0xfd,0x00,0x00,0x02,0xef,0xff,0xff,0xff,0xff,0xff,0xff,0xff,0xfe,0x30,0xff,
  0xff,0xfd,0x00,0x00,0x1e,0xff,0xff,0xff,0xff,0xff,0xff,0xff,0xff,0xff,0xe1,0xff,0xff,0xfd,0x00,0x00,0xbf,0xff,0xff,0xff,
  0xc6,0x21,0x02,0x49,0xff,0xff,0xfb,0xff,0xff,0xfd,0x00,0x06,0xff,0xff,0xff,0xe5,0x00,0x00,0x00,0x00,0x1a,0xff,0xff,0xff,
  0xff,0xfd,0x00,0x1e,0xff,0xff,0xfe,0x20,0x00,0x00,0x00,0x00,0x00,0x8f,0xff,0xff,0xff,0xfd,0x00,0x7f,0xff,0xff,0xf3,0x00,
  0x00,0x00,0x00,0x00,0x00,0x0a,0xff,0xff,0xff,0xfd,0x00,0xef,0xff,0xff,0x80,0x00,0x00,0x00,0x00,0x00,0x00,0x01,0xff,0xff,
  0xff,0xfd,0x04,0xff,0xff,0xfe,0x00,0x00,0x00,0x00,0x00,0x00,0x00,0x00,0x7f,0xff,0xff,0xfd,0x09,0xff,0xff,0xf9,0x00,0x00,
  0x00,0x00,0x00,0x00,0x00,0x00,0x1f,0xff,0xff,0xfd,0x0c,0xff,0xff,0xf4,0x00,0x00,0x00,0x00,0x00,0x00,0x00,0x00,0x0b,0xff,
  0xff,0xfd,0x0f,0xff,0xff,0xf0,0x00,0x00,0x00,0x00,0x00,0x00,0x00,0x00,0x07,0xff,0xff,0xfd,0x3f,0xff,0xff,0xd0,0x00,0x00,
  0x00,0x00,0x00,0x00,0x00,0x00,0x04,0xff,0xff,0xfd,0x4f,0xff,0xff,0xa0,0x00,0x00,0x00,0x00,0x00,0x00,0x00,0x00,0x01,0xff,
  0xff,0xfd,0x5f,0xff,0xff,0x90,0x00,0x00,0x00,0x00,0x00,0x00,0x00,0x00,0x00,0xff,0xff,0xfd,0x6f,0xff,0xff,0x80,0x00,0x00,
  0x00,0x00,0x00,0x00,0x00,0x00,0x00,0xff,0xff,0xfd,0x7f,0xff,0xff,0x70,0x00,0x00,0x00,0x00,0x00,0x00,0x00,0x00,0x00,0xff,
  0xff,0xfd,0x6f,0xff,0xff,0x80,0x00,0x00,0x00,0x00,0x00,0x00,0x00,0x00,0x00,0xff,0xff,0xfd,0x5f,0xff,0xff,0x90,0x00,0x00,
  0x00,0x00,0x00,0x00,0x00,0x00,0x00,0xff,0xff,0xfd,0x4f,0xff,0xff,0xa0,0x00,0x00,0x00,0x00,0x00,0x00,0x00,0x00,0x01,0xff,
  0xff,0xfd,0x3f,0xff,0xff,0xd0,0x00,0x00,0x00,0x00,0x00,0x00,0x00,0x00,0x04,0xff,0xff,0xfd,0x0f,0xff,0xff,0xf0,0x00,0x00,
  0x00,0x00,0x00,0x00,0x00,0x00,0x07,0xff,0xff,0xfd,0x0c,0xff,0xff,0xf4,0x00,0x00,0x00,0x00,0x00,0x00,0x00,0x00,0x0b,0xff,
  0xff,0xfd,0x09,0xff,0xff,0xf9,0x00,0x00,0x00,0x00,0x00,0x00,0x00,0x00,0x1f,0xff,0xff,0xfd,0x04,0xff,0xff,0xfe,0x00,0x00,
  0x00,0x00,0x00,0x00,0x00,0x00,0x7f,0xff,0xff,0xfd,0x00,0xef,0xff,0xff,0x80,0x00,0x00,0x00,0x00,0x00,0x00,0x01,0xff,0xff,
  0xff,0xfd,0x00,0x7f,0xff,0xff,0xf3,0x00,0x00,0x00,0x00,0x00,0x00,0x0a,0xff,0xff,0xff,0xfd,0x00,0x1e,0xff,0xff,0xfe,0x20,
  0x00,0x00,0x00,0x00,0x00,0x8f,0xff,0xff,0xff,0xfd,0x00,0x06,0xff,0xff,0xff,0xe5,0x00,0x00,0x00,0x00,0x1a,0xff,0xff,0xff,
  0xff,0xfd,0x00,0x00,0xbf,0xff,0xff,0xff,0xc6,0x21,0x02,0x49,0xff,0xff,0xfb,0xff,0xff,0xfd,0x00,0x00,0x1e,0xff,0xff,0xff,
  0xff,0xff,0xff,0xff,0xff,0xff,0xe1,0xff,0xff,0xfd,0x00,0x00,0x02,0xef,0xff,0xff,0xff,0xff,0xff,0xff,0xff,0xfe,0x30,0xff,
  0xff,0xfd,0x00,0x00,0x00,0x1c,0xff,0xff,0xff,0xff,0xff,0xff,0xff,0xd2,0x00,0xff,0xff,0xfd,0x00,0x00,0x00,0x00,0x6e,0xff,
  0xff,0xff,0xff,0xff,0xe8,0x00,0x00,0xff,0xff,0xfd,0x00,0x00,0x00,0x00,0x00,0x49,0xce,0xff,0xec,0x95,0x00,0x00,0x00,0x00,
  0x00,0x00,0x00,0x00,0x00,0x00,0x00,0x00,0x59,0xce,0xff,0xfe,0xc9,0x51,0x00,0x00,0x00,0x00,0x00,0x00,0x00,0x00,0x00,0x03,
  0xaf,0xff,0xff,0xff,0xff,0xff,0xff,0xa2,0x00,0x00,0x00,0x00,0x00,0x00,0x00,0x01,0xaf,0xff,0xff,0xff,0xff,0xff,0xff,0xff,
  0xff,0x80,0x00,0x00,0x00,0x00,0x00,0x00,0x3e,0xff,0xff,0xff,0xff,0xff,0xff,0xff,0xff,0xff,0xfb,0x00,0x00,0x00,0x00,0x00,
  0x04,0xff,0xff,0xff,0xff,0xff,0xff,0xff,0xff,0xff,0xff,0xff,0xc0,0x00,0x00,0x00,0x00,0x3f,0xff,0xff,0xff,0xfa,0x62,0x10,
  0x12,0x6a,0xff,0xff,0xff,0xf9,0x00,0x00,0x00,0x01,0xef,0xff,0xff,0xf9,0x10,0x00,0x00,0x00,0x00,0x2c,0xff,0xff,0xff,0x50,
  0x00,0x00,0x0a,0xff,0xff,0xff,0x40,0x00,0x00,0x00,0x00,0x00,0x00,0xaf,0xff,0xff,0xe0,0x00,0x00,0x3f,0xff,0xff,0xf4,0x00,
  0x00,0x00,0x00,0x00,0x00,0x00,0x0c,0xff,0xff,0xf6,0x00,0x00,0xbf,0xff,0xff,0x80,0x00,0x00,0x00,0x00,0x00,0x00,0x00,0x02,
  0xff,0xff,0xfc,0x00,0x01,0xff,0xff,0xfe,0x00,0x00,0x00,0x00,0x00,0x00,0x00,0x00,0x00,0xaf,0xff,0xff,0x10,0x07,0xff,0xff,
  0xf8,0x00,0x00,0x00,0x00,0x00,0x00,0x00,0x00,0x00,0x5f,0xff,0xff,0x60,0x0b,0xff,0xff,0xf3,0x00,0x00,0x00,0x00,0x00,0x00,
  0x00,0x00,0x00,0x1f,0xff,0xff,0x90,0x0f,0xff,0xff,0xf0,0x00,0x00,0x00,0x00,0x00,0x00,0x00,0x00,0x00,0x0e,0xff,0xff,0xb0,
  0x2f,0xff,0xff,0xc0,0x00,0x00,0x00,0x00,0x00,0x00,0x00,0x00,0x00,0x0d,0xff,0xff,0xd0,0x4f,0xff,0xff,0xff,0xff,0xff,0xff,
  0xff,0xff,0xff,0xff,0xff,0xff,0xff,0xff,0xff,0xe0,0x5f,0xff,0xff,0xff,0xff,0xff,0xff,0xff,0xff,0xff,0xff,0xff,0xff,0xff,
  0xff,0xff,0xf0,0x6f,0xff,0xff,0xff,0xff,0xff,0xff,0xff,0xff,0xff,0xff,0xff,0xff,0xff,0xff,0xff,0xf0,0x7f,0xff,0xff,0xff,
  0xff,0xff,0xff,0xff,0xff,0xff,0xff,0xff,0xff,0xff,0xff,0xff,0xf0,0x7f,0xff,0xff,0xff,0xff,0xff,0xff,0xff,0xff,0xff,0xff,
  0xff,0xff,0xff,0xff,0xff,0xf0,0x6f,0xff,0xff,0x90,0x00,0x00,0x00,0x00,0x00,0x00,0x00,0x00,0x00,0x00,0x00,0x00,0x00,0x5f,
  0xff,0xff,0xb0,0x00,0x00,0x00,0x00,0x00,0x00,0x00,0x00,0x00,0x00,0x00,0x00,0x00,0x3f,0xff,0xff,0xd0,0x00,0x00,0x00,0x00,
  0x00,0x00,0x00,0x00,0x00,0x00,0x00,0x00,0x00,0x0f,0xff,0xff,0xf1,0x00,0x00,0x00,0x00,0x00,0x00,0x00,0x00,0x00,0x00,0x00,
  0x00,0x00,0x0c,0xff,0xff,0xf6,0x00,0x00,0x00,0x00,0x00,0x00,0x00,0x00,0x00,0x00,0x00,0x00,0x00,0x08,0xff,0xff,0xfc,0x00,
  0x00,0x00,0x00,0x00,0x00,0x00,0x00,0x00,0x00,0x00,0x00,0x00,0x02,0xff,0xff,0xff,0x40,0x00,0x00,0x00,0x00,0x00,0x00,0x00,
  0x00,0x00,0x00,0x00,0x00,0x00,0xbf,0xff,0xff,0xd1,0x00,0x00,0x00,0x00,0x00,0x00,0x00,0x00,0x00,0x00,0x00,0x00,0x00,0x3f,
  0xff,0xff,0xfb,0x00,0x00,0x00,0x00,0x00,0x00,0x00,0x00,0x00,0x00,0x00,0x00,0x00,0x0a,0xff,0xff,0xff,0xb1,0x00,0x00,0x00,
  0x00,0x00,0x00,0x00,0x00,0x01,0x88,0x00,0x00,0x01,0xef,0xff,0xff,0xfe,0x60,0x00,0x00,0x00,0x00,0x00,0x00,0x15,0xaf,0xfa,
  0x00,0x00,0x00,0x2e,0xff,0xff,0xff,0xfe,0xa6,0x21,0x00,0x12,0x36,0x9c,0xff,0xff,0xfa,0x00,0x00,0x00,0x03,0xef,0xff,0xff,
  0xff,0xff,0xff,0xff,0xff,0xff,0xff,0xff,0xff,0xfa,0x00,0x00,0x00,0x00,0x2c,0xff,0xff,0xff,0xff,0xff,0xff,0xff,0xff,0xff,
  0xff,0xff,0xfa,0x00,0x00,0x00,0x00,0x00,0x7f,0xff,0xff,0xff,0xff,0xff,0xff,0xff,0xff,0xff,0xfd,0x71,0x00,0x00,0x00,0x00,
  0x00,0x01,0x7d,0xff,0xff,0xff,0xff,0xff,0xff,0xff,0xe9,0x40,0x00,0x00,0x00,0x00,0x00,0x00,0x00,0x00,0x37,0xac,0xef,0xff,
  0xed,0xb8,0x52,0x00,0x00,0x00,0x00,0x00,0x00,0x00,0x00,0x00,0x00,0x59,0xce,0xff,0xff,0xff,0xc0,0x00,0x00,0x00,0x00,0x00,
  0x8f,0xff,0xff,0xff,0xff,0xff,0xc0,0x00,0x00,0x00,0x00,0x2d,0xff,0xff,0xff,0xff,0xff,0xff,0xc0,0x00,0x00,0x00,0x00,0xdf,
  0xff,0xff,0xff,0xff,0xff,0xff,0xc0,0x00,0x00,0x00,0x08,0xff,0xff,0xff,0xff,0xff,0xff,0xff,0xc0,0x00,0x00,0x00,0x0f,0xff,
  0xff,0xfd,0x62,0x00,0x00,0x00,0x00,0x00,0x00,0x00,0x6f,0xff,0xff,0xc0,0x00,0x00,0x00,0x00,0x00,0x00,0x00,0x00,0x9f,0xff,
  0xff,0x40,0x00,0x00,0x00,0x00,0x00,0x00,0x00,0x00,0xcf,0xff,0xff,0x00,0x00,0x00,0x00,0x00,0x00,0x00,0x00,0x00,0xef,0xff,
  0xfd,0x00,0x00,0x00,0x00,0x00,0x00,0x00,0x00,0x00,0xff,0xff,0xfc,0x00,0x00,0x00,0x00,0x00,0x00,0x00,0x00,0x00,0xff,0xff,
  0xfc,0x00,0x00,0x00,0x00,0x00,0x00,0x00,0x00,0x00,0xff,0xff,0xfc,0x00,0x00,0x00,0x00,0x00,0x00,0x00,0x00,0x00,0xff,0xff,
  0xfc,0x00,0x00,0x00,0x00,0x00,0x00,0x8f,0xff,0xff,0xff,0xff,0xff,0xff,0xff,0xff,0xff,0xf3,0x00,0x8f,0xff,0xff,0xff,0xff,
  0xff,0xff,0xff,0xff,0xff,0xf3,0x00,0x8f,0xff,0xff,0xff,0xff,0xff,0xff,0xff,0xff,0xff,0xf3,0x00,0x8f,0xff,0xff,0xff,0xff,
  0xff,0xff,0xff,0xff,0xff,0xf3,0x00,0x8f,0xff,0xff,0xff,0xff,0xff,0xff,0xff,0xff,0xff,0xf3,0x00,0x00,0x00,0x00,0xff,0xff,
  0xfc,0x00,0x00,0x00,0x00,0x00,0x00,0x00,0x00,0x00,0xff,0xff,0xfc,0x00,0x00,0x00,0x00,0x00,0x00,0x00,0x00,0x00,0xff,0xff,
  0xfc,0x00,0x00,0x00,0x00,0x00,0x00,0x00,0x00,0x00,0xff,0xff,0xfc,0x00,0x00,0x00,0x00,0x00,0x00,0x00,0x00,0x00,0xff,0xff,
  0xfc,0x00,0x00,0x00,0x00,0x00,0x00,0x00,0x00,0x00,0xff,0xff,0xfc,0x00,0x00,0x00,0x00,0x00,0x00,0x00,0x00,0x00,0xff,0xff,
  0xfc,0x00,0x00,0x00,0x00,0x00,0x00,0x00,0x00,0x00,0xff,0xff,0xfc,0x00,0x00,0x00,0x00,0x00,0x00,0x00,0x00,0x00,0xff,0xff,
  0xfc,0x00,0x00,0x00,0x00,0x00,0x00,0x00,0x00,0x00,0xff,0xff,0xfc,0x00,0x00,0x00,0x00,0x00,0x00,0x00,0x00,0x00,0xff,0xff,
  0xfc,0x00,0x00,0x00,0x00,0x00,0x00,0x00,0x00,0x00,0xff,0xff,0xfc,0x00,0x00,0x00,0x00,0x00,0x00,0x00,0x00,0x00,0xff,0xff,
  0xfc,0x00,0x00,0x00,0x00,0x00,0x00,0x00,0x00,0x00,0xff,0xff,0xfc,0x00,0x00,0x00,0x00,0x00,0x00,0x00,0x00,0x00,0xff,0xff,
  0xfc,0x00,0x00,0x00,0x00,0x00,0x00,0x00,0x00,0x00,0xff,0xff,0xfc,0x00,0x00,0x00,0x00,0x00,0x00,0x00,0x00,0x00,0xff,0xff,
  0xfc,0x00,0x00,0x00,0x00,0x00,0x00,0x00,0x00,0x00,0xff,0xff,0xfc,0x00,0x00,0x00,0x00,0x00,0x00,0x00,0x00,0x00,0xff,0xff,
  0xfc,0x00,0x00,0x00,0x00,0x00,0x00,0x00,0x00,0x00,0xff,0xff,0xfc,0x00,0x00,0x00,0x00,0x00,0x00,0x00,0x00,0x00,0xff,0xff,
  0xfc,0x00,0x00,0x00,0x00,0x00,0x00,0x00,0x00,0x00,0xff,0xff,0xfc,0x00,0x00,0x00,0x00,0x00,0x00,0x00,0x00,0x00,0xff,0xff,
  0xfc,0x00,0x00,0x00,0x00,0x00,0x00,0x00,0x00,0x00,0xff,0xff,0xfc,0x00,0x00,0x00,0x00,0x00,0x00,0x00,0x00,0x00,0xff,0xff,
  0xfc,0x00,0x00,0x00,0x00,0x00,0x00,0x00,0x00,0x00,0xff,0xff,0xfc,0x00,0x00,0x00,0x00,0x00,0x00,0x00,0x00,0x00,0xff,0xff,
  0xfc,0x00,0x00,0x00,0x00,0x00,0x00,0x00,0x00,0x00,0xff,0xff,0xfc,0x00,0x00,0x00,0x00,0x00,0x00,0x00,0x00,0x00,0xff,0xff,
  0xfc,0x00,0x00,0x00,0x00,0x00,0x00,0x00,0x00,0x00,0xff,0xff,0xfc,0x00,0x00,0x00,0x00,0x00,0x00,0x00,0x00,0x00,0x00,0x00,
  0x59,0xce,0xff,0xec,0x95,0x00,0x00,0x00,0x00,0x00,0x00,0x00,0x00,0x00,0x00,0x7e,0xff,0xff,0xff,0xff,0xff,0xe7,0x00,0x00,
  0xff,0xff,0xfd,0x00,0x00,0x00,0x2d,0xff,0xff,0xff,0xff,0xff,0xff,0xff,0xd2,0x00,0xff,0xff,0xfd,0x00,0x00,0x03,0xff,0xff,
  0xff,0xff,0xff,0xff,0xff,0xff,0xfe,0x30,0xff,0xff,0xfd,0x00,0x00,0x3f,0xff,0xff,0xff,0xff,0xff,0xff,0xff,0xff,0xff,0xe1,
  0xff,0xff,0xfd,0x00,0x00,0xdf,0xff,0xff,0xff,0xb6,0x21,0x01,0x49,0xef,0xff,0xfb,0xff,0xff,0xfd,0x00,0x08,0xff,0xff,0xff,
  0xd4,0x00,0x00,0x00,0x00,0x08,0xff,0xff,0xff,0xff,0xfd,0x00,0x2f,0xff,0xff,0xfd,0x10,0x00,0x00,0x00,0x00,0x00,0x6f,0xff,
  0xff,0xff,0xfd,0x00,0x9f,0xff,0xff,0xe1,0x00,0x00,0x00,0x00,0x00,0x00,0x07,0xff,0xff,0xff,0xfd,0x00,0xff,0xff,0xff,0x60,
  0x00,0x00,0x00,0x00,0x00,0x00,0x00,0xdf,0xff,0xff,0xfd,0x06,0xff,0xff,0xfd,0x00,0x00,0x00,0x00,0x00,0x00,0x00,0x00,0x5f,
  0xff,0xff,0xfd,0x0a,0xff,0xff,0xf7,0x00,0x00,0x00,0x00,0x00,0x00,0x00,0x00,0x0e,0xff,0xff,0xfd,0x0e,0xff,0xff,0xf2,0x00,
  0x00,0x00,0x00,0x00,0x00,0x00,0x00,0x09,0xff,0xff,0xfd,0x1f,0xff,0xff,0xe0,0x00,0x00,0x00,0x00,0x00,0x00,0x00,0x00,0x06,
  0xff,0xff,0xfd,0x3f,0xff,0xff,0xb0,0x00,0x00,0x00,0x00,0x00,0x00,0x00,0x00,0x03,0xff,0xff,0xfd,0x4f,0xff,0xff,0x90,0x00,
  0x00,0x00,0x00,0x00,0x00,0x00,0x00,0x01,0xff,0xff,0xfd,0x6f,0xff,0xff,0x80,0x00,0x00,0x00,0x00,0x00,0x00,0x00,0x00,0x00,
  0xff,0xff,0xfd,0x7f,0xff,0xff,0x70,0x00,0x00,0x00,0x00,0x00,0x00,0x00,0x00,0x00,0xff,0xff,0xfd,0x7f,0xff,0xff,0x70,0x00,
  0x00,0x00,0x00,0x00,0x00,0x00,0x00,0x00,0xff,0xff,0xfd,0x6f,0xff,0xff,0x80,0x00,0x00,0x00,0x00,0x00,0x00,0x00,0x00,0x00,
  0xff,0xff,0xfd,0x5f,0xff,0xff,0x90,0x00,0x00,0x00,0x00,0x00,0x00,0x00,0x00,0x01,0xff,0xff,0xfd,0x3f,0xff,0xff,0xb0,0x00,
  0x00,0x00,0x00,0x00,0x00,0x00,0x00,0x03,0xff,0xff,0xfd,0x1f,0xff,0xff,0xe0,0x00,0x00,0x00,0x00,0x00,0x00,0x00,0x00,0x06,
  0xff,0xff,0xfd,0x0e,0xff,0xff,0xf2,0x00,0x00,0x00,0x00,0x00,0x00,0x00,0x00,0x09,0xff,0xff,0xfd,0x0a,0xff,0xff,0xf7,0x00,
  0x00,0x00,0x00,0x00,0x00,0x00,0x00,0x0e,0xff,0xff,0xfd,0x06,0xff,0xff,0xfd,0x00,0x00,0x00,0x00,0x00,0x00,0x00,0x00,0x5f,
  0xff,0xff,0xfd,0x00,0xff,0xff,0xff,0x60,0x00,0x00,0x00,0x00,0x00,0x00,0x00,0xdf,0xff,0xff,0xfd,0x00,0x9f,0xff,0xff,0xe1,
  0x00,0x00,0x00,0x00,0x00,0x00,0x07,0xff,0xff,0xff,0xfd,0x00,0x3f,0xff,0xff,0xfd,0x10,0x00,0x00,0x00,0x00,0x00,0x6f,0xff,
  0xff,0xff,0xfd,0x00,0x08,0xff,0xff,0xff,0xd4,0x00,0x00,0x00,0x00,0x08,0xff,0xff,0xff,0xff,0xfd,0x00,0x00,0xdf,0xff,0xff,
  0xff,0xb6,0x21,0x01,0x48,0xef,0xff,0xfb,0xff,0xff,0xfd,0x00,0x00,0x3f,0xff,0xff,0xff,0xff,0xff,0xff,0xff,0xff,0xff,0xe1,
  0xff,0xff,0xfc,0x00,0x00,0x04,0xff,0xff,0xff,0xff,0xff,0xff,0xff,0xff,0xfe,0x30,0xff,0xff,0xfc,0x00,0x00,0x00,0x2d,0xff,
  0xff,0xff,0xff,0xff,0xff,0xff,0xd2,0x00,0xff,0xff,0xfb,0x00,0x00,0x00,0x00,0x7e,0xff,0xff,0xff,0xff,0xff,0xe7,0x00,0x01,
  0xff,0xff,0xfa,0x00,0x00,0x00,0x00,0x00,0x59,0xce,0xff,0xec,0x95,0x00,0x00,0x02,0xff,0xff,0xf9,0x00,0x00,0x00,0x00,0x00,
  0x00,0x00,0x00,0x00,0x00,0x00,0x00,0x06,0xff,0xff,0xf6,0x00,0x00,0x00,0x00,0x00,0x00,0x00,0x00,0x00,0x00,0x00,0x00,0x0a,
  0xff,0xff,0xf3,0x00,0x00,0x00,0x00,0x00,0x00,0x00,0x00,0x00,0x00,0x00,0x00,0x1f,0xff,0xff,0xf0,0x00,0x00,0x00,0x00,0x00,
  0x00,0x00,0x00,0x00,0x00,0x00,0x00,0x8f,0xff,0xff,0xb0,0x00,0x00,0x00,0x00,0x00,0x00,0x00,0x00,0x00,0x00,0x00,0x04,0xff,
  0xff,0xff,0x50,0x00,0x00,0x39,0x10,0x00,0x00,0x00,0x00,0x00,0x00,0x00,0x4e,0xff,0xff,0xfe,0x00,0x00,0x00,0x4f,0xf9,0x30,
  0x00,0x00,0x00,0x00,0x00,0x18,0xff,0xff,0xff,0xf6,0x00,0x00,0x00,0x4f,0xff,0xfd,0x95,0x21,0x00,0x13,0x6a,0xff,0xff,0xff,
  0xff,0xc0,0x00,0x00,0x00,0x4f,0xff,0xff,0xff,0xff,0xff,0xff,0xff,0xff,0xff,0xff,0xfe,0x10,0x00,0x00,0x00,0x4f,0xff,0xff,
  0xff,0xff,0xff,0xff,0xff,0xff,0xff,0xff,0xd1,0x00,0x00,0x00,0x00,0x4f,0xff,0xff,0xff,0xff,0xff,0xff,0xff,0xff,0xff,0xf9,
  0x00,0x00,0x00,0x00,0x00,0x04,0x9e,0xff,0xff,0xff,0xff,0xff,0xff,0xff,0xfa,0x30,0x00,0x00,0x00,0x00,0x00,0x00,0x00,0x26,
  0x9b,0xde,0xff,0xfe,0xdb,0x85,0x00,0x00,0x00,0x00,0x00,0x3f,0xff,0xff,0x90,0x00,0x00,0x00,0x00,0x00,0x00,0x00,0x00,0x00,
  0x00,0x00,0x00,0x3f,0xff,0xff,0x90,0x00,0x00,0x00,0x00,0x00,0x00,0x00,0x00,0x00,0x00,0x00,0x00,0x3f,0xff,0xff,0x90,0x00,
  0x00,0x00,0x00,0x00,0x00,0x00,0x00,0x00,0x00,0x00,0x00,0x3f,0xff,0xff,0x90,0x00,0x00,0x00,0x00,0x00,0x00,0x00,0x00,0x00,
  0x00,0x00,0x00,0x3f,0xff,0xff,0x90,0x00,0x00,0x00,0x00,0x00,0x00,0x00,0x00,0x00,0x00,0x00,0x00,0x3f,0xff,0xff,0x90,0x00,
  0x00,0x00,0x00,0x00,0x00,0x00,0x00,0x00,0x00,0x00,0x00,0x3f,0xff,0xff,0x90,0x00,0x00,0x00,0x00,0x00,0x00,0x00,0x00,0x00,
  0x00,0x00,0x00,0x3f,0xff,0xff,0x90,0x00,0x00,0x00,0x00,0x00,0x00,0x00,0x00,0x00,0x00,0x00,0x00,0x3f,0xff,0xff,0x90,0x00,
  0x00,0x00,0x00,0x00,0x00,0x00,0x00,0x00,0x00,0x00,0x00,0x3f,0xff,0xff,0x90,0x00,0x00,0x00,0x00,0x00,0x00,0x00,0x00,0x00,
  0x00,0x00,0x00,0x3f,0xff,0xff,0x90,0x00,0x00,0x00,0x00,0x00,0x00,0x00,0x00,0x00,0x00,0x00,0x00,0x3f,0xff,0xff,0x90,0x00,
  0x00,0x00,0x00,0x00,0x00,0x00,0x00,0x00,0x00,0x00,0x00,0x3f,0xff,0xff,0x90,0x00,0x00,0x00,0x00,0x00,0x00,0x00,0x00,0x00,
  0x00,0x00,0x00,0x3f,0xff,0xff,0x90,0x00,0x00,0x05,0x9c,0xef,0xfd,0xc8,0x40,0x00,0x00,0x00,0x00,0x3f,0xff,0xff,0x90,0x00,
  0x08,0xef,0xff,0xff,0xff,0xff,0xfe,0x50,0x00,0x00,0x00,0x3f,0xff,0xff,0x90,0x03,0xdf,0xff,0xff,0xff,0xff,0xff,0xff,0xfb,
  0x00,0x00,0x00,0x3f,0xff,0xff,0x90,0x4f,0xff,0xff,0xff,0xff,0xff,0xff,0xff,0xff,0xc0,0x00,0x00,0x3f,0xff,0xff,0x94,0xff,
  0xff,0xff,0xff,0xff,0xff,0xff,0xff,0xff,0xf8,0x00,0x00,0x3f,0xff,0xff,0xbe,0xff,0xff,0xc7,0x31,0x01,0x37,0xdf,0xff,0xff,
  0xff,0x30,0x00,0x3f,0xff,0xff,0xff,0xff,0xd3,0x00,0x00,0x00,0x00,0x08,0xff,0xff,0xff,0xa0,0x00,0x3f,0xff,0xff,0xff,0xfb,
  0x00,0x00,0x00,0x00,0x00,0x00,0x9f,0xff,0xff,0xf1,0x00,0x3f,0xff,0xff,0xff,0xd0,0x00,0x00,0x00,0x00,0x00,0x00,0x0d,0xff,
  0xff,0xf6,0x00,0x3f,0xff,0xff,0xff,0x20,0x00,0x00,0x00,0x00,0x00,0x00,0x07,0xff,0xff,0xf9,0x00,0x3f,0xff,0xff,0xfa,0x00,
  0x00,0x00,0x00,0x00,0x00,0x00,0x02,0xff,0xff,0xfc,0x00,0x3f,0xff,0xff,0xf4,0x00,0x00,0x00,0x00,0x00,0x00,0x00,0x00,0xef,
  0xff,0xff,0x00,0x3f,0xff,0xff,0xf0,0x00,0x00,0x00,0x00,0x00,0x00,0x00,0x00,0xcf,0xff,0xff,0x00,0x3f,0xff,0xff,0xc0,0x00,
  0x00,0x00,0x00,0x00,0x00,0x00,0x00,0xbf,0xff,0xff,0x00,0x3f,0xff,0xff,0xb0,0x00,0x00,0x00,0x00,0x00,0x00,0x00,0x00,0xaf,
  0xff,0xff,0x10,0x3f,0xff,0xff,0x90,0x00,0x00,0x00,0x00,0x00,0x00,0x00,0x00,0xaf,0xff,0xff,0x20,0x3f,0xff,0xff,0x90,0x00,
  0x00,0x00,0x00,0x00,0x00,0x00,0x00,0xaf,0xff,0xff,0x20,0x3f,0xff,0xff,0x90,0x00,0x00,0x00,0x00,0x00,0x00,0x00,0x00,0xaf,
  0xff,0xff,0x20,0x3f,0xff,0xff,0x90,0x00,0x00,0x00,0x00,0x00,0x00,0x00,0x00,0xaf,0xff,0xff,0x20,0x3f,0xff,0xff,0x90,0x00,
  0x00,0x00,0x00,0x00,0x00,0x00,0x00,0xaf,0xff,0xff,0x20,0x3f,0xff,0xff,0x90,0x00,0x00,0x00,0x00,0x00,0x00,0x00,0x00,0xaf,
  0xff,0xff,0x20,0x3f,0xff,0xff,0x90,0x00,0x00,0x00,0x00,0x00,0x00,0x00,0x00,0xaf,0xff,0xff,0x20,0x3f,0xff,0xff,0x90,0x00,
  0x00,0x00,0x00,0x00,0x00,0x00,0x00,0xaf,0xff,0xff,0x20,0x3f,0xff,0xff,0x90,0x00,0x00,0x00,0x00,0x00,0x00,0x00,0x00,0xaf,
  0xff,0xff,0x20,0x3f,0xff,0xff,0x90,0x00,0x00,0x00,0x00,0x00,0x00,0x00,0x00,0xaf,0xff,0xff,0x20,0x3f,0xff,0xff,0x90,0x00,
  0x00,0x00,0x00,0x00,0x00,0x00,0x00,0xaf,0xff,0xff,0x20,0x3f,0xff,0xff,0x90,0x00,0x00,0x00,0x00,0x00,0x00,0x00,0x00,0xaf,
  0xff,0xff,0x20,0x3f,0xff,0xff,0x90,0x00,0x00,0x00,0x00,0x00,0x00,0x00,0x00,0xaf,0xff,0xff,0x20,0x3f,0xff,0xff,0x90,0x00,
  0x00,0x00,0x00,0x00,0x00,0x00,0x00,0xaf,0xff,0xff,0x20,0x3f,0xff,0xff,0x90,0x00,0x00,0x00,0x00,0x00,0x00,0x00,0x00,0xaf,
  0xff,0xff,0x20,0x3f,0xff,0xff,0x90,0x00,0x00,0x00,0x00,0x00,0x00,0x00,0x00,0xaf,0xff,0xff,0x20,0x3f,0xff,0xff,0x90,0x00,
  0x00,0x00,0x00,0x00,0x00,0x00,0x00,0xaf,0xff,0xff,0x20,0x3f,0xff,0xff,0x90,0x00,0x00,0x00,0x00,0x00,0x00,0x00,0x00,0xaf,
  0xff,0xff,0x20,0x3f,0xff,0xff,0x90,0x00,0x00,0x00,0x00,0x00,0x00,0x00,0x00,0xaf,0xff,0xff,0x20,0x3f,0xff,0xff,0x90,0x00,
  0x00,0x00,0x00,0x00,0x00,0x00,0x00,0xaf,0xff,0xff,0x20,0x3f,0xff,0xff,0x90,0x00,0x00,0x00,0x00,0x00,0x00,0x00,0x00,0xaf,
  0xff,0xff,0x20,0xff,0xff,0xfc,0xff,0xff,0xfc,0xff,0xff,0xfc,0xff,0xff,0xfc,0xff,0xff,0xfc,0xff,0xff,0xfc,0xff,0xff,0xfc,
  0x00,0x00,0x00,0x00,0x00,0x00,0x00,0x00,0x00,0x00,0x00,0x00,0x00,0x00,0x00,0x00,0x00,0x00,0x00,0x00,0x00,0xff,0xff,0xfc,
  0xff,0xff,0xfc,0xff,0xff,0xfc,0xff,0xff,0xfc,0xff,0xff,0xfc,0xff,0xff,0xfc,0xff,0xff,0xfc,0xff,0xff,0xfc,0xff,0xff,0xfc,
  0xff,0xff,0xfc,0xff,0xff,0xfc,0xff,0xff,0xfc,0xff,0xff,0xfc,0xff,0xff,0xfc,0xff,0xff,0xfc,0xff,0xff,0xfc,0xff,0xff,0xfc,
  0xff,0xff,0xfc,0xff,0xff,0xfc,0xff,0xff,0xfc,0xff,0xff,0xfc,0xff,0xff,0xfc,0xff,0xff,0xfc,0xff,0xff,0xfc,0xff,0xff,0xfc,
  0xff,0xff,0xfc,0xff,0xff,0xfc,0xff,0xff,0xfc,0xff,0xff,0xfc,0xff,0xff,0xfc,0xff,0xff,0xfc,0xff,0xff,0xfc,0xff,0xff,0xfc,
  0xff,0xff,0xfc,0xff,0xff,0xfc,0x00,0x00,0x00,0x00,0xff,0xff,0xfc,0x00,0x00,0x00,0x00,0xff,0xff,0xfc,0x00,0x00,0x00,0x00,
  0xff,0xff,0xfc,0x00,0x00,0x00,0x00,0xff,0xff,0xfc,0x00,0x00,0x00,0x00,0xff,0xff,0xfc,0x00,0x00,0x00,0x00,0xff,0xff,0xfc,
  0x00,0x00,0x00,0x00,0xff,0xff,0xfc,0x00,0x00,0x00,0x00,0x00,0x00,0x00,0x00,0x00,0x00,0x00,0x00,0x00,0x00,0x00,0x00,0x00,
  0x00,0x00,0x00,0x00,0x00,0x00,0x00,0x00,0x00,0x00,0x00,0x00,0x00,0x00,0x00,0x00,0x00,0x00,0x00,0x00,0x00,0x00,0x00,0x00,
  0x00,0x00,0x00,0x00,0x00,0x00,0x00,0x00,0x00,0x00,0x00,0x00,0xff,0xff,0xfc,0x00,0x00,0x00,0x00,0xff,0xff,0xfc,0x00,0x00,
  0x00,0x00,0xff,0xff,0xfc,0x00,0x00,0x00,0x00,0xff,0xff,0xfc,0x00,0x00,0x00,0x00,0xff,0xff,0xfc,0x00,0x00,0x00,0x00,0xff,
  0xff,0xfc,0x00,0x00,0x00,0x00,0xff,0xff,0xfc,0x00,0x00,0x00,0x00,0xff,0xff,0xfc,0x00,0x00,0x00,0x00,0xff,0xff,0xfc,0x00,
  0x00,0x00,0x00,0xff,0xff,0xfc,0x00,0x00,0x00,0x00,0xff,0xff,0xfc,0x00,0x00,0x00,0x00,0xff,0xff,0xfc,0x00,0x00,0x00,0x00,
  0xff,0xff,0xfc,0x00,0x00,0x00,0x00,0xff,0xff,0xfc,0x00,0x00,0x00,0x00,0xff,0xff,0xfc,0x00,0x00,0x00,0x00,0xff,0xff,0xfc,
  0x00,0x00,0x00,0x00,0xff,0xff,0xfc,0x00,0x00,0x00,0x00,0xff,0xff,0xfc,0x00,0x00,0x00,0x00,0xff,0xff,0xfc,0x00,0x00,0x00,
  0x00,0xff,0xff,0xfc,0x00,0x00,0x00,0x00,0xff,0xff,0xfc,0x00,0x00,0x00,0x00,0xff,0xff,0xfc,0x00,0x00,0x00,0x00,0xff,0xff,
  0xfc,0x00,0x00,0x00,0x00,0xff,0xff,0xfc,0x00,0x00,0x00,0x00,0xff,0xff,0xfc,0x00,0x00,0x00,0x00,0xff,0xff,0xfc,0x00,0x00,
  0x00,0x00,0xff,0xff,0xfc,0x00,0x00,0x00,0x00,0xff,0xff,0xfc,0x00,0x00,0x00,0x00,0xff,0xff,0xfc,0x00,0x00,0x00,0x00,0xff,
  0xff,0xfc,0x00,0x00,0x00,0x00,0xff,0xff,0xfc,0x00,0x00,0x00,0x00,0xff,0xff,0xfc,0x00,0x00,0x00,0x00,0xff,0xff,0xfc,0x00,
  0x00,0x00,0x00,0xff,0xff,0xfc,0x00,0x00,0x00,0x00,0xff,0xff,0xfc,0x00,0x00,0x00,0x00,0xff,0xff,0xfc,0x00,0x00,0x00,0x00,
  0xff,0xff,0xfb,0x00,0x00,0x00,0x00,0xff,0xff,0xfa,0x00,0x00,0x00,0x02,0xff,0xff,0xf9,0x00,0x00,0x00,0x05,0xff,0xff,0xf6,
  0x00,0x00,0x00,0x0a,0xff,0xff,0xf3,0x00,0x00,0x00,0x3f,0xff,0xff,0xf0,0x00,0x01,0x38,0xff,0xff,0xff,0x90,0x2f,0xff,0xff,
  0xff,0xff,0xff,0x30,0x2f,0xff,0xff,0xff,0xff,0xf8,0x00,0x2f,0xff,0xff,0xff,0xff,0xa0,0x00,0x2f,0xff,0xff,0xff,0xe7,0x00,
  0x00,0x2f,0xff,0xed,0x95,0x00,0x00,0x00,0x3f,0xff,0xff,0x90,0x00,0x00,0x00,0x00,0x00,0x00,0x00,0x00,0x00,0x00,0x00,0x00,
  0x3f,0xff,0xff,0x90,0x00,0x00,0x00,0x00,0x00,0x00,0x00,0x00,0x00,0x00,0x00,0x00,0x3f,0xff,0xff,0x90,0x00,0x00,0x00,0x00,
  0x00,0x00,0x00,0x00,0x00,0x00,0x00,0x00,0x3f,0xff,0xff,0x90,0x00,0x00,0x00,0x00,0x00,0x00,0x00,0x00,0x00,0x00,0x00,0x00,
  0x3f,0xff,0xff,0x90,0x00,0x00,0x00,0x00,0x00,0x00,0x00,0x00,0x00,0x00,0x00,0x00,0x3f,0xff,0xff,0x90,0x00,0x00,0x00,0x00,
  0x00,0x00,0x00,0x00,0x00,0x00,0x00,0x00,0x3f,0xff,0xff,0x90,0x00,0x00,0x00,0x00,0x00,0x00,0x00,0x00,0x00,0x00,0x00,0x00,
  0x3f,0xff,0xff,0x90,0x00,0x00,0x00,0x00,0x00,0x00,0x00,0x00,0x00,0x00,0x00,0x00,0x3f,0xff,0xff,0x90,0x00,0x00,0x00,0x00,
  0x00,0x00,0x00,0x00,0x00,0x00,0x00,0x00,0x3f,0xff,0xff,0x90,0x00,0x00,0x00,0x00,0x00,0x00,0x00,0x00,0x00,0x00,0x00,0x00,
  0x3f,0xff,0xff,0x90,0x00,0x00,0x00,0x00,0x00,0x00,0x00,0x00,0x00,0x00,0x00,0x00,0x3f,0xff,0xff,0x90,0x00,0x00,0x00,0x00,
  0x00,0x00,0x00,0x00,0x00,0x00,0x00,0x00,0x3f,0xff,0xff,0x90,0x00,0x00,0x00,0x00,0x00,0x00,0x00,0x00,0x00,0x00,0x00,0x00,
  0x3f,0xff,0xff,0x90,0x00,0x00,0x00,0x00,0x00,0x00,0x00,0x00,0x00,0x00,0x00,0x00,0x3f,0xff,0xff,0x90,0x00,0x00,0x00,0x00,
  0x00,0x00,0x00,0x1c,0xff,0xff,0xff,0x80,0x3f,0xff,0xff,0x90,0x00,0x00,0x00,0x00,0x00,0x00,0x01,0xdf,0xff,0xff,0xf6,0x00,
  0x3f,0xff,0xff,0x90,0x00,0x00,0x00,0x00,0x00,0x00,0x3e,0xff,0xff,0xff,0x40,0x00,0x3f,0xff,0xff,0x90,0x00,0x00,0x00,0x00,
  0x00,0x04,0xff,0xff,0xff,0xe3,0x00,0x00,0x3f,0xff,0xff,0x90,0x00,0x00,0x00,0x00,0x00,0x6f,0xff,0xff,0xfd,0x20,0x00,0x00,
  0x3f,0xff,0xff,0x90,0x00,0x00,0x00,0x00,0x07,0xff,0xff,0xff,0xc1,0x00,0x00,0x00,0x3f,0xff,0xff,0x90,0x00,0x00,0x00,0x00,
  0x9f,0xff,0xff,0xfa,0x00,0x00,0x00,0x00,0x3f,0xff,0xff,0x90,0x00,0x00,0x00,0x0b,0xff,0xff,0xff,0x90,0x00,0x00,0x00,0x00,
  0x3f,0xff,0xff,0x90,0x00,0x00,0x01,0xcf,0xff,0xff,0xf7,0x00,0x00,0x00,0x00,0x00,0x3f,0xff,0xff,0x90,0x00,0x00,0x2e,0xff,
  0xff,0xff,0x50,0x00,0x00,0x00,0x00,0x00,0x3f,0xff,0xff,0x90,0x00,0x03,0xef,0xff,0xff,0xf4,0x00,0x00,0x00,0x00,0x00,0x00,
  0x3f,0xff,0xff,0x90,0x00,0x5f,0xff,0xff,0xfe,0x20,0x00,0x00,0x00,0x00,0x00,0x00,0x3f,0xff,0xff,0x90,0x07,0xff,0xff,0xff,
  0xd1,0x00,0x00,0x00,0x00,0x00,0x00,0x00,0x3f,0xff,0xff,0x90,0x9f,0xff,0xff,0xfb,0x00,0x00,0x00,0x00,0x00,0x00,0x00,0x00,
  0x3f,0xff,0xff,0xab,0xff,0xff,0xff,0xa0,0x00,0x00,0x00,0x00,0x00,0x00,0x00,0x00,0x3f,0xff,0xff,0xff,0xff,0xff,0xf8,0x00,
  0x00,0x00,0x00,0x00,0x00,0x00,0x00,0x00,0x3f,0xff,0xff,0xff,0xff,0xff,0xc0,0x00,0x00,0x00,0x00,0x00,0x00,0x00,0x00,0x00,
  0x3f,0xff,0xff,0xff,0xff,0xff,0xfa,0x00,0x00,0x00,0x00,0x00,0x00,0x00,0x00,0x00,0x3f,0xff,0xff,0xab,0xff,0xff,0xff,0xb0,
  0x00,0x00,0x00,0x00,0x00,0x00,0x00,0x00,0x3f,0xff,0xff,0x90,0xbf,0xff,0xff,0xfb,0x00,0x00,0x00,0x00,0x00,0x00,0x00,0x00,
  0x3f,0xff,0xff,0x90,0x0a,0xff,0xff,0xff,0xc0,0x00,0x00,0x00,0x00,0x00,0x00,0x00,0x3f,0xff,0xff,0x90,0x00,0xaf,0xff,0xff,
  0xfc,0x10,0x00,0x00,0x00,0x00,0x00,0x00,0x3f,0xff,0xff,0x90,0x00,0x09,0xff,0xff,0xff,0xc1,0x00,0x00,0x00,0x00,0x00,0x00,
  0x3f,0xff,0xff,0x90,0x00,0x00,0x9f,0xff,0xff,0xfd,0x10,0x00,0x00,0x00,0x00,0x00,0x3f,0xff,0xff,0x90,0x00,0x00,0x08,0xff,
  0xff,0xff,0xd1,0x00,0x00,0x00,0x00,0x00,0x3f,0xff,0xff,0x90,0x00,0x00,0x00,0x8f,0xff,0xff,0xfd,0x20,0x00,0x00,0x00,0x00,
  0x3f,0xff,0xff,0x90,0x00,0x00,0x00,0x07,0xff,0xff,0xff,0xe2,0x00,0x00,0x00,0x00,0x3f,0xff,0xff,0x90,0x00,0x00,0x00,0x00,
  0x6f,0xff,0xff,0xfe,0x20,0x00,0x00,0x00,0x3f,0xff,0xff,0x90,0x00,0x00,0x00,0x00,0x06,0xff,0xff,0xff,0xe3,0x00,0x00,0x00,
  0x3f,0xff,0xff,0x90,0x00,0x00,0x00,0x00,0x00,0x5f,0xff,0xff,0xff,0x30,0x00,0x00,0x3f,0xff,0xff,0x90,0x00,0x00,0x00,0x00,
  0x00,0x05,0xff,0xff,0xff,0xf3,0x00,0x00,0x3f,0xff,0xff,0x90,0x00,0x00,0x00,0x00,0x00,0x00,0x4f,0xff,0xff,0xff,0x40,0x00,
  0x3f,0xff,0xff,0x90,0x00,0x00,0x00,0x00,0x00,0x00,0x04,0xff,0xff,0xff,0xf4,0x00,0x3f,0xff,0xff,0x90,0x00,0x00,0x00,0x00,
  0x00,0x00,0x00,0x3f,0xff,0xff,0xff,0x50,0x3f,0xff,0xff,0x90,0x00,0x00,0x00,0x00,0x00,0x00,0x00,0x03,0xef,0xff,0xff,0xf5,
  0xff,0xff,0xfc,0xff,0xff,0xfc,0xff,0xff,0xfc,0xff,0xff,0xfc,0xff,0xff,0xfc,0xff,0xff,0xfc,0xff,0xff,0xfc,0xff,0xff,0xfc,
  0xff,0xff,0xfc,0xff,0xff,0xfc,0xff,0xff,0xfc,0xff,0xff,0xfc,0xff,0xff,0xfc,0xff,0xff,0xfc,0xff,0xff,0xfc,0xff,0xff,0xfc,
  0xff,0xff,0xfc,0xff,0xff,0xfc,0xff,0xff,0xfc,0xff,0xff,0xfc,0xff,0xff,0xfc,0xff,0xff,0xfc,0xff,0xff,0xfc,0xff,0xff,0xfc,
  0xff,0xff,0xfc,0xff,0xff,0xfc,0xff,0xff,0xfc,0xff,0xff,0xfc,0xff,0xff,0xfc,0xff,0xff,0xfc,0xff,0xff,0xfc,0xff,0xff,0xfc,
  0xff,0xff,0xfc,0xff,0xff,0xfc,0xff,0xff,0xfc,0xff,0xff,0xfc,0xff,0xff,0xfc,0xff,0xff,0xfc,0xff,0xff,0xfc,0xff,0xff,0xfc,
  0xff,0xff,0xfc,0xff,0xff,0xfc,0xff,0xff,0xfc,0xff,0xff,0xfc,0xff,0xff,0xfc,0xff,0xff,0xfc,0xff,0xff,0xfc,0xff,0xff,0xfc,
  0xff,0xff,0xfc,0x00,0x00,0x00,0x00,0x00,0x00,0x16,0xad,0xef,0xfe,0xb7,0x10,0x00,0x00,0x00,0x00,0x00,0x02,0x7b,0xdf,0xfe,
  0xda,0x50,0x00,0x00,0x00,0x3f,0xff,0xff,0x90,0x00,0x19,0xff,0xff,0xff,0xff,0xff,0xf9,0x10,0x00,0x00,0x00,0x03,0xbf,0xff,
  0xff,0xff,0xff,0xfe,0x50,0x00,0x00,0x3f,0xff,0xff,0x90,0x04,0xef,0xff,0xff,0xff,0xff,0xff,0xff,0xe3,0x00,0x00,0x00,0x8f,
  0xff,0xff,0xff,0xff,0xff,0xff,0xfa,0x00,0x00,0x3f,0xff,0xff,0x90,0x6f,0xff,0xff,0xff,0xff,0xff,0xff,0xff,0xfe,0x20,0x00,
  0x0b,0xff,0xff,0xff,0xff,0xff,0xff,0xff,0xff,0xa0,0x00,0x3f,0xff,0xff,0x94,0xff,0xff,0xff,0xff,0xff,0xff,0xff,0xff,0xff,
  0xd0,0x00,0xbf,0xff,0xff,0xff,0xff,0xff,0xff,0xff,0xff,0xf5,0x00,0x3f,0xff,0xff,0xbe,0xff,0xff,0xa5,0x21,0x01,0x5a,0xff,
  0xff,0xff,0xf7,0x08,0xff,0xff,0xe9,0x42,0x00,0x26,0xdf,0xff,0xff,0xfe,0x10,0x3f,0xff,0xff,0xff,0xff,0xc2,0x00,0x00,0x00,
  0x00,0x4f,0xff,0xff,0xfe,0x3f,0xff,0xf8,0x00,0x00,0x00,0x00,0x08,0xff,0xff,0xff,0x70,0x3f,0xff,0xff,0xff,0xfa,0x00,0x00,
  0x00,0x00,0x00,0x04,0xff,0xff,0xff,0xff,0xff,0x50,0x00,0x00,0x00,0x00,0x00,0xaf,0xff,0xff,0xd0,0x3f,0xff,0xff,0xff,0xc0,
  0x00,0x00,0x00,0x00,0x00,0x00,0xaf,0xff,0xff,0xff,0xf7,0x00,0x00,0x00,0x00,0x00,0x00,0x1f,0xff,0xff,0xf2,0x3f,0xff,0xff,
  0xff,0x20,0x00,0x00,0x00,0x00,0x00,0x00,0x4f,0xff,0xff,0xff,0xc0,0x00,0x00,0x00,0x00,0x00,0x00,0x0a,0xff,0xff,0xf6,0x3f,
  0xff,0xff,0xfa,0x00,0x00,0x00,0x00,0x00,0x00,0x00,0x0f,0xff,0xff,0xff,0x40,0x00,0x00,0x00,0x00,0x00,0x00,0x05,0xff,0xff,
  0xf9,0x3f,0xff,0xff,0xf3,0x00,0x00,0x00,0x00,0x00,0x00,0x00,0x0c,0xff,0xff,0xfe,0x00,0x00,0x00,0x00,0x00,0x00,0x00,0x02,
  0xff,0xff,0xfb,0x3f,0xff,0xff,0xf0,0x00,0x00,0x00,0x00,0x00,0x00,0x00,0x0a,0xff,0xff,0xfa,0x00,0x00,0x00,0x00,0x00,0x00,
  0x00,0x00,0xff,0xff,0xfc,0x3f,0xff,0xff,0xc0,0x00,0x00,0x00,0x00,0x00,0x00,0x00,0x09,0xff,0xff,0xf6,0x00,0x00,0x00,0x00,
  0x00,0x00,0x00,0x00,0xff,0xff,0xfd,0x3f,0xff,0xff,0xb0,0x00,0x00,0x00,0x00,0x00,0x00,0x00,0x08,0xff,0xff,0xf5,0x00,0x00,
  0x00,0x00,0x00,0x00,0x00,0x00,0xef,0xff,0xfe,0x3f,0xff,0xff,0x90,0x00,0x00,0x00,0x00,0x00,0x00,0x00,0x08,0xff,0xff,0xf4,
  0x00,0x00,0x00,0x00,0x00,0x00,0x00,0x00,0xef,0xff,0xfe,0x3f,0xff,0xff,0x90,0x00,0x00,0x00,0x00,0x00,0x00,0x00,0x08,0xff,
  0xff,0xf4,0x00,0x00,0x00,0x00,0x00,0x00,0x00,0x00,0xef,0xff,0xfe,0x3f,0xff,0xff,0x90,0x00,0x00,0x00,0x00,0x00,0x00,0x00,
  0x08,0xff,0xff,0xf4,0x00,0x00,0x00,0x00,0x00,0x00,0x00,0x00,0xef,0xff,0xfe,0x3f,0xff,0xff,0x90,0x00,0x00,0x00,0x00,0x00,
  0x00,0x00,0x08,0xff,0xff,0xf4,0x00,0x00,0x00,0x00,0x00,0x00,0x00,0x00,0xef,0xff,0xfe,0x3f,0xff,0xff,0x90,0x00,0x00,0x00,
  0x00,0x00,0x00,0x00,0x08,0xff,0xff,0xf4,0x00,0x00,0x00,0x00,0x00,0x00,0x00,0x00,0xef,0xff,0xfe,0x3f,0xff,0xff,0x90,0x00,
  0x00,0x00,0x00,0x00,0x00,0x00,0x08,0xff,0xff,0xf4,0x00,0x00,0x00,0x00,0x00,0x00,0x00,0x00,0xef,0xff,0xfe,0x3f,0xff,0xff,
  0x90,0x00,0x00,0x00,0x00,0x00,0x00,0x00,0x08,0xff,0xff,0xf4,0x00,0x00,0x00,0x00,0x00,0x00,0x00,0x00,0xef,0xff,0xfe,0x3f,
  0xff,0xff,0x90,0x00,0x00,0x00,0x00,0x00,0x00,0x00,0x08,0xff,0xff,0xf4,0x00,0x00,0x00,0x00,0x00,0x00,0x00,0x00,0xef,0xff,
  0xfe,0x3f,0xff,0xff,0x90,0x00,0x00,0x00,0x00,0x00,0x00,0x00,0x08,0xff,0xff,0xf4,0x00,0x00,0x00,0x00,0x00,0x00,0x00,0x00,
  0xef,0xff,0xfe,0x3f,0xff,0xff,0x90,0x00,0x00,0x00,0x00,0x00,0x00,0x00,0x08,0xff,0xff,0xf4,0x00,0x00,0x00,0x00,0x00,0x00,
  0x00,0x00,0xef,0xff,0xfe,0x3f,0xff,0xff,0x90,0x00,0x00,0x00,0x00,0x00,0x00,0x00,0x08,0xff,0xff,0xf4,0x00,0x00,0x00,0x00,
  0x00,0x00,0x00,0x00,0xef,0xff,0xfe,0x3f,0xff,0xff,0x90,0x00,0x00,0x00,0x00,0x00,0x00,0x00,0x08,0xff,0xff,0xf4,0x00,0x00,
  0x00,0x00,0x00,0x00,0x00,0x00,0xef,0xff,0xfe,0x3f,0xff,0xff,0x90,0x00,0x00,0x00,0x00,0x00,0x00,0x00,0x08,0xff,0xff,0xf4,
  0x00,0x00,0x00,0x00,0x00,0x00,0x00,0x00,0xef,0xff,0xfe,0x3f,0xff,0xff,0x90,0x00,0x00,0x00,0x00,0x00,0x00,0x00,0x08,0xff,
  0xff,0xf4,0x00,0x00,0x00,0x00,0x00,0x00,0x00,0x00,0xef,0xff,0xfe,0x3f,0xff,0xff,0x90,0x00,0x00,0x00,0x00,0x00,0x00,0x00,
  0x08,0xff,0xff,0xf4,0x00,0x00,0x00,0x00,0x00,0x00,0x00,0x00,0xef,0xff,0xfe,0x3f,0xff,0xff,0x90,0x00,0x00,0x00,0x00,0x00,
  0x00,0x00,0x08,0xff,0xff,0xf4,0x00,0x00,0x00,0x00,0x00,0x00,0x00,0x00,0xef,0xff,0xfe,0x3f,0xff,0xff,0x90,0x00,0x00,0x00,
  0x00,0x00,0x00,0x00,0x08,0xff,0xff,0xf4,0x00,0x00,0x00,0x00,0x00,0x00,0x00,0x00,0xef,0xff,0xfe,0x3f,0xff,0xff,0x90,0x00,
  0x00,0x00,0x00,0x00,0x00,0x00,0x08,0xff,0xff,0xf4,0x00,0x00,0x00,0x00,0x00,0x00,0x00,0x00,0xef,0xff,0xfe,0x3f,0xff,0xff,
  0x90,0x00,0x00,0x00,0x00,0x00,0x00,0x00,0x08,0xff,0xff,0xf4,0x00,0x00,0x00,0x00,0x00,0x00,0x00,0x00,0xef,0xff,0xfe,0x3f,
  0xff,0xff,0x90,0x00,0x00,0x00,0x00,0x00,0x00,0x00,0x08,0xff,0xff,0xf4,0x00,0x00,0x00,0x00,0x00,0x00,0x00,0x00,0xef,0xff,
  0xfe,0x3f,0xff,0xff,0x90,0x00,0x00,0x00,0x00,0x00,0x00,0x00,0x08,0xff,0xff,0xf4,0x00,0x00,0x00,0x00,0x00,0x00,0x00,0x00,
  0xef,0xff,0xfe,0x00,0x00,0x00,0x00,0x00,0x00,0x05,0x9c,0xef,0xfd,0xc8,0x40,0x00,0x00,0x00,0x00,0x3f,0xff,0xff,0x90,0x00,
  0x08,0xef,0xff,0xff,0xff,0xff,0xfe,0x50,0x00,0x00,0x00,0x3f,0xff,0xff,0x90,0x03,0xdf,0xff,0xff,0xff,0xff,0xff,0xff,0xfb,
  0x00,0x00,0x00,0x3f,0xff,0xff,0x90,0x4f,0xff,0xff,0xff,0xff,0xff,0xff,0xff,0xff,0xc0,0x00,0x00,0x3f,0xff,0xff,0x94,0xff,
  0xff,0xff,0xff,0xff,0xff,0xff,0xff,0xff,0xf8,0x00,0x00,0x3f,0xff,0xff,0xbe,0xff,0xff,0xc7,0x31,0x01,0x37,0xdf,0xff,0xff,
  0xff,0x30,0x00,0x3f,0xff,0xff,0xff,0xff,0xd3,0x00,0x00,0x00,0x00,0x08,0xff,0xff,0xff,0xa0,0x00,0x3f,0xff,0xff,0xff,0xfb,
  0x00,0x00,0x00,0x00,0x00,0x00,0x9f,0xff,0xff,0xf1,0x00,0x3f,0xff,0xff,0xff,0xd0,0x00,0x00,0x00,0x00,0x00,0x00,0x0d,0xff,
  0xff,0xf6,0x00,0x3f,0xff,0xff,0xff,0x20,0x00,0x00,0x00,0x00,0x00,0x00,0x07,0xff,0xff,0xf9,0x00,0x3f,0xff,0xff,0xfa,0x00,
  0x00,0x00,0x00,0x00,0x00,0x00,0x02,0xff,0xff,0xfc,0x00,0x3f,0xff,0xff,0xf4,0x00,0x00,0x00,0x00,0x00,0x00,0x00,0x00,0xef,
  0xff,0xff,0x00,0x3f,0xff,0xff,0xf0,0x00,0x00,0x00,0x00,0x00,0x00,0x00,0x00,0xcf,0xff,0xff,0x00,0x3f,0xff,0xff,0xc0,0x00,
  0x00,0x00,0x00,0x00,0x00,0x00,0x00,0xbf,0xff,0xff,0x00,0x3f,0xff,0xff,0xb0,0x00,0x00,0x00,0x00,0x00,0x00,0x00,0x00,0xaf,
  0xff,0xff,0x10,0x3f,0xff,0xff,0x90,0x00,0x00,0x00,0x00,0x00,0x00,0x00,0x00,0xaf,0xff,0xff,0x20,0x3f,0xff,0xff,0x90,0x00,
  0x00,0x00,0x00,0x00,0x00,0x00,0x00,0xaf,0xff,0xff,0x20,0x3f,0xff,0xff,0x90,0x00,0x00,0x00,0x00,0x00,0x00,0x00,0x00,0xaf,
  0xff,0xff,0x20,0x3f,0xff,0xff,0x90,0x00,0x00,0x00,0x00,0x00,0x00,0x00,0x00,0xaf,0xff,0xff,0x20,0x3f,0xff,0xff,0x90,0x00,
  0x00,0x00,0x00,0x00,0x00,0x00,0x00,0xaf,0xff,0xff,0x20,0x3f,0xff,0xff,0x90,0x00,0x00,0x00,0x00,0x00,0x00,0x00,0x00,0xaf,
  0xff,0xff,0x20,0x3f,0xff,0xff,0x90,0x00,0x00,0x00,0x00,0x00,0x00,0x00,0x00,0xaf,0xff,0xff,0x20,0x3f,0xff,0xff,0x90,0x00,
  0x00,0x00,0x00,0x00,0x00,0x00,0x00,0xaf,0xff,0xff,0x20,0x3f,0xff,0xff,0x90,0x00,0x00,0x00,0x00,0x00,0x00,0x00,0x00,0xaf,
  0xff,0xff,0x20,0x3f,0xff,0xff,0x90,0x00,0x00,0x00,0x00,0x00,0x00,0x00,0x00,0xaf,0xff,0xff,0x20,0x3f,0xff,0xff,0x90,0x00,
  0x00,0x00,0x00,0x00,0x00,0x00,0x00,0xaf,0xff,0xff,0x20,0x3f,0xff,0xff,0x90,0x00,0x00,0x00,0x00,0x00,0x00,0x00,0x00,0xaf,
  0xff,0xff,0x20,0x3f,0xff,0xff,0x90,0x00,0x00,0x00,0x00,0x00,0x00,0x00,0x00,0xaf,0xff,0xff,0x20,0x3f,0xff,0xff,0x90,0x00,
  0x00,0x00,0x00,0x00,0x00,0x00,0x00,0xaf,0xff,0xff,0x20,0x3f,0xff,0xff,0x90,0x00,0x00,0x00,0x00,0x00,0x00,0x00,0x00,0xaf,
  0xff,0xff,0x20,0x3f,0xff,0xff,0x90,0x00,0x00,0x00,0x00,0x00,0x00,0x00,0x00,0xaf,0xff,0xff,0x20,0x3f,0xff,0xff,0x90,0x00,
  0x00,0x00,0x00,0x00,0x00,0x00,0x00,0xaf,0xff,0xff,0x20,0x3f,0xff,0xff,0x90,0x00,0x00,0x00,0x00,0x00,0x00,0x00,0x00,0xaf,
  0xff,0xff,0x20,0x3f,0xff,0xff,0x90,0x00,0x00,0x00,0x00,0x00,0x00,0x00,0x00,0xaf,0xff,0xff,0x20,0x3f,0xff,0xff,0x90,0x00,
  0x00,0x00,0x00,0x00,0x00,0x00,0x00,0xaf,0xff,0xff,0x20,0x3f,0xff,0xff,0x90,0x00,0x00,0x00,0x00,0x00,0x00,0x00,0x00,0xaf,
  0xff,0xff,0x20,0x00,0x00,0x00,0x00,0x00,0x05,0x9c,0xef,0xff,0xec,0x95,0x10,0x00,0x00,0x00,0x00,0x00,0x00,0x00,0x00,0x00,
  0x19,0xff,0xff,0xff,0xff,0xff,0xff,0xfa,0x20,0x00,0x00,0x00,0x00,0x00,0x00,0x00,0x07,0xff,0xff,0xff,0xff,0xff,0xff,0xff,
  0xff,0xf9,0x00,0x00,0x00,0x00,0x00,0x00,0x00,0xbf,0xff,0xff,0xff,0xff,0xff,0xff,0xff,0xff,0xff,0xc1,0x00,0x00,0x00,0x00,
  0x00,0x0c,0xff,0xff,0xff,0xff,0xff,0xff,0xff,0xff,0xff,0xff,0xfd,0x10,0x00,0x00,0x00,0x00,0xaf,0xff,0xff,0xff,0xe8,0x31,
  0x01,0x37,0xdf,0xff,0xff,0xff,0xc0,0x00,0x00,0x00,0x06,0xff,0xff,0xff,0xf8,0x00,0x00,0x00,0x00,0x07,0xff,0xff,0xff,0xf8,
  0x00,0x00,0x00,0x1e,0xff,0xff,0xff,0x50,0x00,0x00,0x00,0x00,0x00,0x3f,0xff,0xff,0xff,0x20,0x00,0x00,0x8f,0xff,0xff,0xf6,
  0x00,0x00,0x00,0x00,0x00,0x00,0x04,0xff,0xff,0xff,0xa0,0x00,0x00,0xef,0xff,0xff,0xb0,0x00,0x00,0x00,0x00,0x00,0x00,0x00,
  0x9f,0xff,0xff,0xf2,0x00,0x04,0xff,0xff,0xff,0x20,0x00,0x00,0x00,0x00,0x00,0x00,0x00,0x1f,0xff,0xff,0xf7,0x00,0x09,0xff,
  0xff,0xfc,0x00,0x00,0x00,0x00,0x00,0x00,0x00,0x00,0x0a,0xff,0xff,0xfc,0x00,0x0d,0xff,0xff,0xf6,0x00,0x00,0x00,0x00,0x00,
  0x00,0x00,0x00,0x04,0xff,0xff,0xff,0x00,0x0f,0xff,0xff,0xf2,0x00,0x00,0x00,0x00,0x00,0x00,0x00,0x00,0x00,0xff,0xff,0xff,
  0x30,0x3f,0xff,0xff,0xf0,0x00,0x00,0x00,0x00,0x00,0x00,0x00,0x00,0x00,0xcf,0xff,0xff,0x60,0x5f,0xff,0xff,0xc0,0x00,0x00,
  0x00,0x00,0x00,0x00,0x00,0x00,0x00,0xaf,0xff,0xff,0x70,0x6f,0xff,0xff,0xb0,0x00,0x00,0x00,0x00,0x00,0x00,0x00,0x00,0x00,
  0x8f,0xff,0xff,0x90,0x7f,0xff,0xff,0xa0,0x00,0x00,0x00,0x00,0x00,0x00,0x00,0x00,0x00,0x7f,0xff,0xff,0x90,0x7f,0xff,0xff,
  0x90,0x00,0x00,0x00,0x00,0x00,0x00,0x00,0x00,0x00,0x7f,0xff,0xff,0xa0,0x7f,0xff,0xff,0xa0,0x00,0x00,0x00,0x00,0x00,0x00,
  0x00,0x00,0x00,0x7f,0xff,0xff,0x90,0x6f,0xff,0xff,0xb0,0x00,0x00,0x00,0x00,0x00,0x00,0x00,0x00,0x00,0x8f,0xff,0xff,0x90,
  0x5f,0xff,0xff,0xc0,0x00,0x00,0x00,0x00,0x00,0x00,0x00,0x00,0x00,0xaf,0xff,0xff,0x70,0x3f,0xff,0xff,0xf0,0x00,0x00,0x00,
  0x00,0x00,0x00,0x00,0x00,0x00,0xcf,0xff,0xff,0x60,0x0f,0xff,0xff,0xf2,0x00,0x00,0x00,0x00,0x00,0x00,0x00,0x00,0x00,0xff,
  0xff,0xff,0x30,0x0d,0xff,0xff,0xf6,0x00,0x00,0x00,0x00,0x00,0x00,0x00,0x00,0x04,0xff,0xff,0xff,0x00,0x09,0xff,0xff,0xfc,
  0x00,0x00,0x00,0x00,0x00,0x00,0x00,0x00,0x09,0xff,0xff,0xfc,0x00,0x04,0xff,0xff,0xff,0x20,0x00,0x00,0x00,0x00,0x00,0x00,
  0x00,0x1f,0xff,0xff,0xf7,0x00,0x00,0xef,0xff,0xff,0xb0,0x00,0x00,0x00,0x00,0x00,0x00,0x00,0x9f,0xff,0xff,0xf1,0x00,0x00,
  0x8f,0xff,0xff,0xf6,0x00,0x00,0x00,0x00,0x00,0x00,0x04,0xff,0xff,0xff,0xa0,0x00,0x00,0x1e,0xff,0xff,0xff,0x40,0x00,0x00,
  0x00,0x00,0x00,0x3f,0xff,0xff,0xff,0x20,0x00,0x00,0x06,0xff,0xff,0xff,0xf8,0x00,0x00,0x00,0x00,0x06,0xff,0xff,0xff,0xf8,
  0x00,0x00,0x00,0x00,0xaf,0xff,0xff,0xff,0xe8,0x31,0x01,0x37,0xdf,0xff,0xff,0xff,0xc0,0x00,0x00,0x00,0x00,0x0c,0xff,0xff,
  0xff,0xff,0xff,0xff,0xff,0xff,0xff,0xff,0xfd,0x10,0x00,0x00,0x00,0x00,0x00,0xbf,0xff,0xff,0xff,0xff,0xff,0xff,0xff,0xff,
  0xff,0xc1,0x00,0x00,0x00,0x00,0x00,0x00,0x07,0xff,0xff,0xff,0xff,0xff,0xff,0xff,0xff,0xf9,0x00,0x00,0x00,0x00,0x00,0x00,
  0x00,0x00,0x19,0xff,0xff,0xff,0xff,0xff,0xff,0xfa,0x20,0x00,0x00,0x00,0x00,0x00,0x00,0x00,0x00,0x00,0x05,0x9c,0xef,0xff,
  0xec,0x95,0x10,0x00,0x00,0x00,0x00,0x00,0x00,0x00,0x00,0x00,0x00,0x00,0x16,0xad,0xef,0xfe,0xb7,0x20,0x00,0x00,0x00,0x00,
  0x00,0x3f,0xff,0xff,0x90,0x00,0x2a,0xff,0xff,0xff,0xff,0xff,0xfb,0x30,0x00,0x00,0x00,0x00,0x3f,0xff,0xff,0x90,0x06,0xff,
  0xff,0xff,0xff,0xff,0xff,0xff,0xf7,0x00,0x00,0x00,0x00,0x3f,0xff,0xff,0x90,0x7f,0xff,0xff,0xff,0xff,0xff,0xff,0xff,0xff,
  0xa0,0x00,0x00,0x00,0x3f,0xff,0xff,0x95,0xff,0xff,0xff,0xff,0xff,0xff,0xff,0xff,0xff,0xf9,0x00,0x00,0x00,0x3f,0xff,0xff,
  0xbf,0xff,0xff,0xd7,0x31,0x01,0x49,0xef,0xff,0xff,0xff,0x60,0x00,0x00,0x3f,0xff,0xff,0xff,0xff,0xf7,0x00,0x00,0x00,0x00,
  0x09,0xff,0xff,0xff,0xe1,0x00,0x00,0x3f,0xff,0xff,0xff,0xff,0x30,0x00,0x00,0x00,0x00,0x00,0x7f,0xff,0xff,0xfa,0x00,0x00,
  0x3f,0xff,0xff,0xff,0xf5,0x00,0x00,0x00,0x00,0x00,0x00,0x09,0xff,0xff,0xff,0x20,0x00,0x3f,0xff,0xff,0xff,0xa0,0x00,0x00,
  0x00,0x00,0x00,0x00,0x00,0xef,0xff,0xff,0x80,0x00,0x3f,0xff,0xff,0xff,0x20,0x00,0x00,0x00,0x00,0x00,0x00,0x00,0x5f,0xff,
  0xff,0xe0,0x00,0x3f,0xff,0xff,0xfb,0x00,0x00,0x00,0x00,0x00,0x00,0x00,0x00,0x0f,0xff,0xff,0xf3,0x00,0x3f,0xff,0xff,0xf6,
  0x00,0x00,0x00,0x00,0x00,0x00,0x00,0x00,0x0a,0xff,0xff,0xf7,0x00,0x3f,0xff,0xff,0xf2,0x00,0x00,0x00,0x00,0x00,0x00,0x00,
  0x00,0x06,0xff,0xff,0xfa,0x00,0x3f,0xff,0xff,0xf0,0x00,0x00,0x00,0x00,0x00,0x00,0x00,0x00,0x03,0xff,0xff,0xfd,0x00,0x3f,
  0xff,0xff,0xc0,0x00,0x00,0x00,0x00,0x00,0x00,0x00,0x00,0x00,0xff,0xff,0xfe,0x00,0x3f,0xff,0xff,0xb0,0x00,0x00,0x00,0x00,
  0x00,0x00,0x00,0x00,0x00,0xff,0xff,0xff,0x00,0x3f,0xff,0xff,0xa0,0x00,0x00,0x00,0x00,0x00,0x00,0x00,0x00,0x00,0xef,0xff,
  0xff,0x00,0x3f,0xff,0xff,0x90,0x00,0x00,0x00,0x00,0x00,0x00,0x00,0x00,0x00,0xdf,0xff,0xff,0x10,0x3f,0xff,0xff,0xa0,0x00,
  0x00,0x00,0x00,0x00,0x00,0x00,0x00,0x00,0xef,0xff,0xff,0x00,0x3f,0xff,0xff,0xb0,0x00,0x00,0x00,0x00,0x00,0x00,0x00,0x00,
  0x00,0xff,0xff,0xff,0x00,0x3f,0xff,0xff,0xc0,0x00,0x00,0x00,0x00,0x00,0x00,0x00,0x00,0x00,0xff,0xff,0xfe,0x00,0x3f,0xff,
  0xff,0xf0,0x00,0x00,0x00,0x00,0x00,0x00,0x00,0x00,0x03,0xff,0xff,0xfd,0x00,0x3f,0xff,0xff,0xf2,0x00,0x00,0x00,0x00,0x00,
  0x00,0x00,0x00,0x06,0xff,0xff,0xfa,0x00,0x3f,0xff,0xff,0xf6,0x00,0x00,0x00,0x00,0x00,0x00,0x00,0x00,0x0a,0xff,0xff,0xf7,
  0x00,0x3f,0xff,0xff,0xfb,0x00,0x00,0x00,0x00,0x00,0x00,0x00,0x00,0x0f,0xff,0xff,0xf3,0x00,0x3f,0xff,0xff,0xff,0x20,0x00,
  0x00,0x00,0x00,0x00,0x00,0x00,0x5f,0xff,0xff,0xe0,0x00,0x3f,0xff,0xff,0xff,0xa0,0x00,0x00,0x00,0x00,0x00,0x00,0x00,0xef,
  0xff,0xff,0x80,0x00,0x3f,0xff,0xff,0xff,0xf5,0x00,0x00,0x00,0x00,0x00,0x00,0x09,0xff,0xff,0xff,0x20,0x00,0x3f,0xff,0xff,
  0xff,0xff,0x30,0x00,0x00,0x00,0x00,0x00,0x7f,0xff,0xff,0xfa,0x00,0x00,0x3f,0xff,0xff,0xff,0xff,0xf6,0x00,0x00,0x00,0x00,
  0x09,0xff,0xff,0xff,0xe1,0x00,0x00,0x3f,0xff,0xff,0xbf,0xff,0xff,0xd7,0x31,0x01,0x39,0xef,0xff,0xff,0xff,0x60,0x00,0x00,
  0x3f,0xff,0xff,0x95,0xff,0xff,0xff,0xff,0xff,0xff,0xff,0xff,0xff,0xf9,0x00,0x00,0x00,0x3f,0xff,0xff,0x90,0x7f,0xff,0xff,
  0xff,0xff,0xff,0xff,0xff,0xff,0xa0,0x00,0x00,0x00,0x3f,0xff,0xff,0x90,0x06,0xff,0xff,0xff,0xff,0xff,0xff,0xff,0xf8,0x00,
  0x00,0x00,0x00,0x3f,0xff,0xff,0x90,0x00,0x2a,0xff,0xff,0xff,0xff,0xff,0xfb,0x30,0x00,0x00,0x00,0x00,0x3f,0xff,0xff,0x90,
  0x00,0x00,0x16,0xad,0xff,0xfe,0xb7,0x20,0x00,0x00,0x00,0x00,0x00,0x3f,0xff,0xff,0x90,0x00,0x00,0x00,0x00,0x00,0x00,0x00,
  0x00,0x00,0x00,0x00,0x00,0x00,0x3f,0xff,0xff,0x90,0x00,0x00,0x00,0x00,0x00,0x00,0x00,0x00,0x00,0x00,0x00,0x00,0x00,0x3f,
  0xff,0xff,0x90,0x00,0x00,0x00,0x00,0x00,0x00,0x00,0x00,0x00,0x00,0x00,0x00,0x00,0x3f,0xff,0xff,0x90,0x00,0x00,0x00,0x00,
  0x00,0x00,0x00,0x00,0x00,0x00,0x00,0x00,0x00,0x3f,0xff,0xff,0x90,0x00,0x00,0x00,0x00,0x00,0x00,0x00,0x00,0x00,0x00,0x00,
  0x00,0x00,0x3f,0xff,0xff,0x90,0x00,0x00,0x00,0x00,0x00,0x00,0x00,0x00,0x00,0x00,0x00,0x00,0x00,0x3f,0xff,0xff,0x90,0x00,
  0x00,0x00,0x00,0x00,0x00,0x00,0x00,0x00,0x00,0x00,0x00,0x00,0x3f,0xff,0xff,0x90,0x00,0x00,0x00,0x00,0x00,0x00,0x00,0x00,
  0x00,0x00,0x00,0x00,0x00,0x3f,0xff,0xff,0x90,0x00,0x00,0x00,0x00,0x00,0x00,0x00,0x00,0x00,0x00,0x00,0x00,0x00,0x3f,0xff,
  0xff,0x90,0x00,0x00,0x00,0x00,0x00,0x00,0x00,0x00,0x00,0x00,0x00,0x00,0x00,0x3f,0xff,0xff,0x90,0x00,0x00,0x00,0x00,0x00,
  0x00,0x00,0x00,0x00,0x00,0x00,0x00,0x00,0x3f,0xff,0xff,0x90,0x00,0x00,0x00,0x00,0x00,0x00,0x00,0x00,0x00,0x00,0x00,0x00,
  0x00,0x00,0x00,0x00,0x00,0x00,0x49,0xce,0xff,0xec,0x95,0x00,0x00,0x00,0x00,0x00,0x00,0x00,0x00,0x00,0x00,0x6e,0xff,0xff,
  0xff,0xff,0xff,0xe7,0x00,0x00,0xff,0xff,0xfd,0x00,0x00,0x00,0x1c,0xff,0xff,0xff,0xff,0xff,0xff,0xff,0xd2,0x00,0xff,0xff,
  0xfd,0x00,0x00,0x02,0xef,0xff,0xff,0xff,0xff,0xff,0xff,0xff,0xfe,0x30,0xff,0xff,0xfd,0x00,0x00,0x1e,0xff,0xff,0xff,0xff,
  0xff,0xff,0xff,0xff,0xff,0xe1,0xff,0xff,0xfd,0x00,0x00,0xbf,0xff,0xff,0xff,0xc6,0x21,0x02,0x49,0xff,0xff,0xfb,0xff,0xff,
  0xfd,0x00,0x06,0xff,0xff,0xff,0xe5,0x00,0x00,0x00,0x00,0x1a,0xff,0xff,0xff,0xff,0xfd,0x00,0x1e,0xff,0xff,0xfe,0x20,0x00,
  0x00,0x00,0x00,0x00,0x8f,0xff,0xff,0xff,0xfd,0x00,0x7f,0xff,0xff,0xf3,0x00,0x00,0x00,0x00,0x00,0x00,0x0a,0xff,0xff,0xff,
  0xfd,0x00,0xef,0xff,0xff,0x80,0x00,0x00,0x00,0x00,0x00,0x00,0x01,0xff,0xff,0xff,0xfd,0x04,0xff,0xff,0xfe,0x00,0x00,0x00,
  0x00,0x00,0x00,0x00,0x00,0x7f,0xff,0xff,0xfd,0x09,0xff,0xff,0xf9,0x00,0x00,0x00,0x00,0x00,0x00,0x00,0x00,0x1f,0xff,0xff,
  0xfd,0x0c,0xff,0xff,0xf4,0x00,0x00,0x00,0x00,0x00,0x00,0x00,0x00,0x0b,0xff,0xff,0xfd,0x0f,0xff,0xff,0xf0,0x00,0x00,0x00,
  0x00,0x00,0x00,0x00,0x00,0x07,0xff,0xff,0xfd,0x3f,0xff,0xff,0xd0,0x00,0x00,0x00,0x00,0x00,0x00,0x00,0x00,0x04,0xff,0xff,
  0xfd,0x4f,0xff,0xff,0xa0,0x00,0x00,0x00,0x00,0x00,0x00,0x00,0x00,0x01,0xff,0xff,0xfd,0x5f,0xff,0xff,0x90,0x00,0x00,0x00,
  0x00,0x00,0x00,0x00,0x00,0x00,0xff,0xff,0xfd,0x6f,0xff,0xff,0x80,0x00,0x00,0x00,0x00,0x00,0x00,0x00,0x00,0x00,0xff,0xff,
  0xfd,0x7f,0xff,0xff,0x70,0x00,0x00,0x00,0x00,0x00,0x00,0x00,0x00,0x00,0xff,0xff,0xfd,0x6f,0xff,0xff,0x80,0x00,0x00,0x00,
  0x00,0x00,0x00,0x00,0x00,0x00,0xff,0xff,0xfd,0x5f,0xff,0xff,0x90,0x00,0x00,0x00,0x00,0x00,0x00,0x00,0x00,0x00,0xff,0xff,
  0xfd,0x4f,0xff,0xff,0xa0,0x00,0x00,0x00,0x00,0x00,0x00,0x00,0x00,0x01,0xff,0xff,0xfd,0x3f,0xff,0xff,0xd0,0x00,0x00,0x00,
  0x00,0x00,0x00,0x00,0x00,0x04,0xff,0xff,0xfd,0x0f,0xff,0xff,0xf0,0x00,0x00,0x00,0x00,0x00,0x00,0x00,0x00,0x07,0xff,0xff,
  0xfd,0x0c,0xff,0xff,0xf4,0x00,0x00,0x00,0x00,0x00,0x00,0x00,0x00,0x0b,0xff,0xff,0xfd,0x09,0xff,0xff,0xf9,0x00,0x00,0x00,
  0x00,0x00,0x00,0x00,0x00,0x1f,0xff,0xff,0xfd,0x04,0xff,0xff,0xfe,0x00,0x00,0x00,0x00,0x00,0x00,0x00,0x00,0x7f,0xff,0xff,
  0xfd,0x00,0xef,0xff,0xff,0x80,0x00,0x00,0x00,0x00,0x00,0x00,0x01,0xff,0xff,0xff,0xfd,0x00,0x7f,0xff,0xff,0xf3,0x00,0x00,
  0x00,0x00,0x00,0x00,0x0a,0xff,0xff,0xff,0xfd,0x00,0x1e,0xff,0xff,0xfe,0x20,0x00,0x00,0x00,0x00,0x00,0x8f,0xff,0xff,0xff,
  0xfd,0x00,0x06,0xff,0xff,0xff,0xe5,0x00,0x00,0x00,0x00,0x1a,0xff,0xff,0xff,0xff,0xfd,0x00,0x00,0xbf,0xff,0xff,0xff,0xc6,
  0x21,0x02,0x49,0xff,0xff,0xfb,0xff,0xff,0xfd,0x00,0x00,0x1e,0xff,0xff,0xff,0xff,0xff,0xff,0xff,0xff,0xff,0xe1,0xff,0xff,
  0xfd,0x00,0x00,0x02,0xef,0xff,0xff,0xff,0xff,0xff,0xff,0xff,0xfe,0x30,0xff,0xff,0xfd,0x00,0x00,0x00,0x1c,0xff,0xff,0xff,
  0xff,0xff,0xff,0xff,0xd2,0x00,0xff,0xff,0xfd,0x00,0x00,0x00,0x00,0x6e,0xff,0xff,0xff,0xff,0xff,0xe8,0x00,0x00,0xff,0xff,
  0xfd,0x00,0x00,0x00,0x00,0x00,0x49,0xce,0xff,0xec,0x95,0x00,0x00,0x00,0xff,0xff,0xfd,0x00,0x00,0x00,0x00,0x00,0x00,0x00,
  0x00,0x00,0x00,0x00,0x00,0x00,0xff,0xff,0xfd,0x00,0x00,0x00,0x00,0x00,0x00,0x00,0x00,0x00,0x00,0x00,0x00,0x00,0xff,0xff,
  0xfd,0x00,0x00,0x00,0x00,0x00,0x00,0x00,0x00,0x00,0x00,0x00,0x00,0x00,0xff,0xff,0xfd,0x00,0x00,0x00,0x00,0x00,0x00,0x00,
  0x00,0x00,0x00,0x00,0x00,0x00,0xff,0xff,0xfd,0x00,0x00,0x00,0x00,0x00,0x00,0x00,0x00,0x00,0x00,0x00,0x00,0x00,0xff,0xff,
  0xfd,0x00,0x00,0x00,0x00,0x00,0x00,0x00,0x00,0x00,0x00,0x00,0x00,0x00,0xff,0xff,0xfd,0x00,0x00,0x00,0x00,0x00,0x00,0x00,
  0x00,0x00,0x00,0x00,0x00,0x00,0xff,0xff,0xfd,0x00,0x00,0x00,0x00,0x00,0x00,0x00,0x00,0x00,0x00,0x00,0x00,0x00,0xff,0xff,
  0xfd,0x00,0x00,0x00,0x00,0x00,0x00,0x00,0x00,0x00,0x00,0x00,0x00,0x00,0xff,0xff,0xfd,0x00,0x00,0x00,0x00,0x00,0x00,0x00,
  0x00,0x00,0x00,0x00,0x00,0x00,0xff,0xff,0xfd,0x00,0x00,0x00,0x00,0x00,0x00,0x00,0x00,0x00,0x00,0x00,0x00,0x00,0xff,0xff,
  0xfd,0x00,0x00,0x00,0x00,0x00,0x00,0x00,0x00,0x00,0x00,0x00,0x00,0x00,0xff,0xff,0xfd,0x00,0x00,0x00,0x00,0x00,0x00,0x05,
  0x9c,0xef,0xff,0xf4,0x3f,0xff,0xff,0x90,0x00,0x19,0xff,0xff,0xff,0xff,0xf4,0x3f,0xff,0xff,0x90,0x05,0xef,0xff,0xff,0xff,
  0xff,0xf4,0x3f,0xff,0xff,0x90,0x7f,0xff,0xff,0xff,0xff,0xff,0xf4,0x3f,0xff,0xff,0x95,0xff,0xff,0xff,0xff,0xff,0xff,0xf4,
  0x3f,0xff,0xff,0xbf,0xff,0xff,0xc7,0x31,0x01,0x25,0xa4,0x3f,0xff,0xff,0xff,0xff,0xd4,0x00,0x00,0x00,0x00,0x00,0x3f,0xff,
  0xff,0xff,0xfd,0x10,0x00,0x00,0x00,0x00,0x00,0x3f,0xff,0xff,0xff,0xe1,0x00,0x00,0x00,0x00,0x00,0x00,0x3f,0xff,0xff,0xff,
  0x50,0x00,0x00,0x00,0x00,0x00,0x00,0x3f,0xff,0xff,0xfd,0x00,0x00,0x00,0x00,0x00,0x00,0x00,0x3f,0xff,0xff,0xf7,0x00,0x00,
  0x00,0x00,0x00,0x00,0x00,0x3f,0xff,0xff,0xf2,0x00,0x00,0x00,0x00,0x00,0x00,0x00,0x3f,0xff,0xff,0xf0,0x00,0x00,0x00,0x00,
  0x00,0x00,0x00,0x3f,0xff,0xff,0xc0,0x00,0x00,0x00,0x00,0x00,0x00,0x00,0x3f,0xff,0xff,0xb0,0x00,0x00,0x00,0x00,0x00,0x00,
  0x00,0x3f,0xff,0xff,0xa0,0x00,0x00,0x00,0x00,0x00,0x00,0x00,0x3f,0xff,0xff,0x90,0x00,0x00,0x00,0x00,0x00,0x00,0x00,0x3f,
  0xff,0xff,0x90,0x00,0x00,0x00,0x00,0x00,0x00,0x00,0x3f,0xff,0xff,0x90,0x00,0x00,0x00,0x00,0x00,0x00,0x00,0x3f,0xff,0xff,
  0x90,0x00,0x00,0x00,0x00,0x00,0x00,0x00,0x3f,0xff,0xff,0x90,0x00,0x00,0x00,0x00,0x00,0x00,0x00,0x3f,0xff,0xff,0x90,0x00,
  0x00,0x00,0x00,0x00,0x00,0x00,0x3f,0xff,0xff,0x90,0x00,0x00,0x00,0x00,0x00,0x00,0x00,0x3f,0xff,0xff,0x90,0x00,0x00,0x00,
  0x00,0x00,0x00,0x00,0x3f,0xff,0xff,0x90,0x00,0x00,0x00,0x00,0x00,0x00,0x00,0x3f,0xff,0xff,0x90,0x00,0x00,0x00,0x00,0x00,
  0x00,0x00,0x3f,0xff,0xff,0x90,0x00,0x00,0x00,0x00,0x00,0x00,0x00,0x3f,0xff,0xff,0x90,0x00,0x00,0x00,0x00,0x00,0x00,0x00,
  0x3f,0xff,0xff,0x90,0x00,0x00,0x00,0x00,0x00,0x00,0x00,0x3f,0xff,0xff,0x90,0x00,0x00,0x00,0x00,0x00,0x00,0x00,0x3f,0xff,
  0xff,0x90,0x00,0x00,0x00,0x00,0x00,0x00,0x00,0x3f,0xff,0xff,0x90,0x00,0x00,0x00,0x00,0x00,0x00,0x00,0x3f,0xff,0xff,0x90,
  0x00,0x00,0x00,0x00,0x00,0x00,0x00,0x3f,0xff,0xff,0x90,0x00,0x00,0x00,0x00,0x00,0x00,0x00,0x3f,0xff,0xff,0x90,0x00,0x00,
  0x00,0x00,0x00,0x00,0x00,0x00,0x00,0x00,0x00,0x48,0xbd,0xef,0xfe,0xdc,0x96,0x20,0x00,0x00,0x00,0x00,0x00,0x01,0x9e,0xff,
  0xff,0xff,0xff,0xff,0xff,0xfc,0x60,0x00,0x00,0x00,0x00,0x6f,0xff,0xff,0xff,0xff,0xff,0xff,0xff,0xff,0xfe,0x70,0x00,0x00,
  0x08,0xff,0xff,0xff,0xff,0xff,0xff,0xff,0xff,0xff,0xff,0xf5,0x00,0x00,0x6f,0xff,0xff,0xff,0xff,0xff,0xff,0xff,0xff,0xff,
  0xff,0xf5,0x00,0x01,0xff,0xff,0xff,0xfd,0x84,0x20,0x00,0x13,0x69,0xdf,0xff,0xf5,0x00,0x08,0xff,0xff,0xff,0x50,0x00,0x00,
  0x00,0x00,0x00,0x03,0x8f,0xf5,0x00,0x0d,0xff,0xff,0xf3,0x00,0x00,0x00,0x00,0x00,0x00,0x00,0x01,0x85,0x00,0x1f,0xff,0xff,
  0xa0,0x00,0x00,0x00,0x00,0x00,0x00,0x00,0x00,0x00,0x00,0x2f,0xff,0xff,0x60,0x00,0x00,0x00,0x00,0x00,0x00,0x00,0x00,0x00,
  0x00,0x4f,0xff,0xff,0x40,0x00,0x00,0x00,0x00,0x00,0x00,0x00,0x00,0x00,0x00,0x3f,0xff,0xff,0x60,0x00,0x00,0x00,0x00,0x00,
  0x00,0x00,0x00,0x00,0x00,0x1f,0xff,0xff,0xc0,0x00,0x00,0x00,0x00,0x00,0x00,0x00,0x00,0x00,0x00,0x0e,0xff,0xff,0xf9,0x00,
  0x00,0x00,0x00,0x00,0x00,0x00,0x00,0x00,0x00,0x09,0xff,0xff,0xff,0xd6,0x00,0x00,0x00,0x00,0x00,0x00,0x00,0x00,0x00,0x01,
  0xff,0xff,0xff,0xff,0xfb,0x62,0x00,0x00,0x00,0x00,0x00,0x00,0x00,0x00,0x6f,0xff,0xff,0xff,0xff,0xff,0xeb,0x73,0x00,0x00,
  0x00,0x00,0x00,0x00,0x07,0xff,0xff,0xff,0xff,0xff,0xff,0xff,0xfa,0x40,0x00,0x00,0x00,0x00,0x00,0x3c,0xff,0xff,0xff,0xff,
  0xff,0xff,0xff,0xfe,0x60,0x00,0x00,0x00,0x00,0x00,0x4b,0xff,0xff,0xff,0xff,0xff,0xff,0xff,0xfc,0x20,0x00,0x00,0x00,0x00,
  0x00,0x15,0x9d,0xff,0xff,0xff,0xff,0xff,0xff,0xe2,0x00,0x00,0x00,0x00,0x00,0x00,0x00,0x04,0x8c,0xff,0xff,0xff,0xff,0xfd,
  0x00,0x00,0x00,0x00,0x00,0x00,0x00,0x00,0x00,0x15,0xcf,0xff,0xff,0xff,0x60,0x00,0x00,0x00,0x00,0x00,0x00,0x00,0x00,0x00,
  0x05,0xff,0xff,0xff,0xc0,0x00,0x00,0x00,0x00,0x00,0x00,0x00,0x00,0x00,0x00,0x5f,0xff,0xff,0xf0,0x00,0x00,0x00,0x00,0x00,
  0x00,0x00,0x00,0x00,0x00,0x0e,0xff,0xff,0xf2,0x00,0x00,0x00,0x00,0x00,0x00,0x00,0x00,0x00,0x00,0x0b,0xff,0xff,0xf3,0x00,
  0x00,0x00,0x00,0x00,0x00,0x00,0x00,0x00,0x00,0x0c,0xff,0xff,0xf1,0x00,0x00,0x00,0x00,0x00,0x00,0x00,0x00,0x00,0x00,0x0f,
  0xff,0xff,0xf0,0x79,0x20,0x00,0x00,0x00,0x00,0x00,0x00,0x00,0x00,0x9f,0xff,0xff,0xc0,0x8f,0xfb,0x62,0x00,0x00,0x00,0x00,
  0x00,0x00,0x19,0xff,0xff,0xff,0x60,0x8f,0xff,0xff,0xd9,0x63,0x21,0x00,0x13,0x5a,0xff,0xff,0xff,0xfd,0x00,0x8f,0xff,0xff,
  0xff,0xff,0xff,0xff,0xff,0xff,0xff,0xff,0xff,0xf2,0x00,0x8f,0xff,0xff,0xff,0xff,0xff,0xff,0xff,0xff,0xff,0xff,0xfe,0x30,
  0x00,0x8f,0xff,0xff,0xff,0xff,0xff,0xff,0xff,0xff,0xff,0xff,0xb2,0x00,0x00,0x04,0x8c,0xff,0xff,0xff,0xff,0xff,0xff,0xff,
  0xff,0xb4,0x00,0x00,0x00,0x00,0x00,0x03,0x69,0xbd,0xef,0xff,0xed,0xb8,0x51,0x00,0x00,0x00,0x00,0x00,0x00,0x1f,0xff,0xff,
  0xb0,0x00,0x00,0x00,0x00,0x00,0x00,0x00,0x00,0x1f,0xff,0xff,0xb0,0x00,0x00,0x00,0x00,0x00,0x00,0x00,0x00,0x1f,0xff,0xff,
  0xb0,0x00,0x00,0x00,0x00,0x00,0x00,0x00,0x00,0x1f,0xff,0xff,0xb0,0x00,0x00,0x00,0x00,0x00,0x00,0x00,0x00,0x1f,0xff,0xff,
  0xb0,0x00,0x00,0x00,0x00,0x00,0x00,0x00,0x00,0x1f,0xff,0xff,0xb0,0x00,0x00,0x00,0x00,0x00,0x00,0x00,0x00,0x1f,0xff,0xff,
  0xb0,0x00,0x00,0x00,0x00,0x00,0x00,0x00,0x00,0x1f,0xff,0xff,0xb0,0x00,0x00,0x00,0x00,0x00,0x00,0x00,0x00,0x1f,0xff,0xff,
  0xb0,0x00,0x00,0x00,0x00,0x00,0x00,0x00,0x00,0x1f,0xff,0xff,0xb0,0x00,0x00,0x00,0x00,0x00,0x00,0x4f,0xff,0xff,0xff,0xff,
  0xff,0xff,0xff,0xff,0xff,0xff,0x90,0x4f,0xff,0xff,0xff,0xff,0xff,0xff,0xff,0xff,0xff,0xff,0x90,0x4f,0xff,0xff,0xff,0xff,
  0xff,0xff,0xff,0xff,0xff,0xff,0x90,0x4f,0xff,0xff,0xff,0xff,0xff,0xff,0xff,0xff,0xff,0xff,0x90,0x4f,0xff,0xff,0xff,0xff,
  0xff,0xff,0xff,0xff,0xff,0xff,0x90,0x00,0x00,0x1f,0xff,0xff,0xb0,0x00,0x00,0x00,0x00,0x00,0x00,0x00,0x00,0x1f,0xff,0xff,
  0xb0,0x00,0x00,0x00,0x00,0x00,0x00,0x00,0x00,0x1f,0xff,0xff,0xb0,0x00,0x00,0x00,0x00,0x00,0x00,0x00,0x00,0x1f,0xff,0xff,
  0xb0,0x00,0x00,0x00,0x00,0x00,0x00,0x00,0x00,0x1f,0xff,0xff,0xb0,0x00,0x00,0x00,0x00,0x00,0x00,0x00,0x00,0x1f,0xff,0xff,
  0xb0,0x00,0x00,0x00,0x00,0x00,0x00,0x00,0x00,0x1f,0xff,0xff,0xb0,0x00,0x00,0x00,0x00,0x00,0x00,0x00,0x00,0x1f,0xff,0xff,
  0xb0,0x00,0x00,0x00,0x00,0x00,0x00,0x00,0x00,0x1f,0xff,0xff,0xb0,0x00,0x00,0x00,0x00,0x00,0x00,0x00,0x00,0x1f,0xff,0xff,
  0xb0,0x00,0x00,0x00,0x00,0x00,0x00,0x00,0x00,0x1f,0xff,0xff,0xb0,0x00,0x00,0x00,0x00,0x00,0x00,0x00,0x00,0x1f,0xff,0xff,
  0xb0,0x00,0x00,0x00,0x00,0x00,0x00,0x00,0x00,0x1f,0xff,0xff,0xb0,0x00,0x00,0x00,0x00,0x00,0x00,0x00,0x00,0x1f,0xff,0xff,
  0xb0,0x00,0x00,0x00,0x00,0x00,0x00,0x00,0x00,0x1f,0xff,0xff,0xb0,0x00,0x00,0x00,0x00,0x00,0x00,0x00,0x00,0x1f,0xff,0xff,
  0xb0,0x00,0x00,0x00,0x00,0x00,0x00,0x00,0x00,0x1f,0xff,0xff,0xb0,0x00,0x00,0x00,0x00,0x00,0x00,0x00,0x00,0x1f,0xff,0xff,
  0xb0,0x00,0x00,0x00,0x00,0x00,0x00,0x00,0x00,0x0f,0xff,0xff,0xb0,0x00,0x00,0x00,0x00,0x00,0x00,0x00,0x00,0x0f,0xff,0xff,
  0xc0,0x00,0x00,0x00,0x00,0x00,0x00,0x00,0x00,0x0f,0xff,0xff,0xd0,0x00,0x00,0x00,0x00,0x00,0x00,0x00,0x00,0x0e,0xff,0xff,
  0xf0,0x00,0x00,0x00,0x00,0x00,0x00,0x00,0x00,0x0c,0xff,0xff,0xf3,0x00,0x00,0x00,0x00,0x00,0x00,0x00,0x00,0x08,0xff,0xff,
  0xfb,0x00,0x00,0x00,0x00,0x00,0x00,0x00,0x00,0x04,0xff,0xff,0xff,0xc5,0x20,0x00,0x00,0x00,0x00,0x00,0x00,0x00,0xdf,0xff,
  0xff,0xff,0xff,0xff,0xff,0xff,0x90,0x00,0x00,0x00,0x5f,0xff,0xff,0xff,0xff,0xff,0xff,0xff,0x90,0x00,0x00,0x00,0x08,0xff,
  0xff,0xff,0xff,0xff,0xff,0xff,0x90,0x00,0x00,0x00,0x00,0x4d,0xff,0xff,0xff,0xff,0xff,0xff,0x90,0x00,0x00,0x00,0x00,0x00,
  0x37,0xbd,0xef,0xff,0xff,0xff,0x90,0x9f,0xff,0xff,0x30,0x00,0x00,0x00,0x00,0x00,0x00,0x00,0x00,0xff,0xff,0xfc,0x9f,0xff,
  0xff,0x30,0x00,0x00,0x00,0x00,0x00,0x00,0x00,0x00,0xff,0xff,0xfc,0x9f,0xff,0xff,0x30,0x00,0x00,0x00,0x00,0x00,0x00,0x00,
  0x00,0xff,0xff,0xfc,0x9f,0xff,0xff,0x30,0x00,0x00,0x00,0x00,0x00,0x00,0x00,0x00,0xff,0xff,0xfc,0x9f,0xff,0xff,0x30,0x00,
  0x00,0x00,0x00,0x00,0x00,0x00,0x00,0xff,0xff,0xfc,0x9f,0xff,0xff,0x30,0x00,0x00,0x00,0x00,0x00,0x00,0x00,0x00,0xff,0xff,
  0xfc,0x9f,0xff,0xff,0x30,0x00,0x00,0x00,0x00,0x00,0x00,0x00,0x00,0xff,0xff,0xfc,0x9f,0xff,0xff,0x30,0x00,0x00,0x00,0x00,
  0x00,0x00,0x00,0x00,0xff,0xff,0xfc,0x9f,0xff,0xff,0x30,0x00,0x00,0x00,0x00,0x00,0x00,0x00,0x00,0xff,0xff,0xfc,0x9f,0xff,
  0xff,0x30,0x00,0x00,0x00,0x00,0x00,0x00,0x00,0x00,0xff,0xff,0xfc,0x9f,0xff,0xff,0x30,0x00,0x00,0x00,0x00,0x00,0x00,0x00,
  0x00,0xff,0xff,0xfc,0x9f,0xff,0xff,0x30,0x00,0x00,0x00,0x00,0x00,0x00,0x00,0x00,0xff,0xff,0xfc,0x9f,0xff,0xff,0x30,0x00,
  0x00,0x00,0x00,0x00,0x00,0x00,0x00,0xff,0xff,0xfc,0x9f,0xff,0xff,0x30,0x00,0x00,0x00,0x00,0x00,0x00,0x00,0x00,0xff,0xff,
  0xfc,0x9f,0xff,0xff,0x30,0x00,0x00,0x00,0x00,0x00,0x00,0x00,0x00,0xff,0xff,0xfc,0x9f,0xff,0xff,0x30,0x00,0x00,0x00,0x00,
  0x00,0x00,0x00,0x00,0xff,0xff,0xfc,0x9f,0xff,0xff,0x30,0x00,0x00,0x00,0x00,0x00,0x00,0x00,0x00,0xff,0xff,0xfc,0x9f,0xff,
  0xff,0x30,0x00,0x00,0x00,0x00,0x00,0x00,0x00,0x00,0xff,0xff,0xfc,0x9f,0xff,0xff,0x30,0x00,0x00,0x00,0x00,0x00,0x00,0x00,
  0x00,0xff,0xff,0xfc,0x9f,0xff,0xff,0x30,0x00,0x00,0x00,0x00,0x00,0x00,0x00,0x00,0xff,0xff,0xfc,0x9f,0xff,0xff,0x30,0x00,
  0x00,0x00,0x00,0x00,0x00,0x00,0x00,0xff,0xff,0xfc,0x8f,0xff,0xff,0x30,0x00,0x00,0x00,0x00,0x00,0x00,0x00,0x01,0xff,0xff,
  0xfc,0x8f,0xff,0xff,0x40,0x00,0x00,0x00,0x00,0x00,0x00,0x00,0x03,0xff,0xff,0xfc,0x7f,0xff,0xff,0x50,0x00,0x00,0x00,0x00,
  0x00,0x00,0x00,0x06,0xff,0xff,0xfc,0x6f,0xff,0xff,0x70,0x00,0x00,0x00,0x00,0x00,0x00,0x00,0x0a,0xff,0xff,0xfc,0x3f,0xff,
  0xff,0xb0,0x00,0x00,0x00,0x00,0x00,0x00,0x00,0x1f,0xff,0xff,0xfc,0x0f,0xff,0xff,0xf0,0x00,0x00,0x00,0x00,0x00,0x00,0x00,
  0x9f,0xff,0xff,0xfc,0x0d,0xff,0xff,0xf7,0x00,0x00,0x00,0x00,0x00,0x00,0x04,0xff,0xff,0xff,0xfc,0x07,0xff,0xff,0xff,0x20,
  0x00,0x00,0x00,0x00,0x00,0x4e,0xff,0xff,0xff,0xfc,0x01,0xff,0xff,0xff,0xe3,0x00,0x00,0x00,0x00,0x07,0xff,0xff,0xff,0xff,
  0xfc,0x00,0x9f,0xff,0xff,0xff,0xa5,0x10,0x02,0x48,0xef,0xff,0xf9,0xff,0xff,0xfc,0x00,0x1e,0xff,0xff,0xff,0xff,0xff,0xff,
  0xff,0xff,0xff,0xc0,0xff,0xff,0xfc,0x00,0x03,0xff,0xff,0xff,0xff,0xff,0xff,0xff,0xff,0xfc,0x10,0xff,0xff,0xfc,0x00,0x00,
  0x3e,0xff,0xff,0xff,0xff,0xff,0xff,0xff,0xa0,0x00,0xff,0xff,0xfc,0x00,0x00,0x01,0x9f,0xff,0xff,0xff,0xff,0xff,0xd4,0x00,
  0x00,0xff,0xff,0xfc,0x00,0x00,0x00,0x01,0x6a,0xde,0xff,0xeb,0x83,0x00,0x00,0x00,0x00,0x00,0x00,0x0e,0xff,0xff,0xf2,0x00,
  0x00,0x00,0x00,0x00,0x00,0x00,0x00,0x00,0x00,0x5f,0xff,0xff,0xc0,0x08,0xff,0xff,0xf8,0x00,0x00,0x00,0x00,0x00,0x00,0x00,
  0x00,0x00,0x00,0xaf,0xff,0xff,0x60,0x02,0xff,0xff,0xfe,0x00,0x00,0x00,0x00,0x00,0x00,0x00,0x00,0x00,0x01,0xff,0xff,0xff,
  0x10,0x00,0xcf,0xff,0xff,0x40,0x00,0x00,0x00,0x00,0x00,0x00,0x00,0x00,0x06,0xff,0xff,0xfa,0x00,0x00,0x6f,0xff,0xff,0xa0,
  0x00,0x00,0x00,0x00,0x00,0x00,0x00,0x00,0x0c,0xff,0xff,0xf4,0x00,0x00,0x1f,0xff,0xff,0xf1,0x00,0x00,0x00,0x00,0x00,0x00,
  0x00,0x00,0x2f,0xff,0xff,0xe0,0x00,0x00,0x0a,0xff,0xff,0xf6,0x00,0x00,0x00,0x00,0x00,0x00,0x00,0x00,0x8f,0xff,0xff,0x80,
  0x00,0x00,0x04,0xff,0xff,0xfc,0x00,0x00,0x00,0x00,0x00,0x00,0x00,0x00,0xef,0xff,0xff,0x20,0x00,0x00,0x00,0xef,0xff,0xff,
  0x20,0x00,0x00,0x00,0x00,0x00,0x00,0x04,0xff,0xff,0xfc,0x00,0x00,0x00,0x00,0x8f,0xff,0xff,0x80,0x00,0x00,0x00,0x00,0x00,
  0x00,0x0a,0xff,0xff,0xf6,0x00,0x00,0x00,0x00,0x2f,0xff,0xff,0xe0,0x00,0x00,0x00,0x00,0x00,0x00,0x1f,0xff,0xff,0xf1,0x00,
  0x00,0x00,0x00,0x0c,0xff,0xff,0xf4,0x00,0x00,0x00,0x00,0x00,0x00,0x6f,0xff,0xff,0xa0,0x00,0x00,0x00,0x00,0x06,0xff,0xff,
  0xfa,0x00,0x00,0x00,0x00,0x00,0x00,0xcf,0xff,0xff,0x40,0x00,0x00,0x00,0x00,0x01,0xff,0xff,0xff,0x00,0x00,0x00,0x00,0x00,
  0x02,0xff,0xff,0xfe,0x00,0x00,0x00,0x00,0x00,0x00,0xaf,0xff,0xff,0x60,0x00,0x00,0x00,0x00,0x08,0xff,0xff,0xf8,0x00,0x00,
  0x00,0x00,0x00,0x00,0x4f,0xff,0xff,0xc0,0x00,0x00,0x00,0x00,0x0e,0xff,0xff,0xf2,0x00,0x00,0x00,0x00,0x00,0x00,0x0e,0xff,
  0xff,0xf2,0x00,0x00,0x00,0x00,0x4f,0xff,0xff,0xc0,0x00,0x00,0x00,0x00,0x00,0x00,0x08,0xff,0xff,0xf8,0x00,0x00,0x00,0x00,
  0xaf,0xff,0xff,0x60,0x00,0x00,0x00,0x00,0x00,0x00,0x02,0xff,0xff,0xfe,0x00,0x00,0x00,0x00,0xff,0xff,0xff,0x10,0x00,0x00,
  0x00,0x00,0x00,0x00,0x00,0xcf,0xff,0xff,0x40,0x00,0x00,0x06,0xff,0xff,0xfa,0x00,0x00,0x00,0x00,0x00,0x00,0x00,0x00,0x6f,
  0xff,0xff,0xa0,0x00,0x00,0x0c,0xff,0xff,0xf4,0x00,0x00,0x00,0x00,0x00,0x00,0x00,0x00,0x1f,0xff,0xff,0xf0,0x00,0x00,0x2f,
  0xff,0xff,0xe0,0x00,0x00,0x00,0x00,0x00,0x00,0x00,0x00,0x0a,0xff,0xff,0xf6,0x00,0x00,0x8f,0xff,0xff,0x80,0x00,0x00,0x00,
  0x00,0x00,0x00,0x00,0x00,0x04,0xff,0xff,0xfb,0x00,0x00,0xdf,0xff,0xff,0x20,0x00,0x00,0x00,0x00,0x00,0x00,0x00,0x00,0x00,
  0xef,0xff,0xff,0x20,0x03,0xff,0xff,0xfc,0x00,0x00,0x00,0x00,0x00,0x00,0x00,0x00,0x00,0x00,0x8f,0xff,0xff,0x70,0x09,0xff,
  0xff,0xf6,0x00,0x00,0x00,0x00,0x00,0x00,0x00,0x00,0x00,0x00,0x2f,0xff,0xff,0xd0,0x0f,0xff,0xff,0xf1,0x00,0x00,0x00,0x00,
  0x00,0x00,0x00,0x00,0x00,0x00,0x0c,0xff,0xff,0xf3,0x5f,0xff,0xff,0xa0,0x00,0x00,0x00,0x00,0x00,0x00,0x00,0x00,0x00,0x00,
  0x06,0xff,0xff,0xf9,0xbf,0xff,0xff,0x40,0x00,0x00,0x00,0x00,0x00,0x00,0x00,0x00,0x00,0x00,0x01,0xff,0xff,0xff,0xff,0xff,
  0xfe,0x00,0x00,0x00,0x00,0x00,0x00,0x00,0x00,0x00,0x00,0x00,0x00,0xaf,0xff,0xff,0xff,0xff,0xf8,0x00,0x00,0x00,0x00,0x00,
  0x00,0x00,0x00,0x00,0x00,0x00,0x00,0x4f,0xff,0xff,0xff,0xff,0xf2,0x00,0x00,0x00,0x00,0x00,0x00,0x00,0x00,0x00,0x00,0x00,
  0x00,0x0e,0xff,0xff,0xff,0xff,0xc0,0x00,0x00,0x00,0x00,0x00,0x00,0x00,0x00,0x00,0x00,0x00,0x00,0x08,0xff,0xff,0xff,0xff,
  0x60,0x00,0x00,0x00,0x00,0x00,0x00,0x00,0x00,0x00,0x00,0x00,0x00,0x02,0xff,0xff,0xff,0xff,0x10,0x00,0x00,0x00,0x00,0x00,
  0x00,0x2f,0xff,0xff,0x90,0x00,0x00,0x00,0x00,0x00,0x00,0x5f,0xff,0xff,0xfb,0x00,0x00,0x00,0x00,0x00,0x00,0x03,0xff,0xff,
  0xf8,0x0e,0xff,0xff,0xd0,0x00,0x00,0x00,0x00,0x00,0x00,0x9f,0xff,0xff,0xff,0x00,0x00,0x00,0x00,0x00,0x00,0x07,0xff,0xff,
  0xf4,0x0a,0xff,0xff,0xf1,0x00,0x00,0x00,0x00,0x00,0x00,0xef,0xff,0xff,0xff,0x30,0x00,0x00,0x00,0x00,0x00,0x0c,0xff,0xff,
  0xf0,0x06,0xff,0xff,0xf5,0x00,0x00,0x00,0x00,0x00,0x02,0xff,0xff,0xff,0xff,0x70,0x00,0x00,0x00,0x00,0x00,0x0f,0xff,0xff,
  0xb0,0x02,0xff,0xff,0xf9,0x00,0x00,0x00,0x00,0x00,0x06,0xff,0xff,0xff,0xff,0xb0,0x00,0x00,0x00,0x00,0x00,0x4f,0xff,0xff,
  0x70,0x00,0xef,0xff,0xfe,0x00,0x00,0x00,0x00,0x00,0x0a,0xff,0xff,0xff,0xff,0xf0,0x00,0x00,0x00,0x00,0x00,0x8f,0xff,0xff,
  0x30,0x00,0x9f,0xff,0xff,0x20,0x00,0x00,0x00,0x00,0x0e,0xff,0xff,0xef,0xff,0xf4,0x00,0x00,0x00,0x00,0x00,0xcf,0xff,0xff,
  0x00,0x00,0x5f,0xff,0xff,0x60,0x00,0x00,0x00,0x00,0x2f,0xff,0xfd,0x8f,0xff,0xf8,0x00,0x00,0x00,0x00,0x01,0xff,0xff,0xfb,
  0x00,0x00,0x1f,0xff,0xff,0xa0,0x00,0x00,0x00,0x00,0x7f,0xff,0xf9,0x3f,0xff,0xfc,0x00,0x00,0x00,0x00,0x05,0xff,0xff,0xf6,
  0x00,0x00,0x0d,0xff,0xff,0xe0,0x00,0x00,0x00,0x00,0xbf,0xff,0xf5,0x0f,0xff,0xff,0x10,0x00,0x00,0x00,0x09,0xff,0xff,0xf2,
  0x00,0x00,0x09,0xff,0xff,0xf3,0x00,0x00,0x00,0x00,0xff,0xff,0xf1,0x0b,0xff,0xff,0x50,0x00,0x00,0x00,0x0d,0xff,0xff,0xe0,
  0x00,0x00,0x04,0xff,0xff,0xf7,0x00,0x00,0x00,0x03,0xff,0xff,0xd0,0x07,0xff,0xff,0x90,0x00,0x00,0x00,0x1f,0xff,0xff,0xa0,
  0x00,0x00,0x00,0xff,0xff,0xfb,0x00,0x00,0x00,0x07,0xff,0xff,0x80,0x03,0xff,0xff,0xd0,0x00,0x00,0x00,0x5f,0xff,0xff,0x60,
  0x00,0x00,0x00,0xcf,0xff,0xff,0x00,0x00,0x00,0x0c,0xff,0xff,0x40,0x00,0xef,0xff,0xf1,0x00,0x00,0x00,0xaf,0xff,0xff,0x10,
  0x00,0x00,0x00,0x8f,0xff,0xff,0x40,0x00,0x00,0x0f,0xff,0xff,0x00,0x00,0xaf,0xff,0xf6,0x00,0x00,0x00,0xef,0xff,0xfd,0x00,
  0x00,0x00,0x00,0x4f,0xff,0xff,0x80,0x00,0x00,0x4f,0xff,0xfc,0x00,0x00,0x6f,0xff,0xfa,0x00,0x00,0x02,0xff,0xff,0xf9,0x00,
  0x00,0x00,0x00,0x0f,0xff,0xff,0xc0,0x00,0x00,0x8f,0xff,0xf8,0x00,0x00,0x2f,0xff,0xfe,0x00,0x00,0x06,0xff,0xff,0xf5,0x00,
  0x00,0x00,0x00,0x0b,0xff,0xff,0xf0,0x00,0x00,0xcf,0xff,0xf3,0x00,0x00,0x0e,0xff,0xff,0x20,0x00,0x0a,0xff,0xff,0xf1,0x00,
  0x00,0x00,0x00,0x07,0xff,0xff,0xf4,0x00,0x01,0xff,0xff,0xf0,0x00,0x00,0x09,0xff,0xff,0x60,0x00,0x0e,0xff,0xff,0xd0,0x00,
  0x00,0x00,0x00,0x03,0xff,0xff,0xf9,0x00,0x05,0xff,0xff,0xb0,0x00,0x00,0x05,0xff,0xff,0xb0,0x00,0x3f,0xff,0xff,0x80,0x00,
  0x00,0x00,0x00,0x00,0xff,0xff,0xfd,0x00,0x09,0xff,0xff,0x70,0x00,0x00,0x01,0xff,0xff,0xf0,0x00,0x7f,0xff,0xff,0x40,0x00,
  0x00,0x00,0x00,0x00,0xbf,0xff,0xff,0x10,0x0d,0xff,0xff,0x20,0x00,0x00,0x00,0xdf,0xff,0xf3,0x00,0xbf,0xff,0xff,0x00,0x00,
  0x00,0x00,0x00,0x00,0x6f,0xff,0xff,0x50,0x1f,0xff,0xfe,0x00,0x00,0x00,0x00,0x9f,0xff,0xf7,0x00,0xff,0xff,0xfc,0x00,0x00,
  0x00,0x00,0x00,0x00,0x2f,0xff,0xff,0x90,0x6f,0xff,0xfa,0x00,0x00,0x00,0x00,0x4f,0xff,0xfb,0x04,0xff,0xff,0xf8,0x00,0x00,
  0x00,0x00,0x00,0x00,0x0e,0xff,0xff,0xe0,0xaf,0xff,0xf6,0x00,0x00,0x00,0x00,0x0f,0xff,0xff,0x08,0xff,0xff,0xf3,0x00,0x00,
  0x00,0x00,0x00,0x00,0x0a,0xff,0xff,0xf2,0xef,0xff,0xf2,0x00,0x00,0x00,0x00,0x0c,0xff,0xff,0x4c,0xff,0xff,0xf0,0x00,0x00,
  0x00,0x00,0x00,0x00,0x06,0xff,0xff,0xf9,0xff,0xff,0xd0,0x00,0x00,0x00,0x00,0x08,0xff,0xff,0x9f,0xff,0xff,0xb0,0x00,0x00,
  0x00,0x00,0x00,0x00,0x01,0xff,0xff,0xff,0xff,0xff,0x90,0x00,0x00,0x00,0x00,0x04,0xff,0xff,0xff,0xff,0xff,0x70,0x00,0x00,
  0x00,0x00,0x00,0x00,0x00,0xdf,0xff,0xff,0xff,0xff,0x50,0x00,0x00,0x00,0x00,0x00,0xff,0xff,0xff,0xff,0xff,0x30,0x00,0x00,
  0x00,0x00,0x00,0x00,0x00,0x9f,0xff,0xff,0xff,0xff,0x10,0x00,0x00,0x00,0x00,0x00,0xbf,0xff,0xff,0xff,0xfe,0x00,0x00,0x00,
  0x00,0x00,0x00,0x00,0x00,0x5f,0xff,0xff,0xff,0xfc,0x00,0x00,0x00,0x00,0x00,0x00,0x7f,0xff,0xff,0xff,0xfa,0x00,0x00,0x00,
  0x00,0x00,0x00,0x00,0x00,0x1f,0xff,0xff,0xff,0xf8,0x00,0x00,0x00,0x00,0x00,0x00,0x3f,0xff,0xff,0xff,0xf6,0x00,0x00,0x00,
  0x00,0x00,0x00,0x00,0x00,0x0c,0xff,0xff,0xff,0xf4,0x00,0x00,0x00,0x00,0x00,0x00,0x0e,0xff,0xff,0xff,0xf2,0x00,0x00,0x00,
  0x00,0x00,0x00,0x00,0x00,0x08,0xff,0xff,0xff,0xf0,0x00,0x00,0x00,0x00,0x00,0x00,0x0a,0xff,0xff,0xff,0xe0,0x00,0x00,0x00,
  0x00,0x00,0x00,0x00,0x00,0x04,0xff,0xff,0xff,0xc0,0x00,0x00,0x00,0x00,0x00,0x00,0x06,0xff,0xff,0xff,0xa0,0x00,0x00,0x00,
  0x00,0x00,0xaf,0xff,0xff,0xf2,0x00,0x00,0x00,0x00,0x00,0x00,0x00,0x00,0x1e,0xff,0xff,0xfb,0x00,0x00,0x0d,0xff,0xff,0xfd,
  0x00,0x00,0x00,0x00,0x00,0x00,0x00,0x00,0xcf,0xff,0xff,0xe1,0x00,0x00,0x02,0xff,0xff,0xff,0xa0,0x00,0x00,0x00,0x00,0x00,
  0x00,0x08,0xff,0xff,0xff,0x40,0x00,0x00,0x00,0x6f,0xff,0xff,0xf6,0x00,0x00,0x00,0x00,0x00,0x00,0x4f,0xff,0xff,0xf8,0x00,
  0x00,0x00,0x00,0x0a,0xff,0xff,0xff,0x20,0x00,0x00,0x00,0x00,0x01,0xef,0xff,0xff,0xc0,0x00,0x00,0x00,0x00,0x00,0xdf,0xff,
  0xff,0xd0,0x00,0x00,0x00,0x00,0x0b,0xff,0xff,0xfe,0x10,0x00,0x00,0x00,0x00,0x00,0x3f,0xff,0xff,0xf9,0x00,0x00,0x00,0x00,
  0x7f,0xff,0xff,0xf4,0x00,0x00,0x00,0x00,0x00,0x00,0x06,0xff,0xff,0xff,0x50,0x00,0x00,0x04,0xff,0xff,0xff,0x80,0x00,0x00,
  0x00,0x00,0x00,0x00,0x00,0xaf,0xff,0xff,0xf2,0x00,0x00,0x1e,0xff,0xff,0xfc,0x00,0x00,0x00,0x00,0x00,0x00,0x00,0x00,0x0d,
  0xff,0xff,0xfd,0x00,0x00,0xbf,0xff,0xff,0xe2,0x00,0x00,0x00,0x00,0x00,0x00,0x00,0x00,0x03,0xff,0xff,0xff,0x90,0x07,0xff,
  0xff,0xff,0x50,0x00,0x00,0x00,0x00,0x00,0x00,0x00,0x00,0x00,0x6f,0xff,0xff,0xf5,0x3f,0xff,0xff,0xf9,0x00,0x00,0x00,0x00,
  0x00,0x00,0x00,0x00,0x00,0x00,0x0a,0xff,0xff,0xff,0xef,0xff,0xff,0xc0,0x00,0x00,0x00,0x00,0x00,0x00,0x00,0x00,0x00,0x00,
  0x01,0xdf,0xff,0xff,0xff,0xff,0xff,0x20,0x00,0x00,0x00,0x00,0x00,0x00,0x00,0x00,0x00,0x00,0x00,0x3f,0xff,0xff,0xff,0xff,
  0xf5,0x00,0x00,0x00,0x00,0x00,0x00,0x00,0x00,0x00,0x00,0x00,0x00,0x07,0xff,0xff,0xff,0xff,0x90,0x00,0x00,0x00,0x00,0x00,
  0x00,0x00,0x00,0x00,0x00,0x00,0x00,0x00,0xcf,0xff,0xff,0xfd,0x00,0x00,0x00,0x00,0x00,0x00,0x00,0x00,0x00,0x00,0x00,0x00,
  0x00,0x03,0xff,0xff,0xff,0xfc,0x00,0x00,0x00,0x00,0x00,0x00,0x00,0x00,0x00,0x00,0x00,0x00,0x00,0x0d,0xff,0xff,0xff,0xff,
  0x80,0x00,0x00,0x00,0x00,0x00,0x00,0x00,0x00,0x00,0x00,0x00,0x00,0xaf,0xff,0xff,0xff,0xff,0xf4,0x00,0x00,0x00,0x00,0x00,
  0x00,0x00,0x00,0x00,0x00,0x00,0x06,0xff,0xff,0xff,0xff,0xff,0xfe,0x10,0x00,0x00,0x00,0x00,0x00,0x00,0x00,0x00,0x00,0x00,
  0x2f,0xff,0xff,0xfa,0xef,0xff,0xff,0xc0,0x00,0x00,0x00,0x00,0x00,0x00,0x00,0x00,0x00,0x00,0xdf,0xff,0xff,0xd0,0x4f,0xff,
  0xff,0xf8,0x00,0x00,0x00,0x00,0x00,0x00,0x00,0x00,0x00,0x09,0xff,0xff,0xff,0x20,0x08,0xff,0xff,0xff,0x40,0x00,0x00,0x00,
  0x00,0x00,0x00,0x00,0x00,0x5f,0xff,0xff,0xf6,0x00,0x00,0xcf,0xff,0xff,0xe1,0x00,0x00,0x00,0x00,0x00,0x00,0x00,0x02,0xff,
  0xff,0xff,0xa0,0x00,0x00,0x1e,0xff,0xff,0xfb,0x00,0x00,0x00,0x00,0x00,0x00,0x00,0x0d,0xff,0xff,0xfd,0x00,0x00,0x00,0x04,
  0xff,0xff,0xff,0x70,0x00,0x00,0x00,0x00,0x00,0x00,0x9f,0xff,0xff,0xf3,0x00,0x00,0x00,0x00,0x8f,0xff,0xff,0xf3,0x00,0x00,
  0x00,0x00,0x00,0x05,0xff,0xff,0xff,0x70,0x00,0x00,0x00,0x00,0x0c,0xff,0xff,0xfe,0x10,0x00,0x00,0x00,0x00,0x2f,0xff,0xff,
  0xfb,0x00,0x00,0x00,0x00,0x00,0x02,0xff,0xff,0xff,0xb0,0x00,0x00,0x00,0x00,0xcf,0xff,0xff,0xe1,0x00,0x00,0x00,0x00,0x00,
  0x00,0x5f,0xff,0xff,0xf7,0x00,0x00,0x00,0x08,0xff,0xff,0xff,0x30,0x00,0x00,0x00,0x00,0x00,0x00,0x09,0xff,0xff,0xff,0x30,
  0x00,0x00,0x4f,0xff,0xff,0xf7,0x00,0x00,0x00,0x00,0x00,0x00,0x00,0x00,0xdf,0xff,0xff,0xd0,0x00,0x01,0xef,0xff,0xff,0xb0,
  0x00,0x00,0x00,0x00,0x00,0x00,0x00,0x00,0x2f,0xff,0xff,0xfa,0x00,0x0c,0xff,0xff,0xfe,0x10,0x00,0x00,0x00,0x00,0x00,0x00,
  0x00,0x00,0x05,0xff,0xff,0xff,0x60,0x0e,0xff,0xff,0xf3,0x00,0x00,0x00,0x00,0x00,0x00,0x00,0x00,0x00,0x00,0x5f,0xff,0xff,
  0xc0,0x07,0xff,0xff,0xf9,0x00,0x00,0x00,0x00,0x00,0x00,0x00,0x00,0x00,0x00,0xbf,0xff,0xff,0x50,0x01,0xff,0xff,0xff,0x00,
  0x00,0x00,0x00,0x00,0x00,0x00,0x00,0x00,0x02,0xff,0xff,0xfe,0x00,0x00,0xaf,0xff,0xff,0x60,0x00,0x00,0x00,0x00,0x00,0x00,
  0x00,0x00,0x08,0xff,0xff,0xf8,0x00,0x00,0x3f,0xff,0xff,0xc0,0x00,0x00,0x00,0x00,0x00,0x00,0x00,0x00,0x0e,0xff,0xff,0xf2,
  0x00,0x00,0x0d,0xff,0xff,0xf3,0x00,0x00,0x00,0x00,0x00,0x00,0x00,0x00,0x5f,0xff,0xff,0xb0,0x00,0x00,0x06,0xff,0xff,0xf9,
  0x00,0x00,0x00,0x00,0x00,0x00,0x00,0x00,0xbf,0xff,0xff,0x50,0x00,0x00,0x00,0xff,0xff,0xff,0x00,0x00,0x00,0x00,0x00,0x00,
  0x00,0x02,0xff,0xff,0xfe,0x00,0x00,0x00,0x00,0x9f,0xff,0xff,0x60,0x00,0x00,0x00,0x00,0x00,0x00,0x08,0xff,0xff,0xf8,0x00,
  0x00,0x00,0x00,0x2f,0xff,0xff,0xc0,0x00,0x00,0x00,0x00,0x00,0x00,0x0e,0xff,0xff,0xf1,0x00,0x00,0x00,0x00,0x0c,0xff,0xff,
  0xf3,0x00,0x00,0x00,0x00,0x00,0x00,0x5f,0xff,0xff,0xb0,0x00,0x00,0x00,0x00,0x05,0xff,0xff,0xf9,0x00,0x00,0x00,0x00,0x00,
  0x00,0xbf,0xff,0xff,0x40,0x00,0x00,0x00,0x00,0x00,0xef,0xff,0xff,0x00,0x00,0x00,0x00,0x00,0x02,0xff,0xff,0xfe,0x00,0x00,
  0x00,0x00,0x00,0x00,0x8f,0xff,0xff,0x60,0x00,0x00,0x00,0x00,0x08,0xff,0xff,0xf7,0x00,0x00,0x00,0x00,0x00,0x00,0x2f,0xff,
  0xff,0xc0,0x00,0x00,0x00,0x00,0x0e,0xff,0xff,0xf1,0x00,0x00,0x00,0x00,0x00,0x00,0x0b,0xff,0xff,0xf3,0x00,0x00,0x00,0x00,
  0x5f,0xff,0xff,0xa0,0x00,0x00,0x00,0x00,0x00,0x00,0x04,0xff,0xff,0xf9,0x00,0x00,0x00,0x00,0xbf,0xff,0xff,0x40,0x00,0x00,
  0x00,0x00,0x00,0x00,0x00,0xdf,0xff,0xff,0x00,0x00,0x00,0x02,0xff,0xff,0xfd,0x00,0x00,0x00,0x00,0x00,0x00,0x00,0x00,0x7f,
  0xff,0xff,0x60,0x00,0x00,0x08,0xff,0xff,0xf7,0x00,0x00,0x00,0x00,0x00,0x00,0x00,0x00,0x1f,0xff,0xff,0xc0,0x00,0x00,0x0e,
  0xff,0xff,0xf1,0x00,0x00,0x00,0x00,0x00,0x00,0x00,0x00,0x0a,0xff,0xff,0xf3,0x00,0x00,0x5f,0xff,0xff,0xa0,0x00,0x00,0x00,
  0x00,0x00,0x00,0x00,0x00,0x03,0xff,0xff,0xf9,0x00,0x00,0xbf,0xff,0xff,0x30,0x00,0x00,0x00,0x00,0x00,0x00,0x00,0x00,0x00,
  0xdf,0xff,0xff,0x00,0x01,0xff,0xff,0xfd,0x00,0x00,0x00,0x00,0x00,0x00,0x00,0x00,0x00,0x00,0x6f,0xff,0xff,0x60,0x08,0xff,
  0xff,0xf6,0x00,0x00,0x00,0x00,0x00,0x00,0x00,0x00,0x00,0x00,0x0f,0xff,0xff,0xc0,0x0e,0xff,0xff,0xf0,0x00,0x00,0x00,0x00,
  0x00,0x00,0x00,0x00,0x00,0x00,0x09,0xff,0xff,0xf2,0x5f,0xff,0xff,0x90,0x00,0x00,0x00,0x00,0x00,0x00,0x00,0x00,0x00,0x00,
  0x02,0xff,0xff,0xf9,0xbf,0xff,0xff,0x30,0x00,0x00,0x00,0x00,0x00,0x00,0x00,0x00,0x00,0x00,0x00,0xcf,0xff,0xff,0xff,0xff,
  0xfc,0x00,0x00,0x00,0x00,0x00,0x00,0x00,0x00,0x00,0x00,0x00,0x00,0x5f,0xff,0xff,0xff,0xff,0xf6,0x00,0x00,0x00,0x00,0x00,
  0x00,0x00,0x00,0x00,0x00,0x00,0x00,0x0e,0xff,0xff,0xff,0xff,0xe0,0x00,0x00,0x00,0x00,0x00,0x00,0x00,0x00,0x00,0x00,0x00,
  0x00,0x08,0xff,0xff,0xff,0xff,0x90,0x00,0x00,0x00,0x00,0x00,0x00,0x00,0x00,0x00,0x00,0x00,0x00,0x01,0xff,0xff,0xff,0xff,
  0x20,0x00,0x00,0x00,0x00,0x00,0x00,0x00,0x00,0x00,0x00,0x00,0x00,0x00,0xbf,0xff,0xff,0xfc,0x00,0x00,0x00,0x00,0x00,0x00,
  0x00,0x00,0x00,0x00,0x00,0x00,0x00,0x00,0x4f,0xff,0xff,0xf5,0x00,0x00,0x00,0x00,0x00,0x00,0x00,0x00,0x00,0x00,0x00,0x00,
  0x00,0x00,0x0f,0xff,0xff,0xe0,0x00,0x00,0x00,0x00,0x00,0x00,0x00,0x00,0x00,0x00,0x00,0x00,0x00,0x00,0x6f,0xff,0xff,0x80,
  0x00,0x00,0x00,0x00,0x00,0x00,0x00,0x00,0x00,0x00,0x00,0x00,0x00,0x00,0xcf,0xff,0xff,0x20,0x00,0x00,0x00,0x00,0x00,0x00,
  0x00,0x00,0x00,0x00,0x00,0x00,0x00,0x03,0xff,0xff,0xfb,0x00,0x00,0x00,0x00,0x00,0x00,0x00,0x00,0x00,0x00,0x00,0x00,0x00,
  0x00,0x0a,0xff,0xff,0xf5,0x00,0x00,0x00,0x00,0x00,0x00,0x00,0x00,0x00,0x00,0x00,0x00,0x00,0x00,0x2f,0xff,0xff,0xe0,0x00,
  0x00,0x00,0x00,0x00,0x00,0x00,0x00,0x00,0x00,0x00,0x00,0x00,0x00,0xbf,0xff,0xff,0x70,0x00,0x00,0x00,0x00,0x00,0x00,0x00,
  0x00,0x00,0x00,0x00,0x00,0x00,0x07,0xff,0xff,0xfe,0x00,0x00,0x00,0x00,0x00,0x00,0x00,0x00,0x00,0x00,0x00,0x00,0x00,0x14,
  0xaf,0xff,0xff,0xf7,0x00,0x00,0x00,0x00,0x00,0x00,0x00,0x00,0x00,0x00,0x00,0xff,0xff,0xff,0xff,0xff,0xff,0xd0,0x00,0x00,
  0x00,0x00,0x00,0x00,0x00,0x00,0x00,0x00,0x00,0xff,0xff,0xff,0xff,0xff,0xff,0x40,0x00,0x00,0x00,0x00,0x00,0x00,0x00,0x00,
  0x00,0x00,0x00,0xff,0xff,0xff,0xff,0xff,0xf6,0x00,0x00,0x00,0x00,0x00,0x00,0x00,0x00,0x00,0x00,0x00,0x00,0xff,0xff,0xff,
  0xff,0xfe,0x40,0x00,0x00,0x00,0x00,0x00,0x00,0x00,0x00,0x00,0x00,0x00,0x00,0xff,0xff,0xff,0xda,0x50,0x00,0x00,0x00,0x00,
  0x00,0x00,0x00,0x00,0x00,0x00,0x00,0x07,0xff,0xff,0xff,0xff,0xff,0xff,0xff,0xff,0xff,0xff,0xff,0xff,0xff,0xd0,0x07,0xff,
  0xff,0xff,0xff,0xff,0xff,0xff,0xff,0xff,0xff,0xff,0xff,0xff,0xd0,0x07,0xff,0xff,0xff,0xff,0xff,0xff,0xff,0xff,0xff,0xff,
  0xff,0xff,0xff,0xd0,0x07,0xff,0xff,0xff,0xff,0xff,0xff,0xff,0xff,0xff,0xff,0xff,0xff,0xff,0xd0,0x07,0xff,0xff,0xff,0xff,
  0xff,0xff,0xff,0xff,0xff,0xff,0xff,0xff,0xff,0xd0,0x00,0x00,0x00,0x00,0x00,0x00,0x00,0x00,0x00,0x00,0x02,0xef,0xff,0xff,
  0x80,0x00,0x00,0x00,0x00,0x00,0x00,0x00,0x00,0x00,0x00,0x1d,0xff,0xff,0xfb,0x00,0x00,0x00,0x00,0x00,0x00,0x00,0x00,0x00,
  0x00,0x00,0xcf,0xff,0xff,0xc0,0x00,0x00,0x00,0x00,0x00,0x00,0x00,0x00,0x00,0x00,0x0a,0xff,0xff,0xfd,0x10,0x00,0x00,0x00,
  0x00,0x00,0x00,0x00,0x00,0x00,0x00,0x8f,0xff,0xff,0xe2,0x00,0x00,0x00,0x00,0x00,0x00,0x00,0x00,0x00,0x00,0x06,0xff,0xff,
  0xff,0x30,0x00,0x00,0x00,0x00,0x00,0x00,0x00,0x00,0x00,0x00,0x4f,0xff,0xff,0xf5,0x00,0x00,0x00,0x00,0x00,0x00,0x00,0x00,
  0x00,0x00,0x03,0xff,0xff,0xff,0x70,0x00,0x00,0x00,0x00,0x00,0x00,0x00,0x00,0x00,0x00,0x2e,0xff,0xff,0xf9,0x00,0x00,0x00,
  0x00,0x00,0x00,0x00,0x00,0x00,0x00,0x01,0xdf,0xff,0xff,0xb0,0x00,0x00,0x00,0x00,0x00,0x00,0x00,0x00,0x00,0x00,0x0c,0xff,
  0xff,0xfc,0x00,0x00,0x00,0x00,0x00,0x00,0x00,0x00,0x00,0x00,0x00,0xaf,0xff,0xff,0xe1,0x00,0x00,0x00,0x00,0x00,0x00,0x00,
  0x00,0x00,0x00,0x08,0xff,0xff,0xff,0x20,0x00,0x00,0x00,0x00,0x00,0x00,0x00,0x00,0x00,0x00,0x6f,0xff,0xff,0xf4,0x00,0x00,
  0x00,0x00,0x00,0x00,0x00,0x00,0x00,0x00,0x04,0xff,0xff,0xff,0x50,0x00,0x00,0x00,0x00,0x00,0x00,0x00,0x00,0x00,0x00,0x2f,
  0xff,0xff,0xf7,0x00,0x00,0x00,0x00,0x00,0x00,0x00,0x00,0x00,0x00,0x01,0xef,0xff,0xff,0x90,0x00,0x00,0x00,0x00,0x00,0x00,
  0x00,0x00,0x00,0x00,0x0d,0xff,0xff,0xfb,0x00,0x00,0x00,0x00,0x00,0x00,0x00,0x00,0x00,0x00,0x00,0xbf,0xff,0xff,0xd0,0x00,
  0x00,0x00,0x00,0x00,0x00,0x00,0x00,0x00,0x00,0x09,0xff,0xff,0xfe,0x10,0x00,0x00,0x00,0x00,0x00,0x00,0x00,0x00,0x00,0x00,
  0x7f,0xff,0xff,0xf3,0x00,0x00,0x00,0x00,0x00,0x00,0x00,0x00,0x00,0x00,0x05,0xff,0xff,0xff,0x40,0x00,0x00,0x00,0x00,0x00,
  0x00,0x00,0x00,0x00,0x00,0x4f,0xff,0xff,0xf6,0x00,0x00,0x00,0x00,0x00,0x00,0x00,0x00,0x00,0x00,0x02,0xff,0xff,0xff,0x80,
  0x00,0x00,0x00,0x00,0x00,0x00,0x00,0x00,0x00,0x00,0x1e,0xff,0xff,0xfa,0x00,0x00,0x00,0x00,0x00,0x00,0x00,0x00,0x00,0x00,
  0x00,0x4f,0xff,0xff,0xff,0xff,0xff,0xff,0xff,0xff,0xff,0xff,0xff,0xff,0xff,0xd0,0x4f,0xff,0xff,0xff,0xff,0xff,0xff,0xff,
  0xff,0xff,0xff,0xff,0xff,0xff,0xd0,0x4f,0xff,0xff,0xff,0xff,0xff,0xff,0xff,0xff,0xff,0xff,0xff,0xff,0xff,0xd0,0x4f,0xff,
  0xff,0xff,0xff,0xff,0xff,0xff,0xff,0xff,0xff,0xff,0xff,0xff,0xd0,0x4f,0xff,0xff,0xff,0xff,0xff,0xff,0xff,0xff,0xff,0xff,
  0xff,0xff,0xff,0xd0,0x00,0x00,0x00,0x00,0x00,0x00,0x00,0x03,0x7a,0xcd,0xef,0xff,0xb0,0x00,0x00,0x00,0x00,0x00,0x00,0x06,
  0xdf,0xff,0xff,0xff,0xff,0xb0,0x00,0x00,0x00,0x00,0x00,0x00,0xbf,0xff,0xff,0xff,0xff,0xff,0xb0,0x00,0x00,0x00,0x00,0x00,
  0x09,0xff,0xff,0xff,0xff,0xff,0xff,0xb0,0x00,0x00,0x00,0x00,0x00,0x1f,0xff,0xff,0xff,0xff,0xff,0xff,0xb0,0x00,0x00,0x00,
  0x00,0x00,0x7f,0xff,0xff,0xfd,0x74,0x10,0x00,0x00,0x00,0x00,0x00,0x00,0x00,0xcf,0xff,0xff,0xb0,0x00,0x00,0x00,0x00,0x00,
  0x00,0x00,0x00,0x00,0xff,0xff,0xff,0x20,0x00,0x00,0x00,0x00,0x00,0x00,0x00,0x00,0x01,0xff,0xff,0xfd,0x00,0x00,0x00,0x00,
  0x00,0x00,0x00,0x00,0x00,0x03,0xff,0xff,0xfa,0x00,0x00,0x00,0x00,0x00,0x00,0x00,0x00,0x00,0x04,0xff,0xff,0xf8,0x00,0x00,
  0x00,0x00,0x00,0x00,0x00,0x00,0x00,0x04,0xff,0xff,0xf8,0x00,0x00,0x00,0x00,0x00,0x00,0x00,0x00,0x00,0x04,0xff,0xff,0xf8,
  0x00,0x00,0x00,0x00,0x00,0x00,0x00,0x00,0x00,0x04,0xff,0xff,0xf8,0x00,0x00,0x00,0x00,0x00,0x00,0x00,0x00,0x00,0x04,0xff,
  0xff,0xf8,0x00,0x00,0x00,0x00,0x00,0x00,0x00,0x00,0x00,0x04,0xff,0xff,0xf8,0x00,0x00,0x00,0x00,0x00,0x00,0x00,0x00,0x00,
  0x04,0xff,0xff,0xf8,0x00,0x00,0x00,0x00,0x00,0x00,0x00,0x00,0x00,0x04,0xff,0xff,0xf8,0x00,0x00,0x00,0x00,0x00,0x00,0x00,
  0x00,0x00,0x04,0xff,0xff,0xf8,0x00,0x00,0x00,0x00,0x00,0x00,0x00,0x00,0x00,0x04,0xff,0xff,0xf7,0x00,0x00,0x00,0x00,0x00,
  0x00,0x00,0x00,0x00,0x05,0xff,0xff,0xf7,0x00,0x00,0x00,0x00,0x00,0x00,0x00,0x00,0x00,0x07,0xff,0xff,0xf6,0x00,0x00,0x00,
  0x00,0x00,0x00,0x00,0x00,0x00,0x0a,0xff,0xff,0xf4,0x00,0x00,0x00,0x00,0x00,0x00,0x00,0x00,0x00,0x0e,0xff,0xff,0xf2,0x00,
  0x00,0x00,0x00,0x00,0x00,0x00,0x00,0x00,0x6f,0xff,0xff,0xe0,0x00,0x00,0x00,0x00,0x00,0x00,0x00,0x00,0x05,0xff,0xff,0xff,
  0x90,0x00,0x00,0x00,0x00,0x00,0x00,0x01,0x36,0xcf,0xff,0xff,0xfe,0x10,0x00,0x00,0x00,0x00,0x00,0xff,0xff,0xff,0xff,0xff,
  0xff,0xf4,0x00,0x00,0x00,0x00,0x00,0x00,0xff,0xff,0xff,0xff,0xff,0xfb,0x20,0x00,0x00,0x00,0x00,0x00,0x00,0xff,0xff,0xff,
  0xff,0xfc,0x30,0x00,0x00,0x00,0x00,0x00,0x00,0x00,0xff,0xff,0xff,0xff,0xff,0xfa,0x10,0x00,0x00,0x00,0x00,0x00,0x00,0xff,
  0xff,0xff,0xff,0xff,0xff,0xe3,0x00,0x00,0x00,0x00,0x00,0x00,0x00,0x01,0x37,0xdf,0xff,0xff,0xfe,0x10,0x00,0x00,0x00,0x00,
  0x00,0x00,0x00,0x00,0x06,0xff,0xff,0xff,0x80,0x00,0x00,0x00,0x00,0x00,0x00,0x00,0x00,0x00,0x8f,0xff,0xff,0xe0,0x00,0x00,
  0x00,0x00,0x00,0x00,0x00,0x00,0x00,0x0f,0xff,0xff,0xf2,0x00,0x00,0x00,0x00,0x00,0x00,0x00,0x00,0x00,0x0b,0xff,0xff,0xf4,
  0x00,0x00,0x00,0x00,0x00,0x00,0x00,0x00,0x00,0x08,0xff,0xff,0xf6,0x00,0x00,0x00,0x00,0x00,0x00,0x00,0x00,0x00,0x06,0xff,
  0xff,0xf7,0x00,0x00,0x00,0x00,0x00,0x00,0x00,0x00,0x00,0x05,0xff,0xff,0xf7,0x00,0x00,0x00,0x00,0x00,0x00,0x00,0x00,0x00,
  0x04,0xff,0xff,0xf8,0x00,0x00,0x00,0x00,0x00,0x00,0x00,0x00,0x00,0x04,0xff,0xff,0xf8,0x00,0x00,0x00,0x00,0x00,0x00,0x00,
  0x00,0x00,0x04,0xff,0xff,0xf8,0x00,0x00,0x00,0x00,0x00,0x00,0x00,0x00,0x00,0x04,0xff,0xff,0xf8,0x00,0x00,0x00,0x00,0x00,
  0x00,0x00,0x00,0x00,0x04,0xff,0xff,0xf8,0x00,0x00,0x00,0x00,0x00,0x00,0x00,0x00,0x00,0x04,0xff,0xff,0xf8,0x00,0x00,0x00,
  0x00,0x00,0x00,0x00,0x00,0x00,0x04,0xff,0xff,0xf8,0x00,0x00,0x00,0x00,0x00,0x00,0x00,0x00,0x00,0x04,0xff,0xff,0xf8,0x00,
  0x00,0x00,0x00,0x00,0x00,0x00,0x00,0x00,0x04,0xff,0xff,0xf8,0x00,0x00,0x00,0x00,0x00,0x00,0x00,0x00,0x00,0x03,0xff,0xff,
  0xfa,0x00,0x00,0x00,0x00,0x00,0x00,0x00,0x00,0x00,0x01,0xff,0xff,0xfd,0x00,0x00,0x00,0x00,0x00,0x00,0x00,0x00,0x00,0x00,
  0xff,0xff,0xff,0x20,0x00,0x00,0x00,0x00,0x00,0x00,0x00,0x00,0x00,0xcf,0xff,0xff,0xb0,0x00,0x00,0x00,0x00,0x00,0x00,0x00,
  0x00,0x00,0x7f,0xff,0xff,0xfd,0x73,0x10,0x00,0x00,0x00,0x00,0x00,0x00,0x00,0x2f,0xff,0xff,0xff,0xff,0xff,0xff,0xb0,0x00,
  0x00,0x00,0x00,0x00,0x09,0xff,0xff,0xff,0xff,0xff,0xff,0xb0,0x00,0x00,0x00,0x00,0x00,0x00,0xbf,0xff,0xff,0xff,0xff,0xff,
  0xb0,0x00,0x00,0x00,0x00,0x00,0x00,0x06,0xdf,0xff,0xff,0xff,0xff,0xb0,0x00,0x00,0x00,0x00,0x00,0x00,0x00,0x03,0x7a,0xcd,
  0xff,0xff,0xb0,0xef,0xff,0xf7,0xef,0xff,0xf7,0xef,0xff,0xf7,0xef,0xff,0xf7,0xef,0xff,0xf7,0xef,0xff,0xf7,0xef,0xff,0xf7,
  0xef,0xff,0xf7,0xef,0xff,0xf7,0xef,0xff,0xf7,0xef,0xff,0xf7,0xef,0xff,0xf7,0xef,0xff,0xf7,0xef,0xff,0xf7,0xef,0xff,0xf7,
  0xef,0xff,0xf7,0xef,0xff,0xf7,0xef,0xff,0xf7,0xef,0xff,0xf7,0xef,0xff,0xf7,0xef,0xff,0xf7,0xef,0xff,0xf7,0xef,0xff,0xf7,
  0xef,0xff,0xf7,0xef,0xff,0xf7,0xef,0xff,0xf7,0xef,0xff,0xf7,0xef,0xff,0xf7,0xef,0xff,0xf7,0xef,0xff,0xf7,0xef,0xff,0xf7,
  0xef,0xff,0xf7,0xef,0xff,0xf7,0xef,0xff,0xf7,0xef,0xff,0xf7,0xef,0xff,0xf7,0xef,0xff,0xf7,0xef,0xff,0xf7,0xef,0xff,0xf7,
  0xef,0xff,0xf7,0xef,0xff,0xf7,0xef,0xff,0xf7,0xef,0xff,0xf7,0xef,0xff,0xf7,0xef,0xff,0xf7,0xef,0xff,0xf7,0xef,0xff,0xf7,
  0xef,0xff,0xf7,0xef,0xff,0xf7,0xef,0xff,0xf7,0xef,0xff,0xf7,0xef,0xff,0xf7,0xef,0xff,0xf7,0xef,0xff,0xf7,0xef,0xff,0xf7,
  0xef,0xff,0xf7,0xef,0xff,0xf7,0xef,0xff,0xf7,0xef,0xff,0xf7,0xef,0xff,0xf7,0xef,0xff,0xf7,0xef,0xff,0xf7,0xef,0xff,0xf7,
  0xef,0xff,0xf7,0xff,0xff,0xed,0xb9,0x61,0x00,0x00,0x00,0x00,0x00,0x00,0x00,0x00,0xff,0xff,0xff,0xff,0xff,0xc3,0x00,0x00,
  0x00,0x00,0x00,0x00,0x00,0xff,0xff,0xff,0xff,0xff,0xff,0x70,0x00,0x00,0x00,0x00,0x00,0x00,0xff,0xff,0xff,0xff,0xff,0xff,
  0xf4,0x00,0x00,0x00,0x00,0x00,0x00,0xff,0xff,0xff,0xff,0xff,0xff,0xfc,0x00,0x00,0x00,0x00,0x00,0x00,0x00,0x00,0x24,0x9f,
  0xff,0xff,0xff,0x20,0x00,0x00,0x00,0x00,0x00,0x00,0x00,0x00,0x01,0xef,0xff,0xff,0x70,0x00,0x00,0x00,0x00,0x00,0x00,0x00,
  0x00,0x00,0x6f,0xff,0xff,0xa0,0x00,0x00,0x00,0x00,0x00,0x00,0x00,0x00,0x00,0x1f,0xff,0xff,0xc0,0x00,0x00,0x00,0x00,0x00,
  0x00,0x00,0x00,0x00,0x0e,0xff,0xff,0xe0,0x00,0x00,0x00,0x00,0x00,0x00,0x00,0x00,0x00,0x0d,0xff,0xff,0xe0,0x00,0x00,0x00,
  0x00,0x00,0x00,0x00,0x00,0x00,0x0c,0xff,0xff,0xf0,0x00,0x00,0x00,0x00,0x00,0x00,0x00,0x00,0x00,0x0c,0xff,0xff,0xf0,0x00,
  0x00,0x00,0x00,0x00,0x00,0x00,0x00,0x00,0x0c,0xff,0xff,0xf0,0x00,0x00,0x00,0x00,0x00,0x00,0x00,0x00,0x00,0x0c,0xff,0xff,
  0xf0,0x00,0x00,0x00,0x00,0x00,0x00,0x00,0x00,0x00,0x0c,0xff,0xff,0xf0,0x00,0x00,0x00,0x00,0x00,0x00,0x00,0x00,0x00,0x0c,
  0xff,0xff,0xf0,0x00,0x00,0x00,0x00,0x00,0x00,0x00,0x00,0x00,0x0c,0xff,0xff,0xf0,0x00,0x00,0x00,0x00,0x00,0x00,0x00,0x00,
  0x00,0x0c,0xff,0xff,0xf0,0x00,0x00,0x00,0x00,0x00,0x00,0x00,0x00,0x00,0x0c,0xff,0xff,0xf0,0x00,0x00,0x00,0x00,0x00,0x00,
  0x00,0x00,0x00,0x0b,0xff,0xff,0xf0,0x00,0x00,0x00,0x00,0x00,0x00,0x00,0x00,0x00,0x0b,0xff,0xff,0xf2,0x00,0x00,0x00,0x00,
  0x00,0x00,0x00,0x00,0x00,0x09,0xff,0xff,0xf5,0x00,0x00,0x00,0x00,0x00,0x00,0x00,0x00,0x00,0x07,0xff,0xff,0xfa,0x00,0x00,
  0x00,0x00,0x00,0x00,0x00,0x00,0x00,0x03,0xff,0xff,0xff,0x20,0x00,0x00,0x00,0x00,0x00,0x00,0x00,0x00,0x00,0xdf,0xff,0xff,
  0xd2,0x00,0x00,0x00,0x00,0x00,0x00,0x00,0x00,0x00,0x5f,0xff,0xff,0xff,0xa5,0x21,0x00,0x00,0x00,0x00,0x00,0x00,0x00,0x08,
  0xff,0xff,0xff,0xff,0xff,0xff,0xb0,0x00,0x00,0x00,0x00,0x00,0x00,0x4d,0xff,0xff,0xff,0xff,0xff,0xb0,0x00,0x00,0x00,0x00,
  0x00,0x00,0x00,0x6e,0xff,0xff,0xff,0xff,0xb0,0x00,0x00,0x00,0x00,0x00,0x00,0x3c,0xff,0xff,0xff,0xff,0xff,0xb0,0x00,0x00,
  0x00,0x00,0x00,0x06,0xff,0xff,0xff,0xff,0xff,0xff,0xb0,0x00,0x00,0x00,0x00,0x00,0x4f,0xff,0xff,0xff,0xa5,0x21,0x00,0x00,
  0x00,0x00,0x00,0x00,0x00,0xdf,0xff,0xff,0xe3,0x00,0x00,0x00,0x00,0x00,0x00,0x00,0x00,0x02,0xff,0xff,0xff,0x30,0x00,0x00,
  0x00,0x00,0x00,0x00,0x00,0x00,0x06,0xff,0xff,0xfb,0x00,0x00,0x00,0x00,0x00,0x00,0x00,0x00,0x00,0x09,0xff,0xff,0xf6,0x00,
  0x00,0x00,0x00,0x00,0x00,0x00,0x00,0x00,0x0b,0xff,0xff,0xf3,0x00,0x00,0x00,0x00,0x00,0x00,0x00,0x00,0x00,0x0b,0xff,0xff,
  0xf0,0x00,0x00,0x00,0x00,0x00,0x00,0x00,0x00,0x00,0x0c,0xff,0xff,0xf0,0x00,0x00,0x00,0x00,0x00,0x00,0x00,0x00,0x00,0x0c,
  0xff,0xff,0xf0,0x00,0x00,0x00,0x00,0x00,0x00,0x00,0x00,0x00,0x0c,0xff,0xff,0xf0,0x00,0x00,0x00,0x00,0x00,0x00,0x00,0x00,
  0x00,0x0c,0xff,0xff,0xf0,0x00,0x00,0x00,0x00,0x00,0x00,0x00,0x00,0x00,0x0c,0xff,0xff,0xf0,0x00,0x00,0x00,0x00,0x00,0x00,
  0x00,0x00,0x00,0x0c,0xff,0xff,0xf0,0x00,0x00,0x00,0x00,0x00,0x00,0x00,0x00,0x00,0x0c,0xff,0xff,0xf0,0x00,0x00,0x00,0x00,
  0x00,0x00,0x00,0x00,0x00,0x0c,0xff,0xff,0xf0,0x00,0x00,0x00,0x00,0x00,0x00,0x00,0x00,0x00,0x0c,0xff,0xff,0xf0,0x00,0x00,
  0x00,0x00,0x00,0x00,0x00,0x00,0x00,0x0d,0xff,0xff,0xe0,0x00,0x00,0x00,0x00,0x00,0x00,0x00,0x00,0x00,0x0e,0xff,0xff,0xe0,
  0x00,0x00,0x00,0x00,0x00,0x00,0x00,0x00,0x00,0x1f,0xff,0xff,0xc0,0x00,0x00,0x00,0x00,0x00,0x00,0x00,0x00,0x00,0x6f,0xff,
  0xff,0xa0,0x00,0x00,0x00,0x00,0x00,0x00,0x00,0x00,0x01,0xef,0xff,0xff,0x70,0x00,0x00,0x00,0x00,0x00,0x00,0x00,0x24,0x8e,
  0xff,0xff,0xff,0x20,0x00,0x00,0x00,0x00,0x00,0xff,0xff,0xff,0xff,0xff,0xff,0xfc,0x00,0x00,0x00,0x00,0x00,0x00,0xff,0xff,
  0xff,0xff,0xff,0xff,0xf4,0x00,0x00,0x00,0x00,0x00,0x00,0xff,0xff,0xff,0xff,0xff,0xff,0x70,0x00,0x00,0x00,0x00,0x00,0x00,
  0xff,0xff,0xff,0xff,0xff,0xc4,0x00,0x00,0x00,0x00,0x00,0x00,0x00,0xff,0xff,0xed,0xb9,0x62,0x00,0x00,0x00,0x00,0x00,0x00,
  0x00,0x00,0x00,0x00,0x00,0x00,0x00,0x00,0x00,0x00,0x00,0x00,0x00,0x00,0x00,0x00,0x00,0x00,0x00,0x00,0x00,0x00,0x50,0x00,
  0x00,0x00,0x02,0x7b,0xdf,0xff,0xdb,0x84,0x00,0x00,0x00,0x00,0x00,0x00,0x00,0x00,0x00,0x00,0x2b,0xd0,0x00,0x00,0x06,0xdf,
  0xff,0xff,0xff,0xff,0xff,0xfa,0x40,0x00,0x00,0x00,0x00,0x00,0x00,0x00,0x07,0xff,0xd0,0x00,0x05,0xef,0xff,0xff,0xff,0xff,
  0xff,0xff,0xff,0xfe,0x94,0x00,0x00,0x00,0x00,0x00,0x05,0xdf,0xff,0xd0,0x02,0xbf,0xff,0xff,0xff,0xff,0xff,0xff,0xff,0xff,
  0xff,0xff,0xea,0x63,0x10,0x02,0x59,0xef,0xff,0xff,0xd0,0x2f,0xff,0xff,0xff,0xff,0xff,0xff,0xff,0xff,0xff,0xff,0xff,0xff,
  0xff,0xff,0xff,0xff,0xff,0xff,0xff,0xb0,0x3f,0xff,0xff,0xfd,0x84,0x10,0x02,0x48,0xcf,0xff,0xff,0xff,0xff,0xff,0xff,0xff,
  0xff,0xff,0xff,0xf8,0x00,0x3f,0xff,0xfb,0x30,0x00,0x00,0x00,0x00,0x01,0x6c,0xff,0xff,0xff,0xff,0xff,0xff,0xff,0xff,0xfb,
  0x20,0x00,0x3f,0xfe,0x40,0x00,0x00,0x00,0x00,0x00,0x00,0x00,0x17,0xcf,0xff,0xff,0xff,0xff,0xff,0xfa,0x30,0x00,0x00,0x3f,
  0xa0,0x00,0x00,0x00,0x00,0x00,0x00,0x00,0x00,0x00,0x01,0x69,0xce,0xff,0xec,0x96,0x10,0x00,0x00,0x00,0x36,0x00,0x00,0x00,
  0x00,0x00,0x00,0x00,0x00,0x00,0x00,0x00,0x00,0x00,0x00,0x00,0x00,0x00,0x00,0x00,0x00,0xef,0xff,0xff,0xff,0xff,0xff,0xff,
  0xff,0xff,0xff,0xff,0xff,0xff,0xff,0xff,0xff,0xff,0xff,0xff,0xff,0xff,0xff,0xff,0xff,0xff,0xff,0xff,0xff,0xfe,0xef,0xff,
  0xff,0xff,0xff,0xff,0xff,0xff,0xff,0xff,0xff,0xff,0xff,0xff,0xff,0xff,0xff,0xff,0xff,0xff,0xff,0xff,0xff,0xff,0xff,0xff,
  0xff,0xff,0xfe,0xef,0xff,0xff,0xff,0xff,0xff,0xff,0xff,0xff,0xff,0xff,0xff,0xff,0xff,0xff,0xff,0xff,0xff,0xff,0xff,0xff,
  0xff,0xff,0xff,0xff,0xff,0xff,0xff,0xfe,0xef,0xff,0xff,0xff,0xff,0xff,0xff,0xff,0xff,0xff,0xff,0xff,0xff,0xff,0xff,0xff,
  0xff,0xff,0xff,0xff,0xff,0xff,0xff,0xff,0xff,0xff,0xff,0xff,0xfe,0xef,0xff,0xff,0xff,0xff,0xff,0xff,0xff,0xff,0xff,0xff,
  0xff,0xff,0xff,0xff,0xff,0xff,0xff,0xff,0xff,0xff,0xff,0xff,0xff,0xff,0xff,0xff,0xff,0xfe,0x00,0x00,0x00,0x00,0x00,0x00,
  0x00,0x00,0x00,0x00,0x00,0x00,0x12,0x33,0x32,0x00,0x00,0x00,0x00,0x00,0x00,0x00,0x00,0x00,0x00,0x00,0x00,0x00,0x00,0x00,
  0x00,0x00,0x00,0x00,0x00,0x00,0x00,0x01,0x59,0xcf,0xff,0xff,0xff,0xfe,0xc9,0x51,0x00,0x00,0x00,0x00,0x00,0x00,0x00,0x00,
  0x00,0x00,0x00,0x00,0x00,0x00,0x00,0x00,0x00,0x00,0x17,0xcf,0xff,0xff,0xff,0xff,0xff,0xff,0xff,0xff,0xd7,0x10,0x00,0x00,
  0x00,0x00,0x00,0x00,0x00,0x00,0x00,0x00,0x00,0x00,0x00,0x00,0x00,0x4b,0xff,0xff,0xff,0xff,0xff,0xff,0xff,0xff,0xff,0xff,
  0xff,0xfb,0x40,0x00,0x00,0x00,0x00,0x00,0x00,0x00,0x00,0x00,0x00,0x00,0x00,0x00,0x3c,0xff,0xff,0xff,0xff,0xff,0xfd,0xdd,
  0xdd,0xff,0xff,0xff,0xff,0xff,0xfc,0x40,0x00,0x00,0x00,0x00,0x00,0x00,0x00,0x00,0x00,0x00,0x00,0x1a,0xff,0xff,0xff,0xfb,
  0x85,0x20,0x00,0x00,0x00,0x00,0x24,0x7a,0xef,0xff,0xff,0xfb,0x20,0x00,0x00,0x00,0x00,0x00,0x00,0x00,0x00,0x00,0x06,0xff,
  0xff,0xfd,0x83,0x00,0x00,0x00,0x00,0x00,0x00,0x00,0x00,0x00,0x03,0x8e,0xff,0xff,0xf5,0x00,0x00,0x00,0x00,0x00,0x00,0x00,
  0x00,0x00,0x8f,0xff,0xfa,0x30,0x00,0x00,0x00,0x00,0x00,0x00,0x00,0x00,0x00,0x00,0x00,0x00,0x5c,0xff,0xff,0x70,0x00,0x00,
  0x00,0x00,0x00,0x00,0x00,0x0a,0xff,0xfa,0x20,0x00,0x00,0x00,0x00,0x00,0x00,0x00,0x00,0x00,0x00,0x00,0x00,0x00,0x00,0x4d,
  0xff,0xf9,0x00,0x00,0x00,0x00,0x00,0x00,0x00,0xaf,0xfc,0x30,0x00,0x00,0x00,0x00,0x00,0x00,0x00,0x00,0x00,0x00,0x00,0x00,
  0x00,0x00,0x00,0x00,0x7f,0xff,0x90,0x00,0x00,0x00,0x00,0x00,0x09,0xff,0x70,0x00,0x00,0x00,0x00,0x00,0x00,0x00,0x00,0x00,
  0x00,0x00,0x00,0x00,0x00,0x00,0x00,0x00,0x02,0xcf,0xf8,0x00,0x00,0x00,0x00,0x00,0x7f,0xd3,0x00,0x00,0x00,0x00,0x00,0x00,
  0x00,0x00,0x00,0x00,0x00,0x00,0x00,0x00,0x00,0x00,0x00,0x00,0x00,0x08,0xff,0x60,0x00,0x00,0x00,0x05,0xfc,0x10,0x00,0x00,
  0x00,0x00,0x00,0x00,0x00,0x00,0x00,0x00,0x00,0x00,0x00,0x00,0x00,0x00,0x00,0x00,0x00,0x00,0x5f,0xf4,0x00,0x00,0x00,0x2f,
  0xa0,0x00,0x00,0x00,0x00,0x00,0x00,0x00,0x00,0x00,0x00,0x00,0x00,0x00,0x00,0x00,0x00,0x00,0x00,0x00,0x00,0x00,0x03,0xee,
  0x10,0x00,0x00,0xd9,0x00,0x00,0x00,0x00,0x00,0x00,0x00,0x00,0x00,0x00,0x00,0x00,0x00,0x00,0x00,0x00,0x00,0x00,0x00,0x00,
  0x00,0x00,0x00,0x2d,0xc0,0x00,0x08,0xa0,0x00,0x00,0x00,0x00,0x00,0x00,0x00,0x00,0x00,0x00,0x00,0x00,0x00,0x00,0x00,0x00,
  0x00,0x00,0x00,0x00,0x00,0x00,0x00,0x01,0xd7,0x00,0x4a,0x00,0x00,0x00,0x00,0x00,0x00,0x00,0x00,0x00,0x00,0x00,0x00,0x00,
  0x00,0x00,0x00,0x00,0x00,0x00,0x00,0x00,0x00,0x00,0x00,0x00,0x1d,0x20,0x60,0x00,0x00,0x00,0x00,0x00,0x00,0x00,0x00,0x00,
  0x00,0x00,0x00,0x00,0x00,0x00,0x00,0x00,0x00,0x00,0x00,0x00,0x00,0x00,0x00,0x00,0x01,0x60,0x00,0x00,0x00,0x00,0x02,0x57,
  0x86,0x40,0x00,0x00,0x00,0x00,0x00,0x00,0x00,0x00,0x26,0x78,0x64,0x00,0x00,0x00,0x00,0x00,0x00,0x00,0x00,0x05,0xcf,0xff,
  0xff,0xff,0x81,0x00,0x00,0x00,0x00,0x00,0x00,0x5d,0xff,0xff,0xff,0xf9,0x20,0x00,0x00,0x00,0x00,0x00,0x02,0xcf,0xd7,0x41,
  0x12,0x5a,0xfe,0x30,0x00,0x00,0x00,0x00,0x1b,0xfd,0x73,0x21,0x37,0xcf,0xf7,0x00,0x00,0x00,0x00,0x00,0x3e,0xf6,0x00,0x00,
  0x00,0x00,0x2c,0xf4,0x00,0x00,0x00,0x01,0xdf,0x70,0x00,0x00,0x00,0x03,0xdf,0x90,0x00,0x00,0x00,0x03,0xfe,0x20,0x00,0x00,
  0x00,0x00,0x00,0xaf,0x20,0x00,0x00,0x0c,0xf3,0x00,0x00,0x00,0x00,0x00,0x0a,0xf9,0x00,0x00,0x00,0x1e,0xe2,0x00,0x00,0x00,
  0x00,0x00,0x00,0x0c,0xd0,0x00,0x00,0x8f,0x40,0x00,0x00,0x00,0x00,0x00,0x00,0xaf,0x60,0x00,0x00,0xbf,0x40,0x00,0x00,0x00,
  0x00,0x00,0x00,0x01,0xf7,0x00,0x02,0xf9,0x00,0x00,0x00,0x00,0x00,0x00,0x00,0x0c,0xf1,0x00,0x03,0xf9,0x00,0x00,0x00,0x00,
  0x00,0x00,0x00,0x00,0x6f,0x00,0x0a,0xe0,0x00,0x00,0x00,0x00,0x00,0x00,0x00,0x02,0xf9,0x00,0x09,0xf2,0x00,0x00,0x00,0x00,
  0x00,0x00,0x00,0x00,0x0e,0x70,0x1f,0x70,0x00,0x00,0x00,0x00,0x00,0x00,0x00,0x00,0xaf,0x00,0x0e,0xc0,0x00,0x00,0x00,0x00,
  0x00,0x00,0x00,0x00,0x07,0xe0,0x8f,0x00,0x00,0x00,0x00,0x00,0x00,0x00,0x00,0x00,0x5f,0x40,0x1f,0x80,0x00,0x00,0x00,0x00,
  0x00,0x00,0x00,0x00,0x02,0xf3,0xda,0x00,0x00,0x00,0x00,0x00,0x00,0x00,0x00,0x00,0x1f,0x70,0x2f,0x60,0x00,0x00,0x00,0x00,
  0x00,0x00,0x00,0x00,0x00,0xd9,0xf4,0x00,0x00,0x00,0x00,0x00,0x00,0x00,0x00,0x00,0x0f,0x90,0x3f,0x60,0x00,0x00,0x00,0x00,
  0x00,0x00,0x00,0x00,0x00,0x8f,0xf0,0x00,0x00,0x00,0x00,0x00,0x00,0x00,0x00,0x00,0x0f,0x90,0x1f,0x60,0x00,0x00,0x00,0x00,
  0x00,0x00,0x00,0x00,0x00,0x3f,0xb0,0x00,0x00,0x00,0x00,0x00,0x00,0x00,0x00,0x00,0x0f,0x80,0x0f,0x80,0x00,0x00,0x00,0x00,
  0x00,0x00,0x00,0x00,0x00,0x0f,0x70,0x00,0x00,0x00,0x00,0x00,0x00,0x00,0x00,0x00,0x2f,0x70,0x0e,0xb0,0x00,0x00,0x00,0x00,
  0x00,0x00,0x00,0x00,0x00,0x0b,0x30,0x00,0x00,0x00,0x00,0x00,0x00,0x00,0x00,0x00,0x3f,0x40,0x0a,0xe0,0x00,0x00,0x00,0x00,
  0x00,0x00,0x00,0x00,0x00,0x08,0x00,0x00,0x00,0x00,0x00,0x00,0x00,0x00,0x00,0x00,0x7f,0x10,0x06,0xf3,0x00,0x00,0x00,0x00,
  0x00,0x00,0x00,0x00,0x00,0x04,0x00,0x00,0x00,0x00,0x00,0x00,0x00,0x00,0x00,0x00,0xbd,0x00,0x01,0xf9,0x00,0x00,0x00,0x00,
  0x00,0x00,0x00,0x00,0x00,0x00,0x00,0x00,0x00,0x00,0x00,0x00,0x00,0x00,0x00,0x01,0xf8,0x00,0x00,0xaf,0x10,0x00,0x00,0x00,
  0x00,0x00,0x00,0x00,0x00,0x00,0x00,0x00,0x00,0x00,0x00,0x00,0x00,0x00,0x00,0x08,0xf2,0x00,0x00,0x3f,0x90,0x00,0x00,0x00,
  0x00,0x00,0x00,0x00,0x00,0x00,0x00,0x00,0x00,0x00,0x00,0x00,0x00,0x00,0x00,0x0e,0xb0,0x00,0x00,0x0a,0xf2,0x00,0x00,0x00,
  0x00,0x00,0x00,0x00,0x00,0x00,0x00,0x00,0x00,0x00,0x00,0x00,0x00,0x00,0x00,0x8f,0x30,0x00,0x00,0x02,0xfc,0x00,0x00,0x00,
  0x00,0x00,0x00,0x00,0x00,0x00,0x00,0x00,0x00,0x00,0x00,0x00,0x00,0x00,0x02,0xfa,0x00,0x00,0x00,0x00,0x7f,0x70,0x00,0x00,
  0x00,0x00,0x00,0x00,0x00,0x00,0x00,0x00,0x00,0x00,0x00,0x00,0x00,0x00,0x0d,0xf1,0x00,0x00,0x00,0x00,0x0b,0xf3,0x00,0x00,
  0x00,0x00,0x00,0x00,0x00,0x00,0x00,0x00,0x00,0x00,0x00,0x00,0x00,0x00,0xaf,0x50,0x00,0x00,0x00,0x00,0x00,0xde,0x20,0x00,
  0x00,0x00,0x00,0x00,0x00,0x00,0x00,0x00,0x00,0x00,0x00,0x00,0x00,0x08,0xf9,0x00,0x00,0x00,0x00,0x00,0x00,0x2e,0xd0,0x00,
  0x00,0x00,0x00,0x00,0x00,0x00,0x00,0x00,0x00,0x00,0x00,0x00,0x00,0x5f,0xb0,0x00,0x00,0x00,0x00,0x00,0x00,0x04,0xfb,0x00,
  0x00,0x00,0x00,0x00,0x00,0x00,0x00,0x00,0x00,0x00,0x00,0x00,0x03,0xfc,0x00,0x00,0x00,0x00,0x00,0x00,0x00,0x00,0x7f,0x80,
  0x00,0x00,0x00,0x00,0x00,0x00,0x00,0x00,0x00,0x00,0x00,0x00,0x1e,0xe1,0x00,0x00,0x00,0x00,0x00,0x00,0x00,0x00,0x0a,0xf5,
  0x00,0x00,0x00,0x00,0x00,0x00,0x00,0x00,0x00,0x00,0x00,0x00,0xcf,0x30,0x00,0x00,0x00,0x00,0x00,0x00,0x00,0x00,0x00,0xcf,
  0x30,0x00,0x00,0x00,0x00,0x00,0x00,0x00,0x00,0x00,0x00,0x09,0xf6,0x00,0x00,0x00,0x00,0x00,0x00,0x00,0x00,0x00,0x00,0x1e,
  0xe1,0x00,0x00,0x00,0x00,0x00,0x00,0x00,0x00,0x00,0x00,0x7f,0x80,0x00,0x00,0x00,0x00,0x00,0x00,0x00,0x00,0x00,0x00,0x03,
  0xfc,0x00,0x00,0x00,0x00,0x00,0x00,0x00,0x00,0x00,0x04,0xfb,0x00,0x00,0x00,0x00,0x00,0x00,0x00,0x00,0x00,0x00,0x00,0x00,
  0x6f,0xa0,0x00,0x00,0x00,0x00,0x00,0x00,0x00,0x00,0x2e,0xd1,0x00,0x00,0x00,0x00,0x00,0x00,0x00,0x00,0x00,0x00,0x00,0x00,
  0x09,0xf7,0x00,0x00,0x00,0x00,0x00,0x00,0x00,0x00,0xdf,0x20,0x00,0x00,0x00,0x00,0x00,0x00,0x00,0x00,0x00,0x00,0x00,0x00,
  0x00,0xcf,0x40,0x00,0x00,0x00,0x00,0x00,0x00,0x0b,0xf4,0x00,0x00,0x00,0x00,0x00,0x00,0x00,0x00,0x00,0x00,0x00,0x00,0x00,
  0x00,0x1e,0xe2,0x00,0x00,0x00,0x00,0x00,0x00,0x8f,0x70,0x00,0x00,0x00,0x00,0x00,0x00,0x00,0x00,0x00,0x00,0x00,0x00,0x00,
  0x00,0x03,0xfd,0x00,0x00,0x00,0x00,0x00,0x05,0xfa,0x00,0x00,0x00,0x00,0x00,0x00,0x00,0x00,0x00,0x00,0x00,0x00,0x00,0x00,
  0x00,0x00,0x5f,0xb0,0x00,0x00,0x00,0x00,0x3f,0xc0,0x00,0x00,0x00,0x00,0x00,0x00,0x00,0x00,0x00,0x00,0x00,0x00,0x00,0x00,
  0x00,0x00,0x08,0xf8,0x00,0x00,0x00,0x01,0xee,0x10,0x00,0x00,0x00,0x00,0x00,0x00,0x00,0x00,0x00,0x00,0x00,0x00,0x00,0x00,
  0x00,0x00,0x00,0xbf,0x50,0x00,0x00,0x0c,0xf3,0x00,0x00,0x00,0x00,0x00,0x00,0x00,0x00,0x00,0x00,0x00,0x00,0x00,0x00,0x00,
  0x00,0x00,0x00,0x0d,0xf3,0x00,0x00,0xaf,0x50,0x00,0x00,0x00,0x00,0x00,0x00,0x00,0x00,0x00,0x00,0x00,0x00,0x00,0x00,0x00,
  0x00,0x00,0x00,0x02,0xfe,0x10,0x07,0xf7,0x00,0x00,0x00,0x00,0x00,0x00,0x00,0x00,0x00,0x00,0x00,0x00,0x00,0x00,0x00,0x00,
  0x00,0x00,0x00,0x00,0x4f,0xc0,0x4f,0xa0,0x00,0x00,0x00,0x00,0x00,0x00,0x00,0x00,0x00,0x00,0x00,0x00,0x00,0x00,0x00,0x00,
  0x00,0x00,0x00,0x00,0x07,0xfb,0xfc,0x00,0x00,0x00,0x00,0x00,0x00,0x00,0x00,0x00,0x00,0x00,0x00,0x00,0x00,0x00,0x00,0x00,
  0x00,0x00,0x00,0x00,0x00,0xaf,0xe1,0x00,0x00,0x00,0x00,0x00,0x00,0x00,0x00,0x00,0x00,0x00,0x00,0x00,0x00,0x00,0x00,0x00,
  0x00,0x00,0x00,0x00,0x00,0x0c,0x20,0x00,0x00,0x00,0x00,0x00,0x00,0x00,0x00,0x00,0x00,0x00,0x3a,0xaa,0xaa,0xa2,0x00,0x00,
  0x00,0x00,0x00,0x00,0x00,0x00,0x00,0x00,0x00,0x00,0x00,0x00,0x4a,0xaa,0xaa,0xa1,0x1f,0xff,0xff,0xf9,0x00,0x00,0x00,0x00,
  0x00,0x00,0x00,0x00,0x00,0x00,0x00,0x00,0x00,0x00,0xbf,0xff,0xff,0xc0,0x0a,0xff,0xff,0xfe,0x00,0x00,0x00,0x00,0x00,0x00,
  0x00,0x00,0x00,0x00,0x00,0x00,0x00,0x01,0xff,0xff,0xff,0x60,0x04,0xff,0xff,0xff,0x40,0x00,0x00,0x00,0x00,0x00,0x00,0x00,
  0x00,0x00,0x00,0x00,0x00,0x06,0xff,0xff,0xff,0x10,0x00,0xef,0xff,0xff,0xa0,0x00,0x00,0x00,0x00,0x00,0x00,0x00,0x00,0x00,
  0x00,0x00,0x00,0x0c,0xff,0xff,0xfa,0x00,0x00,0x8f,0xff,0xff,0xf0,0x00,0x00,0x00,0x00,0x00,0x00,0x00,0x00,0x00,0x00,0x00,
  0x00,0x2f,0xff,0xff,0xf4,0x00,0x00,0x2f,0xff,0xff,0xf5,0x00,0x00,0x00,0x00,0x00,0x00,0x00,0x00,0x00,0x00,0x00,0x00,0x8f,
  0xff,0xff,0xe0,0x00,0x00,0x0c,0xff,0xff,0xfb,0x00,0x00,0x00,0x00,0x00,0x00,0x00,0x00,0x00,0x00,0x00,0x00,0xdf,0xff,0xff,
  0x80,0x00,0x00,0x06,0xff,0xff,0xff,0x10,0x00,0x00,0x00,0x00,0x00,0x00,0x00,0x00,0x00,0x00,0x03,0xff,0xff,0xff,0x20,0x00,
  0x00,0x00,0xff,0xff,0xff,0x60,0x00,0x00,0x00,0x00,0x00,0x00,0x00,0x00,0x00,0x00,0x09,0xff,0xff,0xfc,0x00,0x00,0x00,0x00,
  0xaf,0xff,0xff,0xc0,0x00,0x00,0x00,0x00,0x00,0x00,0x00,0x00,0x00,0x00,0x0e,0xff,0xff,0xf6,0x00,0x00,0x00,0x00,0x3f,0xff,
  0xff,0xf1,0x00,0x00,0x00,0x00,0x00,0x00,0x00,0x00,0x00,0x00,0x4f,0xff,0xff,0xf0,0x00,0x00,0x00,0x00,0x0d,0xff,0xff,0xfc,
  0xbb,0xbb,0xbb,0xbb,0xbb,0xbb,0xbb,0xbb,0xbb,0xbb,0xdf,0xff,0xff,0x90,0x00,0x00,0x00,0x00,0x07,0xff,0xff,0xff,0xff,0xff,
  0xff,0xff,0xff,0xff,0xff,0xff,0xff,0xff,0xff,0xff,0xff,0x30,0x00,0x00,0x00,0x00,0x01,0xff,0xff,0xff,0xff,0xff,0xff,0xff,
  0xff,0xff,0xff,0xff,0xff,0xff,0xff,0xff,0xfd,0x00,0x00,0x00,0x00,0x00,0x00,0xbf,0xff,0xff,0xff,0xff,0xff,0xff,0xff,0xff,
  0xff,0xff,0xff,0xff,0xff,0xff,0xf7,0x00,0x00,0x00,0x00,0x00,0x00,0x5f,0xff,0xff,0xff,0xff,0xff,0xff,0xff,0xff,0xff,0xff,
  0xff,0xff,0xff,0xff,0xf1,0x00,0x00,0x00,0x00,0x00,0x00,0x0e,0xff,0xff,0xfb,0x99,0x99,0x99,0x99,0x99,0x99,0x99,0x99,0xdf,
  0xff,0xff,0xb0,0x00,0x00,0x00,0x00,0x00,0x00,0x09,0xff,0xff,0xfa,0x00,0x00,0x00,0x00,0x00,0x00,0x00,0x00,0xdf,0xff,0xff,
  0x50,0x00,0x00,0x00,0x00,0x00,0x00,0x03,0xff,0xff,0xff,0x00,0x00,0x00,0x00,0x00,0x00,0x00,0x04,0xff,0xff,0xfe,0x00,0x00,
  0x00,0x00,0x00,0x00,0x00,0x00,0xcf,0xff,0xff,0x60,0x00,0x00,0x00,0x00,0x00,0x00,0x09,0xff,0xff,0xf9,0x00,0x00,0x00,0x00,
  0x00,0x00,0x00,0x00,0x6f,0xff,0xff,0xc0,0x00,0x00,0x00,0x00,0x00,0x00,0x0f,0xff,0xff,0xf2,0x00,0x00,0x00,0x00,0x00,0x00,
  0x00,0x00,0x1f,0xff,0xff,0xf2,0x00,0x00,0x00,0x00,0x00,0x00,0x5f,0xff,0xff,0xc0,0x00,0x00,0x00,0x00,0x00,0x00,0x00,0x00,
  0x0a,0xff,0xff,0xf8,0x00,0x00,0x00,0x00,0x00,0x00,0xbf,0xff,0xff,0x60,0x00,0x00,0x00,0x00,0x00,0x00,0x00,0x00,0x04,0xff,
  0xff,0xfd,0x00,0x00,0x00,0x00,0x00,0x01,0xff,0xff,0xff,0x10,0x00,0x00,0x00,0x00,0x00,0x00,0x00,0x00,0x00,0xef,0xff,0xff,
  0x30,0x00,0x00,0x00,0x00,0x07,0xff,0xff,0xfa,0x00,0x00,0x00,0x00,0x00,0x00,0x00,0x00,0x00,0x00,0x8f,0xff,0xff,0x90,0x00,
  0x00,0x00,0x00,0x0d,0xff,0xff,0xf4,0x00,0x00,0x00,0x00,0x00,0x00,0x00,0x00,0x00,0x00,0x2f,0xff,0xff,0xf0,0x00,0x00,0x00,
  0x00,0x3f,0xff,0xff,0xe0,0x00,0x00,0x00,0x00,0x00,0x00,0x00,0x00,0x00,0x00,0x0c,0xff,0xff,0xf5,0x00,0x00,0x00,0x00,0x9f,
  0xff,0xff,0x80,0x00,0x00,0x00,0x00,0x00,0x00,0x00,0x00,0x00,0x00,0x05,0xff,0xff,0xfb,0x00,0x00,0x00,0x00,0xef,0xff,0xff,
  0x20,0x00,0x00,0x00,0x00,0x00,0x00,0x00,0x00,0x00,0x00,0x00,0xff,0xff,0xff,0x10,0x00,0x00,0x05,0xff,0xff,0xfc,0x00,0x00,
  0x00,0x00,0x00,0x00,0x00,0x00,0x00,0x00,0x00,0x00,0x9f,0xff,0xff,0x70,0x00,0x00,0x0b,0xff,0xff,0xf6,0x00,0x00,0x00,0x00,
  0x00,0x00,0x00,0x00,0x00,0x00,0x00,0x00,0x3f,0xff,0xff,0xd0,0x00,0x00,0x1f,0xff,0xff,0xf0,0x00,0x00,0x00,0x00,0x00,0x00,
  0x00,0x00,0x00,0x00,0x00,0x00,0x0d,0xff,0xff,0xf3,0x00,0x00,0x6f,0xff,0xff,0x90,0x00,0x00,0x00,0x00,0x00,0x00,0x00,0x00,
  0x00,0x00,0x00,0x00,0x07,0xff,0xff,0xf8,0x00,0x00,0xcf,0xff,0xff,0x30,0x00,0x00,0x00,0x00,0x00,0x00,0x00,0x00,0x00,0x00,
  0x00,0x00,0x01,0xff,0xff,0xfe,0x00,0x02,0xff,0xff,0xfd,0x00,0x00,0x00,0x00,0x00,0x00,0x00,0x00,0x00,0x00,0x00,0x00,0x00,
  0x00,0xbf,0xff,0xff,0x40,0x08,0xff,0xff,0xf7,0x00,0x00,0x00,0x00,0x00,0x00,0x00,0x00,0x00,0x00,0x00,0x00,0x00,0x00,0x5f,
  0xff,0xff,0xa0,0x0e,0xff,0xff,0xf1,0x00,0x00,0x00,0x00,0x00,0x00,0x00,0x00,0x00,0x00,0x00,0x00,0x00,0x00,0x0e,0xff,0xff,
  0xf1,0x4f,0xff,0xff,0xb0,0x00,0x00,0x00,0x00,0x00,0x00,0x00,0x00,0x00,0x00,0x00,0x00,0x00,0x00,0x08,0xff,0xff,0xf6,0xaf,
  0xff,0xff,0x50,0x00,0x00,0x00,0x00,0x00,0x00,0x00,0x00,0x00,0x00,0x00,0x00,0x00,0x00,0x02,0xff,0xff,0xfc,0xff,0xff,0xfe,
  0x00,0x00,0x00,0x00,0x00,0x00,0x00,0x00,0x00,0x00,0x00,0x00,0x00,0x00,0x00,0x00,0xcf,0xff,0xff,0xff,0xff,0xf9,0x00,0x00,
  0x00,0x00,0x00,0x00,0x00,0x00,0x00,0x00,0x00,0x00,0x00,0x00,0x00,0x00,0x6f,0xff,0xff,0xff,0xff,0xf2,0x00,0x00,0x00,0x00,
  0x00,0x00,0x00,0x00,0x00,0x00,0x00,0x00,0x00,0x00,0x00,0x00,0x0f,0xff,0xff,0xff,0xff,0xc0,0x00,0x00,0x00,0x00,0x00,0x00,
  0x00,0x00,0x00,0x00,0x00,0x00,0x00,0x00,0x00,0x00,0x0a,0xff,0xff,0xff,0xff,0x60,0x00,0x00,0x00,0x00,0x00,0x00,0x00,0x00,
  0x00,0x00,0x00,0x00,0x00,0x00,0x00,0x00,0x04,0xff,0xff,0xff,0xff,0x10,0x00,0x00,0x00,0x00,0x00,0x00,0x00,0x00,0x00,0x00,
  0x00,0x00,0x00,0x00,0x00,0x00,0x00,0xdf,0xff,0xff,0xfa,0x00,0x00,0x00,0x00,0x00,0x00,0x00,0x00,0x00,0x00,0x00,0x2f,0xff,
  0xff,0xf1,0x00,0x00,0x00,0x00,0x00,0x00,0x00,0x00,0x00,0x00,0x00,0x9f,0xff,0xff,0x90,0x00,0x00,0x00,0x00,0xaf,0xff,0xff,
  0x90,0x00,0x00,0x00,0x00,0x00,0x00,0x00,0x00,0x00,0x00,0x00,0x2f,0xff,0xff,0xf1,0x00,0x00,0x00,0x02,0xff,0xff,0xff,0x20,
  0x00,0x00,0x00,0x00,0x00,0x00,0x00,0x00,0x00,0x00,0x00,0x0b,0xff,0xff,0xf8,0x00,0x00,0x00,0x08,0xff,0xff,0xfc,0x00,0x00,
  0x00,0x00,0x00,0x00,0x00,0x00,0x00,0x00,0x00,0x00,0x05,0xff,0xff,0xfe,0x00,0x00,0x00,0x0e,0xff,0xff,0xf5,0x00,0x00,0x00,
  0x00,0x00,0x00,0x00,0x00,0x00,0x00,0x00,0x00,0x00,0xef,0xff,0xff,0x60,0x00,0x00,0x5f,0xff,0xff,0xf0,0x00,0x00,0x00,0x00,
  0x00,0x00,0x00,0x00,0x00,0x00,0x00,0x00,0x00,0x9f,0xff,0xff,0xc0,0x00,0x00,0xbf,0xff,0xff,0xa0,0x00,0x00,0x00,0x00,0x00,
  0x00,0x00,0x00,0x00,0x00,0x00,0x00,0x00,0x3f,0xff,0xff,0xf2,0x00,0x01,0xff,0xff,0xff,0x50,0x00,0x00,0x00,0x00,0x00,0x00,
  0x00,0x00,0x00,0x00,0x00,0x00,0x00,0x0e,0xff,0xff,0xf7,0x00,0x06,0xff,0xff,0xff,0x10,0x00,0x00,0x00,0x00,0x00,0x00,0x00,
  0x00,0x00,0x00,0x00,0x00,0x00,0x0a,0xff,0xff,0xfd,0x00,0x0a,0xff,0xff,0xfc,0x00,0x00,0x00,0x00,0x00,0x00,0x00,0x00,0x00,
  0x00,0x00,0x00,0x00,0x00,0x05,0xff,0xff,0xff,0x10,0x0e,0xff,0xff,0xf8,0x00,0x00,0x00,0x00,0x00,0x00,0x00,0x00,0x00,0x00,
  0x00,0x00,0x00,0x00,0x02,0xff,0xff,0xff,0x50,0x2f,0xff,0xff,0xf5,0x00,0x00,0x00,0x00,0x00,0x00,0x00,0x00,0x00,0x00,0x00,
  0x00,0x00,0x00,0x00,0xef,0xff,0xff,0x90,0x5f,0xff,0xff,0xf2,0x00,0x00,0x00,0x00,0x00,0x00,0x00,0x00,0x00,0x00,0x00,0x00,
  0x00,0x00,0x00,0xbf,0xff,0xff,0xc0,0x8f,0xff,0xff,0xf0,0x00,0x00,0x00,0x00,0x00,0x00,0x00,0x00,0x00,0x00,0x00,0x00,0x00,
  0x00,0x00,0x9f,0xff,0xff,0xf0,0xaf,0xff,0xff,0xe0,0x00,0x00,0x00,0x00,0x00,0x00,0xff,0xff,0xf6,0x00,0x00,0x00,0x00,0x00,
  0x00,0x7f,0xff,0xff,0xf1,0xbf,0xff,0xff,0xd0,0x00,0x00,0x00,0x00,0x00,0x00,0xff,0xff,0xf6,0x00,0x00,0x00,0x00,0x00,0x00,
  0x6f,0xff,0xff,0xf2,0xcf,0xff,0xff,0xc0,0x00,0x00,0x00,0x00,0x00,0x00,0xff,0xff,0xf7,0x00,0x00,0x00,0x00,0x00,0x00,0x5f,
  0xff,0xff,0xf3,0xcf,0xff,0xff,0xc0,0x00,0x00,0x00,0x00,0x00,0x00,0xff,0xff,0xf7,0x00,0x00,0x00,0x00,0x00,0x00,0x5f,0xff,
  0xff,0xf3,0xcf,0xff,0xff,0xd0,0x00,0x00,0x00,0x00,0x00,0x01,0xff,0xff,0xf8,0x00,0x00,0x00,0x00,0x00,0x00,0x6f,0xff,0xff,
  0xf2,0xbf,0xff,0xff,0xd0,0x00,0x00,0x00,0x00,0x00,0x03,0xff,0xff,0xfa,0x00,0x00,0x00,0x00,0x00,0x00,0x6f,0xff,0xff,0xf2,
  0xaf,0xff,0xff,0xf0,0x00,0x00,0x00,0x00,0x00,0x04,0xff,0xff,0xfb,0x00,0x00,0x00,0x00,0x00,0x00,0x8f,0xff,0xff,0xf0,0x8f,
  0xff,0xff,0xf1,0x00,0x00,0x00,0x00,0x00,0x06,0xff,0xff,0xfd,0x00,0x00,0x00,0x00,0x00,0x00,0xaf,0xff,0xff,0xf0,0x6f,0xff,
  0xff,0xf3,0x00,0x00,0x00,0x00,0x00,0x09,0xff,0xff,0xff,0x00,0x00,0x00,0x00,0x00,0x00,0xcf,0xff,0xff,0xd0,0x3f,0xff,0xff,
  0xf6,0x00,0x00,0x00,0x00,0x00,0x0c,0xff,0xff,0xff,0x30,0x00,0x00,0x00,0x00,0x00,0xff,0xff,0xff,0xa0,0x0f,0xff,0xff,0xfa,
  0x00,0x00,0x00,0x00,0x00,0x1f,0xff,0xff,0xff,0x70,0x00,0x00,0x00,0x00,0x03,0xff,0xff,0xff,0x70,0x0c,0xff,0xff,0xff,0x00,
  0x00,0x00,0x00,0x00,0x5f,0xff,0xff,0xff,0xc0,0x00,0x00,0x00,0x00,0x09,0xff,0xff,0xff,0x30,0x07,0xff,0xff,0xff,0x60,0x00,
  0x00,0x00,0x00,0xcf,0xff,0xbf,0xff,0xf3,0x00,0x00,0x00,0x00,0x0f,0xff,0xff,0xfe,0x00,0x02,0xff,0xff,0xff,0xe1,0x00,0x00,
  0x00,0x04,0xff,0xff,0x5f,0xff,0xfb,0x00,0x00,0x00,0x00,0x9f,0xff,0xff,0xf8,0x00,0x00,0xaf,0xff,0xff,0xfc,0x10,0x00,0x00,
  0x2e,0xff,0xff,0x1b,0xff,0xff,0x80,0x00,0x00,0x07,0xff,0xff,0xff,0xf2,0x00,0x00,0x2f,0xff,0xff,0xff,0xe7,0x20,0x26,0xef,
  0xff,0xfb,0x05,0xff,0xff,0xfa,0x30,0x14,0xbf,0xff,0xff,0xff,0x90,0x00,0x00,0x08,0xff,0xff,0xff,0xff,0xff,0xff,0xff,0xff,
  0xf3,0x00,0xef,0xff,0xff,0xff,0xff,0xff,0xff,0xff,0xfe,0x00,0x00,0x00,0x00,0xaf,0xff,0xff,0xff,0xff,0xff,0xff,0xff,0xa0,
  0x00,0x5f,0xff,0xff,0xff,0xff,0xff,0xff,0xff,0xe2,0x00,0x00,0x00,0x00,0x09,0xff,0xff,0xff,0xff,0xff,0xff,0xfc,0x00,0x00,
  0x07,0xff,0xff,0xff,0xff,0xff,0xff,0xfd,0x20,0x00,0x00,0x00,0x00,0x00,0x4d,0xff,0xff,0xff,0xff,0xff,0x90,0x00,0x00,0x00,
  0x5e,0xff,0xff,0xff,0xff,0xff,0x80,0x00,0x00,0x00,0x00,0x00,0x00,0x00,0x48,0xce,0xff,0xec,0x82,0x00,0x00,0x00,0x00,0x00,
  0x6a,0xdf,0xff,0xda,0x61,0x00,0x00,0x00,0x00,0x00,0x00,0x00,0x00,0x1e,0xff,0xff,0xf2,0x00,0x00,0x00,0x00,0xbf,0xff,0xff,
  0x40,0x00,0x00,0x00,0x07,0xff,0xff,0xf7,0x00,0x00,0x00,0x00,0x3f,0xff,0xff,0x90,0x00,0x00,0x00,0x01,0xef,0xff,0xfb,0x00,
  0x00,0x00,0x00,0x0a,0xff,0xff,0xd0,0x00,0x00,0x00,0x00,0x6f,0xff,0xfe,0x20,0x00,0x00,0x00,0x02,0xff,0xff,0xf3,0x00,0x00,
  0x00,0x00,0x0d,0xff,0xff,0x50,0x00,0x00,0x00,0x00,0x9f,0xff,0xf7,0x00,0x00,0x00,0x00,0x05,0xff,0xff,0xa0,0x00,0x00,0x00,
  0x00,0x1e,0xff,0xfc,0x00,0x00,0x00,0x00,0x00,0x00,0x05,0xcf,0xfb,0x30,0x00,0x00,0xaf,0xff,0xff,0xf7,0x00,0x07,0xff,0xff,
  0xff,0xff,0x30,0x0e,0xff,0xff,0xff,0xff,0xb0,0x3f,0xff,0xff,0xff,0xff,0xf0,0x3f,0xff,0xff,0xff,0xff,0xf0,0x0f,0xff,0xff,
  0xff,0xff,0xc0,0x09,0xff,0xff,0xff,0xff,0x50,0x00,0xcf,0xff,0xff,0xfa,0x00,0x00,0x08,0xff,0xfe,0x60,0x00,0x00,0x00,0x02,
  0x20,0x00,0x00,0x00,0x00,0x00,0x5a,0xdf,0xfd,0xa5,0x00,0x00,0x00,0x00,0x00,0x5d,0xff,0xff,0xff,0xff,0xd4,0x00,0x00,0x00,
  0x08,0xff,0xff,0xff,0xff,0xff,0xff,0x70,0x00,0x00,0x7f,0xff,0xff,0xff,0xff,0xff,0xff,0xf7,0x00,0x04,0xff,0xff,0xf8,0x30,
  0x03,0x9f,0xff,0xff,0x40,0x0d,0xff,0xfe,0x30,0x00,0x00,0x03,0xef,0xff,0xc0,0x4f,0xff,0xf3,0x00,0x00,0x00,0x00,0x3f,0xff,
  0xf4,0x9f,0xff,0x90,0x00,0x00,0x00,0x00,0x0a,0xff,0xf8,0xcf,0xff,0x40,0x00,0x00,0x00,0x00,0x04,0xff,0xfc,0xdf,0xff,0x10,
  0x00,0x00,0x00,0x00,0x01,0xff,0xfd,0xdf,0xff,0x10,0x00,0x00,0x00,0x00,0x01,0xff,0xfd,0xcf,0xff,0x30,0x00,0x00,0x00,0x00,
  0x04,0xff,0xfc,0x9f,0xff,0x90,0x00,0x00,0x00,0x00,0x09,0xff,0xf9,0x5f,0xff,0xf2,0x00,0x00,0x00,0x00,0x2f,0xff,0xf4,0x0e,
  0xff,0xfe,0x20,0x00,0x00,0x02,0xef,0xff,0xd0,0x06,0xff,0xff,0xf8,0x30,0x03,0x8f,0xff,0xff,0x40,0x00,0xaf,0xff,0xff,0xff,
  0xff,0xff,0xff,0xf8,0x00,0x00,0x0a,0xff,0xff,0xff,0xff,0xff,0xff,0x80,0x00,0x00,0x00,0x7e,0xff,0xff,0xff,0xff,0xe5,0x00,
  0x00,0x00,0x00,0x01,0x6b,0xef,0xfd,0xa5,0x00,0x00,0x00,0xbf,0xff,0x00,0x00,0x00,0x00,0x00,0x00,0xff,0xfb,0x9f,0xff,0x40,
  0x00,0x00,0x00,0x00,0x04,0xff,0xf9,0x5f,0xff,0xb0,0x00,0x00,0x00,0x00,0x0c,0xff,0xf5,0x1f,0xff,0xf8,0x00,0x00,0x00,0x00,
  0x8f,0xff,0xf1,0x0a,0xff,0xff,0xc5,0x20,0x02,0x5c,0xff,0xff,0x90,0x01,0xef,0xff,0xff,0xff,0xff,0xff,0xff,0xfe,0x10,0x00,
  0x3f,0xff,0xff,0xff,0xff,0xff,0xff,0xf3,0x00,0x00,0x02,0xcf,0xff,0xff,0xff,0xff,0xfc,0x20,0x00,0x00,0x00,0x03,0x8c,0xef,
  0xfe,0xc8,0x30,0x00,0x00,0x7a,0xaa,0x00,0x00,0x00,0x00,0x00,0x00,0x3a,0xaa,0x40,0xbf,0xff,0x20,0x00,0x00,0x00,0x00,0x00,
  0x6f,0xff,0x60,0x9f,0xff,0x40,0x00,0x00,0x00,0x00,0x00,0x8f,0xff,0x40,0x6f,0xff,0x80,0x00,0x00,0x00,0x00,0x00,0xcf,0xff,
  0x10,0x2f,0xff,0xe0,0x00,0x00,0x00,0x00,0x03,0xff,0xfd,0x00,0x0b,0xff,0xf8,0x00,0x00,0x00,0x00,0x0c,0xff,0xf6,0x00,0x03,
  0xff,0xff,0x60,0x00,0x00,0x00,0xaf,0xff,0xd0,0x00,0x00,0x6f,0xff,0xfc,0x52,0x13,0x7e,0xff,0xff,0x20,0x00,0x00,0x05,0xff,
  0xff,0xff,0xff,0xff,0xff,0xd2,0x00,0x00,0x00,0x00,0x2a,0xff,0xff,0xff,0xff,0xe7,0x00,0x00,0x00,0x00,0x00,0x00,0x04,0x79,
  0x98,0x73,0x00,0x00,0x00,0x00,0x2a,0x51,0x00,0x00,0x00,0x00,0x00,0x00,0x00,0x00,0x00,0x00,0x00,0x00,0x00,0x00,0x00,0x00,
  0x00,0x00,0x00,0x3f,0xff,0xc8,0x30,0x00,0x00,0x00,0x00,0x00,0x00,0x00,0x00,0x00,0x00,0x00,0x00,0x00,0x00,0x00,0x00,0x00,
  0x3f,0xff,0xff,0xfe,0xa5,0x10,0x00,0x00,0x00,0x00,0x00,0x00,0x00,0x00,0x00,0x00,0x00,0x00,0x00,0x00,0x00,0x3f,0xff,0xff,
  0xff,0xff,0xfc,0x73,0x00,0x00,0x00,0x00,0x00,0x00,0x00,0x00,0x00,0x00,0x00,0x00,0x00,0x00,0x3f,0xff,0xff,0xff,0xff,0xff,
  0xff,0xea,0x51,0x00,0x00,0x00,0x00,0x00,0x00,0x00,0x00,0x00,0x00,0x00,0x00,0x2d,0xff,0xff,0xff,0xff,0xff,0xff,0xff,0xff,
  0xc7,0x30,0x00,0x00,0x00,0x00,0x00,0x00,0x00,0x00,0x00,0x00,0x00,0x26,0xbf,0xff,0xff,0xff,0xff,0xff,0xff,0xff,0xfe,0xa5,
  0x10,0x00,0x00,0x00,0x00,0x00,0x00,0x00,0x00,0x00,0x00,0x00,0x49,0xdf,0xff,0xff,0xff,0xff,0xff,0xff,0xff,0xfc,0x73,0x00,
  0x00,0x00,0x00,0x00,0x00,0x00,0x00,0x00,0x00,0x00,0x02,0x7b,0xff,0xff,0xff,0xff,0xff,0xff,0xff,0xff,0xea,0x51,0x00,0x00,
  0x00,0x00,0x00,0x00,0x00,0x00,0x00,0x00,0x00,0x05,0x9e,0xff,0xff,0xff,0xff,0xff,0xff,0xff,0xff,0xc7,0x30,0x00,0x00,0x00,
  0x00,0x00,0x00,0x00,0x00,0x00,0x00,0x00,0x27,0xcf,0xff,0xff,0xff,0xff,0xff,0xff,0xff,0xfe,0xa5,0x10,0x00,0x00,0x00,0x00,
  0x00,0x00,0x00,0x00,0x00,0x00,0x01,0x5a,0xef,0xff,0xff,0xff,0xff,0xff,0xff,0xff,0xfc,0x70,0x00,0x00,0x00,0x00,0x00,0x00,
  0x00,0x00,0x00,0x00,0x00,0x03,0x7c,0xff,0xff,0xff,0xff,0xff,0xff,0xff,0xe0,0x00,0x00,0x00,0x00,0x00,0x00,0x00,0x00,0x00,
  0x00,0x00,0x00,0x00,0x15,0xae,0xff,0xff,0xff,0xff,0xff,0xe0,0x00,0x00,0x00,0x00,0x00,0x00,0x00,0x00,0x00,0x00,0x00,0x00,
  0x00,0x00,0x05,0xcf,0xff,0xff,0xff,0xff,0xe0,0x00,0x00,0x00,0x00,0x00,0x00,0x00,0x00,0x00,0x00,0x00,0x00,0x02,0x7b,0xff,
  0xff,0xff,0xff,0xff,0xff,0xe0,0x00,0x00,0x00,0x00,0x00,0x00,0x00,0x00,0x00,0x00,0x00,0x59,0xef,0xff,0xff,0xff,0xff,0xff,
  0xff,0xff,0xd0,0x00,0x00,0x00,0x00,0x00,0x00,0x00,0x00,0x00,0x27,0xbf,0xff,0xff,0xff,0xff,0xff,0xff,0xff,0xfe,0x95,0x10,
  0x00,0x00,0x00,0x00,0x00,0x00,0x00,0x05,0x9e,0xff,0xff,0xff,0xff,0xff,0xff,0xff,0xff,0xc7,0x30,0x00,0x00,0x00,0x00,0x00,
  0x00,0x00,0x02,0x7b,0xff,0xff,0xff,0xff,0xff,0xff,0xff,0xff,0xea,0x51,0x00,0x00,0x00,0x00,0x00,0x00,0x00,0x00,0x59,0xef,
  0xff,0xff,0xff,0xff,0xff,0xff,0xff,0xfc,0x73,0x00,0x00,0x00,0x00,0x00,0x00,0x00,0x00,0x27,0xbf,0xff,0xff,0xff,0xff,0xff,
  0xff,0xff,0xfe,0xa5,0x10,0x00,0x00,0x00,0x00,0x00,0x00,0x00,0x05,0x9e,0xff,0xff,0xff,0xff,0xff,0xff,0xff,0xff,0xc8,0x30,
  0x00,0x00,0x00,0x00,0x00,0x00,0x00,0x00,0x00,0x3f,0xff,0xff,0xff,0xff,0xff,0xff,0xff,0xea,0x51,0x00,0x00,0x00,0x00,0x00,
  0x00,0x00,0x00,0x00,0x00,0x00,0x3f,0xff,0xff,0xff,0xff,0xff,0xfc,0x83,0x00,0x00,0x00,0x00,0x00,0x00,0x00,0x00,0x00,0x00,
  0x00,0x00,0x00,0x3f,0xff,0xff,0xff,0xfe,0xa5,0x10,0x00,0x00,0x00,0x00,0x00,0x00,0x00,0x00,0x00,0x00,0x00,0x00,0x00,0x00,
  0x3f,0xff,0xff,0xc8,0x30,0x00,0x00,0x00,0x00,0x00,0x00,0x00,0x00,0x00,0x00,0x00,0x00,0x00,0x00,0x00,0x00,0x3f,0xfa,0x61,
  0x00,0x00,0x00,0x00,0x00,0x00,0x00,0x00,0x00,0x00,0x00,0x00,0x00,0x00,0x00,0x00,0x00,0x00,0x13,0x00,0x00,0x00,0x00,0x00,
  0x00,0x00,0x00,0x00,0x00,0x00,0x00,0x00,0x00,0x00,0x00,0x00,0x00,0x00,0x00,0x00,0x00,0x00,0x00,0x00,0x00,0x00,0x00,0x00,
  0x00,0x00,0x00,0x00,0x00,0x00,0x00,0x00,0x00,0x00,0x00,0x00,0x00,0x00,0x00,0x00,0x00,0x00,0x00,0x00,0x00,0x00,0x00,0x00,
  0x00,0x00,0x00,0x00,0x00,0x00,0x00,0x00,0x00,0x00,0x00,0x00,0x00,0x00,0x00,0x00,0x00,0x00,0x00,0x00,0x00,0x00,0x00,0x00,
  0x00,0x00,0x00,0x00,0x00,0x00,0x2e,0xee,0xee,0xee,0xee,0xee,0xee,0xee,0xee,0xee,0xee,0xee,0xee,0xee,0xee,0xee,0xee,0xee,
  0xee,0xee,0xc0,0x3f,0xff,0xff,0xff,0xff,0xff,0xff,0xff,0xff,0xff,0xff,0xff,0xff,0xff,0xff,0xff,0xff,0xff,0xff,0xff,0xe0,
  0x3f,0xff,0xff,0xff,0xff,0xff,0xff,0xff,0xff,0xff,0xff,0xff,0xff,0xff,0xff,0xff,0xff,0xff,0xff,0xff,0xe0,0x3f,0xff,0xff,
  0xff,0xff,0xff,0xff,0xff,0xff,0xff,0xff,0xff,0xff,0xff,0xff,0xff,0xff,0xff,0xff,0xff,0xe0,0x3f,0xff,0xff,0xff,0xff,0xff,
  0xff,0xff,0xff,0xff,0xff,0xff,0xff,0xff,0xff,0xff,0xff,0xff,0xff,0xff,0xe0,0x16,0x66,0x66,0x66,0x66,0x66,0x66,0x66,0x66,
  0x66,0x66,0x66,0x66,0x66,0x66,0x66,0x66,0x66,0x66,0x66,0x50,0x00,0x00,0x00,0x00,0x00,0x00,0x00,0x00,0x00,0x00,0x00,0x00,
  0x00,0x00,0x00,0x00,0x00,0x00,0x00,0x00,0x00,0x00,0x00,0x00,0x00,0x00,0x00,0x00,0x00,0x00,0x00,0x00,0x00,0x00,0x00,0x00,
  0x00,0x00,0x00,0x00,0x00,0x00,0x00,0x00,0x00,0x00,0x00,0x00,0x00,0x00,0x00,0x00,0x00,0x00,0x00,0x00,0x00,0x00,0x00,0x00,
  0x00,0x00,0x00,0x3f,0xff,0xff,0xff,0xff,0xff,0xff,0xff,0xff,0xff,0xff,0xff,0xff,0xff,0xff,0xff,0xff,0xff,0xff,0xff,0xe0,
  0x3f,0xff,0xff,0xff,0xff,0xff,0xff,0xff,0xff,0xff,0xff,0xff,0xff,0xff,0xff,0xff,0xff,0xff,0xff,0xff,0xe0,0x3f,0xff,0xff,
  0xff,0xff,0xff,0xff,0xff,0xff,0xff,0xff,0xff,0xff,0xff,0xff,0xff,0xff,0xff,0xff,0xff,0xe0,0x3f,0xff,0xff,0xff,0xff,0xff,
  0xff,0xff,0xff,0xff,0xff,0xff,0xff,0xff,0xff,0xff,0xff,0xff,0xff,0xff,0xe0,0x3f,0xff,0xff,0xff,0xff,0xff,0xff,0xff,0xff,
  0xff,0xff,0xff,0xff,0xff,0xff,0xff,0xff,0xff,0xff,0xff,0xe0,0x05,0x55,0x55,0x55,0x55,0x55,0x55,0x55,0x55,0x55,0x55,0x55,
  0x55,0x55,0x55,0x55,0x55,0x55,0x55,0x55,0x40,0x00,0x00,0x00,0x00,0x00,0x00,0x00,0x00,0x00,0x00,0x00,0x00,0x00,0x00,0x00,
  0x00,0x00,0x00,0x00,0x27,0xa0,0x00,0x00,0x00,0x00,0x00,0x00,0x00,0x00,0x00,0x00,0x00,0x00,0x00,0x00,0x00,0x00,0x00,0x04,
  0x9e,0xff,0xe0,0x00,0x00,0x00,0x00,0x00,0x00,0x00,0x00,0x00,0x00,0x00,0x00,0x00,0x00,0x00,0x02,0x7b,0xff,0xff,0xff,0xe0,
  0x00,0x00,0x00,0x00,0x00,0x00,0x00,0x00,0x00,0x00,0x00,0x00,0x00,0x00,0x49,0xdf,0xff,0xff,0xff,0xff,0xe0,0x00,0x00,0x00,
  0x00,0x00,0x00,0x00,0x00,0x00,0x00,0x00,0x00,0x27,0xbf,0xff,0xff,0xff,0xff,0xff,0xff,0xe0,0x00,0x00,0x00,0x00,0x00,0x00,
  0x00,0x00,0x00,0x00,0x04,0x9d,0xff,0xff,0xff,0xff,0xff,0xff,0xff,0xff,0xa0,0x00,0x00,0x00,0x00,0x00,0x00,0x00,0x00,0x02,
  0x6b,0xff,0xff,0xff,0xff,0xff,0xff,0xff,0xff,0xea,0x51,0x00,0x00,0x00,0x00,0x00,0x00,0x00,0x00,0x49,0xdf,0xff,0xff,0xff,
  0xff,0xff,0xff,0xff,0xfc,0x73,0x00,0x00,0x00,0x00,0x00,0x00,0x00,0x00,0x26,0xbf,0xff,0xff,0xff,0xff,0xff,0xff,0xff,0xfe,
  0xa5,0x10,0x00,0x00,0x00,0x00,0x00,0x00,0x00,0x04,0x9d,0xff,0xff,0xff,0xff,0xff,0xff,0xff,0xff,0xc8,0x30,0x00,0x00,0x00,
  0x00,0x00,0x00,0x00,0x02,0x6b,0xff,0xff,0xff,0xff,0xff,0xff,0xff,0xff,0xfa,0x61,0x00,0x00,0x00,0x00,0x00,0x00,0x00,0x00,
  0x19,0xdf,0xff,0xff,0xff,0xff,0xff,0xff,0xff,0xfd,0x84,0x00,0x00,0x00,0x00,0x00,0x00,0x00,0x00,0x00,0x00,0x3f,0xff,0xff,
  0xff,0xff,0xff,0xff,0xff,0xb6,0x10,0x00,0x00,0x00,0x00,0x00,0x00,0x00,0x00,0x00,0x00,0x00,0x3f,0xff,0xff,0xff,0xff,0xff,
  0xd8,0x40,0x00,0x00,0x00,0x00,0x00,0x00,0x00,0x00,0x00,0x00,0x00,0x00,0x00,0x3f,0xff,0xff,0xff,0xff,0xfa,0x30,0x00,0x00,
  0x00,0x00,0x00,0x00,0x00,0x00,0x00,0x00,0x00,0x00,0x00,0x00,0x3f,0xff,0xff,0xff,0xff,0xff,0xfe,0xa5,0x10,0x00,0x00,0x00,
  0x00,0x00,0x00,0x00,0x00,0x00,0x00,0x00,0x00,0x2f,0xff,0xff,0xff,0xff,0xff,0xff,0xff,0xfc,0x83,0x00,0x00,0x00,0x00,0x00,
  0x00,0x00,0x00,0x00,0x00,0x00,0x02,0x6b,0xff,0xff,0xff,0xff,0xff,0xff,0xff,0xff,0xea,0x51,0x00,0x00,0x00,0x00,0x00,0x00,
  0x00,0x00,0x00,0x00,0x00,0x04,0x9d,0xff,0xff,0xff,0xff,0xff,0xff,0xff,0xff,0xc8,0x30,0x00,0x00,0x00,0x00,0x00,0x00,0x00,
  0x00,0x00,0x00,0x00,0x26,0xbf,0xff,0xff,0xff,0xff,0xff,0xff,0xff,0xfe,0xa5,0x10,0x00,0x00,0x00,0x00,0x00,0x00,0x00,0x00,
  0x00,0x00,0x00,0x49,0xdf,0xff,0xff,0xff,0xff,0xff,0xff,0xff,0xfc,0x83,0x00,0x00,0x00,0x00,0x00,0x00,0x00,0x00,0x00,0x00,
  0x00,0x02,0x7b,0xff,0xff,0xff,0xff,0xff,0xff,0xff,0xff,0xea,0x51,0x00,0x00,0x00,0x00,0x00,0x00,0x00,0x00,0x00,0x00,0x00,
  0x04,0x9e,0xff,0xff,0xff,0xff,0xff,0xff,0xff,0xff,0xc8,0x30,0x00,0x00,0x00,0x00,0x00,0x00,0x00,0x00,0x00,0x00,0x00,0x27,
  0xbf,0xff,0xff,0xff,0xff,0xff,0xff,0xff,0xe0,0x00,0x00,0x00,0x00,0x00,0x00,0x00,0x00,0x00,0x00,0x00,0x00,0x00,0x59,0xef,
  0xff,0xff,0xff,0xff,0xff,0xe0,0x00,0x00,0x00,0x00,0x00,0x00,0x00,0x00,0x00,0x00,0x00,0x00,0x00,0x00,0x02,0x7b,0xff,0xff,
  0xff,0xff,0xe0,0x00,0x00,0x00,0x00,0x00,0x00,0x00,0x00,0x00,0x00,0x00,0x00,0x00,0x00,0x00,0x00,0x05,0x9e,0xff,0xff,0xe0,
  0x00,0x00,0x00,0x00,0x00,0x00,0x00,0x00,0x00,0x00,0x00,0x00,0x00,0x00,0x00,0x00,0x00,0x00,0x27,0xcf,0xe0,0x00,0x00,0x00,
  0x00,0x00,0x00,0x00,0x00,0x00,0x00,0x00,0x00,0x00,0x00,0x00,0x00,0x00,0x00,0x00,0x00,0x40,0x00,0x00,0x00,0x00,0x00,0x00,
  0x00,0x00,0x00,0x00,0x00,0x00,0x00,0x00,0x00,0x00,0x00,0x00,0x00,0x00,0x00,0x00,0x00,0x00,0x00,0x00,0x00,0x00,0x00,0x00,
  0x00,0x00,0x00,0x00,0x00,0x00,0x00,0x00,0x00,0x00,0x00,0x00,0x00,0x00,0x00,0x00,0x00,0x00,0x00,0x00,0x00,0x00,0x00,0x00,
  0x00,0x00,0x00,0x00,0x00,0x00,0x00,0x00,0x00,0x2e,0xee,0xee,0xee,0xee,0xee,0xee,0xee,0xee,0xee,0xee,0xee,0xee,0xee,0xee,
  0xee,0xee,0xee,0xee,0xee,0xc0,0x3f,0xff,0xff,0xff,0xff,0xff,0xff,0xff,0xff,0xff,0xff,0xff,0xff,0xff,0xff,0xff,0xff,0xff,
  0xff,0xff,0xe0,0x3f,0xff,0xff,0xff,0xff,0xff,0xff,0xff,0xff,0xff,0xff,0xff,0xff,0xff,0xff,0xff,0xff,0xff,0xff,0xff,0xe0,
  0x3f,0xff,0xff,0xff,0xff,0xff,0xff,0xff,0xff,0xff,0xff,0xff,0xff,0xff,0xff,0xff,0xff,0xff,0xff,0xff,0xe0,0x3f,0xff,0xff,
  0xff,0xff,0xff,0xff,0xff,0xff,0xff,0xff,0xff,0xff,0xff,0xff,0xff,0xff,0xff,0xff,0xff,0xe0,0x16,0x66,0x66,0x66,0x66,0x66,
  0x66,0x66,0x66,0x66,0x66,0x66,0x66,0x66,0x66,0x66,0x66,0x66,0x66,0x66,0x50,0x00,0x00,0x00,0x00,0x00,0x00,0x00,0x00,0x00,
  0x00,0x00,0x00,0x00,0x00,0x00,0x00,0x00,0x00,0x00,0x00,0x00,0x00,0x00,0x00,0x00,0x00,0x00,0x00,0x00,0x00,0x00,0x00,0x00,
  0x00,0x00,0x00,0x00,0x00,0x00,0x00,0x00,0x00,0x00,0x00,0x00,0x00,0x00,0x00,0x00,0x00,0x00,0x00,0x00,0x00,0x00,0x00,0x00,
  0x00,0x00,0x00,0x00,0x00,0x00,0x3f,0xff,0xff,0xff,0xff,0xff,0xff,0xff,0xff,0xff,0xff,0xff,0xff,0xff,0xff,0xff,0xff,0xff,
  0xff,0xff,0xe0,0x3f,0xff,0xff,0xff,0xff,0xff,0xff,0xff,0xff,0xff,0xff,0xff,0xff,0xff,0xff,0xff,0xff,0xff,0xff,0xff,0xe0,
  0x3f,0xff,0xff,0xff,0xff,0xff,0xff,0xff,0xff,0xff,0xff,0xff,0xff,0xff,0xff,0xff,0xff,0xff,0xff,0xff,0xe0,0x3f,0xff,0xff,
  0xff,0xff,0xff,0xff,0xff,0xff,0xff,0xff,0xff,0xff,0xff,0xff,0xff,0xff,0xff,0xff,0xff,0xe0,0x3f,0xff,0xff,0xff,0xff,0xff,
  0xff,0xff,0xff,0xff,0xff,0xff,0xff,0xff,0xff,0xff,0xff,0xff,0xff,0xff,0xe0,0x05,0x55,0x55,0x55,0x55,0x55,0x55,0x55,0x55,
  0x55,0x55,0x55,0x55,0x55,0x55,0x55,0x55,0x55,0x55,0x55,0x40,0x00,0x00,0x00,0x00,0x00,0x00,0x00,0x00,0x00,0x00,0x00,0x12,
  0x43,0x21,0x00,0x00,0x00,0x00,0x00,0x00,0x00,0x00,0x00,0x00,0x00,0x00,0x00,0x00,0x00,0x00,0x00,0x00,0x00,0x00,0x48,0xcf,
  0xff,0xff,0xff,0xeb,0x83,0x00,0x00,0x00,0x00,0x00,0x00,0x00,0x00,0x00,0x00,0x00,0x00,0x00,0x00,0x00,0x00,0x02,0x8e,0xff,
  0xff,0xff,0xff,0xff,0xff,0xff,0xd7,0x10,0x00,0x00,0x00,0x00,0x00,0x00,0x00,0x00,0x00,0x00,0x00,0x00,0x00,0x02,0xaf,0xff,
  0xff,0xff,0xff,0xff,0xff,0xff,0xff,0xff,0xf9,0x10,0x00,0x00,0x00,0x00,0x00,0x00,0x00,0x00,0x00,0x00,0x00,0x00,0x9f,0xff,
  0xff,0xff,0xfc,0x98,0x67,0x89,0xcf,0xff,0xff,0xff,0xf8,0x00,0x00,0x00,0x00,0x00,0x00,0x00,0x00,0x00,0x00,0x00,0x4e,0xff,
  0xff,0xfe,0x93,0x00,0x00,0x00,0x00,0x00,0x4a,0xff,0xff,0xff,0xd3,0x00,0x00,0x00,0x00,0x00,0x00,0x00,0x00,0x00,0x09,0xff,
  0xff,0xfe,0x60,0x00,0x00,0x00,0x00,0x00,0x00,0x00,0x18,0xff,0xff,0xff,0x70,0x00,0x00,0x00,0x00,0x00,0x00,0x00,0x00,0xbf,
  0xff,0xff,0x70,0x00,0x00,0x00,0x00,0x00,0x00,0x00,0x00,0x00,0x18,0xff,0xff,0xf9,0x00,0x00,0x00,0x00,0x00,0x00,0x00,0x1d,
  0xff,0xff,0xb2,0x00,0x00,0x00,0x00,0x00,0x00,0x00,0x00,0x00,0x00,0x00,0x3d,0xff,0xff,0xb0,0x00,0x00,0x00,0x00,0x00,0x00,
  0xcf,0xff,0xf8,0x00,0x00,0x00,0x00,0x00,0x00,0x00,0x00,0x00,0x00,0x00,0x00,0x00,0xaf,0xff,0xfa,0x00,0x00,0x00,0x00,0x00,
  0x0a,0xff,0xff,0x50,0x00,0x00,0x00,0x00,0x00,0x00,0x00,0x00,0x00,0x00,0x00,0x00,0x00,0x08,0xff,0xff,0x80,0x00,0x00,0x00,
  0x00,0x6f,0xff,0xf5,0x00,0x00,0x00,0x00,0x00,0x00,0x00,0x00,0x00,0x00,0x00,0x00,0x00,0x00,0x00,0x8f,0xff,0xf3,0x00,0x00,
  0x00,0x01,0xff,0xff,0x70,0x00,0x00,0x00,0x00,0x00,0x00,0x00,0x00,0x00,0x00,0x00,0x00,0x00,0x00,0x00,0x09,0xff,0xfd,0x00,
  0x00,0x00,0x0a,0xff,0xfb,0x00,0x00,0x00,0x00,0x00,0x00,0x00,0x00,0x00,0x00,0x00,0x00,0x00,0x00,0x00,0x00,0x00,0xdf,0xff,
  0x80,0x00,0x00,0x2f,0xff,0xe1,0x00,0x00,0x00,0x00,0x00,0x00,0x00,0x00,0x00,0x00,0x00,0x00,0x00,0x00,0x00,0x00,0x00,0x3f,
  0xff,0xe0,0x00,0x00,0xaf,0xff,0x70,0x00,0x00,0x00,0x00,0x00,0x00,0x00,0x00,0x00,0x00,0x00,0x00,0x00,0x00,0x00,0x00,0x00,
  0x0a,0xff,0xf7,0x00,0x00,0xff,0xfe,0x00,0x00,0x00,0x00,0x00,0x00,0x00,0x00,0x00,0x00,0x00,0x00,0x00,0x00,0x00,0x00,0x00,
  0x00,0x02,0xff,0xfd,0x00,0x05,0xff,0xf8,0x00,0x00,0x00,0x00,0x00,0x00,0x00,0x00,0x00,0x00,0x00,0x00,0x00,0x00,0x00,0x00,
  0x00,0x00,0x00,0xbf,0xff,0x20,0x0a,0xff,0xf3,0x00,0x00,0x00,0x00,0x00,0x00,0x00,0x00,0x00,0x00,0x00,0x00,0x00,0x00,0x00,
  0x00,0x00,0x00,0x00,0x6f,0xff,0x70,0x0d,0xff,0xe0,0x00,0x00,0x00,0x00,0x00,0x00,0x00,0x00,0x00,0x00,0x00,0x00,0x00,0x00,
  0x00,0x00,0x00,0x00,0x00,0x1f,0xff,0xb0,0x0f,0xff,0xa0,0x00,0x00,0x00,0x00,0x00,0x00,0x00,0x00,0x00,0x00,0x00,0x00,0x00,
  0x00,0x00,0x00,0x00,0x00,0x00,0x0d,0xff,0xe0,0x3f,0xff,0x70,0x00,0x00,0x00,0x00,0x00,0x00,0x00,0x00,0x00,0x00,0x00,0x00,
  0x00,0x00,0x00,0x00,0x00,0x00,0x00,0x0a,0xff,0xf1,0x5f,0xff,0x50,0x00,0x00,0x00,0x00,0x00,0x00,0x00,0x00,0x00,0x00,0x00,
  0x00,0x00,0x00,0x00,0x00,0x00,0x00,0x00,0x07,0xff,0xf2,0x6f,0xff,0x40,0x00,0x00,0x00,0x00,0x00,0x00,0x00,0x00,0x00,0x00,
  0x00,0x00,0x00,0x00,0x00,0x00,0x00,0x00,0x00,0x06,0xff,0xf3,0x7f,0xff,0x30,0x00,0x00,0x00,0x00,0x00,0x00,0x00,0x00,0x00,
  0x00,0x00,0x00,0x00,0x00,0x00,0x00,0x00,0x00,0x00,0x05,0xff,0xf4,0x7f,0xff,0x20,0x00,0x00,0x00,0x00,0x00,0x00,0x00,0x00,
  0x00,0x00,0x00,0x00,0x00,0x00,0x00,0x00,0x00,0x00,0x00,0x05,0xff,0xf5,0x7f,0xff,0x30,0x00,0x00,0x00,0x00,0x00,0x00,0x00,
  0x00,0x00,0x00,0x00,0x00,0x00,0x00,0x00,0x00,0x00,0x00,0x00,0x06,0xff,0xf4,0x6f,0xff,0x40,0x00,0x00,0x00,0x00,0x00,0x00,
  0x00,0x00,0x00,0x00,0x00,0x00,0x00,0x00,0x00,0x00,0x00,0x00,0x00,0x06,0xff,0xf3,0x5f,0xff,0x50,0x00,0x00,0x00,0x00,0x00,
  0x00,0x00,0x00,0x00,0x00,0x00,0x00,0x00,0x00,0x00,0x00,0x00,0x00,0x00,0x08,0xff,0xf2,0x2f,0xff,0x80,0x00,0x00,0x00,0x00,
  0x00,0x00,0x00,0x00,0x00,0x00,0x00,0x00,0x00,0x00,0x00,0x00,0x00,0x00,0x00,0x0b,0xff,0xf0,0x0f,0xff,0xb0,0x00,0x00,0x00,
  0x00,0x00,0x00,0x00,0x00,0x00,0x00,0x00,0x00,0x00,0x00,0x00,0x00,0x00,0x00,0x00,0x0e,0xff,0xd0,0x0d,0xff,0xf0,0x00,0x00,
  0x00,0x00,0x00,0x00,0x00,0x00,0x00,0x00,0x00,0x00,0x00,0x00,0x00,0x00,0x00,0x00,0x00,0x2f,0xff,0xa0,0x09,0xff,0xf4,0x00,
  0x00,0x00,0x00,0x00,0x00,0x00,0x00,0x00,0x00,0x00,0x00,0x00,0x00,0x00,0x00,0x00,0x00,0x00,0x7f,0xff,0x60,0x04,0xff,0xfa,
  0x00,0x00,0x00,0x00,0x00,0x00,0x00,0x00,0x00,0x00,0x00,0x00,0x00,0x00,0x00,0x00,0x00,0x00,0x00,0xcf,0xff,0x10,0x00,0xef,
  0xff,0x10,0x00,0x00,0x00,0x00,0x00,0x00,0x00,0x00,0x00,0x00,0x00,0x00,0x00,0x00,0x00,0x00,0x00,0x04,0xff,0xfc,0x00,0x00,
  0x8f,0xff,0x90,0x00,0x00,0x00,0x00,0x00,0x00,0x00,0x00,0x00,0x00,0x00,0x00,0x00,0x00,0x00,0x00,0x00,0x0b,0xff,0xf5,0x00,
  0x00,0x1f,0xff,0xf3,0x00,0x00,0x00,0x00,0x00,0x00,0x00,0x00,0x00,0x00,0x00,0x00,0x00,0x00,0x00,0x00,0x00,0x5f,0xff,0xd0,
  0x00,0x00,0x08,0xff,0xfd,0x00,0x00,0x00,0x00,0x00,0x00,0x00,0x00,0x00,0x00,0x00,0x00,0x00,0x00,0x00,0x00,0x01,0xef,0xff,
  0x50,0x00,0x00,0x00,0xdf,0xff,0xa0,0x00,0x00,0x00,0x00,0x00,0x00,0x00,0x00,0x00,0x00,0x00,0x00,0x00,0x00,0x00,0x0c,0xff,
  0xfb,0x00,0x00,0x00,0x00,0x3f,0xff,0xf9,0x00,0x00,0x00,0x00,0x00,0x00,0x00,0x00,0x00,0x00,0x00,0x00,0x00,0x00,0x00,0xbf,
  0xff,0xf1,0x00,0x00,0x00,0x00,0x07,0xff,0xff,0x90,0x00,0x00,0x00,0x00,0x00,0x00,0x00,0x00,0x00,0x00,0x00,0x00,0x00,0x1b,
  0xff,0xff,0x50,0x00,0x00,0x00,0x00,0x00,0x9f,0xff,0xfb,0x10,0x00,0x00,0x00,0x00,0x00,0x00,0x00,0x00,0x00,0x00,0x00,0x02,
  0xdf,0xff,0xf6,0x00,0x00,0x00,0x00,0x00,0x00,0x09,0xff,0xff,0xe5,0x00,0x00,0x00,0x00,0x00,0x00,0x00,0x00,0x00,0x00,0x00,
  0x7f,0xff,0xff,0x70,0x00,0x00,0x00,0x00,0x00,0x00,0x00,0x7f,0xff,0xff,0xb2,0x00,0x00,0x00,0x00,0x00,0x00,0x00,0x00,0x00,
  0x4c,0xff,0xff,0xf5,0x00,0x00,0x00,0x00,0x00,0x00,0x00,0x00,0x05,0xff,0xff,0xff,0xa3,0x00,0x00,0x00,0x00,0x00,0x00,0x00,
  0x4c,0xff,0xff,0xfe,0x30,0x00,0x00,0x00,0x00,0x00,0x00,0x00,0x00,0x00,0x1b,0xff,0xff,0xff,0xd7,0x30,0x00,0x00,0x00,0x14,
  0x8e,0xff,0xff,0xff,0x90,0x00,0x00,0x00,0x00,0x00,0x00,0x00,0x00,0x00,0x00,0x00,0x5e,0xff,0xff,0xff,0xff,0xdc,0xab,0xcd,
  0xff,0xff,0xff,0xff,0xd4,0x00,0x00,0x00,0x00,0x00,0x00,0x00,0x00,0x00,0x00,0x00,0x00,0x00,0x6e,0xff,0xff,0xff,0xff,0xff,
  0xff,0xff,0xff,0xff,0xd5,0x00,0x00,0x00,0x00,0x00,0x00,0x00,0x00,0x00,0x00,0x00,0x00,0x00,0x00,0x00,0x5a,0xff,0xff,0xff,
  0xff,0xff,0xff,0xff,0x94,0x00,0x00,0x00,0x00,0x00,0x00,0x00,0x00,0x00,0x00,0x00,0x00,0x00,0x00,0x00,0x00,0x00,0x14,0x8b,
  0xde,0xff,0xed,0xb7,0x40,0x00,0x00,0x00,0x00,0x00,0x00,0x00,0x00,0x00,0x00,0x00,0x00,0x00,0x00,0x00,0x00,0x00,0x00,0x00,
  0x00,0x00,0x00,0x00,0x00,0x00,0x00,0x00,0x00,0x00,0x00,0x00,0x00,0x00,0x00,0x00,0x00,0x00,0x00,0x00,0x00,0x00,0x00,0x00,
  0x25,0x8b,0xde,0xff,0xed,0xb8,0x51,0x00,0x00,0x00,0x00,0x00,0x00,0x00,0x00,0x00,0x00,0x00,0x00,0x00,0x00,0x00,0x00,0x01,
  0x7c,0xff,0xff,0xff,0xff,0xff,0xff,0xff,0xb6,0x10,0x00,0x00,0x00,0x00,0x00,0x00,0x00,0x00,0x00,0x00,0x00,0x00,0x00,0x01,
  0x9f,0xff,0xff,0xff,0xff,0xff,0xff,0xff,0xff,0xff,0xf8,0x10,0x00,0x00,0x00,0x00,0x00,0x00,0x00,0x00,0x00,0x00,0x00,0x00,
  0x8f,0xff,0xff,0xff,0xff,0xff,0xff,0xff,0xff,0xff,0xff,0xff,0xf7,0x00,0x00,0x00,0x00,0x00,0x00,0x00,0x00,0x00,0x00,0x00,
  0x3d,0xff,0xff,0xff,0xff,0xff,0xff,0xff,0xff,0xff,0xff,0xff,0xff,0xff,0xc2,0x00,0x00,0x00,0x00,0x00,0x00,0x00,0x00,0x00,
  0x07,0xff,0xff,0xff,0xff,0xff,0xff,0xff,0xff,0xff,0xff,0xff,0xff,0xff,0xff,0xff,0x50,0x00,0x00,0x00,0x00,0x00,0x00,0x00,
  0x00,0x9f,0xff,0xff,0xff,0xff,0xff,0xff,0xff,0xff,0xff,0xff,0xff,0xff,0xff,0xff,0xff,0xf7,0x00,0x00,0x00,0x00,0x00,0x00,
  0x00,0x0a,0xff,0xff,0xff,0xff,0xff,0xff,0xff,0xff,0xff,0xff,0xff,0xff,0xff,0xff,0xff,0xff,0xff,0x70,0x00,0x00,0x00,0x00,
  0x00,0x00,0x8f,0xff,0xff,0xff,0xff,0xff,0xff,0xff,0xff,0xff,0xff,0xff,0xff,0xff,0xff,0xff,0xff,0xff,0xf5,0x00,0x00,0x00,
  0x00,0x00,0x05,0xff,0xff,0xff,0xff,0xff,0xff,0xff,0xff,0xff,0xff,0xff,0xff,0xff,0xff,0xff,0xff,0xff,0xff,0xff,0x30,0x00,
  0x00,0x00,0x00,0x1f,0xff,0xff,0xff,0xff,0xff,0xff,0xff,0xff,0xff,0xff,0xff,0xff,0xff,0xff,0xff,0xff,0xff,0xff,0xff,0xd0,
  0x00,0x00,0x00,0x00,0xbf,0xff,0xff,0xff,0xff,0xff,0xff,0xff,0xff,0xff,0xff,0xff,0xff,0xff,0xff,0xff,0xff,0xff,0xff,0xff,
  0xf9,0x00,0x00,0x00,0x05,0xff,0xff,0xff,0xff,0xff,0xff,0xff,0xff,0xff,0xff,0xff,0xff,0xff,0xff,0xff,0xff,0xff,0xff,0xff,
  0xff,0xff,0x30,0x00,0x00,0x0d,0xff,0xff,0xff,0xff,0xff,0xff,0xff,0xff,0xff,0xff,0xff,0xff,0xff,0xff,0xff,0xff,0xff,0xff,
  0xff,0xff,0xff,0xa0,0x00,0x00,0x5f,0xff,0xff,0xff,0xff,0xff,0xff,0xff,0xff,0xff,0xff,0xff,0xff,0xff,0xff,0xff,0xff,0xff,
  0xff,0xff,0xff,0xff,0xf2,0x00,0x00,0xcf,0xff,0xff,0xff,0xff,0xff,0xff,0xff,0xff,0xff,0xff,0xff,0xff,0xff,0xff,0xff,0xff,
  0xff,0xff,0xff,0xff,0xff,0xf9,0x00,0x01,0xff,0xff,0xff,0xff,0xff,0xff,0xff,0xff,0xff,0xff,0xff,0xff,0xff,0xff,0xff,0xff,
  0xff,0xff,0xff,0xff,0xff,0xff,0xfe,0x00,0x07,0xff,0xff,0xff,0xff,0xff,0xff,0xff,0xff,0xff,0xff,0xff,0xff,0xff,0xff,0xff,
  0xff,0xff,0xff,0xff,0xff,0xff,0xff,0xff,0x40,0x0b,0xff,0xff,0xff,0xff,0xff,0xff,0xff,0xff,0xff,0xff,0xff,0xff,0xff,0xff,
  0xff,0xff,0xff,0xff,0xff,0xff,0xff,0xff,0xff,0x90,0x0f,0xff,0xff,0xff,0xff,0xff,0xff,0xff,0xff,0xff,0xff,0xff,0xff,0xff,
  0xff,0xff,0xff,0xff,0xff,0xff,0xff,0xff,0xff,0xff,0xc0,0x2f,0xff,0xff,0xff,0xff,0xff,0xff,0xff,0xff,0xff,0xff,0xff,0xff,
  0xff,0xff,0xff,0xff,0xff,0xff,0xff,0xff,0xff,0xff,0xff,0xf0,0x4f,0xff,0xff,0xff,0xff,0xff,0xff,0xff,0xff,0xff,0xff,0xff,
  0xff,0xff,0xff,0xff,0xff,0xff,0xff,0xff,0xff,0xff,0xff,0xff,0xf2,0x6f,0xff,0xff,0xff,0xff,0xff,0xff,0xff,0xff,0xff,0xff,
  0xff,0xff,0xff,0xff,0xff,0xff,0xff,0xff,0xff,0xff,0xff,0xff,0xff,0xf3,0x7f,0xff,0xff,0xff,0xff,0xff,0xff,0xff,0xff,0xff,
  0xff,0xff,0xff,0xff,0xff,0xff,0xff,0xff,0xff,0xff,0xff,0xff,0xff,0xff,0xf4,0x7f,0xff,0xff,0xff,0xff,0xff,0xff,0xff,0xff,
  0xff,0xff,0xff,0xff,0xff,0xff,0xff,0xff,0xff,0xff,0xff,0xff,0xff,0xff,0xff,0xf5,0x7f,0xff,0xff,0xff,0xff,0xff,0xff,0xff,
  0xff,0xff,0xff,0xff,0xff,0xff,0xff,0xff,0xff,0xff,0xff,0xff,0xff,0xff,0xff,0xff,0xf4,0x6f,0xff,0xff,0xff,0xff,0xff,0xff,
  0xff,0xff,0xff,0xff,0xff,0xff,0xff,0xff,0xff,0xff,0xff,0xff,0xff,0xff,0xff,0xff,0xff,0xf3,0x4f,0xff,0xff,0xff,0xff,0xff,
  0xff,0xff,0xff,0xff,0xff,0xff,0xff,0xff,0xff,0xff,0xff,0xff,0xff,0xff,0xff,0xff,0xff,0xff,0xf2,0x2f,0xff,0xff,0xff,0xff,
  0xff,0xff,0xff,0xff,0xff,0xff,0xff,0xff,0xff,0xff,0xff,0xff,0xff,0xff,0xff,0xff,0xff,0xff,0xff,0xf0,0x0f,0xff,0xff,0xff,
  0xff,0xff,0xff,0xff,0xff,0xff,0xff,0xff,0xff,0xff,0xff,0xff,0xff,0xff,0xff,0xff,0xff,0xff,0xff,0xff,0xc0,0x0b,0xff,0xff,
  0xff,0xff,0xff,0xff,0xff,0xff,0xff,0xff,0xff,0xff,0xff,0xff,0xff,0xff,0xff,0xff,0xff,0xff,0xff,0xff,0xff,0x90,0x07,0xff,
  0xff,0xff,0xff,0xff,0xff,0xff,0xff,0xff,0xff,0xff,0xff,0xff,0xff,0xff,0xff,0xff,0xff,0xff,0xff,0xff,0xff,0xff,0x40,0x01,
  0xff,0xff,0xff,0xff,0xff,0xff,0xff,0xff,0xff,0xff,0xff,0xff,0xff,0xff,0xff,0xff,0xff,0xff,0xff,0xff,0xff,0xff,0xfe,0x00,
  0x00,0xcf,0xff,0xff,0xff,0xff,0xff,0xff,0xff,0xff,0xff,0xff,0xff,0xff,0xff,0xff,0xff,0xff,0xff,0xff,0xff,0xff,0xff,0xf9,
  0x00,0x00,0x5f,0xff,0xff,0xff,0xff,0xff,0xff,0xff,0xff,0xff,0xff,0xff,0xff,0xff,0xff,0xff,0xff,0xff,0xff,0xff,0xff,0xff,
  0xf2,0x00,0x00,0x0d,0xff,0xff,0xff,0xff,0xff,0xff,0xff,0xff,0xff,0xff,0xff,0xff,0xff,0xff,0xff,0xff,0xff,0xff,0xff,0xff,
  0xff,0xa0,0x00,0x00,0x05,0xff,0xff,0xff,0xff,0xff,0xff,0xff,0xff,0xff,0xff,0xff,0xff,0xff,0xff,0xff,0xff,0xff,0xff,0xff,
  0xff,0xff,0x30,0x00,0x00,0x00,0xbf,0xff,0xff,0xff,0xff,0xff,0xff,0xff,0xff,0xff,0xff,0xff,0xff,0xff,0xff,0xff,0xff,0xff,
  0xff,0xff,0xf9,0x00,0x00,0x00,0x00,0x1f,0xff,0xff,0xff,0xff,0xff,0xff,0xff,0xff,0xff,0xff,0xff,0xff,0xff,0xff,0xff,0xff,
  0xff,0xff,0xff,0xd0,0x00,0x00,0x00,0x00,0x05,0xff,0xff,0xff,0xff,0xff,0xff,0xff,0xff,0xff,0xff,0xff,0xff,0xff,0xff,0xff,
  0xff,0xff,0xff,0xff,0x30,0x00,0x00,0x00,0x00,0x00,0x8f,0xff,0xff,0xff,0xff,0xff,0xff,0xff,0xff,0xff,0xff,0xff,0xff,0xff,
  0xff,0xff,0xff,0xff,0xf5,0x00,0x00,0x00,0x00,0x00,0x00,0x0a,0xff,0xff,0xff,0xff,0xff,0xff,0xff,0xff,0xff,0xff,0xff,0xff,
  0xff,0xff,0xff,0xff,0xff,0x70,0x00,0x00,0x00,0x00,0x00,0x00,0x00,0x9f,0xff,0xff,0xff,0xff,0xff,0xff,0xff,0xff,0xff,0xff,
  0xff,0xff,0xff,0xff,0xff,0xf7,0x00,0x00,0x00,0x00,0x00,0x00,0x00,0x00,0x07,0xff,0xff,0xff,0xff,0xff,0xff,0xff,0xff,0xff,
  0xff,0xff,0xff,0xff,0xff,0xff,0x50,0x00,0x00,0x00,0x00,0x00,0x00,0x00,0x00,0x00,0x3d,0xff,0xff,0xff,0xff,0xff,0xff,0xff,
  0xff,0xff,0xff,0xff,0xff,0xff,0xc2,0x00,0x00,0x00,0x00,0x00,0x00,0x00,0x00,0x00,0x00,0x00,0x8f,0xff,0xff,0xff,0xff,0xff,
  0xff,0xff,0xff,0xff,0xff,0xff,0xf7,0x00,0x00,0x00,0x00,0x00,0x00,0x00,0x00,0x00,0x00,0x00,0x00,0x01,0x9f,0xff,0xff,0xff,
  0xff,0xff,0xff,0xff,0xff,0xff,0xf8,0x10,0x00,0x00,0x00,0x00,0x00,0x00,0x00,0x00,0x00,0x00,0x00,0x00,0x00,0x01,0x7c,0xff,
  0xff,0xff,0xff,0xff,0xff,0xff,0xc6,0x10,0x00,0x00,0x00,0x00,0x00,0x00,0x00,0x00,0x00,0x00,0x00,0x00,0x00,0x00,0x00,0x00,
  0x25,0x8b,0xde,0xff,0xed,0xb8,0x51,0x00,0x00,0x00,0x00,0x00,0x00,0x00,0x00,0x00,0x00,0x00,0x00,0x00,0x00,0x00,0x00,0x00,
  0x00,0x25,0x8b,0xde,0xff,0xed,0xb8,0x51,0x00,0x00,0x00,0x00,0x00,0x00,0x00,0x00,0x00,0x00,0x00,0x00,0x00,0x00,0x00,0x00,
  0x01,0x7c,0xff,0xff,0xff,0xff,0xff,0xff,0xff,0xc6,0x10,0x00,0x00,0x00,0x00,0x00,0x00,0x00,0x00,0x00,0x00,0x00,0x00,0x00,
  0x02,0x9f,0xff,0xff,0xff,0xff,0xff,0xff,0xff,0xff,0xff,0xf8,0x10,0x00,0x00,0x00,0x00,0x00,0x00,0x00,0x00,0x00,0x00,0x00,
  0x00,0x9f,0xff,0xff,0xff,0xfc,0x98,0x7f,0xff,0xff,0xff,0xff,0xff,0xf7,0x00,0x00,0x00,0x00,0x00,0x00,0x00,0x00,0x00,0x00,
  0x00,0x4d,0xff,0xff,0xfe,0x93,0x00,0x00,0x1f,0xff,0xff,0xff,0xff,0xff,0xff,0xc2,0x00,0x00,0x00,0x00,0x00,0x00,0x00,0x00,
  0x00,0x07,0xff,0xff,0xfe,0x60,0x00,0x00,0x00,0x1f,0xff,0xff,0xff,0xff,0xff,0xff,0xff,0x50,0x00,0x00,0x00,0x00,0x00,0x00,
  0x00,0x00,0x9f,0xff,0xff,0x70,0x00,0x00,0x00,0x00,0x1f,0xff,0xff,0xff,0xff,0xff,0xff,0xff,0xf7,0x00,0x00,0x00,0x00,0x00,
  0x00,0x00,0x0a,0xff,0xff,0xb2,0x00,0x00,0x00,0x00,0x00,0x1f,0xff,0xff,0xff,0xff,0xff,0xff,0xff,0xff,0x80,0x00,0x00,0x00,
  0x00,0x00,0x00,0x8f,0xff,0xf8,0x00,0x00,0x00,0x00,0x00,0x00,0x1f,0xff,0xff,0xff,0xff,0xff,0xff,0xff,0xff,0xf6,0x00,0x00,
  0x00,0x00,0x00,0x06,0xff,0xff,0x50,0x00,0x00,0x00,0x00,0x00,0x00,0x1f,0xff,0xff,0xff,0xff,0xff,0xff,0xff,0xff,0xff,0x30,
  0x00,0x00,0x00,0x00,0x2f,0xff,0xf5,0x00,0x00,0x00,0x00,0x00,0x00,0x00,0x1f,0xff,0xff,0xff,0xff,0xff,0xff,0xff,0xff,0xff,
  0xd0,0x00,0x00,0x00,0x00,0xbf,0xff,0x70,0x00,0x00,0x00,0x00,0x00,0x00,0x00,0x1f,0xff,0xff,0xff,0xff,0xff,0xff,0xff,0xff,
  0xff,0xf9,0x00,0x00,0x00,0x05,0xff,0xfb,0x00,0x00,0x00,0x00,0x00,0x00,0x00,0x00,0x1f,0xff,0xff,0xff,0xff,0xff,0xff,0xff,
  0xff,0xff,0xff,0x30,0x00,0x00,0x0d,0xff,0xe1,0x00,0x00,0x00,0x00,0x00,0x00,0x00,0x00,0x1f,0xff,0xff,0xff,0xff,0xff,0xff,
  0xff,0xff,0xff,0xff,0xb0,0x00,0x00,0x5f,0xff,0x70,0x00,0x00,0x00,0x00,0x00,0x00,0x00,0x00,0x1f,0xff,0xff,0xff,0xff,0xff,
  0xff,0xff,0xff,0xff,0xff,0xf3,0x00,0x00,0xcf,0xfe,0x00,0x00,0x00,0x00,0x00,0x00,0x00,0x00,0x00,0x1f,0xff,0xff,0xff,0xff,
  0xff,0xff,0xff,0xff,0xff,0xff,0xfa,0x00,0x02,0xff,0xf8,0x00,0x00,0x00,0x00,0x00,0x00,0x00,0x00,0x00,0x1f,0xff,0xff,0xff,
  0xff,0xff,0xff,0xff,0xff,0xff,0xff,0xff,0x00,0x07,0xff,0xf3,0x00,0x00,0x00,0x00,0x00,0x00,0x00,0x00,0x00,0x1f,0xff,0xff,
  0xff,0xff,0xff,0xff,0xff,0xff,0xff,0xff,0xff,0x50,0x0c,0xff,0xe0,0x00,0x00,0x00,0x00,0x00,0x00,0x00,0x00,0x00,0x1f,0xff,
  0xff,0xff,0xff,0xff,0xff,0xff,0xff,0xff,0xff,0xff,0x90,0x0f,0xff,0xa0,0x00,0x00,0x00,0x00,0x00,0x00,0x00,0x00,0x00,0x1f,
  0xff,0xff,0xff,0xff,0xff,0xff,0xff,0xff,0xff,0xff,0xff,0xc0,0x2f,0xff,0x70,0x00,0x00,0x00,0x00,0x00,0x00,0x00,0x00,0x00,
  0x1f,0xff,0xff,0xff,0xff,0xff,0xff,0xff,0xff,0xff,0xff,0xff,0xf0,0x4f,0xff,0x50,0x00,0x00,0x00,0x00,0x00,0x00,0x00,0x00,
  0x00,0x1f,0xff,0xff,0xff,0xff,0xff,0xff,0xff,0xff,0xff,0xff,0xff,0xf2,0x6f,0xff,0x40,0x00,0x00,0x00,0x00,0x00,0x00,0x00,
  0x00,0x00,0x1f,0xff,0xff,0xff,0xff,0xff,0xff,0xff,0xff,0xff,0xff,0xff,0xf3,0x7f,0xff,0x30,0x00,0x00,0x00,0x00,0x00,0x00,
  0x00,0x00,0x00,0x1f,0xff,0xff,0xff,0xff,0xff,0xff,0xff,0xff,0xff,0xff,0xff,0xf4,0x7f,0xff,0xaa,0xaa,0xaa,0xaa,0xaa,0xaa,
  0xaa,0xaa,0xaa,0xaa,0xaf,0xff,0xff,0xff,0xff,0xff,0xff,0xff,0xff,0xff,0xff,0xff,0xf5,0x6f,0xff,0xff,0xff,0xff,0xff,0xff,
  0xff,0xff,0xff,0xff,0xff,0xff,0xff,0xff,0xff,0xff,0xff,0xff,0xff,0xff,0xff,0xff,0xff,0xf4,0x5f,0xff,0xff,0xff,0xff,0xff,
  0xff,0xff,0xff,0xff,0xff,0xff,0xff,0xff,0xff,0xff,0xff,0xff,0xff,0xff,0xff,0xff,0xff,0xff,0xf3,0x4f,0xff,0xff,0xff,0xff,
  0xff,0xff,0xff,0xff,0xff,0xff,0xff,0xff,0xff,0xff,0xff,0xff,0xff,0xff,0xff,0xff,0xff,0xff,0xff,0xf2,0x2f,0xff,0xff,0xff,
  0xff,0xff,0xff,0xff,0xff,0xff,0xff,0xff,0xff,0xff,0xff,0xff,0xff,0xff,0xff,0xff,0xff,0xff,0xff,0xff,0xf0,0x0e,0xff,0xff,
  0xff,0xff,0xff,0xff,0xff,0xff,0xff,0xff,0xff,0xff,0xff,0xff,0xff,0xff,0xff,0xff,0xff,0xff,0xff,0xff,0xff,0xc0,0x0b,0xff,
  0xff,0xff,0xff,0xff,0xff,0xff,0xff,0xff,0xff,0xff,0xff,0xff,0xff,0xff,0xff,0xff,0xff,0xff,0xff,0xff,0xff,0xff,0x90,0x06,
  0xff,0xff,0xff,0xff,0xff,0xff,0xff,0xff,0xff,0xff,0xff,0xff,0xff,0xff,0xff,0xff,0xff,0xff,0xff,0xff,0xff,0xff,0xff,0x40,
  0x01,0xff,0xff,0xff,0xff,0xff,0xff,0xff,0xff,0xff,0xff,0xff,0xff,0xff,0xff,0xff,0xff,0xff,0xff,0xff,0xff,0xff,0xff,0xfe,
  0x00,0x00,0xbf,0xff,0xff,0xff,0xff,0xff,0xff,0xff,0xff,0xff,0xff,0xff,0xff,0xff,0xff,0xff,0xff,0xff,0xff,0xff,0xff,0xff,
  0xf9,0x00,0x00,0x4f,0xff,0xff,0xff,0xff,0xff,0xff,0xff,0xff,0xff,0xff,0xff,0xff,0xff,0xff,0xff,0xff,0xff,0xff,0xff,0xff,
  0xff,0xf2,0x00,0x00,0x0c,0xff,0xff,0xff,0xff,0xff,0xff,0xff,0xff,0xff,0xff,0xff,0xff,0xff,0xff,0xff,0xff,0xff,0xff,0xff,
  0xff,0xff,0xa0,0x00,0x00,0x04,0xff,0xff,0xff,0xff,0xff,0xff,0xff,0xff,0xff,0xff,0xff,0xff,0xff,0xff,0xff,0xff,0xff,0xff,
  0xff,0xff,0xff,0x20,0x00,0x00,0x00,0xaf,0xff,0xff,0xff,0xff,0xff,0xff,0xff,0xff,0xff,0xff,0xff,0xff,0xff,0xff,0xff,0xff,
  0xff,0xff,0xff,0xf8,0x00,0x00,0x00,0x00,0x1e,0xff,0xff,0xff,0xff,0xff,0xff,0xff,0xff,0xff,0xff,0xff,0xff,0xff,0xff,0xff,
  0xff,0xff,0xff,0xff,0xd0,0x00,0x00,0x00,0x00,0x04,0xff,0xff,0xff,0xff,0xff,0xff,0xff,0xff,0xff,0xff,0xff,0xff,0xff,0xff,
  0xff,0xff,0xff,0xff,0xff,0x20,0x00,0x00,0x00,0x00,0x00,0x6f,0xff,0xff,0xff,0xff,0xff,0xff,0xff,0xff,0xff,0xff,0xff,0xff,
  0xff,0xff,0xff,0xff,0xff,0xf4,0x00,0x00,0x00,0x00,0x00,0x00,0x08,0xff,0xff,0xff,0xff,0xff,0xff,0xff,0xff,0xff,0xff,0xff,
  0xff,0xff,0xff,0xff,0xff,0xff,0x60,0x00,0x00,0x00,0x00,0x00,0x00,0x00,0x7f,0xff,0xff,0xff,0xff,0xff,0xff,0xff,0xff,0xff,
  0xff,0xff,0xff,0xff,0xff,0xff,0xf5,0x00,0x00,0x00,0x00,0x00,0x00,0x00,0x00,0x05,0xff,0xff,0xff,0xff,0xff,0xff,0xff,0xff,
  0xff,0xff,0xff,0xff,0xff,0xff,0xfe,0x30,0x00,0x00,0x00,0x00,0x00,0x00,0x00,0x00,0x00,0x2c,0xff,0xff,0xff,0xff,0xff,0xff,
  0xff,0xff,0xff,0xff,0xff,0xff,0xff,0xa1,0x00,0x00,0x00,0x00,0x00,0x00,0x00,0x00,0x00,0x00,0x00,0x7e,0xff,0xff,0xff,0xff,
  0xff,0xff,0xff,0xff,0xff,0xff,0xff,0xe5,0x00,0x00,0x00,0x00,0x00,0x00,0x00,0x00,0x00,0x00,0x00,0x00,0x00,0x7e,0xff,0xff,
  0xff,0xff,0xff,0xff,0xff,0xff,0xff,0xe6,0x00,0x00,0x00,0x00,0x00,0x00,0x00,0x00,0x00,0x00,0x00,0x00,0x00,0x00,0x00,0x5a,
  0xff,0xff,0xff,0xff,0xff,0xff,0xff,0xa4,0x00,0x00,0x00,0x00,0x00,0x00,0x00,0x00,0x00,0x00,0x00,0x00,0x00,0x00,0x00,0x00,
  0x00,0x03,0x6a,0xbc,0xdd,0xcb,0x96,0x30,0x00,0x00,0x00,0x00,0x00,0x00,0x00,0x00,0x00,0x4a,0xaa,0x10,0x00,0x00,0x00,0x00,
  0x00,0x00,0x00,0x00,0x00,0x00,0x00,0x00,0x00,0x00,0x00,0x00,0x00,0x00,0x00,0x03,0xaa,0xa3,0x7f,0xff,0x30,0x00,0x00,0x00,
  0x00,0x00,0x00,0x00,0x00,0x00,0x00,0x00,0x00,0x00,0x00,0x00,0x00,0x00,0x00,0x00,0x06,0xff,0xf4,0x6f,0xff,0x40,0x00,0x00,
  0x00,0x00,0x00,0x00,0x00,0x00,0x00,0x00,0x00,0x00,0x00,0x00,0x00,0x00,0x00,0x00,0x00,0x06,0xff,0xf3,0x5f,0xff,0x50,0x00,
  0x00,0x00,0x00,0x00,0x00,0x00,0x00,0x00,0x00,0x00,0x00,0x00,0x00,0x00,0x00,0x00,0x00,0x00,0x08,0xff,0xf2,0x2f,0xff,0x80,
  0x00,0x00,0x00,0x00,0x00,0x00,0x00,0x00,0x00,0x00,0x00,0x00,0x00,0x00,0x00,0x00,0x00,0x00,0x00,0x0b,0xff,0xf0,0x0f,0xff,
  0xb0,0x00,0x00,0x00,0x00,0x00,0x00,0x00,0x00,0x00,0x00,0x00,0x00,0x00,0x00,0x00,0x00,0x00,0x00,0x00,0x0e,0xff,0xd0,0x0d,
  0xff,0xf0,0x00,0x00,0x00,0x00,0x00,0x00,0x00,0x00,0x00,0x00,0x00,0x00,0x00,0x00,0x00,0x00,0x00,0x00,0x00,0x2f,0xff,0xa0,
  0x09,0xff,0xf4,0x00,0x00,0x00,0x00,0x00,0x00,0x00,0x00,0x00,0x00,0x00,0x00,0x00,0x00,0x00,0x00,0x00,0x00,0x00,0x7f,0xff,
  0x60,0x04,0xff,0xfa,0x00,0x00,0x00,0x00,0x00,0x00,0x00,0x00,0x00,0x00,0x00,0x00,0x00,0x00,0x00,0x00,0x00,0x00,0x00,0xcf,
  0xff,0x10,0x00,0xef,0xff,0x10,0x00,0x00,0x00,0x00,0x00,0x00,0x00,0x00,0x00,0x00,0x00,0x00,0x00,0x00,0x00,0x00,0x00,0x04,
  0xff,0xfc,0x00,0x00,0x8f,0xff,0x90,0x00,0x00,0x00,0x00,0x00,0x00,0x00,0x00,0x00,0x00,0x00,0x00,0x00,0x00,0x00,0x00,0x00,
  0x0b,0xff,0xf5,0x00,0x00,0x1f,0xff,0xf3,0x00,0x00,0x00,0x00,0x00,0x00,0x00,0x00,0x00,0x00,0x00,0x00,0x00,0x00,0x00,0x00,
  0x00,0x5f,0xff,0xd0,0x00,0x00,0x08,0xff,0xfd,0x00,0x00,0x00,0x00,0x00,0x00,0x00,0x00,0x00,0x00,0x00,0x00,0x00,0x00,0x00,
  0x00,0x01,0xef,0xff,0x50,0x00,0x00,0x00,0xdf,0xff,0xa0,0x00,0x00,0x00,0x00,0x00,0x00,0x00,0x00,0x00,0x00,0x00,0x00,0x00,
  0x00,0x00,0x0c,0xff,0xfb,0x00,0x00,0x00,0x00,0x3f,0xff,0xf9,0x00,0x00,0x00,0x00,0x00,0x00,0x00,0x00,0x00,0x00,0x00,0x00,
  0x00,0x00,0x00,0xbf,0xff,0xf1,0x00,0x00,0x00,0x00,0x07,0xff,0xff,0x90,0x00,0x00,0x00,0x00,0x00,0x00,0x00,0x00,0x00,0x00,
  0x00,0x00,0x00,0x1b,0xff,0xff,0x50,0x00,0x00,0x00,0x00,0x00,0x9f,0xff,0xfb,0x10,0x00,0x00,0x00,0x00,0x00,0x00,0x00,0x00,
  0x00,0x00,0x00,0x02,0xdf,0xff,0xf6,0x00,0x00,0x00,0x00,0x00,0x00,0x09,0xff,0xff,0xe5,0x00,0x00,0x00,0x00,0x00,0x00,0x00,
  0x00,0x00,0x00,0x00,0x7f,0xff,0xff,0x70,0x00,0x00,0x00,0x00,0x00,0x00,0x00,0x7f,0xff,0xff,0xb2,0x00,0x00,0x00,0x00,0x00,
  0x00,0x00,0x00,0x00,0x4c,0xff,0xff,0xf5,0x00,0x00,0x00,0x00,0x00,0x00,0x00,0x00,0x05,0xff,0xff,0xff,0xa3,0x00,0x00,0x00,
  0x00,0x00,0x00,0x00,0x4c,0xff,0xff,0xfe,0x30,0x00,0x00,0x00,0x00,0x00,0x00,0x00,0x00,0x00,0x1b,0xff,0xff,0xff,0xd7,0x30,
  0x00,0x00,0x00,0x14,0x8e,0xff,0xff,0xff,0x90,0x00,0x00,0x00,0x00,0x00,0x00,0x00,0x00,0x00,0x00,0x00,0x5e,0xff,0xff,0xff,
  0xff,0xdc,0xab,0xcd,0xff,0xff,0xff,0xff,0xd4,0x00,0x00,0x00,0x00,0x00,0x00,0x00,0x00,0x00,0x00,0x00,0x00,0x00,0x6e,0xff,
  0xff,0xff,0xff,0xff,0xff,0xff,0xff,0xff,0xd5,0x00,0x00,0x00,0x00,0x00,0x00,0x00,0x00,0x00,0x00,0x00,0x00,0x00,0x00,0x00,
  0x5a,0xff,0xff,0xff,0xff,0xff,0xff,0xff,0x94,0x00,0x00,0x00,0x00,0x00,0x00,0x00,0x00,0x00,0x00,0x00,0x00,0x00,0x00,0x00,
  0x00,0x00,0x14,0x8b,0xde,0xff,0xed,0xb7,0x40,0x00,0x00,0x00,0x00,0x00,0x00,0x00,0x00,0x00,0x00,0x00,0x00,0x00,0x00,0x00,
  0x00,0x00,0x00,0x00,0x00,0x00,0x00,0x00,0x00,0x00,0x00,0x00,0x00,0x00,0x00,0x00,0x00,0x00,0x00,0x6b,0xbb,0xbb,0xbb,0xbb,
  0xbb,0xbb,0xbb,0xbb,0xbb,0xbb,0xbb,0xbb,0xbb,0xbb,0xbb,0xbb,0xbb,0xbb,0xbb,0x10,0xaf,0xff,0xff,0xff,0xff,0xff,0xff,0xff,
  0xff,0xff,0xff,0xff,0xff,0xff,0xff,0xff,0xff,0xff,0xff,0xff,0x20,0xaf,0xff,0xff,0xff,0xff,0xff,0xff,0xff,0xff,0xff,0xff,
  0xff,0xff,0xff,0xff,0xff,0xff,0xff,0xff,0xff,0x20,0xaf,0xff,0xff,0xff,0xff,0xff,0xff,0xff,0xff,0xff,0xff,0xff,0xff,0xff,
  0xff,0xff,0xff,0xff,0xff,0xff,0x20,0xaf,0xff,0xff,0xff,0xff,0xff,0xff,0xff,0xff,0xff,0xff,0xff,0xff,0xff,0xff,0xff,0xff,
  0xff,0xff,0xff,0x20,0x6b,0xbb,0xbb,0xbb,0xbb,0xbb,0xcf,0xff,0xfe,0xbb,0xbb,0xcf,0xff,0xfe,0xbb,0xbb,0xbb,0xbb,0xbb,0xbb,
  0x10,0x00,0x00,0x00,0x00,0x00,0x00,0x4f,0xff,0xfc,0x00,0x00,0x4f,0xff,0xfc,0x00,0x00,0x00,0x00,0x00,0x00,0x00,0x00,0x00,
  0x00,0x00,0x00,0x00,0x4f,0xff,0xfc,0x00,0x00,0x4f,0xff,0xfc,0x00,0x00,0x00,0x00,0x00,0x00,0x00,0x00,0x00,0x00,0x00,0x00,
  0x00,0x4f,0xff,0xfc,0x00,0x00,0x4f,0xff,0xfc,0x00,0x00,0x00,0x00,0x00,0x00,0x00,0x00,0x00,0x00,0x00,0x00,0x00,0x4f,0xff,
  0xfc,0x00,0x00,0x4f,0xff,0xfc,0x00,0x00,0x00,0x00,0x00,0x00,0x00,0x00,0x00,0x00,0x00,0x00,0x00,0x4f,0xff,0xfc,0x00,0x00,
  0x4f,0xff,0xfc,0x00,0x00,0x00,0x00,0x00,0x00,0x00,0x00,0x00,0x00,0x00,0x00,0x00,0x4f,0xff,0xfc,0x00,0x00,0x4f,0xff,0xfc,
  0x00,0x00,0x00,0x00,0x00,0x00,0x00,0x00,0x00,0x00,0x00,0x00,0x00,0x4f,0xff,0xfc,0x00,0x00,0x4f,0xff,0xfc,0x00,0x00,0x00,
  0x00,0x00,0x00,0x00,0x00,0x00,0x00,0x00,0x00,0x00,0x4f,0xff,0xfc,0x00,0x00,0x4f,0xff,0xfc,0x00,0x00,0x00,0x00,0x00,0x00,
  0x00,0x00,0x00,0x00,0x00,0x00,0x00,0x4f,0xff,0xfc,0x00,0x00,0x4f,0xff,0xfc,0x00,0x00,0x00,0x00,0x00,0x00,0x00,0x00,0x00,
  0x00,0x00,0x00,0x00,0x4f,0xff,0xfc,0x00,0x00,0x4f,0xff,0xfc,0x00,0x00,0x00,0x00,0x00,0x00,0x00,0x00,0x00,0x00,0x00,0x00,
  0x00,0x4f,0xff,0xfc,0x00,0x00,0x4f,0xff,0xfc,0x00,0x00,0x00,0x00,0x00,0x00,0x00,0x00,0x00,0x00,0x00,0x00,0x00,0x4f,0xff,
  0xfc,0x00,0x00,0x4f,0xff,0xfc,0x00,0x00,0x00,0x00,0x00,0x00,0x00,0x00,0x00,0x00,0x00,0x00,0x00,0x4f,0xff,0xfc,0x00,0x00,
  0x4f,0xff,0xfc,0x00,0x00,0x00,0x00,0x00,0x00,0x00,0x00,0x00,0x00,0x00,0x00,0x00,0x4f,0xff,0xfc,0x00,0x00,0x4f,0xff,0xfc,
  0x00,0x00,0x00,0x00,0x00,0x00,0x00,0x00,0x00,0x00,0x00,0x00,0x00,0x4f,0xff,0xfc,0x00,0x00,0x4f,0xff,0xfc,0x00,0x00,0x00,
  0x00,0x00,0x00,0x00,0x00,0x00,0x00,0x00,0x00,0x00,0x4f,0xff,0xfc,0x00,0x00,0x4f,0xff,0xfc,0x00,0x00,0x00,0x00,0x00,0x00,
  0x00,0x00,0x00,0x00,0x00,0x00,0x00,0x4f,0xff,0xfc,0x00,0x00,0x4f,0xff,0xfc,0x00,0x00,0x00,0x00,0x00,0x00,0x00,0x00,0x00,
  0x00,0x00,0x00,0x00,0x4f,0xff,0xfc,0x00,0x00,0x4f,0xff,0xfc,0x00,0x00,0x00,0x00,0x00,0x00,0x00,0x00,0x00,0x00,0x00,0x00,
  0x00,0x4f,0xff,0xfc,0x00,0x00,0x4f,0xff,0xfc,0x00,0x00,0x00,0x00,0x00,0x00,0x00,0x00,0x00,0x00,0x00,0x00,0x00,0x4f,0xff,
  0xfc,0x00,0x00,0x4f,0xff,0xfc,0x00,0x00,0x00,0x00,0x00,0x00,0x00,0x00,0x00,0x00,0x00,0x00,0x00,0x4f,0xff,0xfc,0x00,0x00,
  0x4f,0xff,0xfc,0x00,0x00,0x00,0x00,0x00,0x00,0x00,0x00,0x00,0x00,0x00,0x00,0x00,0x4f,0xff,0xfc,0x00,0x00,0x4f,0xff,0xfc,
  0x00,0x00,0x00,0x00,0x00,0x00,0x00,0x00,0x00,0x00,0x00,0x00,0x00,0x4f,0xff,0xfc,0x00,0x00,0x4f,0xff,0xfc,0x00,0x00,0x00,
  0x00,0x00,0x00,0x00,0x00,0x00,0x00,0x00,0x00,0x00,0x4f,0xff,0xfc,0x00,0x00,0x4f,0xff,0xfc,0x00,0x00,0x00,0x00,0x00,0x00,
  0x00,0x00,0x00,0x00,0x00,0x00,0x00,0x4f,0xff,0xfc,0x00,0x00,0x4f,0xff,0xfc,0x00,0x00,0x00,0x00,0x00,0x00,0x00,0x00,0x00,
  0x00,0x00,0x00,0x00,0x4f,0xff,0xfc,0x00,0x00,0x4f,0xff,0xfc,0x00,0x00,0x00,0x00,0x00,0x00,0x00,0x00,0x00,0x00,0x00,0x00,
  0x00,0x4f,0xff,0xfc,0x00,0x00,0x4f,0xff,0xfc,0x00,0x00,0x00,0x00,0x00,0x00,0x00,0x00,0x00,0x00,0x00,0x00,0x00,0x4f,0xff,
  0xfc,0x00,0x00,0x4f,0xff,0xfc,0x00,0x00,0x00,0x00,0x00,0x00,0x00,0x00,0x00,0x00,0x00,0x00,0x00,0x4f,0xff,0xfc,0x00,0x00,
  0x4f,0xff,0xfc,0x00,0x00,0x00,0x00,0x00,0x00,0x00,0x00,0x00,0x00,0x00,0x00,0x00,0x4f,0xff,0xfc,0x00,0x00,0x4f,0xff,0xfc,
  0x00,0x00,0x00,0x00,0x00,0x00,0x00,0x00,0x00,0x00,0x00,0x00,0x00,0x4f,0xff,0xfc,0x00,0x00,0x4f,0xff,0xfc,0x00,0x00,0x00,
  0x00,0x00,0x00,0x00,0x00,0x00,0x00,0x00,0x00,0x00,0x4f,0xff,0xfc,0x00,0x00,0x4f,0xff,0xfc,0x00,0x00,0x00,0x00,0x00,0x00,
  0x00,0x00,0x00,0x00,0x00,0x00,0x00,0x4f,0xff,0xfc,0x00,0x00,0x4f,0xff,0xfc,0x00,0x00,0x00,0x00,0x00,0x00,0x00,0x00,0x00,
  0x00,0x00,0x00,0x00,0x4f,0xff,0xfc,0x00,0x00,0x4f,0xff,0xfc,0x00,0x00,0x00,0x00,0x00,0x00,0x00,0x00,0x00,0x00,0x00,0x00,
  0x00,0x4f,0xff,0xfc,0x00,0x00,0x4f,0xff,0xfc,0x00,0x00,0x00,0x00,0x00,0x00,0x00,0x3f,0xff,0xff,0xff,0xff,0xff,0xff,0xff,
  0xff,0xff,0xff,0xff,0xff,0xff,0xff,0xff,0xff,0xff,0xff,0xff,0xd0,0x3f,0xff,0xff,0xff,0xff,0xff,0xff,0xff,0xff,0xff,0xff,
  0xff,0xff,0xff,0xff,0xff,0xff,0xff,0xff,0xff,0xd0,0x3f,0xff,0xff,0xff,0xff,0xff,0xff,0xff,0xff,0xff,0xff,0xff,0xff,0xff,
  0xff,0xff,0xff,0xff,0xff,0xff,0xd0,0x3f,0xff,0xff,0xff,0xff,0xff,0xff,0xff,0xff,0xff,0xff,0xff,0xff,0xff,0xff,0xff,0xff,
  0xff,0xff,0xff,0xd0,0x3f,0xff,0xff,0xff,0xff,0xff,0xff,0xff,0xff,0xff,0xff,0xff,0xff,0xff,0xff,0xff,0xff,0xff,0xff,0xff,
  0xd0,0x00,0x00,0x00,0x00,0x00,0x00,0x00,0x00,0x00,0x00,0x00,0x00,0x00,0x00,0x00,0x00,0x00,0x06,0xff,0xff,0xd0,0x00,0x00,
  0x00,0x00,0x00,0x00,0x00,0x00,0x00,0x00,0x00,0x00,0x00,0x00,0x00,0x00,0x00,0x06,0xff,0xff,0xd0,0x00,0x00,0x00,0x00,0x00,
  0x00,0x00,0x00,0x00,0x00,0x00,0x00,0x00,0x00,0x00,0x00,0x00,0x06,0xff,0xff,0xd0,0x00,0x00,0x00,0x00,0x00,0x00,0x00,0x00,
  0x00,0x00,0x00,0x00,0x00,0x00,0x00,0x00,0x00,0x06,0xff,0xff,0xd0,0x00,0x00,0x00,0x00,0x00,0x00,0x00,0x00,0x00,0x00,0x00,
  0x00,0x00,0x00,0x00,0x00,0x00,0x06,0xff,0xff,0xd0,0x00,0x00,0x00,0x00,0x00,0x00,0x00,0x00,0x00,0x00,0x00,0x00,0x00,0x00,
  0x00,0x00,0x00,0x06,0xff,0xff,0xd0,0x00,0x00,0x00,0x00,0x00,0x00,0x00,0x00,0x00,0x00,0x00,0x00,0x00,0x00,0x00,0x00,0x00,
  0x06,0xff,0xff,0xd0,0x00,0x00,0x00,0x00,0x00,0x00,0x00,0x00,0x00,0x00,0x00,0x00,0x00,0x00,0x00,0x00,0x00,0x06,0xff,0xff,
  0xd0,0x00,0x00,0x00,0x00,0x00,0x00,0x00,0x00,0x00,0x00,0x00,0x00,0x00,0x00,0x00,0x00,0x00,0x06,0xff,0xff,0xd0,0x00,0x00,
  0x00,0x00,0x00,0x00,0x00,0x00,0x00,0x00,0x00,0x00,0x00,0x00,0x00,0x00,0x00,0x06,0xff,0xff,0xd0,0x00,0x00,0x00,0x00,0x00,
  0x00,0x00,0x00,0x00,0x00,0x00,0x00,0x00,0x00,0x00,0x00,0x00,0x06,0xff,0xff,0xd0,0x00,0x00,0x00,0x00,0x00,0x00,0x00,0x00,
  0x00,0x00,0x00,0x00,0x00,0x00,0x00,0x00,0x00,0x06,0xff,0xff,0xd0,0x00,0x00,0x00,0x00,0x00,0x00,0x00,0x00,0x00,0x00,0x00,
  0x00,0x00,0x00,0x00,0x00,0x00,0x06,0xff,0xff,0xd0,0x00,0x00,0x00,0x5a,0xdf,0xfd,0x94,0x00,0x00,0x00,0x00,0x00,0x4d,0xff,
  0xff,0xff,0xff,0xc2,0x00,0x00,0x00,0x06,0xff,0xff,0xff,0xff,0xff,0xfe,0x30,0x00,0x00,0x5f,0xff,0xff,0xff,0xff,0xff,0xff,
  0xf2,0x00,0x01,0xff,0xff,0xff,0xff,0xff,0xff,0xff,0xfc,0x00,0x09,0xff,0xff,0xff,0xff,0xff,0xff,0xff,0xff,0x50,0x0e,0xff,
  0xff,0xff,0xff,0xff,0xff,0xff,0xff,0xa0,0x3f,0xff,0xff,0xff,0xff,0xff,0xff,0xff,0xff,0xf0,0x5f,0xff,0xff,0xff,0xff,0xff,
  0xff,0xff,0xff,0xf1,0x6f,0xff,0xff,0xff,0xff,0xff,0xff,0xff,0xff,0xf2,0x5f,0xff,0xff,0xff,0xff,0xff,0xff,0xff,0xff,0xf1,
  0x3f,0xff,0xff,0xff,0xff,0xff,0xff,0xff,0xff,0xf0,0x0e,0xff,0xff,0xff,0xff,0xff,0xff,0xff,0xff,0xa0,0x08,0xff,0xff,0xff,
  0xff,0xff,0xff,0xff,0xff,0x40,0x01,0xff,0xff,0xff,0xff,0xff,0xff,0xff,0xfc,0x00,0x00,0x5f,0xff,0xff,0xff,0xff,0xff,0xff,
  0xe2,0x00,0x00,0x06,0xff,0xff,0xff,0xff,0xff,0xfe,0x30,0x00,0x00,0x00,0x4d,0xff,0xff,0xff,0xff,0xc2,0x00,0x00,0x00,0x00,
  0x00,0x5a,0xef,0xfd,0x94,0x00,0x00,0x00,0x3f,0xff,0xff,0xf3,0x3f,0xff,0xff,0xf3,0x3f,0xff,0xff,0xf3,0x3f,0xff,0xff,0xf3,
  0x3f,0xff,0xff,0xf3,0x3f,0xff,0xff,0xf3,0x00,0x00,0x00,0x00,0x00,0x00,0x00,0x00,0x00,0x00,0x00,0x00,0x00,0x00,0x00,0x00,
  0x00,0x00,0x00,0x00,0x00,0x00,0x00,0x00,0x00,0x00,0x00,0x00,0x00,0x00,0x00,0x00,0x00,0x00,0x00,0x01,0x00,0x00,0x00,0x00,
  0x00,0x00,0x00,0x00,0x00,0x00,0x00,0x00,0x00,0x00,0x00,0x00,0x00,0x00,0x00,0x00,0x00,0x00,0x00,0x03,0x00,0x00,0x00,0x00,
  0x00,0x00,0x00,0x00,0x00,0x00,0x00,0x00,0x00,0x00,0x00,0x00,0x00,0x00,0x00,0x00,0x00,0x00,0x00,0x05,0x00,0x00,0x00,0x00,
  0x00,0x00,0x00,0x00,0x00,0x00,0x00,0x00,0x00,0x00,0x00,0x00,0x00,0x00,0x00,0x00,0x00,0x00,0x00,0x08,0x30,0x00,0x00,0x00,
  0x00,0x00,0x00,0x00,0x00,0x00,0x00,0x00,0x00,0x00,0x00,0x00,0x00,0x00,0x00,0x00,0x00,0x00,0x00,0x0a,0x50,0x00,0x00,0x00,
  0x00,0x00,0x00,0x00,0x00,0x00,0x00,0x00,0x00,0x00,0x00,0x00,0x00,0x00,0x00,0x00,0x00,0x00,0x00,0x0e,0x90,0x00,0x00,0x00,
  0x00,0x00,0x00,0x00,0x00,0x00,0x00,0x00,0x00,0x00,0x00,0x00,0x00,0x00,0x00,0x00,0x00,0x00,0x00,0x2f,0xd0,0x00,0x00,0x00,
  0x00,0x00,0x00,0x00,0x00,0x00,0x00,0x00,0x00,0x00,0x00,0x00,0x00,0x00,0x00,0x00,0x00,0x00,0x00,0x8f,0xf3,0x00,0x00,0x00,
  0x00,0x00,0x00,0x00,0x00,0x00,0x00,0x00,0x00,0x00,0x00,0x00,0x00,0x00,0x00,0x00,0x00,0x00,0x00,0xef,0xf9,0x00,0x00,0x00,
  0x00,0x00,0x00,0x00,0x00,0x00,0x00,0x00,0x00,0x00,0x00,0x00,0x00,0x00,0x00,0x00,0x00,0x00,0x05,0xfd,0xff,0x10,0x00,0x00,
  0x00,0x00,0x00,0x00,0x00,0x00,0x00,0x00,0x00,0x00,0x00,0x00,0x00,0x00,0x00,0x00,0x00,0x00,0x0d,0xf9,0xff,0x80,0x00,0x00,
  0x00,0x00,0x00,0x00,0x00,0x00,0x00,0x00,0x00,0x00,0x00,0x00,0x00,0x00,0x00,0x00,0x00,0x00,0x6f,0xf6,0xbf,0xf2,0x00,0x00,
  0x00,0x00,0x00,0x00,0x00,0x00,0x00,0x00,0x00,0x00,0x00,0x00,0x00,0x00,0x00,0x00,0x00,0x01,0xef,0xf2,0x7f,0xfb,0x00,0x00,
  0x00,0x00,0x00,0x00,0x00,0x00,0x00,0x00,0x00,0x00,0x00,0x00,0x00,0x00,0x00,0x00,0x00,0x0b,0xff,0xd0,0x2f,0xff,0x60,0x00,
  0x00,0x00,0x00,0x00,0x00,0x00,0x00,0x00,0x00,0x00,0x00,0x00,0x00,0x00,0x00,0x00,0x00,0x7f,0xff,0x60,0x0b,0xff,0xf3,0x00,
  0x00,0x00,0x00,0x00,0x00,0x00,0x00,0x00,0x00,0x00,0x00,0x00,0x00,0x00,0x00,0x00,0x05,0xff,0xfd,0x00,0x03,0xff,0xfe,0x20,
  0x00,0x00,0x00,0x00,0x00,0x00,0x00,0x00,0x00,0x00,0x00,0x00,0x00,0x00,0x00,0x00,0x5f,0xff,0xf4,0x00,0x00,0x9f,0xff,0xd1,
  0x00,0x00,0x00,0x00,0x00,0x00,0x00,0x00,0x00,0x00,0x00,0x00,0x00,0x00,0x00,0x06,0xff,0xff,0x80,0x00,0x00,0x0c,0xff,0xfe,
  0x20,0x00,0x00,0x00,0x00,0x00,0x00,0x00,0x00,0x00,0x00,0x00,0x00,0x00,0x00,0x8f,0xff,0xfa,0x00,0x00,0x00,0x01,0xdf,0xff,
  0xe4,0x00,0x00,0x00,0x00,0x00,0x00,0x00,0x00,0x00,0x00,0x00,0x00,0x00,0x2c,0xff,0xff,0x90,0x00,0x00,0x00,0x00,0x1d,0xff,
  0xff,0x80,0x00,0x00,0x00,0x00,0x00,0x00,0x00,0x00,0x00,0x00,0x00,0x07,0xff,0xff,0xf7,0x00,0x00,0x00,0x00,0x00,0x01,0xbf,
  0xff,0xfd,0x40,0x00,0x00,0x00,0x00,0x00,0x00,0x00,0x00,0x00,0x17,0xef,0xff,0xfc,0x30,0x00,0x00,0x00,0x00,0x00,0x00,0x06,
  0xef,0xff,0xfc,0x50,0x00,0x00,0x00,0x00,0x00,0x00,0x01,0x5a,0xff,0xff,0xfa,0x40,0x00,0x00,0x00,0x00,0x00,0x00,0x00,0x00,
  0x06,0xcf,0xff,0xfe,0x94,0x00,0x00,0x00,0x12,0x5a,0xdf,0xff,0xfd,0xa4,0x00,0x00,0x00,0x00,0x00,0x00,0x00,0x00,0x00,0x00,
  0x00,0x01,0x6b,0xef,0xff,0xfc,0x84,0x20,0x00,0x00,0x15,0x9e,0xff,0xff,0xc6,0x10,0x00,0x00,0x00,0x00,0x00,0x00,0x00,0x00,
  0x02,0x8d,0xff,0xff,0xd8,0x40,0x00,0x00,0x00,0x00,0x00,0x00,0x4b,0xff,0xff,0xf8,0x00,0x00,0x00,0x00,0x00,0x00,0x00,0x02,
  0xbf,0xff,0xff,0x93,0x00,0x00,0x00,0x00,0x00,0x00,0x00,0x00,0x00,0x3b,0xff,0xff,0xe3,0x00,0x00,0x00,0x00,0x00,0x00,0x7f,
  0xff,0xff,0x91,0x00,0x00,0x00,0x00,0x00,0x00,0x00,0x00,0x00,0x00,0x00,0x5e,0xff,0xff,0x60,0x00,0x00,0x00,0x00,0x0a,0xff,
  0xff,0xc2,0x00,0x00,0x00,0x00,0x00,0x00,0x00,0x00,0x00,0x00,0x00,0x00,0x01,0xcf,0xff,0xf6,0x00,0x00,0x00,0x00,0xbf,0xff,
  0xf8,0x00,0x00,0x00,0x00,0x00,0x00,0x00,0x00,0x00,0x00,0x00,0x00,0x00,0x00,0x0a,0xff,0xff,0x50,0x00,0x00,0x0a,0xff,0xff,
  0x50,0x00,0x00,0x00,0x00,0x00,0x00,0x00,0x00,0x00,0x00,0x00,0x00,0x00,0x00,0x00,0x8f,0xff,0xf2,0x00,0x00,0x6f,0xff,0xf4,
  0x00,0x00,0x00,0x00,0x00,0x00,0x00,0x00,0x00,0x00,0x00,0x00,0x00,0x00,0x00,0x00,0x09,0xff,0xfb,0x00,0x01,0xff,0xff,0x40,
  0x00,0x00,0x00,0x00,0x00,0x00,0x00,0x00,0x00,0x00,0x00,0x00,0x00,0x00,0x00,0x00,0x00,0xaf,0xff,0x40,0x09,0xff,0xf6,0x00,
  0x00,0x00,0x00,0x00,0x00,0x00,0x00,0x00,0x00,0x00,0x00,0x00,0x00,0x00,0x00,0x00,0x00,0x0d,0xff,0xb0,0x1f,0xff,0x90,0x00,
  0x00,0x00,0x00,0x00,0x00,0x00,0x00,0x00,0x00,0x00,0x00,0x00,0x00,0x00,0x00,0x00,0x00,0x03,0xff,0xf1,0x6f,0xfd,0x00,0x00,
  0x00,0x00,0x00,0x00,0x00,0x00,0x00,0x00,0x00,0x00,0x00,0x00,0x00,0x00,0x00,0x00,0x00,0x00,0x8f,0xf5,0xbf,0xf3,0x00,0x00,
  0x00,0x00,0x00,0x00,0x00,0x00,0x00,0x00,0x00,0x00,0x00,0x00,0x00,0x00,0x00,0x00,0x00,0x00,0x0e,0xf9,0xef,0xa0,0x00,0x00,
  0x00,0x00,0x00,0x00,0x00,0x00,0x00,0x00,0x00,0x00,0x00,0x00,0x00,0x00,0x00,0x00,0x00,0x00,0x07,0xfc,0xff,0x20,0x00,0x00,
  0x00,0x00,0x00,0x00,0x00,0x00,0x00,0x00,0x00,0x00,0x00,0x00,0x00,0x00,0x00,0x00,0x00,0x00,0x00,0xfe,0xfa,0x00,0x00,0x00,
  0x00,0x00,0x00,0x00,0x00,0x00,0x00,0x00,0x00,0x00,0x00,0x00,0x00,0x00,0x00,0x00,0x00,0x00,0x00,0x9f,0xf4,0x00,0x00,0x00,
  0x00,0x00,0x00,0x00,0x00,0x00,0x00,0x00,0x00,0x00,0x00,0x00,0x00,0x00,0x00,0x00,0x00,0x00,0x00,0x4f,0xe0,0x00,0x00,0x00,
  0x00,0x00,0x00,0x00,0x00,0x00,0x00,0x00,0x00,0x00,0x00,0x00,0x00,0x00,0x00,0x00,0x00,0x00,0x00,0x0f,0xa0,0x00,0x00,0x00,
  0x00,0x00,0x00,0x00,0x00,0x00,0x00,0x00,0x00,0x00,0x00,0x00,0x00,0x00,0x00,0x00,0x00,0x00,0x00,0x0b,0x60,0x00,0x00,0x00,
  0x00,0x00,0x00,0x00,0x00,0x00,0x00,0x00,0x00,0x00,0x00,0x00,0x00,0x00,0x00,0x00,0x00,0x00,0x00,0x08,0x30,0x00,0x00,0x00,
  0x00,0x00,0x00,0x00,0x00,0x00,0x00,0x00,0x00,0x00,0x00,0x00,0x00,0x00,0x00,0x00,0x00,0x00,0x00,0x06,0x10,0x00,0x00,0x00,
  0x00,0x00,0x00,0x00,0x00,0x00,0x00,0x00,0x00,0x00,0x00,0x00,0x00,0x00,0x00,0x00,0x00,0x00,0x00,0x03,0x00,0x00,0x00,0x00,
  0x00,0x00,0x00,0x00,0x00,0x00,0x00,0x00,0x00,0x00,0x00,0x00,0x00,0x00,0x00,0x00,0x00,0x00,0x00,0x02,0x00,0x00,0x00,0x00,
  0x00,0x00,0x00,0x00,0x00,0x00,0x00,0x00,0x00,0x00,0x00,0x00,0x00,0x00,0x00,0x00,0x00,0x00,0x00,0x00,0x00,0x00,0x00,0x00,
  0x00,0x00,0x00,0x00,0x00,0x00,0x00,0x00,0x00,0x00,0x00,0x00,0x00,0x00,0x00,0x00,0x00,0x00,0x00,0x00,0x00,0x00,0x00,0x00,
  0x00,0x00,0x00,0x00,0x00,0x00,0x00,0x00,0x00,0x00,0x00,0x00,0x00,0x00,0x00,0x00,0x00,0x00,0x00,0x00,0x00,0x70,0x00,0x00,
  0x00,0x00,0x00,0x00,0x00,0x00,0x00,0x00,0x00,0x00,0x00,0x00,0x00,0x00,0x00,0x00,0x00,0x00,0x00,0x00,0x00,0x00,0xe4,0x00,
  0x00,0x00,0x00,0x00,0x00,0x00,0x00,0x00,0x00,0x00,0x00,0x00,0x00,0x00,0x00,0x00,0x00,0x00,0x00,0x00,0x00,0x00,0x03,0xf9,
  0x00,0x00,0x00,0x00,0x00,0x00,0x00,0x00,0x00,0x00,0x00,0x00,0x00,0x00,0x00,0x00,0x00,0x00,0x00,0x00,0x00,0x00,0x00,0x08,
  0xfe,0x00,0x00,0x00,0x00,0x00,0x00,0x00,0x00,0x00,0x00,0x00,0x00,0x00,0x00,0x00,0x00,0x00,0x00,0x00,0x00,0x00,0x00,0x00,
  0x0d,0xff,0x40,0x00,0x00,0x00,0x00,0x00,0x00,0x00,0x00,0x00,0x00,0x00,0x00,0x00,0x00,0x00,0x00,0x00,0x00,0x00,0x00,0x00,
  0x00,0x3f,0xdf,0x90,0x00,0x00,0x00,0x00,0x00,0x00,0x00,0x00,0x00,0x00,0x00,0x00,0x00,0x00,0x00,0x00,0x00,0x00,0x00,0x00,
  0x00,0x00,0x8f,0x5e,0xe0,0x00,0x00,0x00,0x00,0x00,0x00,0x00,0x00,0x00,0x00,0x00,0x00,0x00,0x00,0x00,0x00,0x00,0x00,0x00,
  0x00,0x00,0x00,0xdf,0x09,0xf3,0x00,0x00,0x00,0x00,0x00,0x00,0x00,0x00,0x00,0x00,0x00,0x00,0x00,0x00,0x00,0x00,0x00,0x00,
  0x00,0x00,0x00,0x02,0xfa,0x04,0xf9,0x00,0x00,0x00,0x00,0x00,0x00,0x00,0x00,0x00,0x00,0x00,0x00,0x00,0x00,0x00,0x00,0x00,
  0x00,0x00,0x00,0x00,0x08,0xf5,0x00,0xee,0x00,0x00,0x00,0x00,0x00,0x00,0x00,0x00,0x00,0x00,0x00,0x00,0x00,0x00,0x00,0x00,
  0x00,0x00,0x00,0x00,0x00,0x0d,0xf0,0x00,0x9f,0x30,0x00,0x00,0x00,0x00,0x00,0x00,0x00,0x00,0x00,0x00,0x00,0x00,0x00,0x00,
  0x00,0x00,0x00,0x00,0x00,0x00,0x2f,0xb0,0x00,0x4f,0x80,0x00,0x00,0x00,0x00,0x00,0x00,0x00,0x00,0x00,0x00,0x00,0x00,0x00,
  0x00,0x00,0x00,0x00,0x00,0x00,0x00,0x7f,0x50,0x00,0x0e,0xe0,0x00,0x00,0x00,0x00,0x00,0x00,0x00,0x00,0x00,0x00,0x00,0x00,
  0x00,0x00,0x00,0x00,0x00,0x00,0x00,0x00,0xdf,0x10,0x00,0x09,0xf3,0x00,0x00,0x00,0x00,0x00,0x00,0x00,0x00,0x00,0x00,0x00,
  0x00,0x00,0x00,0x00,0x00,0x00,0x00,0x00,0x02,0xfb,0x00,0x00,0x04,0xf8,0x00,0x00,0x00,0x00,0x00,0x00,0x00,0x00,0x00,0x00,
  0x00,0x00,0x00,0x00,0x00,0x00,0x00,0x00,0x00,0x07,0xf6,0x00,0x00,0x00,0xed,0x00,0x00,0x00,0x00,0x00,0x00,0x00,0x00,0x00,
  0x00,0x00,0x00,0x00,0x00,0x00,0x00,0x00,0x00,0x00,0x0c,0xf1,0x00,0x00,0x00,0xaf,0x30,0x00,0x00,0x00,0x00,0x00,0x00,0x00,
  0x00,0x00,0x48,0x88,0x88,0x88,0x88,0x88,0x88,0x88,0x88,0x8f,0xc0,0x00,0x00,0x00,0x4f,0xb8,0x88,0x88,0x88,0x88,0x88,0x88,
  0x88,0x88,0x60,0x07,0xff,0xff,0xff,0xff,0xff,0xff,0xff,0xff,0xff,0x60,0x00,0x00,0x00,0x0f,0xff,0xff,0xff,0xff,0xff,0xff,
  0xff,0xff,0xfb,0x10,0x00,0x3e,0xfa,0x11,0x11,0x11,0x11,0x11,0x11,0x11,0x00,0x00,0x00,0x00,0x00,0x11,0x11,0x11,0x11,0x11,
  0x11,0x15,0xff,0x70,0x00,0x00,0x01,0xaf,0xd2,0x00,0x00,0x00,0x00,0x00,0x00,0x00,0x00,0x00,0x00,0x00,0x00,0x00,0x00,0x00,
  0x00,0x00,0x9f,0xe3,0x00,0x00,0x00,0x00,0x06,0xff,0x70,0x00,0x00,0x00,0x00,0x00,0x00,0x00,0x00,0x00,0x00,0x00,0x00,0x00,
  0x00,0x00,0x3d,0xfa,0x10,0x00,0x00,0x00,0x00,0x00,0x2d,0xfb,0x10,0x00,0x00,0x00,0x00,0x00,0x00,0x00,0x00,0x00,0x00,0x00,
  0x00,0x00,0x07,0xff,0x60,0x00,0x00,0x00,0x00,0x00,0x00,0x00,0x9f,0xe5,0x00,0x00,0x00,0x00,0x00,0x00,0x00,0x00,0x00,0x00,
  0x00,0x00,0x02,0xcf,0xd2,0x00,0x00,0x00,0x00,0x00,0x00,0x00,0x00,0x05,0xef,0x90,0x00,0x00,0x00,0x00,0x00,0x00,0x00,0x00,
  0x00,0x00,0x00,0x6f,0xf9,0x00,0x00,0x00,0x00,0x00,0x00,0x00,0x00,0x00,0x00,0x1c,0xfd,0x30,0x00,0x00,0x00,0x00,0x00,0x00,
  0x00,0x00,0x00,0x1a,0xfe,0x50,0x00,0x00,0x00,0x00,0x00,0x00,0x00,0x00,0x00,0x00,0x00,0x8f,0xf7,0x00,0x00,0x00,0x00,0x00,
  0x00,0x00,0x00,0x04,0xef,0xc1,0x00,0x00,0x00,0x00,0x00,0x00,0x00,0x00,0x00,0x00,0x00,0x00,0x03,0xef,0xc1,0x00,0x00,0x00,
  0x00,0x00,0x00,0x00,0x9f,0xf8,0x00,0x00,0x00,0x00,0x00,0x00,0x00,0x00,0x00,0x00,0x00,0x00,0x00,0x00,0x1e,0xf3,0x00,0x00,
  0x00,0x00,0x00,0x00,0x00,0xdf,0x50,0x00,0x00,0x00,0x00,0x00,0x00,0x00,0x00,0x00,0x00,0x00,0x00,0x00,0x00,0x0f,0xe0,0x00,
  0x00,0x00,0x00,0x00,0x00,0x00,0x7f,0x60,0x00,0x00,0x00,0x00,0x00,0x00,0x00,0x00,0x00,0x00,0x00,0x00,0x00,0x00,0x5f,0x80,
  0x00,0x00,0x00,0x00,0x00,0x00,0x00,0x2f,0xb0,0x00,0x00,0x00,0x00,0x00,0x00,0x00,0x00,0x00,0x00,0x00,0x00,0x00,0x00,0xbf,
  0x30,0x00,0x00,0x00,0x00,0x00,0x00,0x00,0x0d,0xf1,0x00,0x00,0x00,0x00,0x00,0x00,0x00,0x00,0x00,0x00,0x00,0x00,0x00,0x00,
  0xfe,0x00,0x00,0x00,0x00,0x00,0x00,0x00,0x00,0x07,0xf6,0x00,0x00,0x00,0x00,0x00,0x00,0x00,0x00,0x00,0x00,0x00,0x00,0x00,
  0x05,0xf9,0x00,0x00,0x00,0x02,0xb5,0x00,0x00,0x00,0x02,0xfb,0x00,0x00,0x00,0x00,0x00,0x00,0x00,0x00,0x00,0x00,0x00,0x00,
  0x00,0x0a,0xf4,0x00,0x00,0x00,0x5f,0xff,0x90,0x00,0x00,0x00,0xcf,0x10,0x00,0x00,0x00,0x00,0x00,0x00,0x00,0x00,0x00,0x00,
  0x00,0x00,0x0f,0xe0,0x00,0x00,0x0a,0xff,0x7d,0xfd,0x20,0x00,0x00,0x7f,0x60,0x00,0x00,0x00,0x00,0x00,0x00,0x00,0x00,0x00,
  0x00,0x00,0x00,0x5f,0x90,0x00,0x03,0xdf,0xd2,0x00,0x9f,0xf6,0x00,0x00,0x2f,0xb0,0x00,0x00,0x00,0x00,0x00,0x00,0x00,0x00,
  0x00,0x00,0x00,0x00,0xaf,0x40,0x00,0x7f,0xf9,0x00,0x00,0x05,0xef,0xa0,0x00,0x0c,0xf0,0x00,0x00,0x00,0x00,0x00,0x00,0x00,
  0x00,0x00,0x00,0x00,0x00,0xff,0x00,0x1c,0xfe,0x50,0x00,0x00,0x00,0x1b,0xfd,0x30,0x07,0xf5,0x00,0x00,0x00,0x00,0x00,0x00,
  0x00,0x00,0x00,0x00,0x00,0x04,0xfa,0x05,0xef,0xc1,0x00,0x00,0x00,0x00,0x00,0x7f,0xf7,0x01,0xfa,0x00,0x00,0x00,0x00,0x00,
  0x00,0x00,0x00,0x00,0x00,0x00,0x09,0xf6,0x9f,0xf7,0x00,0x00,0x00,0x00,0x00,0x00,0x03,0xdf,0xb1,0xcf,0x00,0x00,0x00,0x00,
  0x00,0x00,0x00,0x00,0x00,0x00,0x00,0x0e,0xfe,0xfd,0x30,0x00,0x00,0x00,0x00,0x00,0x00,0x00,0x0a,0xfe,0xbf,0x50,0x00,0x00,
  0x00,0x00,0x00,0x00,0x00,0x00,0x00,0x00,0x4f,0xff,0xa0,0x00,0x00,0x00,0x00,0x00,0x00,0x00,0x00,0x00,0x6f,0xff,0xa0,0x00,
  0x00,0x00,0x00,0x00,0x00,0x00,0x00,0x00,0x00,0x9f,0xf6,0x00,0x00,0x00,0x00,0x00,0x00,0x00,0x00,0x00,0x00,0x02,0xcf,0xf0,
  0x00,0x00,0x00,0x00,0x00,0x00,0x00,0x00,0x00,0x00,0xec,0x20,0x00,0x00,0x00,0x00,0x00,0x00,0x00,0x00,0x00,0x00,0x00,0x08,
  0xf5,0x00,0x00,0x00,0x00,0x00,0x00,0x00,0x00,0x00,0x03,0x80,0x00,0x00,0x00,0x00,0x00,0x00,0x00,0x00,0x00,0x00,0x00,0x00,
  0x00,0x48,0x00,0x00,0x00,0x00,0x00,0x00,0x00,0x00,0x00,0x00,0x00,0x00,0x00,0x00,0x00,0x00,0x00,0x00,0x00,0x00,0x00,0x00,
  0x00,0x00,0x00,0x00,0x00,0x00,0x00,0x00,0x00,0x00,0x00,0x00,0x00,0x00,0x00,0x00,0x00,0x00,0x00,0x00,0x00,0x00,0x00,0x00,
  0x00,0x00,0x00,0x00,0x00,0x00,0x00,0x00,0x00,0x00,0x00,0x00,0x00,0x00,0x00,0x00,0x00,0x00,0x00,0x00,0x00,0x70,0x00,0x00,
  0x00,0x00,0x00,0x00,0x00,0x00,0x00,0x00,0x00,0x00,0x00,0x00,0x00,0x00,0x00,0x00,0x00,0x00,0x00,0x00,0x00,0x00,0xe4,0x00,
  0x00,0x00,0x00,0x00,0x00,0x00,0x00,0x00,0x00,0x00,0x00,0x00,0x00,0x00,0x00,0x00,0x00,0x00,0x00,0x00,0x00,0x00,0x03,0xf9,
  0x00,0x00,0x00,0x00,0x00,0x00,0x00,0x00,0x00,0x00,0x00,0x00,0x00,0x00,0x00,0x00,0x00,0x00,0x00,0x00,0x00,0x00,0x00,0x08,
  0xfe,0x00,0x00,0x00,0x00,0x00,0x00,0x00,0x00,0x00,0x00,0x00,0x00,0x00,0x00,0x00,0x00,0x00,0x00,0x00,0x00,0x00,0x00,0x00,
  0x0d,0xff,0x40,0x00,0x00,0x00,0x00,0x00,0x00,0x00,0x00,0x00,0x00,0x00,0x00,0x00,0x00,0x00,0x00,0x00,0x00,0x00,0x00,0x00,
  0x00,0x3f,0xff,0x90,0x00,0x00,0x00,0x00,0x00,0x00,0x00,0x00,0x00,0x00,0x00,0x00,0x00,0x00,0x00,0x00,0x00,0x00,0x00,0x00,
  0x00,0x00,0x8f,0xff,0xe0,0x00,0x00,0x00,0x00,0x00,0x00,0x00,0x00,0x00,0x00,0x00,0x00,0x00,0x00,0x00,0x00,0x00,0x00,0x00,
  0x00,0x00,0x00,0xdf,0xff,0xf3,0x00,0x00,0x00,0x00,0x00,0x00,0x00,0x00,0x00,0x00,0x00,0x00,0x00,0x00,0x00,0x00,0x00,0x00,
  0x00,0x00,0x00,0x02,0xff,0xff,0xf9,0x00,0x00,0x00,0x00,0x00,0x00,0x00,0x00,0x00,0x00,0x00,0x00,0x00,0x00,0x00,0x00,0x00,
  0x00,0x00,0x00,0x00,0x08,0xff,0xff,0xfe,0x00,0x00,0x00,0x00,0x00,0x00,0x00,0x00,0x00,0x00,0x00,0x00,0x00,0x00,0x00,0x00,
  0x00,0x00,0x00,0x00,0x00,0x0d,0xff,0xff,0xff,0x30,0x00,0x00,0x00,0x00,0x00,0x00,0x00,0x00,0x00,0x00,0x00,0x00,0x00,0x00,
  0x00,0x00,0x00,0x00,0x00,0x00,0x2f,0xff,0xff,0xff,0x80,0x00,0x00,0x00,0x00,0x00,0x00,0x00,0x00,0x00,0x00,0x00,0x00,0x00,
  0x00,0x00,0x00,0x00,0x00,0x00,0x00,0x7f,0xff,0xff,0xff,0xe0,0x00,0x00,0x00,0x00,0x00,0x00,0x00,0x00,0x00,0x00,0x00,0x00,
  0x00,0x00,0x00,0x00,0x00,0x00,0x00,0x00,0xdf,0xff,0xff,0xff,0xf3,0x00,0x00,0x00,0x00,0x00,0x00,0x00,0x00,0x00,0x00,0x00,
  0x00,0x00,0x00,0x00,0x00,0x00,0x00,0x00,0x02,0xff,0xff,0xff,0xff,0xf8,0x00,0x00,0x00,0x00,0x00,0x00,0x00,0x00,0x00,0x00,
  0x00,0x00,0x00,0x00,0x00,0x00,0x00,0x00,0x00,0x07,0xff,0xff,0xff,0xff,0xfd,0x00,0x00,0x00,0x00,0x00,0x00,0x00,0x00,0x00,
  0x00,0x00,0x00,0x00,0x00,0x00,0x00,0x00,0x00,0x00,0x0c,0xff,0xff,0xff,0xff,0xff,0x30,0x00,0x00,0x00,0x00,0x00,0x00,0x00,
  0x00,0x00,0x48,0x88,0x88,0x88,0x88,0x88,0x88,0x88,0x88,0x8f,0xff,0xff,0xff,0xff,0xff,0xb8,0x88,0x88,0x88,0x88,0x88,0x88,
  0x88,0x88,0x60,0x07,0xff,0xff,0xff,0xff,0xff,0xff,0xff,0xff,0xff,0xff,0xff,0xff,0xff,0xff,0xff,0xff,0xff,0xff,0xff,0xff,
  0xff,0xff,0xfb,0x10,0x00,0x3e,0xff,0xff,0xff,0xff,0xff,0xff,0xff,0xff,0xff,0xff,0xff,0xff,0xff,0xff,0xff,0xff,0xff,0xff,
  0xff,0xff,0xff,0x70,0x00,0x00,0x01,0xaf,0xff,0xff,0xff,0xff,0xff,0xff,0xff,0xff,0xff,0xff,0xff,0xff,0xff,0xff,0xff,0xff,
  0xff,0xff,0xff,0xe3,0x00,0x00,0x00,0x00,0x06,0xff,0xff,0xff,0xff,0xff,0xff,0xff,0xff,0xff,0xff,0xff,0xff,0xff,0xff,0xff,
  0xff,0xff,0xff,0xfa,0x10,0x00,0x00,0x00,0x00,0x00,0x2d,0xff,0xff,0xff,0xff,0xff,0xff,0xff,0xff,0xff,0xff,0xff,0xff,0xff,
  0xff,0xff,0xff,0xff,0x60,0x00,0x00,0x00,0x00,0x00,0x00,0x00,0x9f,0xff,0xff,0xff,0xff,0xff,0xff,0xff,0xff,0xff,0xff,0xff,
  0xff,0xff,0xff,0xff,0xd2,0x00,0x00,0x00,0x00,0x00,0x00,0x00,0x00,0x05,0xef,0xff,0xff,0xff,0xff,0xff,0xff,0xff,0xff,0xff,
  0xff,0xff,0xff,0xff,0xf9,0x00,0x00,0x00,0x00,0x00,0x00,0x00,0x00,0x00,0x00,0x1c,0xff,0xff,0xff,0xff,0xff,0xff,0xff,0xff,
  0xff,0xff,0xff,0xff,0xfe,0x50,0x00,0x00,0x00,0x00,0x00,0x00,0x00,0x00,0x00,0x00,0x00,0x8f,0xff,0xff,0xff,0xff,0xff,0xff,
  0xff,0xff,0xff,0xff,0xff,0xc1,0x00,0x00,0x00,0x00,0x00,0x00,0x00,0x00,0x00,0x00,0x00,0x00,0x03,0xef,0xff,0xff,0xff,0xff,
  0xff,0xff,0xff,0xff,0xff,0xf8,0x00,0x00,0x00,0x00,0x00,0x00,0x00,0x00,0x00,0x00,0x00,0x00,0x00,0x00,0x1e,0xff,0xff,0xff,
  0xff,0xff,0xff,0xff,0xff,0xff,0x50,0x00,0x00,0x00,0x00,0x00,0x00,0x00,0x00,0x00,0x00,0x00,0x00,0x00,0x00,0x0f,0xff,0xff,
  0xff,0xff,0xff,0xff,0xff,0xff,0xff,0x60,0x00,0x00,0x00,0x00,0x00,0x00,0x00,0x00,0x00,0x00,0x00,0x00,0x00,0x00,0x5f,0xff,
  0xff,0xff,0xff,0xff,0xff,0xff,0xff,0xff,0xb0,0x00,0x00,0x00,0x00,0x00,0x00,0x00,0x00,0x00,0x00,0x00,0x00,0x00,0x00,0xbf,
  0xff,0xff,0xff,0xff,0xff,0xff,0xff,0xff,0xff,0xf1,0x00,0x00,0x00,0x00,0x00,0x00,0x00,0x00,0x00,0x00,0x00,0x00,0x00,0x00,
  0xff,0xff,0xff,0xff,0xff,0xff,0xff,0xff,0xff,0xff,0xf6,0x00,0x00,0x00,0x00,0x00,0x00,0x00,0x00,0x00,0x00,0x00,0x00,0x00,
  0x05,0xff,0xff,0xff,0xff,0xff,0xff,0xff,0xff,0xff,0xff,0xfb,0x00,0x00,0x00,0x00,0x00,0x00,0x00,0x00,0x00,0x00,0x00,0x00,
  0x00,0x0a,0xff,0xff,0xff,0xff,0xff,0xff,0xff,0xff,0xff,0xff,0xff,0x10,0x00,0x00,0x00,0x00,0x00,0x00,0x00,0x00,0x00,0x00,
  0x00,0x00,0x0f,0xff,0xff,0xff,0xff,0xff,0x7d,0xff,0xff,0xff,0xff,0xff,0x60,0x00,0x00,0x00,0x00,0x00,0x00,0x00,0x00,0x00,
  0x00,0x00,0x00,0x5f,0xff,0xff,0xff,0xff,0xd2,0x00,0x9f,0xff,0xff,0xff,0xff,0xb0,0x00,0x00,0x00,0x00,0x00,0x00,0x00,0x00,
  0x00,0x00,0x00,0x00,0xaf,0xff,0xff,0xff,0xf9,0x00,0x00,0x05,0xef,0xff,0xff,0xff,0xf0,0x00,0x00,0x00,0x00,0x00,0x00,0x00,
  0x00,0x00,0x00,0x00,0x00,0xff,0xff,0xff,0xfe,0x50,0x00,0x00,0x00,0x1b,0xff,0xff,0xff,0xf5,0x00,0x00,0x00,0x00,0x00,0x00,
  0x00,0x00,0x00,0x00,0x00,0x04,0xff,0xff,0xff,0xc1,0x00,0x00,0x00,0x00,0x00,0x7f,0xff,0xff,0xfa,0x00,0x00,0x00,0x00,0x00,
  0x00,0x00,0x00,0x00,0x00,0x00,0x09,0xff,0xff,0xf7,0x00,0x00,0x00,0x00,0x00,0x00,0x03,0xdf,0xff,0xff,0x00,0x00,0x00,0x00,
  0x00,0x00,0x00,0x00,0x00,0x00,0x00,0x0e,0xff,0xfd,0x30,0x00,0x00,0x00,0x00,0x00,0x00,0x00,0x0a,0xff,0xff,0x50,0x00,0x00,
  0x00,0x00,0x00,0x00,0x00,0x00,0x00,0x00,0x4f,0xff,0xa0,0x00,0x00,0x00,0x00,0x00,0x00,0x00,0x00,0x00,0x6f,0xff,0xa0,0x00,
  0x00,0x00,0x00,0x00,0x00,0x00,0x00,0x00,0x00,0x9f,0xf6,0x00,0x00,0x00,0x00,0x00,0x00,0x00,0x00,0x00,0x00,0x02,0xcf,0xf0,
  0x00,0x00,0x00,0x00,0x00,0x00,0x00,0x00,0x00,0x00,0xec,0x20,0x00,0x00,0x00,0x00,0x00,0x00,0x00,0x00,0x00,0x00,0x00,0x08,
  0xf5,0x00,0x00,0x00,0x00,0x00,0x00,0x00,0x00,0x00,0x03,0x80,0x00,0x00,0x00,0x00,0x00,0x00,0x00,0x00,0x00,0x00,0x00,0x00,
  0x00,0x48,0x00,0x00,0x00,0x00,0x00,0x00,0x00,0x00,0x00,0x00,0x00,0x00,0x00,0x00,0x00,0x00,0x00,0x00,0x00,0x00,0x00,0x00,
  0x00,0x00,0x00,0x00,0x00,0x00,0x00,0x00,0x00,0x00,0x00,0x00,0x00,0x00,0x04,0xaa,0x70,0x00,0x00,0x00,0x00,0x00,0x00,0x00,
  0x00,0x00,0x00,0x00,0x00,0x00,0x08,0xff,0xb0,0x00,0x00,0x00,0x00,0x00,0x00,0x00,0x00,0x00,0x00,0x00,0x00,0x00,0x08,0xff,
  0xf5,0x00,0x00,0x00,0x00,0x00,0x00,0x00,0x00,0x00,0x00,0x00,0x00,0x00,0x08,0xff,0xff,0x91,0x00,0x00,0x00,0x00,0x00,0x00,
  0x00,0x00,0x00,0x00,0x00,0x00,0x08,0xff,0xff,0xff,0x82,0x00,0x00,0x00,0x00,0x00,0x00,0x00,0x00,0x00,0x00,0x00,0x08,0xff,
  0xff,0xff,0xff,0xb6,0x10,0x00,0x00,0x00,0x00,0x00,0x00,0x00,0x00,0x00,0x08,0xff,0xff,0xff,0xff,0xff,0xfa,0x30,0x00,0x00,
  0x00,0x00,0x00,0x00,0x00,0x00,0x08,0xff,0xff,0xff,0xff,0xff,0xff,0xf9,0x00,0x00,0x00,0x00,0x00,0x00,0x00,0x00,0x08,0xff,
  0xb6,0xef,0xff,0xff,0xff,0xff,0xd1,0x00,0x00,0x00,0x00,0x00,0x00,0x00,0x08,0xff,0xb0,0x18,0xff,0xff,0xff,0xff,0xfb,0x00,
  0x00,0x00,0x00,0x00,0x00,0x00,0x08,0xff,0xb0,0x00,0x05,0xaf,0xff,0xff,0xff,0x30,0x00,0x00,0x00,0x00,0x00,0x00,0x08,0xff,
  0xb0,0x00,0x00,0x01,0x8f,0xff,0xff,0x60,0x00,0x00,0x00,0x00,0x00,0x00,0x08,0xff,0xb0,0x00,0x00,0x00,0x01,0xbf,0xff,0x60,
  0x00,0x00,0x00,0x00,0x00,0x00,0x08,0xff,0xb0,0x00,0x00,0x00,0x00,0x0c,0xff,0x40,0x00,0x00,0x00,0x00,0x00,0x00,0x08,0xff,
  0xb0,0x00,0x00,0x00,0x00,0x08,0xff,0x10,0x00,0x00,0x00,0x00,0x00,0x00,0x08,0xff,0xb0,0x00,0x00,0x00,0x00,0x0a,0xfb,0x00,
  0x00,0x00,0x00,0x00,0x00,0x00,0x08,0xff,0xb0,0x00,0x00,0x00,0x00,0x0e,0xf4,0x00,0x00,0x00,0x00,0x00,0x00,0x00,0x08,0xff,
  0xb0,0x00,0x00,0x00,0x00,0x7f,0x90,0x00,0x00,0x00,0x00,0x00,0x00,0x00,0x08,0xff,0xb0,0x00,0x00,0x00,0x02,0xfa,0x00,0x00,
  0x00,0x00,0x00,0x00,0x00,0x00,0x08,0xff,0xb0,0x00,0x00,0x00,0x00,0x40,0x00,0x00,0x00,0x00,0x00,0x00,0x00,0x00,0x08,0xff,
  0xb0,0x00,0x00,0x00,0x00,0x00,0x00,0x00,0x00,0x00,0x00,0x00,0x00,0x00,0x08,0xff,0xb0,0x00,0x00,0x00,0x00,0x00,0x00,0x00,
  0x00,0x00,0x00,0x00,0x00,0x00,0x08,0xff,0xb0,0x00,0x00,0x00,0x00,0x00,0x00,0x00,0x00,0x00,0x00,0x00,0x00,0x00,0x08,0xff,
  0xb0,0x00,0x00,0x00,0x00,0x00,0x00,0x00,0x00,0x00,0x00,0x00,0x00,0x00,0x08,0xff,0xb0,0x00,0x00,0x00,0x00,0x00,0x00,0x00,
  0x00,0x00,0x00,0x00,0x00,0x00,0x08,0xff,0xb0,0x00,0x00,0x00,0x00,0x00,0x00,0x00,0x00,0x00,0x00,0x00,0x00,0x00,0x08,0xff,
  0xb0,0x00,0x00,0x00,0x00,0x00,0x00,0x00,0x00,0x00,0x00,0x00,0x00,0x00,0x08,0xff,0xb0,0x00,0x00,0x00,0x00,0x00,0x00,0x00,
  0x00,0x00,0x00,0x00,0x00,0x00,0x08,0xff,0xb0,0x00,0x00,0x00,0x00,0x00,0x00,0x00,0x00,0x00,0x00,0x00,0x00,0x00,0x08,0xff,
  0xb0,0x00,0x00,0x00,0x00,0x00,0x00,0x00,0x00,0x00,0x00,0x00,0x00,0x00,0x08,0xff,0xb0,0x00,0x00,0x00,0x00,0x00,0x00,0x00,
  0x00,0x00,0x00,0x00,0x00,0x00,0x08,0xff,0xb0,0x00,0x00,0x00,0x00,0x00,0x00,0x00,0x00,0x00,0x00,0x00,0x00,0x00,0x08,0xff,
  0xb0,0x00,0x00,0x00,0x00,0x00,0x00,0x00,0x00,0x00,0x00,0x00,0x00,0x00,0x08,0xff,0xb0,0x00,0x00,0x00,0x00,0x00,0x00,0x00,
  0x00,0x00,0x00,0x00,0x00,0x00,0x08,0xff,0xb0,0x00,0x00,0x00,0x00,0x00,0x00,0x00,0x00,0x00,0x00,0x00,0x00,0x00,0x08,0xff,
  0xb0,0x00,0x00,0x00,0x00,0x00,0x00,0x00,0x00,0x00,0x00,0x00,0x00,0x00,0x08,0xff,0xb0,0x00,0x00,0x00,0x00,0x00,0x00,0x00,
  0x00,0x00,0x48,0xab,0xa8,0x40,0x08,0xff,0xb0,0x00,0x00,0x00,0x00,0x00,0x00,0x00,0x00,0x7e,0xff,0xff,0xff,0xfd,0x58,0xff,
  0xb0,0x00,0x00,0x00,0x00,0x00,0x00,0x00,0x0a,0xff,0xff,0xff,0xff,0xff,0xff,0xff,0xb0,0x00,0x00,0x00,0x00,0x00,0x00,0x00,
  0x4f,0xff,0xff,0xff,0xff,0xff,0xff,0xff,0xb0,0x00,0x00,0x00,0x00,0x00,0x00,0x00,0x9f,0xff,0xff,0xff,0xff,0xff,0xff,0xff,
  0xa0,0x00,0x00,0x00,0x00,0x00,0x00,0x00,0x9f,0xff,0xff,0xff,0xff,0xff,0xff,0xff,0x80,0x00,0x00,0x00,0x00,0x00,0x00,0x00,
  0x6f,0xff,0xff,0xff,0xff,0xff,0xff,0xff,0x20,0x00,0x00,0x00,0x00,0x00,0x00,0x00,0x1f,0xff,0xff,0xff,0xff,0xff,0xff,0xf7,
  0x00,0x00,0x00,0x00,0x00,0x00,0x00,0x00,0x04,0xff,0xff,0xff,0xff,0xff,0xff,0x60,0x00,0x00,0x00,0x00,0x00,0x00,0x00,0x00,
  0x00,0x29,0xef,0xff,0xff,0xfd,0x71,0x00,0x00,0x00,0x00,0x00,0x00,0x00,0x00,0x00,0x00,0x00,0x02,0x34,0x54,0x10,0x00,0x00,
  0x00,0x00,0x00,0x00,0x00,0x00,0x00,0x00,0x00,0x00,0x00,0x00,0x13,0x43,0x00,0x00,0x00,0x00,0x00,0x00,0x00,0x00,0x00,0x00,
  0x00,0x00,0x00,0x00,0x00,0x01,0x8d,0xff,0xff,0xfb,0x50,0x00,0x00,0x00,0x00,0x00,0x00,0x00,0x00,0x00,0x00,0x00,0x00,0x00,
  0x7f,0xff,0xff,0xff,0xff,0xfe,0x70,0x00,0x00,0x00,0x00,0x00,0x00,0x00,0x0d,0xdd,0xd4,0x00,0x0a,0xff,0xff,0xff,0xff,0xff,
  0xff,0xfe,0x60,0x00,0x00,0x00,0x00,0x00,0x00,0x5f,0xff,0xf2,0x00,0xaf,0xff,0xff,0xff,0xff,0xff,0xff,0xff,0xfd,0x50,0x00,
  0x00,0x00,0x00,0x01,0xdf,0xff,0xd0,0x07,0xff,0xff,0xfb,0x52,0x12,0x8e,0xff,0xff,0xff,0xfc,0x40,0x00,0x00,0x00,0x2c,0xff,
  0xff,0x60,0x1f,0xff,0xff,0x60,0x00,0x00,0x00,0x7e,0xff,0xff,0xff,0xfc,0x51,0x01,0x49,0xff,0xff,0xfa,0x00,0x7f,0xff,0xf7,
  0x00,0x00,0x00,0x00,0x00,0x8f,0xff,0xff,0xff,0xff,0xff,0xff,0xff,0xff,0xb0,0x00,0xcf,0xff,0xd0,0x00,0x00,0x00,0x00,0x00,
  0x01,0x9f,0xff,0xff,0xff,0xff,0xff,0xff,0xfa,0x00,0x00,0xef,0xff,0x70,0x00,0x00,0x00,0x00,0x00,0x00,0x02,0x9f,0xff,0xff,
  0xff,0xff,0xfe,0x50,0x00,0x00,0x23,0x33,0x10,0x00,0x00,0x00,0x00,0x00,0x00,0x00,0x00,0x6b,0xff,0xff,0xfc,0x60,0x00,0x00,
  0x00,0x00,0x00,0x00,0x00,0x00,0x00,0x00,0x00,0x00,0x00,0x00,0x00,0x02,0x32,0x00,0x00,0x00,0x00,0x00,0x6c,0xcc,0xcc,0xcc,
  0xcc,0xcc,0xcc,0xcc,0xcc,0xcc,0xcc,0xcc,0xcc,0xcc,0xcc,0xcc,0xcc,0xcc,0xcc,0xcc,0xcc,0xcc,0xcc,0xcc,0xcc,0xcc,0xcc,0xc0,
  0x8f,0xff,0xff,0xff,0xff,0xff,0xff,0xff,0xff,0xff,0xff,0xff,0xff,0xff,0xff,0xff,0xff,0xff,0xff,0xff,0xff,0xff,0xff,0xff,
  0xff,0xff,0xff,0xf0,0x8f,0xff,0xff,0xff,0xff,0xff,0xff,0xff,0xff,0xff,0xff,0xff,0xff,0xff,0xff,0xff,0xff,0xff,0xff,0xff,
  0xff,0xff,0xff,0xff,0xff,0xff,0xff,0xf0,0x8f,0xff,0xff,0xff,0xff,0xff,0xff,0xff,0xff,0xff,0xff,0xff,0xff,0xff,0xff,0xff,
  0xff,0xff,0xff,0xff,0xff,0xff,0xff,0xff,0xff,0xff,0xff,0xf0,0x02,0x22,0x22,0x22,0x22,0x22,0x22,0x22,0x22,0x22,0x22,0x22,
  0x22,0x22,0x22,0x22,0x22,0x22,0x22,0x22,0x22,0x22,0x22,0x22,0x21,0x3f,0xff,0xff,0xff,0xff,0xff,0xff,0xff,0xff,0xff,0xff,
  0xff,0xff,0xff,0xff,0xff,0xff,0xff,0xff,0xff,0xff,0xff,0xff,0xff,0xfa,0x3f,0xff,0xff,0xff,0xff,0xff,0xff,0xff,0xff,0xff,
  0xff,0xff,0xff,0xff,0xff,0xff,0xff,0xff,0xff,0xff,0xff,0xff,0xff,0xff,0xfa,0x3f,0xff,0xff,0xff,0xff,0xff,0xff,0xff,0xff,
  0xff,0xff,0xff,0xff,0xff,0xff,0xff,0xff,0xff,0xff,0xff,0xff,0xff,0xff,0xff,0xfa,0x3f,0xff,0xa7,0x77,0x77,0x77,0x77,0x77,
  0x77,0x77,0x77,0x77,0x77,0x77,0x77,0x77,0x77,0x77,0x77,0x77,0x77,0x77,0x77,0xff,0xfa,0x3f,0xff,0x60,0x00,0x00,0x00,0x00,
  0x00,0x00,0x00,0x00,0x00,0x00,0x00,0x00,0x00,0x00,0x00,0x00,0x00,0x00,0x00,0x00,0xef,0xfa,0x3f,0xff,0x60,0x00,0x00,0x00,
  0x00,0x00,0x00,0x00,0x00,0x00,0x00,0x00,0x00,0x00,0x00,0x00,0x00,0x00,0x00,0x00,0x00,0xef,0xfa,0x3f,0xff,0x60,0x00,0x00,
  0x00,0x00,0x00,0x00,0x00,0x00,0x00,0x00,0x00,0x00,0x00,0x00,0x00,0x00,0x00,0x00,0x00,0x00,0xef,0xfa,0x3f,0xff,0x60,0x00,
  0x00,0x00,0x00,0x00,0x00,0x00,0x00,0x00,0x00,0x00,0x00,0x00,0x00,0x00,0x00,0x00,0x00,0x00,0x00,0xef,0xfa,0x3f,0xff,0x60,
  0x00,0x00,0x00,0x00,0x00,0x00,0x00,0x00,0x00,0x00,0x00,0x00,0x00,0x00,0x00,0x00,0x00,0x00,0x00,0x00,0xef,0xfa,0x3f,0xff,
  0x60,0x00,0x00,0x00,0x00,0x00,0x00,0x00,0x00,0x00,0x00,0x00,0x00,0x00,0x00,0x00,0x00,0x00,0x00,0x00,0x00,0xef,0xfa,0x3f,
  0xff,0x60,0x00,0x00,0x00,0x00,0x00,0x00,0x00,0x00,0x00,0x00,0x00,0x00,0x00,0x00,0x00,0x00,0x00,0x00,0x00,0x00,0xef,0xfa,
  0x3f,0xff,0x60,0x00,0x00,0x00,0x00,0x00,0x00,0x00,0x00,0x00,0x00,0x00,0x00,0x00,0x00,0x00,0x00,0x00,0x00,0x00,0x00,0xef,
  0xfa,0x3f,0xff,0x60,0x00,0x00,0x00,0x00,0x00,0x00,0x00,0x00,0x00,0x00,0x00,0x00,0x00,0x00,0x00,0x00,0x00,0x00,0x00,0x00,
  0xef,0xfa,0x3f,0xff,0x60,0x00,0x00,0x00,0x00,0x00,0x00,0x00,0x00,0x00,0x00,0x00,0x00,0x00,0x00,0x00,0x00,0x00,0x00,0x00,
  0x00,0xef,0xfa,0x3f,0xff,0x60,0x00,0x00,0x00,0x00,0x00,0x00,0x00,0x00,0x00,0x00,0x00,0x00,0x00,0x00,0x00,0x00,0x00,0x00,
  0x00,0x00,0xef,0xfa,0x3f,0xff,0x60,0x00,0x00,0x00,0x00,0x00,0x00,0x00,0x00,0x00,0x00,0x00,0x00,0x00,0x00,0x00,0x00,0x00,
  0x00,0x00,0x00,0xef,0xfa,0x3f,0xff,0x60,0x00,0x00,0x00,0x00,0x00,0x00,0x00,0x00,0x00,0x00,0x00,0x00,0x00,0x00,0x00,0x00,
  0x00,0x00,0x00,0x00,0xef,0xfa,0x3f,0xff,0x60,0x00,0x00,0x00,0x00,0x00,0x00,0x00,0x00,0x00,0x00,0x00,0x00,0x00,0x00,0x00,
  0x00,0x00,0x00,0x00,0x00,0xef,0xfa,0x3f,0xff,0x60,0x00,0x00,0x00,0x00,0x00,0x00,0x00,0x00,0x00,0x00,0x00,0x00,0x00,0x00,
  0x00,0x00,0x00,0x00,0x00,0x00,0xef,0xfa,0x3f,0xff,0x60,0x00,0x00,0x00,0x00,0x00,0x00,0x00,0x00,0x00,0x00,0x00,0x00,0x00,
  0x00,0x00,0x00,0x00,0x00,0x00,0x00,0xef,0xfa,0x3f,0xff,0x60,0x00,0x00,0x00,0x00,0x00,0x00,0x00,0x00,0x00,0x00,0x00,0x00,
  0x00,0x00,0x00,0x00,0x00,0x00,0x00,0x00,0xef,0xfa,0x3f,0xff,0x60,0x00,0x00,0x00,0x00,0x00,0x00,0x00,0x00,0x00,0x00,0x00,
  0x00,0x00,0x00,0x00,0x00,0x00,0x00,0x00,0x00,0xef,0xfa,0x3f,0xff,0x60,0x00,0x00,0x00,0x00,0x00,0x00,0x00,0x00,0x00,0x00,
  0x00,0x00,0x00,0x00,0x00,0x00,0x00,0x00,0x00,0x00,0xef,0xfa,0x3f,0xff,0x60,0x00,0x00,0x00,0x00,0x00,0x00,0x00,0x00,0x00,
  0x00,0x00,0x00,0x00,0x00,0x00,0x00,0x00,0x00,0x00,0x00,0xef,0xfa,0x3f,0xff,0x60,0x00,0x00,0x00,0x00,0x00,0x00,0x00,0x00,
  0x00,0x00,0x00,0x00,0x00,0x00,0x00,0x00,0x00,0x00,0x00,0x00,0xef,0xfa,0x3f,0xff,0x60,0x00,0x00,0x00,0x00,0x00,0x00,0x00,
  0x00,0x00,0x00,0x00,0x00,0x00,0x00,0x00,0x00,0x00,0x00,0x00,0x00,0xef,0xfa,0x3f,0xff,0x60,0x00,0x00,0x00,0x00,0x00,0x00,
  0x00,0x00,0x00,0x00,0x00,0x00,0x00,0x00,0x00,0x00,0x00,0x00,0x00,0x00,0xef,0xfa,0x3f,0xff,0x60,0x00,0x00,0x00,0x00,0x00,
  0x00,0x00,0x00,0x00,0x00,0x00,0x00,0x00,0x00,0x00,0x00,0x00,0x00,0x00,0x00,0xef,0xfa,0x3f,0xff,0x60,0x00,0x00,0x00,0x00,
  0x00,0x00,0x00,0x00,0x00,0x00,0x00,0x00,0x00,0x00,0x00,0x00,0x00,0x00,0x00,0x00,0xef,0xfa,0x3f,0xff,0x60,0x00,0x00,0x00,
  0x00,0x00,0x00,0x00,0x00,0x00,0x00,0x00,0x00,0x00,0x00,0x00,0x00,0x00,0x00,0x00,0x00,0xef,0xfa,0x3f,0xff,0x60,0x00,0x00,
  0x00,0x00,0x00,0x00,0x00,0x00,0x00,0x00,0x00,0x00,0x00,0x00,0x00,0x00,0x00,0x00,0x00,0x00,0xef,0xfa,0x3f,0xff,0x60,0x00,
  0x00,0x00,0x00,0x00,0x00,0x00,0x00,0x00,0x00,0x00,0x00,0x00,0x00,0x00,0x00,0x00,0x00,0x00,0x00,0xef,0xfa,0x3f,0xff,0x60,
  0x00,0x00,0x00,0x00,0x00,0x00,0x00,0x00,0x00,0x00,0x00,0x00,0x00,0x00,0x00,0x00,0x00,0x00,0x00,0x00,0xef,0xfa,0x3f,0xff,
  0x60,0x00,0x00,0x00,0x00,0x00,0x00,0x00,0x00,0x00,0x00,0x00,0x00,0x00,0x00,0x00,0x00,0x00,0x00,0x00,0x00,0xef,0xfa,0x3f,
  0xff,0x60,0x00,0x00,0x00,0x00,0x00,0x00,0x00,0x00,0x00,0x00,0x00,0x00,0x00,0x00,0x00,0x00,0x00,0x00,0x00,0x00,0xef,0xfa,
  0x3f,0xff,0x60,0x00,0x00,0x00,0x00,0x00,0x00,0x00,0x00,0x00,0x00,0x00,0x00,0x00,0x00,0x00,0x00,0x00,0x00,0x00,0x00,0xef,
  0xfa,0x3f,0xff,0x60,0x00,0x00,0x00,0x00,0x00,0x00,0x00,0x00,0x00,0x00,0x00,0x00,0x00,0x00,0x00,0x00,0x00,0x00,0x00,0x00,
  0xef,0xfa,0x3f,0xff,0x60,0x00,0x00,0x00,0x00,0x00,0x00,0x00,0x00,0x00,0x00,0x00,0x00,0x00,0x00,0x00,0x00,0x00,0x00,0x00,
  0x00,0xef,0xfa,0x3f,0xff,0x60,0x00,0x00,0x00,0x00,0x00,0x00,0x00,0x00,0x00,0x00,0x00,0x00,0x00,0x00,0x00,0x00,0x00,0x00,
  0x00,0x00,0xef,0xfa,0x3f,0xff,0x60,0x00,0x00,0x00,0x00,0x00,0x00,0x00,0x00,0x00,0x00,0x00,0x00,0x00,0x00,0x00,0x00,0x00,
  0x00,0x00,0x00,0xef,0xfa,0x3f,0xff,0x60,0x00,0x00,0x00,0x00,0x00,0x00,0x00,0x00,0x00,0x00,0x00,0x00,0x00,0x00,0x00,0x00,
  0x00,0x00,0x00,0x00,0xef,0xfa,0x3f,0xff,0x60,0x00,0x00,0x00,0x00,0x00,0x00,0x00,0x00,0x00,0x00,0x00,0x00,0x00,0x00,0x00,
  0x00,0x00,0x00,0x00,0x00,0xef,0xfa,0x3f,0xff,0x60,0x00,0x00,0x00,0x00,0x00,0x00,0x00,0x00,0x00,0x00,0x00,0x00,0x00,0x00,
  0x00,0x00,0x00,0x00,0x00,0x00,0xef,0xfa,0x3f,0xff,0x60,0x00,0x00,0x00,0x00,0x00,0x00,0x00,0x00,0x00,0x00,0x00,0x00,0x00,
  0x00,0x00,0x00,0x00,0x00,0x00,0x00,0xef,0xfa,0x3f,0xff,0x60,0x00,0x00,0x00,0x00,0x00,0x00,0x00,0x00,0x00,0x00,0x00,0x00,
  0x00,0x00,0x00,0x00,0x00,0x00,0x00,0x00,0xef,0xfa,0x3f,0xff,0xcb,0xbb,0xbb,0xbb,0xbb,0xbb,0xbb,0xbb,0xbb,0xbb,0xbb,0xbb,
  0xbb,0xbb,0xbb,0xbb,0xbb,0xbb,0xbb,0xbb,0xbb,0xff,0xfa,0x3f,0xff,0xff,0xff,0xff,0xff,0xff,0xff,0xff,0xff,0xff,0xff,0xff,
  0xff,0xff,0xff,0xff,0xff,0xff,0xff,0xff,0xff,0xff,0xff,0xfa,0x3f,0xff,0xff,0xff,0xff,0xff,0xff,0xff,0xff,0xff,0xff,0xff,
  0xff,0xff,0xff,0xff,0xff,0xff,0xff,0xff,0xff,0xff,0xff,0xff,0xfa,0x2e,0xee,0xee,0xee,0xee,0xee,0xee,0xee,0xee,0xee,0xee,
  0xee,0xee,0xee,0xee,0xee,0xee,0xee,0xee,0xee,0xee,0xee,0xee,0xee,0xe9,0x00,0x00,0x00,0x00,0x00,0x3f,0xff,0xff,0xff,0xff,
  0xff,0xff,0xff,0xff,0xff,0xff,0xff,0xff,0xff,0x80,0x00,0x00,0x00,0x00,0x00,0x00,0x00,0x3f,0xff,0xff,0xff,0xff,0xff,0xff,
  0xff,0xff,0xff,0xff,0xff,0xff,0xff,0x80,0x00,0x00,0x00,0x00,0x00,0x00,0x00,0x3f,0xff,0xff,0xff,0xff,0xff,0xff,0xff,0xff,
  0xff,0xff,0xff,0xff,0xff,0x80,0x00,0x00,0x00,0x00,0x00,0x00,0x00,0x3f,0xff,0xff,0xff,0xff,0xff,0xff,0xff,0xff,0xff,0xff,
  0xff,0xff,0xff,0x80,0x00,0x00,0x00,0x00,0x00,0x00,0x00,0x3f,0xff,0xff,0xff,0xff,0xff,0xff,0xff,0xff,0xff,0xff,0xff,0xff,
  0xff,0x80,0x00,0x00,0x00,0x00,0x00,0x00,0x00,0x3f,0xff,0xff,0xf1,0x00,0x00,0x00,0x00,0x00,0x00,0x00,0xcf,0xff,0xff,0x80,
  0x00,0x00,0x00,0x00,0x00,0x00,0x00,0x3f,0xff,0xff,0xf1,0x00,0x00,0x00,0x00,0x00,0x00,0x00,0xcf,0xff,0xff,0x80,0x00,0x00,
  0x00,0x00,0x00,0x00,0x00,0x3f,0xff,0xff,0xf1,0x00,0x00,0x00,0x00,0x00,0x00,0x00,0xcf,0xff,0xff,0x80,0x00,0x00,0x00,0x00,
  0x00,0x00,0x00,0x3f,0xff,0xff,0xf1,0x00,0x00,0x00,0x00,0x00,0x00,0x00,0xcf,0xff,0xff,0x80,0x00,0x00,0x00,0x00,0x00,0x00,
  0x00,0x3f,0xff,0xff,0xf1,0x00,0x00,0x00,0x00,0x00,0x00,0x00,0xcf,0xff,0xff,0x80,0x00,0x00,0x00,0x00,0x00,0x00,0x00,0x3f,
  0xff,0xff,0xf1,0x00,0x00,0x00,0x00,0x00,0x00,0x00,0xcf,0xff,0xff,0x80,0x00,0x00,0x00,0x00,0x00,0x00,0x00,0x4f,0xff,0xff,
  0xf0,0x00,0x00,0x00,0x00,0x00,0x00,0x00,0xcf,0xff,0xff,0x80,0x00,0x00,0x00,0x00,0x00,0x00,0x00,0x4f,0xff,0xff,0xf0,0x00,
  0x00,0x00,0x00,0x00,0x00,0x00,0xcf,0xff,0xff,0x80,0x00,0x00,0x00,0x00,0x00,0x00,0x00,0x4f,0xff,0xff,0xf0,0x00,0x00,0x00,
  0x00,0x00,0x00,0x00,0xcf,0xff,0xff,0x80,0x00,0x00,0x00,0x00,0x00,0x00,0x00,0x5f,0xff,0xff,0xf0,0x00,0x00,0x00,0x00,0x00,
  0x00,0x00,0xcf,0xff,0xff,0x80,0x00,0x00,0x00,0x00,0x00,0x00,0x00,0x5f,0xff,0xff,0xf0,0x00,0x00,0x00,0x00,0x00,0x00,0x00,
  0xcf,0xff,0xff,0x80,0x00,0x00,0x00,0x00,0x00,0x00,0x00,0x6f,0xff,0xff,0xf0,0x00,0x00,0x00,0x00,0x00,0x00,0x00,0xcf,0xff,
  0xff,0x80,0x00,0x00,0x00,0x00,0x00,0x00,0x00,0x6f,0xff,0xff,0xe0,0x00,0x00,0x00,0x00,0x00,0x00,0x00,0xcf,0xff,0xff,0x80,
  0x00,0x00,0x00,0x00,0x00,0x00,0x00,0x7f,0xff,0xff,0xe0,0x00,0x00,0x00,0x00,0x00,0x00,0x00,0xcf,0xff,0xff,0x80,0x00,0x00,
  0x00,0x00,0x00,0x00,0x00,0x8f,0xff,0xff,0xd0,0x00,0x00,0x00,0x00,0x00,0x00,0x00,0xcf,0xff,0xff,0x80,0x00,0x00,0x00,0x00,
  0x00,0x00,0x00,0x9f,0xff,0xff,0xc0,0x00,0x00,0x00,0x00,0x00,0x00,0x00,0xcf,0xff,0xff,0x80,0x00,0x00,0x00,0x00,0x00,0x00,
  0x00,0xbf,0xff,0xff,0xb0,0x00,0x00,0x00,0x00,0x00,0x00,0x00,0xcf,0xff,0xff,0x80,0x00,0x00,0x00,0x00,0x00,0x00,0x00,0xcf,
  0xff,0xff,0x90,0x00,0x00,0x00,0x00,0x00,0x00,0x00,0xcf,0xff,0xff,0x80,0x00,0x00,0x00,0x00,0x00,0x00,0x00,0xef,0xff,0xff,
  0x80,0x00,0x00,0x00,0x00,0x00,0x00,0x00,0xcf,0xff,0xff,0x80,0x00,0x00,0x00,0x00,0x00,0x00,0x00,0xff,0xff,0xff,0x60,0x00,
  0x00,0x00,0x00,0x00,0x00,0x00,0xcf,0xff,0xff,0x80,0x00,0x00,0x00,0x00,0x00,0x00,0x01,0xff,0xff,0xff,0x40,0x00,0x00,0x00,
  0x00,0x00,0x00,0x00,0xcf,0xff,0xff,0x80,0x00,0x00,0x00,0x00,0x00,0x00,0x03,0xff,0xff,0xff,0x20,0x00,0x00,0x00,0x00,0x00,
  0x00,0x00,0xcf,0xff,0xff,0x80,0x00,0x00,0x00,0x00,0x00,0x00,0x05,0xff,0xff,0xff,0x00,0x00,0x00,0x00,0x00,0x00,0x00,0x00,
  0xcf,0xff,0xff,0x80,0x00,0x00,0x00,0x00,0x00,0x00,0x08,0xff,0xff,0xfe,0x00,0x00,0x00,0x00,0x00,0x00,0x00,0x00,0xcf,0xff,
  0xff,0x80,0x00,0x00,0x00,0x00,0x00,0x00,0x0b,0xff,0xff,0xfb,0x00,0x00,0x00,0x00,0x00,0x00,0x00,0x00,0xcf,0xff,0xff,0x80,
  0x00,0x00,0x00,0x00,0x00,0x00,0x0d,0xff,0xff,0xf8,0x00,0x00,0x00,0x00,0x00,0x00,0x00,0x00,0xcf,0xff,0xff,0x80,0x00,0x00,
  0x00,0x00,0x00,0x00,0x1f,0xff,0xff,0xf5,0x00,0x00,0x00,0x00,0x00,0x00,0x00,0x00,0xcf,0xff,0xff,0x80,0x00,0x00,0x00,0x00,
  0x00,0x00,0x4f,0xff,0xff,0xf2,0x00,0x00,0x00,0x00,0x00,0x00,0x00,0x00,0xcf,0xff,0xff,0x80,0x00,0x00,0x00,0x00,0x00,0x00,
  0x8f,0xff,0xff,0xe0,0x00,0x00,0x00,0x00,0x00,0x00,0x00,0x00,0xcf,0xff,0xff,0x80,0x00,0x00,0x00,0x00,0x00,0x00,0xcf,0xff,
  0xff,0xa0,0x00,0x00,0x00,0x00,0x00,0x00,0x00,0x00,0xcf,0xff,0xff,0x80,0x00,0x00,0x00,0x00,0x00,0x01,0xff,0xff,0xff,0x60,
  0x00,0x00,0x00,0x00,0x00,0x00,0x00,0x00,0xcf,0xff,0xff,0x80,0x00,0x00,0x00,0x00,0x00,0x06,0xff,0xff,0xff,0x20,0x00,0x00,
  0x00,0x00,0x00,0x00,0x00,0x00,0xcf,0xff,0xff,0x80,0x00,0x00,0x00,0x00,0x00,0x0d,0xff,0xff,0xfd,0x00,0x00,0x00,0x00,0x00,
  0x00,0x00,0x00,0x00,0xcf,0xff,0xff,0x80,0x00,0x00,0x00,0x00,0x00,0x6f,0xff,0xff,0xf8,0x00,0x00,0x00,0x00,0x00,0x00,0x00,
  0x00,0x00,0xcf,0xff,0xff,0x80,0x00,0x00,0x00,0x00,0x03,0xff,0xff,0xff,0xf1,0x00,0x00,0x00,0x00,0x00,0x00,0x00,0x00,0x00,
  0xcf,0xff,0xff,0x80,0x00,0x00,0x00,0x00,0x5f,0xff,0xff,0xff,0xa0,0x00,0x00,0x00,0x00,0x00,0x00,0x00,0x00,0x00,0xcf,0xff,
  0xff,0x80,0x00,0x00,0x00,0x1a,0xff,0xff,0xff,0xfe,0x10,0x00,0x00,0x00,0x00,0x00,0x00,0x00,0x00,0x00,0xcf,0xff,0xff,0x80,
  0x00,0x00,0xdf,0xff,0xff,0xff,0xff,0xff,0xff,0xff,0xff,0xff,0xff,0xff,0xff,0xff,0xff,0xff,0xff,0xff,0xff,0xff,0xff,0xfd,
  0xdf,0xff,0xff,0xff,0xff,0xff,0xff,0xff,0xff,0xff,0xff,0xff,0xff,0xff,0xff,0xff,0xff,0xff,0xff,0xff,0xff,0xfd,0xdf,0xff,
  0xff,0xff,0xff,0xff,0xff,0xff,0xff,0xff,0xff,0xff,0xff,0xff,0xff,0xff,0xff,0xff,0xff,0xff,0xff,0xfd,0xdf,0xff,0xff,0xff,
  0xff,0xff,0xff,0xff,0xff,0xff,0xff,0xff,0xff,0xff,0xff,0xff,0xff,0xff,0xff,0xff,0xff,0xfd,0xdf,0xff,0xff,0xff,0xff,0xff,
  0xff,0xff,0xff,0xff,0xff,0xff,0xff,0xff,0xff,0xff,0xff,0xff,0xff,0xff,0xff,0xfd,0xdf,0xff,0xf7,0x00,0x00,0x00,0x00,0x00,
  0x00,0x00,0x00,0x00,0x00,0x00,0x00,0x00,0x00,0x00,0x00,0x7f,0xff,0xfd,0xdf,0xff,0xf7,0x00,0x00,0x00,0x00,0x00,0x00,0x00,
  0x00,0x00,0x00,0x00,0x00,0x00,0x00,0x00,0x00,0x7f,0xff,0xfd,0xdf,0xff,0xf7,0x00,0x00,0x00,0x00,0x00,0x00,0x00,0x00,0x00,
  0x00,0x00,0x00,0x00,0x00,0x00,0x00,0x7f,0xff,0xfd,0xdf,0xff,0xf7,0x00,0x00,0x00,0x00,0x00,0x00,0x00,0x00,0x00,0x00,0x00,
  0x00,0x00,0x00,0x00,0x00,0x7f,0xff,0xfd,0xdf,0xff,0xf7,0x00,0x00,0x00,0x00,0x00,0x00,0x00,0x00,0x00,0x00,0x00,0x00,0x00,
  0x00,0x00,0x00,0x7f,0xff,0xfd,0xdf,0xff,0xf7,0x00,0x00,0x00,0x00,0x00,0x00,0x00,0x00,0x00,0x00,0x00,0x00,0x00,0x00,0x00,
  0x00,0x7f,0xff,0xfd,0xdf,0xff,0xf7,0x00,0x00,0x00,0x00,0x00,0x00,0x00,0x00,0x00,0x00,0x00,0x00,0x00,0x00,0x00,0x00,0x7f,
  0xff,0xfd,0xdf,0xff,0xf7,0x00,0x00,0x00,0x00,0x00,0x00,0x00,0x00,0x00,0x00,0x00,0x00,0x00,0x00,0x00,0x00,0x7f,0xff,0xfd,
  0xdf,0xff,0xf7,0x00,0x00,0x00,0x00,0x00,0x00,0x00,0x00,0x00,0x00,0x00,0x00,0x00,0x00,0x00,0x00,0x7f,0xff,0xfd,0xdf,0xff,
  0xf7,0x00,0x00,0x00,0x00,0x00,0x00,0x00,0x00,0x00,0x00,0x00,0x00,0x00,0x00,0x00,0x00,0x7f,0xff,0xfd,0x3f,0xff,0xff,0xff,
  0xff,0xff,0xff,0xff,0xff,0xff,0xff,0xff,0xff,0xff,0xff,0xff,0xff,0xff,0xff,0xff,0xd0,0x3f,0xff,0xff,0xff,0xff,0xff,0xff,
  0xff,0xff,0xff,0xff,0xff,0xff,0xff,0xff,0xff,0xff,0xff,0xff,0xff,0xd0,0x3f,0xff,0xff,0xff,0xff,0xff,0xff,0xff,0xff,0xff,
  0xff,0xff,0xff,0xff,0xff,0xff,0xff,0xff,0xff,0xff,0xd0,0x3f,0xff,0xff,0xff,0xff,0xff,0xff,0xff,0xff,0xff,0xff,0xff,0xff,
  0xff,0xff,0xff,0xff,0xff,0xff,0xff,0xd0,0x3f,0xff,0xff,0xff,0xff,0xff,0xff,0xff,0xff,0xff,0xff,0xff,0xff,0xff,0xff,0xff,
  0xff,0xff,0xff,0xff,0xd0,0x00,0x00,0x00,0x00,0x00,0x00,0x00,0x00,0x00,0x00,0x00,0x00,0x00,0x00,0x00,0x00,0x00,0x00,0x00,
  0x00,0x00,0x00,0x00,0x00,0x00,0x00,0x00,0x00,0x00,0x00,0x00,0x00,0x00,0x00,0x00,0x00,0x00,0x00,0x00,0x00,0x00,0x00,0x00,
  0x00,0x00,0x00,0x00,0x00,0x00,0x00,0x00,0x00,0x00,0x00,0x00,0x00,0x00,0x00,0x00,0x00,0x00,0x00,0x00,0x00,0x00,0x00,0x00,
  0x00,0x00,0x00,0x00,0x00,0x00,0x00,0x00,0x00,0x00,0x00,0x00,0x00,0x00,0x00,0x00,0x00,0x00,0x00,0x00,0x00,0x00,0x00,0x00,
  0x00,0x00,0x00,0x00,0x00,0x00,0x00,0x00,0x00,0x00,0x00,0x00,0x00,0x00,0x00,0x00,0x00,0x00,0x00,0x00,0x00,0x00,0x00,0x00,
  0x00,0x00,0x00,0x00,0x00,0x00,0x00,0x00,0x00,0x00,0x00,0x3f,0xff,0xff,0xff,0xff,0xff,0xff,0xff,0xff,0xff,0xff,0xff,0xff,
  0xff,0xff,0xff,0xff,0xff,0xff,0xff,0xd0,0x3f,0xff,0xff,0xff,0xff,0xff,0xff,0xff,0xff,0xff,0xff,0xff,0xff,0xff,0xff,0xff,
  0xff,0xff,0xff,0xff,0xd0,0x3f,0xff,0xff,0xff,0xff,0xff,0xff,0xff,0xff,0xff,0xff,0xff,0xff,0xff,0xff,0xff,0xff,0xff,0xff,
  0xff,0xd0,0x3f,0xff,0xff,0xff,0xff,0xff,0xff,0xff,0xff,0xff,0xff,0xff,0xff,0xff,0xff,0xff,0xff,0xff,0xff,0xff,0xd0,0x3f,
  0xff,0xff,0xff,0xff,0xff,0xff,0xff,0xff,0xff,0xff,0xff,0xff,0xff,0xff,0xff,0xff,0xff,0xff,0xff,0xd0,0x00,0x00,0x00,0x00,
  0x00,0x00,0x00,0x00,0x00,0x00,0x00,0x00,0x00,0x00,0x00,0x00,0x00,0x00,0x00,0x00,0x00,0x00,0x00,0x00,0x00,0x00,0x00,0x00,
  0x00,0x00,0x00,0x00,0x00,0x00,0x00,0x00,0x00,0x00,0x00,0x00,0x00,0x00,0x00,0x00,0x00,0x00,0x00,0x00,0x00,0x00,0x00,0x00,
  0x00,0x00,0x00,0x00,0x00,0x00,0x00,0x00,0x00,0x00,0x00,0x00,0x00,0x00,0x00,0x00,0x00,0x00,0x00,0x00,0x00,0x00,0x00,0x00,
  0x00,0x00,0x00,0x00,0x00,0x00,0x00,0x00,0x00,0x00,0x00,0x00,0x00,0x00,0x00,0x00,0x00,0x00,0x00,0x00,0x00,0x00,0x00,0x00,
  0x00,0x00,0x00,0x00,0x00,0x00,0x00,0x00,0x00,0x00,0x00,0x00,0x00,0x00,0x00,0x00,0x00,0x00,0x00,0x00,0x00,0x00,0x00,0x00,
  0x00,0x00,0x3f,0xff,0xff,0xff,0xff,0xff,0xff,0xff,0xff,0xff,0xff,0xff,0xff,0xff,0xff,0xff,0xff,0xff,0xff,0xff,0xd0,0x3f,
  0xff,0xff,0xff,0xff,0xff,0xff,0xff,0xff,0xff,0xff,0xff,0xff,0xff,0xff,0xff,0xff,0xff,0xff,0xff,0xd0,0x3f,0xff,0xff,0xff,
  0xff,0xff,0xff,0xff,0xff,0xff,0xff,0xff,0xff,0xff,0xff,0xff,0xff,0xff,0xff,0xff,0xd0,0x3f,0xff,0xff,0xff,0xff,0xff,0xff,
  0xff,0xff,0xff,0xff,0xff,0xff,0xff,0xff,0xff,0xff,0xff,0xff,0xff,0xd0,0x3f,0xff,0xff,0xff,0xff,0xff,0xff,0xff,0xff,0xff,
  0xff,0xff,0xff,0xff,0xff,0xff,0xff,0xff,0xff,0xff,0xd0,0x00,0x00,0x00,0x00,0x02,0x33,0x33,0x31,0x00,0x00,0x00,0x00,0x3f,
  0xff,0xff,0xd1,0x00,0x00,0x00,0x00,0xdf,0xff,0xfe,0x20,0x00,0x00,0x00,0x0a,0xff,0xff,0xf4,0x00,0x00,0x00,0x00,0x6f,0xff,
  0xff,0x50,0x00,0x00,0x00,0x02,0xff,0xff,0xf7,0x00,0x00,0x00,0x00,0x0d,0xff,0xff,0xa0,0x00,0x00,0x00,0x00,0xaf,0xff,0xfb,
  0x00,0x00,0x00,0x00,0x06,0xff,0xff,0xd1,0x00,0x00,0x00,0x00,0x2f,0xff,0xfe,0x10,0x00,0x00,0x00,0x00,0xdf,0xff,0xf3,0x00,
  0x00,0x00,0x00,0x09,0xff,0xff,0x40,0x00,0x00,0x00,0x00,0x18,0x99,0x95,0x00,0x00,0x00,0x00,0x00,0x13,0x33,0x33,0x10,0x00,
  0x00,0x00,0x00,0x2e,0xff,0xff,0xe1,0x00,0x00,0x00,0x00,0x03,0xff,0xff,0xfb,0x00,0x00,0x00,0x00,0x00,0x5f,0xff,0xff,0x70,
  0x00,0x00,0x00,0x00,0x07,0xff,0xff,0xf4,0x00,0x00,0x00,0x00,0x00,0x9f,0xff,0xfe,0x10,0x00,0x00,0x00,0x00,0x0b,0xff,0xff,
  0xb0,0x00,0x00,0x00,0x00,0x00,0xcf,0xff,0xf8,0x00,0x00,0x00,0x00,0x00,0x1e,0xff,0xff,0x40,0x00,0x00,0x00,0x00,0x02,0xff,
  0xff,0xe1,0x00,0x00,0x00,0x00,0x00,0x4f,0xff,0xfc,0x00,0x00,0x00,0x00,0x00,0x06,0xff,0xff,0x80,0x00,0x00,0x00,0x00,0x00,
  0x58,0x88,0x70,0x00,0x00,0x00,0x00,0x00,0x00,0x00,0x00,0x00,0x00,0x00,0x00,0x00,0x00,0x00,0x00,0x00,0x00,0x00,0x00,0x00,
  0x00,0x00,0x00,0x00,0x00,0x00,0x00,0x00,0x00,0x00,0x00,0x00,0x00,0x00,0x00,0x00,0x47,0x00,0x00,0x00,0x00,0x00,0x00,0x00,
  0x00,0x00,0x00,0x00,0x00,0x00,0x01,0xd5,0x00,0x00,0x00,0x00,0x00,0x00,0x00,0x00,0x00,0x00,0x00,0x00,0x00,0x00,0x04,0xff,
  0x60,0x00,0x00,0x00,0x00,0x00,0x00,0x00,0x00,0x00,0x00,0x00,0x00,0x0a,0xff,0xb3,0x00,0x00,0x00,0x00,0x00,0x00,0x00,0x00,
  0x00,0x00,0x00,0x00,0x00,0x5f,0xff,0xf6,0x00,0x00,0x00,0x00,0x00,0x00,0x00,0x00,0x00,0x00,0x00,0x00,0x4f,0xff,0xff,0x20,
  0x00,0x00,0x00,0x00,0x00,0x00,0x00,0x00,0x00,0x00,0x00,0x01,0xff,0xff,0xff,0x50,0x00,0x00,0x00,0x00,0x00,0x00,0x00,0x00,
  0x00,0x00,0x00,0xef,0xff,0xfa,0x00,0x00,0x00,0x00,0x00,0x00,0x00,0x00,0x00,0x00,0x00,0x00,0x00,0x4f,0xff,0xff,0xf4,0x00,
  0x00,0x00,0x00,0x00,0x00,0x00,0x00,0x00,0x00,0x09,0xff,0xff,0xf1,0x00,0x00,0x00,0x00,0x00,0x00,0x00,0x00,0x00,0x00,0x00,
  0x00,0x00,0x04,0xff,0xff,0xff,0x40,0x00,0x00,0x00,0x00,0x00,0x00,0x00,0x00,0x00,0x4f,0xff,0xff,0x70,0x00,0x00,0x00,0x00,
  0x00,0x00,0x00,0x00,0x00,0x00,0x00,0x00,0x00,0x00,0x5f,0xff,0xff,0xf2,0x00,0x00,0x00,0x00,0x00,0x00,0x00,0x00,0x01,0xef,
  0xff,0xfb,0x00,0x00,0x00,0x00,0x00,0x00,0x00,0x00,0x00,0x00,0x00,0x00,0x00,0x00,0x00,0x06,0xff,0xff,0xfe,0x10,0x00,0x00,
  0x00,0x00,0x00,0x00,0x00,0x0b,0xff,0xff,0xe1,0x00,0x00,0x00,0x00,0x00,0x00,0x00,0x00,0x00,0x00,0x00,0x00,0x00,0x00,0x00,
  0x00,0x6f,0xff,0xff,0xc0,0x00,0x00,0x00,0x00,0x00,0x00,0x00,0x9f,0xff,0xff,0x40,0x00,0x00,0x00,0x00,0x00,0x00,0x00,0x00,
  0x00,0x00,0x00,0x00,0x00,0x00,0x00,0x00,0x08,0xff,0xff,0xfa,0x00,0x00,0x00,0x00,0x00,0x00,0x07,0xff,0xff,0xf6,0x00,0x00,
  0x00,0x00,0x00,0x00,0x00,0x00,0x00,0x00,0x00,0x00,0x00,0x00,0x00,0x00,0x00,0x00,0xaf,0xff,0xff,0x80,0x00,0x00,0x00,0x00,
  0x00,0x6f,0xff,0xff,0x90,0x00,0x00,0x00,0x00,0x00,0x00,0x00,0x00,0x00,0x00,0x00,0x00,0x00,0x00,0x00,0x00,0x00,0x00,0x0c,
  0xff,0xff,0xf6,0x00,0x00,0x00,0x00,0x08,0xff,0xff,0xfa,0x00,0x00,0x00,0x00,0x00,0x00,0x00,0x00,0x00,0x00,0x00,0x00,0x00,
  0x00,0x00,0x00,0x00,0x00,0x00,0x01,0xdf,0xff,0xfd,0x00,0x00,0x00,0x00,0x8f,0xff,0xff,0xa0,0x00,0x00,0x00,0x00,0x00,0x00,
  0x00,0x00,0x00,0x00,0x00,0x14,0x43,0x32,0x22,0x22,0x22,0x22,0x22,0x22,0x4f,0xff,0xc2,0x22,0x22,0x22,0x22,0x3c,0xff,0xfc,
  0x22,0x22,0x22,0x22,0x22,0x22,0x22,0x23,0x34,0x42,0x00,0x00,0x3f,0xff,0xff,0xff,0xff,0xff,0xff,0xff,0xff,0xff,0xff,0xff,
  0xff,0xff,0xff,0xff,0xff,0xff,0xff,0xff,0xff,0xff,0xff,0xff,0xff,0xff,0xff,0xff,0xf6,0x00,0x00,0x2f,0xff,0xff,0xff,0xff,
  0xff,0xff,0xff,0xff,0xff,0xff,0xff,0xff,0xff,0xff,0xff,0xff,0xff,0xff,0xff,0xff,0xff,0xff,0xff,0xff,0xff,0xff,0xff,0xf5,
  0x00,0x00,0x3f,0xff,0xff,0xff,0xff,0xff,0xff,0xff,0xff,0xff,0xff,0xff,0xff,0xff,0xff,0xff,0xff,0xff,0xff,0xff,0xff,0xff,
  0xff,0xff,0xff,0xff,0xff,0xff,0xf6,0x00,0x00,0x00,0x00,0x00,0x00,0x00,0x00,0x00,0x00,0x00,0x00,0xa2,0x00,0x00,0x00,0x00,
  0x00,0x00,0x01,0xd6,0x00,0x00,0x00,0x00,0x00,0x00,0x00,0x00,0x00,0x00,0x00,0x00,0x00,0x00,0x00,0x00,0x00,0x00,0x00,0x00,
  0x00,0x0a,0xfe,0x20,0x00,0x00,0x00,0x00,0x00,0x0c,0xff,0x80,0x00,0x00,0x00,0x00,0x00,0x00,0x00,0x00,0x00,0x00,0x00,0x00,
  0x00,0x00,0x00,0x00,0x00,0x00,0x00,0x00,0xaf,0xff,0xe4,0x00,0x00,0x00,0x00,0x00,0xaf,0xff,0xfa,0x00,0x00,0x00,0x00,0x00,
  0x00,0x00,0x00,0x00,0x00,0x00,0x00,0x00,0x00,0x00,0x00,0x00,0x00,0x00,0x0a,0xff,0xff,0xfd,0x00,0x00,0x00,0x00,0x03,0xff,
  0xff,0xff,0xb0,0x00,0x00,0x00,0x00,0x00,0x00,0x00,0x00,0x00,0x00,0x00,0x00,0x00,0x00,0x00,0x00,0x00,0x00,0xaf,0xff,0xff,
  0xd1,0x00,0x00,0x00,0x00,0x00,0x4f,0xff,0xff,0xfd,0x10,0x00,0x00,0x00,0x00,0x00,0x00,0x00,0x00,0x00,0x00,0x00,0x00,0x00,
  0x00,0x00,0x00,0x0b,0xff,0xff,0xfe,0x20,0x00,0x00,0x00,0x00,0x00,0x03,0xef,0xff,0xff,0xe2,0x00,0x00,0x00,0x00,0x00,0x00,
  0x00,0x00,0x00,0x00,0x00,0x00,0x00,0x00,0x00,0x00,0xcf,0xff,0xff,0xe2,0x00,0x00,0x00,0x00,0x00,0x00,0x00,0x2d,0xff,0xff,
  0xfe,0x30,0x00,0x00,0x00,0x00,0x00,0x00,0x00,0x00,0x00,0x00,0x00,0x00,0x00,0x00,0x1c,0xff,0xff,0xfe,0x20,0x00,0x00,0x00,
  0x00,0x00,0x00,0x00,0x01,0xcf,0xff,0xff,0xf5,0x00,0x00,0x00,0x00,0x00,0x00,0x00,0x00,0x00,0x00,0x00,0x00,0x00,0x02,0xdf,
  0xff,0xff,0xd1,0x00,0x00,0x00,0x00,0x00,0x00,0x00,0x00,0x00,0x0a,0xff,0xff,0xff,0x50,0x00,0x00,0x00,0x00,0x00,0x00,0x00,
  0x00,0x00,0x00,0x00,0x00,0x4f,0xff,0xff,0xfc,0x10,0x00,0x00,0x00,0x00,0x00,0x00,0x00,0x00,0x00,0x00,0x9f,0xff,0xff,0xf6,
  0x00,0x00,0x00,0x00,0x00,0x00,0x00,0x00,0x00,0x00,0x00,0x07,0xff,0xff,0xff,0xa0,0x00,0x00,0x00,0x00,0x00,0x00,0x00,0x00,
  0x00,0x00,0x00,0x07,0xff,0xff,0xff,0x60,0x00,0x00,0x00,0x00,0x00,0x00,0x00,0x00,0x00,0x01,0xbf,0xff,0xff,0xf7,0x00,0x00,
  0x00,0x00,0x00,0x00,0x00,0x00,0x00,0x00,0x00,0x00,0x00,0x6f,0xff,0xff,0xf7,0x00,0x00,0x00,0x00,0x00,0x00,0x00,0x00,0x00,
  0x3e,0xff,0xff,0xff,0x40,0x00,0x00,0x00,0x00,0x00,0x00,0x00,0x00,0x00,0x00,0x00,0x00,0x00,0x05,0xff,0xff,0xff,0x70,0x00,
  0x00,0x00,0x00,0x00,0x00,0x00,0x08,0xff,0xff,0xff,0xc2,0x00,0x00,0x00,0x00,0x00,0x00,0x00,0x00,0x00,0x00,0x00,0x00,0x00,
  0x00,0x00,0x5f,0xff,0xff,0xf8,0x00,0x00,0x00,0x00,0x00,0x00,0x03,0xdf,0xff,0xff,0xf8,0x00,0x00,0x00,0x00,0x00,0x00,0x00,
  0x00,0x00,0x00,0x00,0x00,0x00,0x00,0x00,0x00,0x04,0xff,0xff,0xff,0x80,0x00,0x00,0x00,0x00,0x01,0x9f,0xff,0xff,0xfe,0x40,
  0x00,0x00,0x00,0x00,0x00,0x00,0x00,0x00,0x00,0x00,0x00,0x00,0x00,0x00,0x00,0x00,0x00,0x4f,0xff,0xff,0xf2,0x00,0x00,0x00,
  0x00,0x06,0xff,0xff,0xff,0xa1,0x00,0x00,0x00,0x00,0x00,0x00,0x00,0x00,0x00,0x00,0x00,0x00,0x00,0x00,0x00,0x00,0x00,0x00,
  0x03,0xef,0xff,0x30,0x00,0x00,0x00,0x00,0x00,0x5f,0xff,0xe4,0x00,0x00,0x00,0x00,0x00,0x00,0x00,0x00,0x00,0x00,0x00,0x00,
  0x00,0x00,0x00,0x00,0x00,0x00,0x00,0x00,0x3e,0xf3,0x00,0x00,0x00,0x00,0x00,0x00,0x09,0xf9,0x00,0x00,0x00,0x00,0x00,0x00,
  0x00,0x00,0x00,0x00,0x00,0x00,0x00,0x00,0x00,0x00,0x00,0x00,0x00,0x00,0x00,0x02,0x30,0x00,0x00,0x00,0x00,0x00,0x00,0x01,
  0x30,0x00,0x0f,0xff,0xff,0xff,0xff,0xff,0xff,0xff,0xff,0xff,0xff,0xff,0xff,0xff,0xff,0xff,0xff,0xff,0xff,0xff,0xff,0x50,
  0x00,0x00,0x00,0x00,0x00,0x00,0x00,0x00,0x00,0x0f,0xff,0xff,0xff,0xff,0xff,0xff,0xff,0xff,0xff,0xff,0xff,0xff,0xff,0xff,
  0xff,0xff,0xff,0xff,0xff,0xff,0x50,0x00,0x00,0x00,0x00,0x00,0x00,0x00,0x00,0x00,0x0f,0xff,0xff,0xff,0xff,0xff,0xff,0xff,
  0xff,0xff,0xff,0xff,0xff,0xff,0xff,0xff,0xff,0xff,0xff,0xff,0xff,0x50,0x00,0x00,0x00,0x00,0x00,0x00,0x00,0x00,0x00,0x0f,
  0xff,0xfd,0xcc,0xcc,0xcc,0xcf,0xff,0xfd,0xcc,0xcc,0xcc,0xcf,0xff,0xfd,0xcc,0xcc,0xcc,0xcc,0xff,0xff,0x50,0x00,0x00,0x00,
  0x00,0x00,0x00,0x00,0x00,0x00,0x0f,0xff,0xf6,0x00,0x00,0x00,0x0f,0xff,0xf6,0x00,0x00,0x00,0x0f,0xff,0xf6,0x00,0x00,0x00,
  0x00,0xff,0xff,0x50,0x00,0x00,0x00,0x00,0x00,0x00,0x00,0x00,0x00,0x0f,0xff,0xf6,0x00,0x00,0x00,0x0f,0xff,0xf6,0x00,0x00,
  0x00,0x0f,0xff,0xf6,0x00,0x00,0x00,0x00,0xff,0xff,0x50,0x00,0x00,0x00,0x00,0x00,0x00,0x00,0x00,0x00,0x0f,0xff,0xf6,0x00,
  0x00,0x00,0x0f,0xff,0xf6,0x00,0x00,0x00,0x0f,0xff,0xf6,0x00,0x00,0x00,0x00,0xff,0xff,0x50,0x00,0x00,0x00,0x00,0x00,0x00,
  0x00,0x00,0x00,0x0f,0xff,0xf6,0x00,0x00,0x00,0x0f,0xff,0xf6,0x00,0x00,0x00,0x0f,0xff,0xf6,0x00,0x00,0x00,0x00,0xff,0xff,
  0x50,0x00,0x00,0x00,0x00,0x00,0x00,0x00,0x00,0x00,0x0f,0xff,0xf6,0x00,0x00,0x00,0x0f,0xff,0xf6,0x00,0x00,0x00,0x0f,0xff,
  0xf6,0x00,0x00,0x00,0x00,0xff,0xff,0x50,0x00,0x00,0x00,0x00,0x00,0x00,0x00,0x00,0x00,0x0f,0xff,0xf6,0x00,0x00,0x00,0x0f,
  0xff,0xf6,0x00,0x00,0x00,0x0f,0xff,0xf6,0x00,0x00,0x00,0x00,0xff,0xff,0x50,0x00,0x00,0x00,0x00,0x00,0x00,0x00,0x00,0x00,
  0x0f,0xff,0xf6,0x00,0x00,0x00,0x0f,0xff,0xf6,0x00,0x00,0x00,0x0f,0xff,0xf6,0x00,0x00,0x00,0x00,0xff,0xff,0x50,0x00,0x00,
  0x00,0x00,0x00,0x00,0x00,0x00,0x00,0x0f,0xff,0xf6,0x00,0x00,0x00,0x0f,0xff,0xf6,0x00,0x00,0x00,0x0f,0xff,0xf6,0x00,0x00,
  0x00,0x00,0xff,0xff,0x50,0x00,0x00,0x00,0x00,0x00,0x00,0x00,0x00,0x00,0x0f,0xff,0xf6,0x00,0x00,0x00,0x0f,0xff,0xf6,0x00,
  0x00,0x00,0x0f,0xff,0xf6,0x00,0x00,0x00,0x00,0xff,0xff,0x50,0x00,0x00,0x00,0x00,0x00,0x00,0x00,0x00,0x00,0x0f,0xff,0xf6,
  0x00,0x00,0x00,0x0f,0xff,0xf6,0x00,0x00,0x00,0x0f,0xff,0xf6,0x00,0x00,0x00,0x00,0xff,0xff,0x50,0x00,0x00,0x00,0x00,0x00,
  0x00,0x00,0x00,0x00,0x0f,0xff,0xf6,0x00,0x00,0x00,0x0f,0xff,0xf6,0x00,0x00,0x00,0x0f,0xff,0xf6,0x00,0x00,0x00,0x00,0xff,
  0xff,0x50,0x00,0x00,0x00,0x00,0x00,0x00,0x00,0x00,0x00,0x0f,0xff,0xf6,0x00,0x00,0x00,0x0f,0xff,0xf6,0x00,0x00,0x00,0x0f,
  0xff,0xf6,0x00,0x00,0x00,0x00,0xff,0xff,0x50,0x00,0x00,0x00,0x00,0x00,0x00,0x00,0x00,0x00,0x0f,0xff,0xf6,0x00,0x00,0x00,
  0x0f,0xff,0xf6,0x00,0x00,0x00,0x0f,0xff,0xf6,0x00,0x00,0x00,0x00,0xff,0xff,0x50,0x00,0x00,0x00,0x00,0x00,0x00,0x00,0x00,
  0x00,0x0f,0xff,0xf6,0x00,0x00,0x00,0x0f,0xff,0xf6,0x00,0x00,0x00,0x0f,0xff,0xf6,0x00,0x00,0x00,0x00,0xff,0xff,0x50,0x00,
  0x00,0x00,0x00,0x00,0x00,0x11,0x00,0x00,0x0f,0xff,0xf6,0x00,0x00,0x00,0x0f,0xff,0xf6,0x00,0x00,0x00,0x0f,0xff,0xf6,0x00,
  0x00,0x00,0x00,0xff,0xff,0x50,0x00,0x00,0x00,0x11,0x00,0x05,0xff,0xff,0xff,0xff,0xff,0xff,0xff,0xff,0xff,0xff,0xff,0xff,
  0xff,0xff,0xff,0xff,0xff,0xff,0xff,0xff,0xff,0xff,0xff,0xff,0xff,0xff,0xff,0xff,0xff,0x10,0x04,0xff,0xff,0xff,0xff,0xff,
  0xff,0xff,0xff,0xff,0xff,0xff,0xff,0xff,0xff,0xff,0xff,0xff,0xff,0xff,0xff,0xff,0xff,0xff,0xff,0xff,0xff,0xff,0xff,0xff,
  0x00,0x04,0xff,0xff,0xff,0xff,0xff,0xff,0xff,0xff,0xff,0xff,0xff,0xff,0xff,0xff,0xff,0xff,0xff,0xff,0xff,0xff,0xff,0xff,
  0xff,0xff,0xff,0xff,0xff,0xff,0xff,0x00,0x05,0xff,0xee,0xdd,0xdd,0xdd,0xdd,0xdd,0xdd,0xdd,0xdd,0xdd,0xdd,0xdd,0xdd,0xdd,
  0xdd,0xdd,0xdd,0xdd,0xdd,0xdd,0xdd,0xdd,0xdd,0xdd,0xdd,0xdd,0xee,0xff,0x10,0x7f,0xff,0xff,0xff,0xff,0xff,0xff,0xff,0xff,
  0xff,0xff,0xff,0xff,0xff,0xff,0xff,0xff,0xff,0xf7,0x8f,0xff,0xff,0xff,0xff,0xff,0xff,0xff,0xff,0xff,0xff,0xff,0xff,0xff,
  0xff,0xff,0xff,0xff,0xf8,0x8f,0xff,0xff,0xff,0xff,0xff,0xff,0xff,0xff,0xff,0xff,0xff,0xff,0xff,0xff,0xff,0xff,0xff,0xf8,
  0x8f,0xff,0xff,0xff,0xff,0xff,0xff,0xff,0xff,0xff,0xff,0xff,0xff,0xff,0xff,0xff,0xff,0xff,0xf8,0x8f,0xff,0xf0,0x00,0x00,
  0x00,0x00,0x00,0x00,0x00,0x00,0x00,0x00,0x00,0x00,0x00,0x0f,0xff,0xf8,0x8f,0xff,0xf0,0x00,0x00,0x00,0x00,0x00,0x00,0x00,
  0x00,0x00,0x00,0x00,0x00,0x00,0x0f,0xff,0xf8,0x8f,0xff,0xf0,0x00,0x00,0x00,0x00,0x00,0x00,0x00,0x00,0x00,0x00,0x00,0x00,
  0x00,0x0f,0xff,0xf8,0x8f,0xff,0xf0,0x00,0x00,0x00,0x00,0x00,0x00,0x00,0x00,0x00,0x00,0x00,0x00,0x00,0x0f,0xff,0xf7,0x8f,
  0xff,0xf0,0x00,0x00,0x00,0x00,0x00,0x00,0x00,0x00,0x00,0x00,0x00,0x00,0x00,0x0f,0xff,0xf6,0x8f,0xff,0xf0,0x00,0x00,0x00,
  0x00,0x00,0x00,0x00,0x00,0x00,0x00,0x00,0x00,0x00,0x1f,0xff,0xf6,0x8f,0xff,0xf0,0x00,0x00,0x00,0x00,0x00,0x00,0x00,0x00,
  0x00,0x00,0x00,0x00,0x00,0x2f,0xff,0xf5,0x8f,0xff,0xf0,0x00,0x00,0x00,0x00,0x00,0x00,0x00,0x00,0x00,0x00,0x00,0x00,0x00,
  0x3f,0xff,0xf3,0x8f,0xff,0xf0,0x00,0x00,0x00,0x00,0x00,0x00,0x00,0x00,0x00,0x00,0x00,0x00,0x00,0x5f,0xff,0xf1,0x8f,0xff,
  0xf0,0x00,0x00,0x00,0x00,0x00,0x00,0x00,0x00,0x00,0x00,0x00,0x00,0x00,0x7f,0xff,0xf0,0x8f,0xff,0xf0,0x00,0x00,0x00,0x00,
  0x00,0x00,0x00,0x00,0x00,0x00,0x00,0x00,0x00,0xaf,0xff,0xd0,0x8f,0xff,0xf0,0x00,0x00,0x00,0x00,0x00,0x00,0x00,0x00,0x00,
  0x00,0x00,0x00,0x00,0xdf,0xff,0xa0,0x8f,0xff,0xf0,0x00,0x00,0x00,0x00,0x00,0x00,0x00,0x00,0x00,0x00,0x00,0x00,0x01,0xff,
  0xff,0x60,0x8f,0xff,0xf0,0x00,0x00,0x00,0x00,0x00,0x00,0x00,0x00,0x00,0x00,0x00,0x00,0x06,0xff,0xff,0x20,0x8f,0xff,0xf0,
  0x00,0x00,0x00,0x00,0x00,0x00,0x00,0x00,0x00,0x00,0x00,0x00,0x0b,0xff,0xfe,0x00,0x25,0x55,0x50,0x00,0x00,0x00,0x00,0x00,
  0x00,0x00,0x00,0x00,0x00,0x00,0x00,0x0f,0xff,0xf9,0x00,0x00,0x00,0x00,0x00,0x00,0x00,0x00,0x00,0x00,0x00,0x00,0x00,0x00,
  0x00,0x00,0x6f,0xff,0xf3,0x00,0x00,0x00,0x00,0x00,0x00,0x00,0x00,0x00,0x00,0x00,0x00,0x00,0x00,0x00,0x00,0xdf,0xff,0xe0,
  0x00,0x00,0x00,0x00,0x00,0x00,0x00,0x00,0x00,0x00,0x00,0x00,0x00,0x00,0x00,0x04,0xff,0xff,0x70,0x00,0x00,0x00,0x00,0x00,
  0x00,0x00,0x00,0x00,0x00,0x00,0x00,0x00,0x00,0x00,0x0c,0xff,0xff,0x10,0x00,0x00,0x00,0x00,0x00,0x00,0x00,0x00,0x00,0x00,
  0x00,0x00,0x00,0x00,0x00,0x6f,0xff,0xf9,0x00,0x00,0x00,0x00,0x00,0x00,0x00,0x00,0x00,0x00,0x00,0x00,0x00,0x00,0x00,0x00,
  0xef,0xff,0xf2,0x00,0x00,0x00,0x00,0x00,0x00,0x00,0x00,0x00,0x00,0x00,0x00,0x00,0x00,0x00,0x09,0xff,0xff,0x80,0x00,0x00,
  0x00,0x00,0x00,0x00,0x00,0x00,0x00,0x00,0x00,0x00,0x00,0x00,0x00,0x4f,0xff,0xfe,0x00,0x00,0x00,0x00,0x00,0x00,0x00,0x00,
  0x00,0x00,0x00,0x00,0x00,0x00,0x00,0x01,0xef,0xff,0xf6,0x00,0x00,0x00,0x00,0x00,0x00,0x00,0x00,0x00,0x00,0x00,0x00,0x00,
  0x00,0x00,0x0c,0xff,0xff,0xb0,0x00,0x00,0x00,0x00,0x00,0x00,0x00,0x00,0x00,0x00,0x00,0x00,0x00,0x00,0x00,0xaf,0xff,0xfe,
  0x10,0x00,0x00,0x00,0x00,0x00,0x00,0x00,0x00,0x00,0x00,0x00,0x00,0x00,0x00,0x09,0xff,0xff,0xf5,0x00,0x00,0x00,0x00,0x00,
  0x00,0x00,0x00,0x00,0x00,0x00,0x00,0x00,0x00,0x00,0x8f,0xff,0xff,0x80,0x00,0x00,0x00,0x00,0x00,0x00,0x00,0x00,0x00,0x00,
  0x00,0x00,0x00,0x00,0x09,0xff,0xff,0xfb,0x00,0x00,0x00,0x00,0x00,0x00,0x00,0x00,0x00,0x00,0x00,0x00,0x00,0x00,0x00,0xaf,
  0xff,0xff,0xd0,0x00,0x00,0x00,0x00,0x00,0x00,0x00,0x00,0x00,0x00,0x00,0x00,0x00,0x00,0x1c,0xff,0xff,0xfd,0x10,0x00,0x00,
  0x00,0x00,0x00,0x00,0x00,0x00,0x00,0x00,0x00,0x00,0x00,0x03,0xef,0xff,0xff,0xd1,0x00,0x00,0x00,0x00,0x00,0x00,0x00,0x00,
  0x00,0x00,0x00,0x00,0x00,0x00,0x7f,0xff,0xff,0xfd,0x10,0x00,0x00,0x00,0x00,0x00,0x00,0x00,0x00,0x00,0x00,0x00,0x00,0x00,
  0x01,0xcf,0xff,0xff,0xb1,0x00,0x00,0x00,0x00,0x00,0x00,0x00,0x00,0x00,0x00,0x00,0x00,0x00,0x00,0x00,0x06,0xff,0xf9,0x00,
  0x00,0x00,0x00,0x00,0x00,0x00,0x00,0x00,0x00,0x00,0x00,0x00,0x00,0x00,0x00,0x00,0x1a,0x60,0x00,0x00,0x00,0x00,0x00,0x00,
  0x00,0x00,0x00,0x00,0x00,0x00,0x00,0x00,0x00,0x00,0x00,0x00,0x00,0x00,0x00,0x00,0x00,0x00,0x00,0x00,0x00,0x98,0x10,0x00,
  0x00,0x00,0x00,0x00,0x00,0x00,0x00,0x00,0x00,0x00,0x00,0x00,0x00,0x00,0x00,0x00,0x00,0x00,0x00,0x00,0xef,0xf9,0x10,0x00,
  0x00,0x00,0x00,0x00,0x00,0x00,0x00,0x00,0x00,0x00,0x00,0x00,0x00,0x00,0x00,0x00,0x00,0x00,0x03,0xff,0xff,0xf7,0x00,0x00,
  0x00,0x00,0x00,0x00,0x00,0x00,0x00,0x00,0x00,0x00,0x00,0x00,0x00,0x00,0x00,0x00,0x00,0x08,0xff,0xff,0xff,0x50,0x00,0x00,
  0x00,0x00,0x00,0x00,0x00,0x00,0x00,0x00,0x00,0x00,0x00,0x00,0x00,0x00,0x00,0x00,0x0e,0xff,0xff,0xfa,0x00,0x00,0x00,0x00,
  0x00,0x00,0x00,0x00,0x00,0x00,0x00,0x00,0x00,0x00,0x00,0x00,0x00,0x00,0x00,0x3f,0xff,0xff,0xc0,0x00,0x00,0x00,0x00,0x00,
  0x00,0x00,0x00,0x00,0x00,0x00,0x00,0x00,0x00,0x00,0x00,0x00,0x00,0x00,0x9f,0xff,0xfe,0x10,0x00,0x00,0x00,0x00,0x00,0x00,
  0x00,0x00,0x00,0x00,0x00,0x00,0x00,0x00,0x00,0x00,0x00,0x00,0x00,0xff,0xff,0xf7,0x00,0x00,0x00,0x00,0x00,0x00,0x00,0x00,
  0x00,0x00,0x00,0x00,0x00,0x00,0x00,0x00,0x00,0x00,0x00,0x06,0xff,0xff,0xf0,0x00,0x00,0x00,0x00,0x00,0x00,0x00,0x00,0x00,
  0x00,0x00,0x00,0x00,0x00,0x00,0x00,0x00,0x00,0x00,0x0c,0xff,0xff,0x80,0x00,0x00,0x00,0x00,0x00,0x00,0x00,0x00,0x00,0x00,
  0x00,0x00,0x00,0x00,0x00,0x00,0x00,0x00,0x00,0x3f,0xff,0xff,0x10,0x00,0x00,0x00,0x00,0x00,0x00,0x00,0x00,0x00,0x00,0x00,
  0x00,0x00,0x00,0x00,0x00,0x00,0x00,0x00,0xaf,0xff,0xf9,0x00,0x00,0x00,0x00,0x00,0x00,0x00,0x00,0x00,0x00,0x00,0x00,0x00,
  0x00,0x00,0x00,0x00,0x00,0x00,0x02,0xff,0xff,0xf2,0x00,0x00,0x00,0x00,0x00,0x00,0x00,0x00,0x00,0x00,0x00,0x00,0x00,0x00,
  0x00,0x00,0x00,0x00,0x00,0x09,0xff,0xff,0xa0,0x00,0x00,0x00,0x00,0x00,0x00,0x00,0x00,0x00,0x00,0x00,0x00,0x00,0x00,0x00,
  0x00,0x00,0x00,0x00,0x2f,0xff,0xff,0x20,0x00,0x00,0x00,0x00,0x00,0x00,0x00,0x00,0x00,0x00,0x00,0x00,0x00,0x00,0x00,0x00,
  0x00,0x00,0x00,0x9f,0xff,0xf9,0x00,0x00,0x00,0x00,0x00,0x00,0x00,0x00,0x00,0x00,0x00,0x00,0x00,0x00,0x00,0x00,0x00,0x00,
  0x00,0x02,0xff,0xff,0xf1,0x00,0x00,0x00,0x00,0x00,0x00,0x00,0x00,0x00,0x00,0x00,0x00,0x00,0x00,0x00,0x00,0x00,0x00,0x00,
  0x0b,0xff,0xff,0x90,0x00,0x00,0x00,0x00,0x00,0x00,0x00,0x00,0x00,0x00,0x00,0x00,0x00,0x00,0x00,0x00,0x00,0x00,0x00,0x4f,
  0xff,0xff,0x10,0x00,0x00,0x00,0x00,0x00,0x00,0x00,0x00,0x00,0x00,0x00,0x00,0x00,0x00,0x00,0x00,0x00,0x00,0x00,0xdf,0xff,
  0xf7,0x00,0x00,0x00,0x00,0x00,0x00,0x00,0x00,0x00,0x00,0x00,0x00,0x00,0x00,0x00,0x00,0x00,0x00,0x00,0x07,0xff,0xff,0xd0,
  0x00,0x00,0x00,0x00,0x00,0x00,0x00,0x00,0x00,0x00,0x00,0x00,0x00,0x00,0x00,0x00,0x00,0x00,0x00,0x2f,0xff,0xff,0x40,0x00,
  0x00,0x00,0x00,0x00,0x00,0x00,0x00,0x00,0x00,0x00,0x00,0x00,0x00,0x00,0x00,0x00,0x00,0x00,0xcf,0xff,0xfa,0x00,0x00,0x00,
  0x00,0x00,0x00,0x00,0x00,0x00,0x00,0x00,0x00,0x00,0x00,0x00,0x00,0x00,0x00,0x00,0x06,0xff,0xff,0xf1,0x00,0x00,0x00,0x00,
  0x00,0x00,0x00,0x00,0x00,0x00,0x00,0x00,0x00,0x00,0x00,0x00,0x00,0x00,0x00,0x2f,0xff,0xff,0x70,0x00,0x00,0x00,0x00,0x00,
  0x00,0x00,0x00,0x00,0x00,0x00,0x00,0x00,0x00,0x00,0x00,0x00,0x00,0x00,0xdf,0xff,0xfc,0x00,0x00,0x00,0x00,0x00,0x00,0x00,
  0x00,0x00,0x00,0x00,0x00,0x00,0x00,0x00,0x00,0x00,0x00,0x00,0x09,0xff,0xff,0xf2,0x00,0x00,0x00,0x00,0x00,0x00,0x00,0x00,
  0x00,0x00,0x00,0x00,0x00,0x00,0x00,0x00,0x00,0x00,0x00,0x5f,0xff,0xff,0x60,0x00,0x00,0x00,0x00,0x00,0x00,0x00,0x00,0x00,
  0x00,0x00,0x00,0x00,0x00,0x00,0x00,0x00,0x00,0x02,0xff,0xff,0xfb,0x00,0x00,0x00,0x00,0x00,0x00,0x00,0x00,0x00,0x00,0x00,
  0x00,0x00,0x00,0x00,0x00,0x00,0x00,0x00,0x1d,0xff,0xff,0xe1,0x00,0x00,0x00,0x00,0x00,0x00,0x00,0x00,0x00,0x00,0x00,0x00,
  0x00,0x00,0x00,0x00,0x00,0x00,0x00,0xcf,0xff,0xff,0x40,0x00,0x00,0x00,0x00,0x00,0x00,0x00,0x00,0x00,0x00,0x00,0x00,0x00,
  0x00,0x00,0x00,0x00,0x00,0x09,0xff,0xff,0xf7,0x00,0x00,0x00,0x00,0x00,0x00,0x00,0x00,0x00,0x00,0x00,0x00,0x00,0x00,0x00,
  0x00,0x00,0x00,0x00,0x8f,0xff,0xff,0xa0,0x00,0x00,0x00,0x00,0x00,0x00,0x00,0x00,0x00,0x00,0x00,0x00,0x00,0x00,0x00,0x00,
  0x00,0x00,0x08,0xff,0xff,0xfd,0x00,0x00,0x00,0x00,0x00,0x00,0x00,0x00,0x00,0x00,0x00,0x00,0x00,0x00,0x00,0x00,0x00,0x00,
  0x00,0x7f,0xff,0xff,0xe2,0x00,0x00,0x00,0x00,0x00,0x00,0x00,0x00,0x00,0x00,0x00,0x00,0x00,0x00,0x00,0x00,0x00,0x00,0x07,
  0xff,0xff,0xfe,0x20,0x00,0x00,0x00,0x00,0x00,0x00,0x00,0x00,0x00,0x00,0x00,0x00,0x00,0x00,0x00,0x00,0x00,0x00,0x9f,0xff,
  0xff,0xf3,0x00,0x00,0x00,0x00,0x00,0x00,0x00,0x00,0x00,0x00,0x00,0x00,0x00,0x00,0x00,0x00,0x00,0x00,0x0a,0xff,0xff,0xff,
  0x40,0x00,0x00,0x00,0x00,0x00,0x00,0x00,0x00,0x00,0x00,0x00,0x00,0x00,0x00,0x00,0x00,0x00,0x01,0xcf,0xff,0xff,0xf5,0x00,
  0x00,0x00,0x00,0x00,0x00,0x00,0x00,0x00,0x00,0x00,0x00,0x00,0x00,0x00,0x00,0x00,0x00,0x3e,0xff,0xff,0xff,0x40,0x00,0x00,
  0x00,0x00,0x00,0x00,0x00,0x00,0x00,0x00,0x00,0x00,0x00,0x00,0x00,0x00,0x00,0x06,0xff,0xff,0xff,0xf4,0x00,0x00,0x00,0x00,
  0x00,0x00,0x00,0x00,0x00,0x00,0x00,0x00,0x00,0x00,0x00,0x00,0x00,0x01,0xbf,0xff,0xff,0xfe,0x30,0x00,0x00,0x00,0x00,0x00,
  0x00,0x00,0x00,0x00,0x00,0x00,0x00,0x00,0x00,0x00,0x00,0x00,0x5f,0xff,0xff,0xff,0xd2,0x00,0x00,0x00,0x00,0x00,0x00,0x00,
  0x00,0x00,0x00,0x00,0x00,0x00,0x00,0x00,0x00,0x00,0x3c,0xff,0xff,0xff,0xfa,0x00,0x00,0x00,0x00,0x00,0x00,0x00,0x00,0x00,
  0x00,0x00,0x00,0x00,0x00,0x00,0x00,0x00,0x19,0xff,0xff,0xff,0xff,0x70,0x00,0x00,0x00,0x00,0x00,0x00,0x00,0x00,0x00,0x00,
  0x00,0x00,0x00,0x00,0x00,0x00,0x19,0xff,0xff,0xff,0xff,0xe3,0x00,0x00,0x00,0x00,0x00,0x00,0x00,0x00,0x00,0x00,0x00,0x00,
  0x00,0x00,0x00,0x00,0x09,0xff,0xff,0xff,0xff,0xfa,0x10,0x00,0x00,0x00,0x00,0x00,0x00,0x00,0x00,0x00,0x00,0x00,0x00,0x00,
  0x00,0x00,0x00,0x05,0xff,0xff,0xff,0xfe,0x50,0x00,0x00,0x00,0x00,0x00,0x00,0x00,0x00,0x00,0x00,0x00,0x00,0x00,0x00,0x00,
  0x00,0x00,0x00,0x3e,0xff,0xff,0x91,0x00,0x00,0x00,0x00,0x00,0x00,0x00,0x00,0x00,0x00,0x00,0x00,0x00,0x00,0x00,0x00,0x00,
  0x00,0x00,0x02,0xef,0xc3,0x00,0x00,0x00,0x00,0x00,0x00,0x00,0x00,0x00,0x00,0x00,0x00,0x00,0x00,0x00,0x00,0x00,0x00,0x00,
  0x00,0x00,0x15,0x00,0x00,0x00,0x00,0x00,0x00,0x00,0x00,0x00,0x00,0x00,0x00,0x00,0x00,0x00,0x00,0x00,0x00,0x00,0x00,0x3f,
  0xff,0xff,0xff,0xff,0xff,0xff,0xff,0xff,0xff,0xff,0xff,0xff,0xff,0xff,0xff,0xff,0xff,0xff,0xff,0x40,0x3f,0xff,0xff,0xff,
  0xff,0xff,0xff,0xff,0xff,0xff,0xff,0xff,0xff,0xff,0xff,0xff,0xff,0xff,0xff,0xff,0x40,0x3f,0xff,0xff,0xff,0xff,0xff,0xff,
  0xff,0xff,0xff,0xff,0xff,0xff,0xff,0xff,0xff,0xff,0xff,0xff,0xff,0x40,0x3f,0xff,0xff,0xff,0xff,0xff,0xff,0xff,0xff,0xff,
  0xff,0xff,0xff,0xff,0xff,0xff,0xff,0xff,0xff,0xff,0x40,0x3f,0xff,0xff,0xff,0xff,0xff,0xff,0xff,0xff,0xff,0xff,0xff,0xff,
  0xff,0xff,0xff,0xff,0xff,0xff,0xff,0x40,0x00,0x00,0x00,0x00,0x00,0x00,0x00,0x00,0x0a,0xff,0xff,0xfb,0x00,0x00,0x00,0x00,
  0x00,0x00,0x00,0x00,0x00,0x00,0x00,0x00,0x00,0x00,0x00,0x00,0x00,0x0a,0xff,0xff,0xfb,0x00,0x00,0x00,0x00,0x00,0x00,0x00,
  0x00,0x00,0x00,0x00,0x00,0x00,0x00,0x00,0x00,0x00,0x0a,0xff,0xff,0xfb,0x00,0x00,0x00,0x00,0x00,0x00,0x00,0x00,0x00,0x00,
  0x00,0x00,0x00,0x00,0x00,0x00,0x00,0x0a,0xff,0xff,0xfb,0x00,0x00,0x00,0x00,0x00,0x00,0x00,0x00,0x00,0x00,0x00,0x00,0x00,
  0x00,0x00,0x00,0x00,0x0a,0xff,0xff,0xfb,0x00,0x00,0x00,0x00,0x00,0x00,0x00,0x00,0x00,0x00,0x00,0x00,0x00,0x00,0x00,0x00,
  0x00,0x0a,0xff,0xff,0xfb,0x00,0x00,0x00,0x00,0x00,0x00,0x00,0x00,0x00,0x00,0x00,0x00,0x00,0x00,0x00,0x00,0x00,0x0a,0xff,
  0xff,0xfb,0x00,0x00,0x00,0x00,0x00,0x00,0x00,0x00,0x00,0x00,0x00,0x00,0x00,0x00,0x00,0x00,0x00,0x0a,0xff,0xff,0xfb,0x00,
  0x00,0x00,0x00,0x00,0x00,0x00,0x00,0x00,0x00,0x00,0x00,0x00,0x00,0x00,0x00,0x00,0x0a,0xff,0xff,0xfb,0x00,0x00,0x00,0x00,
  0x00,0x00,0x00,0x00,0x00,0x00,0x00,0x00,0x00,0x00,0x00,0x00,0x00,0x0a,0xff,0xff,0xfb,0x00,0x00,0x00,0x00,0x00,0x00,0x00,
  0x00,0x00,0x00,0x00,0x00,0x00,0x00,0x00,0x00,0x00,0x0a,0xff,0xff,0xfb,0x00,0x00,0x00,0x00,0x00,0x00,0x00,0x00,0x00,0x00,
  0x00,0x00,0x00,0x00,0x00,0x00,0x00,0x0a,0xff,0xff,0xfb,0x00,0x00,0x00,0x00,0x00,0x00,0x00,0x00,0x00,0x00,0x00,0x00,0x00,
  0x00,0x00,0x00,0x00,0x0a,0xff,0xff,0xfb,0x00,0x00,0x00,0x00,0x00,0x00,0x00,0x00,0x00,0x00,0x00,0x00,0x00,0x00,0x00,0x00,
  0x00,0x0a,0xff,0xff,0xfb,0x00,0x00,0x00,0x00,0x00,0x00,0x00,0x00,0x00,0x00,0x00,0x00,0x00,0x00,0x00,0x00,0x00,0x0a,0xff,
  0xff,0xfb,0x00,0x00,0x00,0x00,0x00,0x00,0x00,0x00,0x00,0x00,0x00,0x00,0x00,0x00,0x00,0x00,0x00,0x0a,0xff,0xff,0xfb,0x00,
  0x00,0x00,0x00,0x00,0x00,0x00,0x00,0x00,0x00,0x00,0x00,0x00,0x00,0x00,0x00,0x00,0x0a,0xff,0xff,0xfb,0x00,0x00,0x00,0x00,
  0x00,0x00,0x00,0x00,0x00,0x00,0x00,0x00,0x00,0x00,0x00,0x00,0x00,0x0a,0xff,0xff,0xfb,0x00,0x00,0x00,0x00,0x00,0x00,0x00,
  0x00,0x00,0x00,0x00,0x00,0x00,0x00,0x00,0x00,0x00,0x0a,0xff,0xff,0xfb,0x00,0x00,0x00,0x00,0x00,0x00,0x00,0x00,0x00,0x00,
  0x00,0x00,0x00,0x00,0x00,0x00,0x00,0x0a,0xff,0xff,0xfb,0x00,0x00,0x00,0x00,0x00,0x00,0x00,0x00,0x00,0x00,0x00,0x00,0x00,
  0x00,0x00,0x00,0x00,0x0a,0xff,0xff,0xfb,0x00,0x00,0x00,0x00,0x00,0x00,0x00,0x00,0x00,0x00,0x00,0x00,0x00,0x00,0x00,0x00,
  0x00,0x0a,0xff,0xff,0xfb,0x00,0x00,0x00,0x00,0x00,0x00,0x00,0x00,0x00,0x00,0x00,0x00,0x00,0x00,0x00,0x00,0x00,0x0a,0xff,
  0xff,0xfb,0x00,0x00,0x00,0x00,0x00,0x00,0x00,0x00,0x00,0x00,0x00,0x00,0x00,0x00,0x00,0x00,0x00,0x0a,0xff,0xff,0xfb,0x00,
  0x00,0x00,0x00,0x00,0x00,0x00,0x00,0x00,0x00,0x00,0x00,0x00,0x00,0x00,0x00,0x00,0x0a,0xff,0xff,0xfb,0x00,0x00,0x00,0x00,
  0x00,0x00,0x00,0x00,0x00,0x00,0x00,0x00,0x00,0x00,0x00,0x00,0x00,0x0a,0xff,0xff,0xfb,0x00,0x00,0x00,0x00,0x00,0x00,0x00,
  0x00,0x00,0x00,0x00,0x00,0x00,0x00,0x00,0x00,0x00,0x0a,0xff,0xff,0xfb,0x00,0x00,0x00,0x00,0x00,0x00,0x00,0x00,0x00,0x00,
  0x00,0x00,0x00,0x00,0x00,0x00,0x00,0x0a,0xff,0xff,0xfb,0x00,0x00,0x00,0x00,0x00,0x00,0x00,0x00,0x00,0x00,0x00,0x00,0x00,
  0x00,0x00,0x00,0x00,0x0a,0xff,0xff,0xfb,0x00,0x00,0x00,0x00,0x00,0x00,0x00,0x00,0x00,0x00,0x00,0x00,0x00,0x00,0x00,0x00,
  0x00,0x0a,0xff,0xff,0xfb,0x00,0x00,0x00,0x00,0x00,0x00,0x00,0x00,0x00,0x00,0x00,0x00,0x00,0x00,0x00,0x00,0x00,0x0a,0xff,
  0xff,0xfb,0x00,0x00,0x00,0x00,0x00,0x00,0x00,0x00,0x00,0x00,0x00,0x00,0x00,0x00,0x00,0x00,0x00,0x0a,0xff,0xff,0xfb,0x00,
  0x00,0x00,0x00,0x00,0x00,0x00,0x00,0x00,0x00,0x00,0x00,0x00,0x00,0x00,0x00,0x00,0x0a,0xff,0xff,0xfb,0x00,0x00,0x00,0x00,
  0x00,0x00,0x00,0x00,0x00,0x00,0x00,0x00,0x00,0x00,0x00,0x00,0x00,0x0a,0xff,0xff,0xfb,0x00,0x00,0x00,0x00,0x00,0x00,0x00,
  0x00,0x00,0x00,0x00,0x00,0x00,0x00,0x00,0x00,0x00,0x0a,0xff,0xff,0xfb,0x00,0x00,0x00,0x00,0x00,0x00,0x00,0x00,0x00,0x00,
  0x00,0x00,0x00,0x00,0x00,0x00,0x00,0x0a,0xff,0xff,0xfb,0x00,0x00,0x00,0x00,0x00,0x00,0x00,0x00,0x00,0x00,0x00,0x00,0x00,
  0x00,0x00,0x00,0x00,0x0a,0xff,0xff,0xfb,0x00,0x00,0x00,0x00,0x00,0x00,0x00,0x00,0x00,0x00,0x00,0x00,0x00,0x00,0x00,0x00,
  0x00,0x0a,0xff,0xff,0xfb,0x00,0x00,0x00,0x00,0x00,0x00,0x00,0x00,0x00,0x00,0x00,0x00,0x00,0x00,0x00,0x00,0x00,0x0a,0xff,
  0xff,0xfb,0x00,0x00,0x00,0x00,0x00,0x00,0x00,0x00,0x00,0x00,0x00,0x00,0x00,0x00,0x00,0x00,0x00,0x0a,0xff,0xff,0xfb,0x00,
  0x00,0x00,0x00,0x00,0x00,0x00,0x00,0x00,0x00,0x00,0x00,0x00,0x00,0x00,0x00,0x00,0x0a,0xff,0xff,0xfb,0x00,0x00,0x00,0x00,
  0x00,0x00,0x00,0x00,0x00,0x00,0x00,0x00,0x00,0x00,0x00,0x00,0x00,0x0a,0xff,0xff,0xfb,0x00,0x00,0x00,0x00,0x00,0x00,0x00,
  0x00,0x00,0x12,0x22,0x22,0x22,0x22,0x22,0x22,0x22,0x22,0x22,0x22,0x22,0x22,0x22,0x22,0x22,0x22,0x22,0x22,0x22,0x22,0x22,
  0x22,0x22,0x10,0x8f,0xff,0xff,0xff,0xff,0xff,0xff,0xff,0xff,0xff,0xff,0xff,0xff,0xff,0xff,0xff,0xff,0xff,0xff,0xff,0xff,
  0xff,0xff,0xff,0xb0,0x1f,0xff,0xff,0xff,0xff,0xff,0xff,0xff,0xff,0xff,0xff,0xff,0xff,0xff,0xff,0xff,0xff,0xff,0xff,0xff,
  0xff,0xff,0xff,0xff,0x30,0x08,0xff,0xff,0xff,0xff,0xff,0xff,0xff,0xff,0xff,0xff,0xff,0xff,0xff,0xff,0xff,0xff,0xff,0xff,
  0xff,0xff,0xff,0xff,0xfb,0x00,0x01,0xff,0xfd,0x77,0x77,0x77,0x77,0x77,0x77,0x77,0x77,0x77,0x77,0x77,0x77,0x77,0x77,0x77,
  0x77,0x77,0x77,0x7b,0xff,0xf3,0x00,0x00,0x8f,0xff,0x10,0x00,0x00,0x00,0x00,0x00,0x00,0x00,0x00,0x00,0x00,0x00,0x00,0x00,
  0x00,0x00,0x00,0x00,0x0d,0xff,0xb0,0x00,0x00,0x1f,0xff,0x80,0x00,0x00,0x00,0x00,0x00,0x00,0x00,0x00,0x00,0x00,0x00,0x00,
  0x00,0x00,0x00,0x00,0x00,0x5f,0xff,0x30,0x00,0x00,0x08,0xff,0xf1,0x00,0x00,0x00,0x00,0x00,0x00,0x00,0x00,0x00,0x00,0x00,
  0x00,0x00,0x00,0x00,0x00,0x00,0xdf,0xfb,0x00,0x00,0x00,0x01,0xff,0xf8,0x00,0x00,0x00,0x00,0x00,0x00,0x00,0x00,0x00,0x00,
  0x00,0x00,0x00,0x00,0x00,0x00,0x05,0xff,0xf3,0x00,0x00,0x00,0x00,0x8f,0xff,0x10,0x00,0x00,0x00,0x00,0x00,0x00,0x00,0x00,
  0x00,0x00,0x00,0x00,0x00,0x00,0x00,0x0d,0xff,0xb0,0x00,0x00,0x00,0x00,0x1f,0xff,0x80,0x00,0x00,0x00,0x00,0x00,0x00,0x00,
  0x00,0x00,0x00,0x00,0x00,0x00,0x00,0x00,0x5f,0xff,0x30,0x00,0x00,0x00,0x00,0x08,0xff,0xf1,0x00,0x00,0x00,0x00,0x00,0x00,
  0x00,0x00,0x00,0x00,0x00,0x00,0x00,0x00,0x00,0xdf,0xfb,0x00,0x00,0x00,0x00,0x00,0x01,0xff,0xf8,0x00,0x00,0x00,0x00,0x00,
  0x00,0x00,0x00,0x00,0x00,0x00,0x00,0x00,0x00,0x05,0xff,0xf3,0x00,0x00,0x00,0x00,0x00,0x00,0x8f,0xff,0x10,0x00,0x00,0x00,
  0x00,0x00,0x00,0x00,0x00,0x00,0x00,0x00,0x00,0x00,0x0d,0xff,0xb0,0x00,0x00,0x00,0x00,0x00,0x00,0x1f,0xff,0x80,0x00,0x00,
  0x00,0x00,0x00,0x00,0x00,0x00,0x00,0x00,0x00,0x00,0x00,0x5f,0xff,0x30,0x00,0x00,0x00,0x00,0x00,0x00,0x08,0xff,0xf1,0x00,
  0x00,0x00,0x00,0x00,0x00,0x00,0x00,0x00,0x00,0x00,0x00,0x00,0xdf,0xfb,0x00,0x00,0x00,0x00,0x00,0x00,0x00,0x01,0xff,0xf8,
  0x00,0x00,0x00,0x00,0x00,0x00,0x00,0x00,0x00,0x00,0x00,0x00,0x05,0xff,0xf3,0x00,0x00,0x00,0x00,0x00,0x00,0x00,0x00,0x8f,
  0xff,0x10,0x00,0x00,0x00,0x00,0x00,0x00,0x00,0x00,0x00,0x00,0x00,0x0d,0xff,0xb0,0x00,0x00,0x00,0x00,0x00,0x00,0x00,0x00,
  0x1f,0xff,0x80,0x00,0x00,0x00,0x00,0x00,0x00,0x00,0x00,0x00,0x00,0x00,0x5f,0xff,0x30,0x00,0x00,0x00,0x00,0x00,0x00,0x00,
  0x00,0x08,0xff,0xf1,0x00,0x00,0x00,0x00,0x00,0x00,0x00,0x00,0x00,0x00,0x00,0xdf,0xfb,0x00,0x00,0x00,0x00,0x00,0x00,0x00,
  0x00,0x00,0x01,0xff,0xf8,0x00,0x00,0x00,0x00,0x00,0x00,0x00,0x00,0x00,0x00,0x05,0xff,0xf3,0x00,0x00,0x00,0x00,0x00,0x00,
  0x00,0x00,0x00,0x00,0x8f,0xff,0x10,0x00,0x00,0x00,0x00,0x00,0x00,0x00,0x00,0x00,0x0d,0xff,0xb0,0x00,0x00,0x00,0x00,0x00,
  0x00,0x00,0x00,0x00,0x00,0x1f,0xff,0x80,0x00,0x00,0x00,0x00,0x00,0x00,0x00,0x00,0x00,0x5f,0xff,0x30,0x00,0x00,0x00,0x00,
  0x00,0x00,0x00,0x00,0x00,0x00,0x08,0xff,0xf1,0x00,0x00,0x00,0x00,0x00,0x00,0x00,0x00,0x00,0xcf,0xfb,0x00,0x00,0x00,0x00,
  0x00,0x00,0x00,0x00,0x00,0x00,0x00,0x01,0xff,0xf8,0x00,0x00,0x00,0x00,0x00,0x00,0x00,0x00,0x05,0xff,0xf3,0x00,0x00,0x00,
  0x00,0x00,0x00,0x00,0x00,0x00,0x00,0x00,0x00,0x8f,0xff,0x10,0x00,0x00,0x00,0x00,0x00,0x00,0x00,0x0c,0xff,0xb0,0x00,0x00,
  0x00,0x00,0x00,0x00,0x00,0x00,0x00,0x00,0x00,0x00,0x1f,0xff,0x80,0x00,0x00,0x00,0x00,0x00,0x00,0x00,0x4f,0xff,0x40,0x00,
  0x00,0x00,0x00,0x00,0x00,0x00,0x00,0x00,0x00,0x00,0x00,0x08,0xff,0xf1,0x00,0x00,0x00,0x00,0x00,0x00,0x00,0xcf,0xfc,0x00,
  0x00,0x00,0x00,0x00,0x00,0x00,0x00,0x00,0x00,0x00,0x00,0x00,0x01,0xff,0xf8,0x00,0x00,0x00,0x00,0x00,0x00,0x04,0xff,0xf4,
  0x00,0x00,0x00,0x00,0x00,0x00,0x00,0x00,0x00,0x00,0x00,0x00,0x00,0x00,0x8f,0xff,0x00,0x00,0x00,0x00,0x00,0x00,0x0c,0xff,
  0xc0,0x00,0x00,0x00,0x00,0x00,0x00,0x00,0x00,0x00,0x00,0x00,0x00,0x00,0x00,0x1f,0xff,0x70,0x00,0x00,0x00,0x00,0x00,0x4f,
  0xff,0x40,0x00,0x00,0x00,0x00,0x00,0x00,0x00,0x00,0x00,0x00,0x00,0x00,0x00,0x00,0x08,0xff,0xe0,0x00,0x00,0x00,0x00,0x00,
  0xcf,0xfc,0x00,0x00,0x00,0x00,0x00,0x00,0x00,0x00,0x00,0x00,0x00,0x00,0x00,0x00,0x00,0x01,0xff,0xf7,0x00,0x00,0x00,0x00,
  0x04,0xff,0xf4,0x00,0x00,0x00,0x00,0x00,0x00,0x00,0x00,0x00,0x00,0x00,0x00,0x00,0x00,0x00,0x00,0x9f,0xfe,0x00,0x00,0x00,
  0x00,0x0c,0xff,0xc0,0x00,0x00,0x00,0x00,0x00,0x00,0x00,0x00,0x00,0x00,0x00,0x00,0x00,0x00,0x00,0x00,0x1f,0xff,0x70,0x00,
  0x00,0x00,0x4f,0xff,0x40,0x00,0x00,0x00,0x00,0x00,0x00,0x00,0x00,0x00,0x00,0x00,0x00,0x00,0x00,0x00,0x00,0x09,0xff,0xe0,
  0x00,0x00,0x00,0xcf,0xfc,0x00,0x00,0x00,0x00,0x00,0x00,0x00,0x00,0x00,0x00,0x00,0x00,0x00,0x00,0x00,0x00,0x00,0x01,0xff,
  0xf7,0x00,0x00,0x04,0xff,0xf4,0x00,0x00,0x00,0x00,0x00,0x00,0x00,0x00,0x00,0x00,0x00,0x00,0x00,0x00,0x00,0x00,0x00,0x00,
  0x9f,0xfe,0x00,0x00,0x0c,0xff,0xc0,0x00,0x00,0x00,0x00,0x00,0x00,0x00,0x00,0x00,0x00,0x00,0x00,0x00,0x00,0x00,0x00,0x00,
  0x00,0x1f,0xff,0x70,0x00,0x4f,0xff,0x40,0x00,0x00,0x00,0x00,0x00,0x00,0x00,0x00,0x00,0x00,0x00,0x00,0x00,0x00,0x00,0x00,
  0x00,0x00,0x09,0xff,0xe0,0x00,0xcf,0xfc,0x00,0x00,0x00,0x00,0x00,0x00,0x00,0x00,0x00,0x00,0x00,0x00,0x00,0x00,0x00,0x00,
  0x00,0x00,0x00,0x01,0xff,0xf7,0x04,0xff,0xf4,0x00,0x00,0x00,0x00,0x00,0x00,0x00,0x00,0x00,0x00,0x00,0x00,0x00,0x00,0x00,
  0x00,0x00,0x00,0x00,0x00,0x9f,0xfe,0x0c,0xff,0xc0,0x00,0x00,0x00,0x00,0x00,0x00,0x00,0x00,0x00,0x00,0x00,0x00,0x00,0x00,
  0x00,0x00,0x00,0x00,0x00,0x00,0x1f,0xff,0xbf,0xff,0x40,0x00,0x00,0x00,0x00,0x00,0x00,0x00,0x00,0x00,0x00,0x00,0x00,0x00,
  0x00,0x00,0x00,0x00,0x00,0x00,0x00,0x09,0xff,0xff,0xfc,0x00,0x00,0x00,0x00,0x00,0x00,0x00,0x00,0x00,0x00,0x00,0x00,0x00,
  0x00,0x00,0x00,0x00,0x00,0x00,0x00,0x00,0x01,0xff,0xff,0xf4,0x00,0x00,0x00,0x00,0x00,0x00,0x00,0x00,0x00,0x00,0x00,0x00,
  0x00,0x00,0x00,0x00,0x00,0x00,0x00,0x00,0x00,0x00,0x9f,0xff,0xc0,0x00,0x00,0x00,0x00,0x00,0x00,0x00,0x00,0x00,0x00,0x00,
  0x00,0x00,0x00,0x00,0x00,0x00,0x00,0x00,0x00,0x00,0x00,0x1f,0xff,0x40,0x00,0x00,0x00,0x00,0x00,0x00,0x00,0x00,0x00,0x00,
  0x00,0x00,0x00,0x00,0x00,0x00,0x00,0x00,0x00,0x00,0x00,0x00,0x09,0xfc,0x00,0x00,0x00,0x00,0x00,0x00,0x00,0x00,0x00,0x00,
  0x00,0x00,0x00,0x00,0x00,0x00,0x00,0x00,0x00,0x00,0x00,0x00,0x00,0x01,0xf4,0x00,0x00,0x00,0x00,0x00,0x00,0x00,0x00,0x00,
  0x00,0x00,0x00,0x00,0x00,0x00,0x00,0x00,0x00,0x00,0x00,0x00,0x00,0x00,0x00,0x60,0x00,0x00,0x00,0x00,0x00,0x00,0x00,0x00,
  0x00,0x00,0x00,0x00,0x00,0x00,0x00,0x00,0x00,0x00,0x00,0x00,0x00,0x00,0x00,0x00,0x00,0x00,0x00,0x00,0x00,0x00,0x00,0x00,
  0x00,0x00,0x0f,0xff,0xff,0xff,0xff,0xff,0xff,0xff,0xff,0xff,0xff,0xff,0xff,0xff,0xff,0xff,0xff,0xff,0xff,0xff,0xff,0xfc,
  0x09,0xff,0xff,0xff,0xff,0xff,0xff,0xff,0xff,0xff,0xff,0xff,0xff,0xff,0xff,0xff,0xff,0xff,0xff,0xff,0xff,0xf6,0x03,0xff,
  0xff,0xff,0xff,0xff,0xff,0xff,0xff,0xff,0xff,0xff,0xff,0xff,0xff,0xff,0xff,0xff,0xff,0xff,0xff,0xf0,0x00,0xcf,0xff,0xff,
  0xff,0xff,0xff,0xff,0xff,0xff,0xff,0xff,0xff,0xff,0xff,0xff,0xff,0xff,0xff,0xff,0xff,0x90,0x00,0x6f,0xff,0xff,0xff,0xff,
  0xff,0xff,0xff,0xff,0xff,0xff,0xff,0xff,0xff,0xff,0xff,0xff,0xff,0xff,0xff,0x30,0x00,0x0f,0xff,0xff,0xfb,0x88,0x88,0x88,
  0x88,0x88,0x88,0x88,0x88,0x88,0x88,0x88,0x88,0x8d,0xff,0xff,0xfd,0x00,0x00,0x09,0xff,0xff,0xfa,0x00,0x00,0x00,0x00,0x00,
  0x00,0x00,0x00,0x00,0x00,0x00,0x00,0x0e,0xff,0xff,0xf6,0x00,0x00,0x03,0xff,0xff,0xff,0x10,0x00,0x00,0x00,0x00,0x00,0x00,
  0x00,0x00,0x00,0x00,0x00,0x5f,0xff,0xff,0xf1,0x00,0x00,0x00,0xdf,0xff,0xff,0x70,0x00,0x00,0x00,0x00,0x00,0x00,0x00,0x00,
  0x00,0x00,0x00,0xbf,0xff,0xff,0xa0,0x00,0x00,0x00,0x7f,0xff,0xff,0xd0,0x00,0x00,0x00,0x00,0x00,0x00,0x00,0x00,0x00,0x00,
  0x01,0xff,0xff,0xff,0x40,0x00,0x00,0x00,0x1f,0xff,0xff,0xf3,0x00,0x00,0x00,0x00,0x00,0x00,0x00,0x00,0x00,0x00,0x07,0xff,
  0xff,0xfd,0x00,0x00,0x00,0x00,0x0a,0xff,0xff,0xf9,0x00,0x00,0x00,0x00,0x00,0x00,0x00,0x00,0x00,0x00,0x0d,0xff,0xff,0xf7,
  0x00,0x00,0x00,0x00,0x04,0xff,0xff,0xff,0x00,0x00,0x00,0x00,0x00,0x00,0x00,0x00,0x00,0x00,0x4f,0xff,0xff,0xf1,0x00,0x00,
  0x00,0x00,0x00,0xdf,0xff,0xff,0x60,0x00,0x00,0x00,0x00,0x00,0x00,0x00,0x00,0x00,0xaf,0xff,0xff,0xa0,0x00,0x00,0x00,0x00,
  0x00,0x7f,0xff,0xff,0xc0,0x00,0x00,0x00,0x00,0x00,0x00,0x00,0x00,0x00,0xff,0xff,0xff,0x40,0x00,0x00,0x00,0x00,0x00,0x1f,
  0xff,0xff,0xf2,0x00,0x00,0x00,0x00,0x00,0x00,0x00,0x00,0x06,0xff,0xff,0xfe,0x00,0x00,0x00,0x00,0x00,0x00,0x0b,0xff,0xff,
  0xf8,0x00,0x00,0x00,0x00,0x00,0x00,0x00,0x00,0x0c,0xff,0xff,0xf8,0x00,0x00,0x00,0x00,0x00,0x00,0x04,0xff,0xff,0xfe,0x00,
  0x00,0x00,0x00,0x00,0x00,0x00,0x00,0x2f,0xff,0xff,0xf1,0x00,0x00,0x00,0x00,0x00,0x00,0x00,0xef,0xff,0xff,0x40,0x00,0x00,
  0x00,0x00,0x00,0x00,0x00,0x9f,0xff,0xff,0xb0,0x00,0x00,0x00,0x00,0x00,0x00,0x00,0x8f,0xff,0xff,0xb0,0x00,0x00,0x00,0x00,
  0x00,0x00,0x00,0xef,0xff,0xff,0x50,0x00,0x00,0x00,0x00,0x00,0x00,0x00,0x2f,0xff,0xff,0xf1,0x00,0x00,0x00,0x00,0x00,0x00,
  0x05,0xff,0xff,0xfe,0x00,0x00,0x00,0x00,0x00,0x00,0x00,0x00,0x0b,0xff,0xff,0xf7,0x00,0x00,0x00,0x00,0x00,0x00,0x0b,0xff,
  0xff,0xf8,0x00,0x00,0x00,0x00,0x00,0x00,0x00,0x00,0x05,0xff,0xff,0xfd,0x00,0x00,0x00,0x00,0x00,0x00,0x1f,0xff,0xff,0xf2,
  0x00,0x00,0x00,0x00,0x00,0x00,0x00,0x00,0x00,0xef,0xff,0xff,0x30,0x00,0x00,0x00,0x00,0x00,0x7f,0xff,0xff,0xb0,0x00,0x00,
  0x00,0x00,0x00,0x00,0x00,0x00,0x00,0x8f,0xff,0xff,0xa0,0x00,0x00,0x00,0x00,0x00,0xdf,0xff,0xff,0x50,0x00,0x00,0x00,0x00,
  0x00,0x00,0x00,0x00,0x00,0x2f,0xff,0xff,0xf0,0x00,0x00,0x00,0x00,0x04,0xff,0xff,0xfe,0x00,0x00,0x00,0x00,0x00,0x00,0x00,
  0x00,0x00,0x00,0x0c,0xff,0xff,0xf6,0x00,0x00,0x00,0x00,0x0a,0xff,0xff,0xf9,0x00,0x00,0x00,0x00,0x00,0x00,0x00,0x00,0x00,
  0x00,0x05,0xff,0xff,0xfc,0x00,0x00,0x00,0x00,0x1f,0xff,0xff,0xf2,0x00,0x00,0x00,0x00,0x00,0x00,0x00,0x00,0x00,0x00,0x00,
  0xef,0xff,0xff,0x20,0x00,0x00,0x00,0x6f,0xff,0xff,0xc0,0x00,0x00,0x00,0x00,0x00,0x00,0x00,0x00,0x00,0x00,0x00,0x9f,0xff,
  0xff,0x80,0x00,0x00,0x00,0xcf,0xff,0xff,0x60,0x00,0x00,0x00,0x00,0x00,0x00,0x00,0x00,0x00,0x00,0x00,0x3f,0xff,0xff,0xe0,
  0x00,0x00,0x03,0xff,0xff,0xff,0x00,0x00,0x00,0x00,0x00,0x00,0x00,0x00,0x00,0x00,0x00,0x00,0x0c,0xff,0xff,0xf5,0x00,0x00,
  0x09,0xff,0xff,0xf9,0x00,0x00,0x00,0x00,0x00,0x00,0x00,0x00,0x00,0x00,0x00,0x00,0x06,0xff,0xff,0xfb,0x00,0x00,0x0e,0xff,
  0xff,0xf3,0x00,0x00,0x00,0x00,0x00,0x00,0x00,0x00,0x00,0x00,0x00,0x00,0x00,0xff,0xff,0xff,0x10,0x00,0x5f,0xff,0xff,0xd0,
  0x00,0x00,0x00,0x00,0x00,0x00,0x00,0x00,0x00,0x00,0x00,0x00,0x00,0x9f,0xff,0xff,0x70,0x00,0xbf,0xff,0xff,0x60,0x00,0x00,
  0x00,0x00,0x00,0x00,0x00,0x00,0x00,0x00,0x00,0x00,0x00,0x3f,0xff,0xff,0xd0,0x02,0xff,0xff,0xff,0x10,0x00,0x00,0x00,0x00,
  0x00,0x00,0x00,0x00,0x00,0x00,0x00,0x00,0x00,0x0d,0xff,0xff,0xf4,0x08,0xff,0xff,0xfa,0x00,0x00,0x00,0x00,0x00,0x00,0x00,
  0x00,0x00,0x00,0x00,0x00,0x00,0x00,0x07,0xff,0xff,0xfa,0x0e,0xff,0xff,0xf3,0x00,0x00,0x00,0x00,0x00,0x00,0x00,0x00,0x00,
  0x00,0x00,0x00,0x00,0x00,0x01,0xff,0xff,0xff,0x5f,0xff,0xff,0xd0,0x00,0x00,0x00,0x00,0x00,0x00,0x00,0x00,0x00,0x00,0x00,
  0x00,0x00,0x00,0x00,0xaf,0xff,0xff,0xef,0xff,0xff,0x70,0x00,0x00,0x00,0x00,0x00,0x00,0x00,0x00,0x00,0x00,0x00,0x00,0x00,
  0x00,0x00,0x4f,0xff,0xff,0xff,0xff,0xff,0x10,0x00,0x00,0x00,0x00,0x00,0x00,0x00,0x00,0x00,0x00,0x00,0x00,0x00,0x00,0x00,
  0x0d,0xff,0xff,0xff,0xff,0xfa,0x00,0x00,0x00,0x00,0x00,0x00,0x00,0x00,0x00,0x00,0x00,0x00,0x00,0x00,0x00,0x00,0x07,0xff,
  0xff,0xff,0xff,0xf4,0x00,0x00,0x00,0x00,0x00,0x00,0x00,0x00,0x00,0x00,0x00,0x00,0x00,0x00,0x00,0x00,0x01,0xff,0xff,0xff,
  0xff,0xe0,0x00,0x00,0x00,0x00,0x00,0x00,0x00,0x00,0x00,0x00,0x00,0x00,0x00,0x00,0x00,0x00,0x00,0xaf,0xff,0xff,0xff,0x70,
  0x00,0x00,0x00,0x00,0x00,0x00,0x00,0x00,0x00,0x00,0x00,0x00,0x00,0x00,0x00,0x00,0x00,0x4f,0xff,0xff,0xff,0x10,0x00,0x00,
  0x00,0x00,0x00,0x00,0x00,0x00,0xaf,0xff,0xb0,0x00,0x00,0x00,0x00,0x0b,0xff,0xfa,0x1e,0xff,0xf7,0x00,0x00,0x00,0x00,0x7f,
  0xff,0xe1,0x06,0xff,0xff,0x30,0x00,0x00,0x03,0xff,0xff,0x50,0x00,0xbf,0xff,0xd0,0x00,0x00,0x0d,0xff,0xfb,0x00,0x00,0x2f,
  0xff,0xf9,0x00,0x00,0x9f,0xff,0xf2,0x00,0x00,0x07,0xff,0xff,0x50,0x05,0xff,0xff,0x70,0x00,0x00,0x00,0xcf,0xff,0xe1,0x1e,
  0xff,0xfc,0x00,0x00,0x00,0x00,0x3f,0xff,0xfc,0xcf,0xff,0xf3,0x00,0x00,0x00,0x00,0x08,0xff,0xff,0xff,0xff,0x80,0x00,0x00,
  0x00,0x00,0x00,0xdf,0xff,0xff,0xfd,0x00,0x00,0x00,0x00,0x00,0x00,0x4f,0xff,0xff,0xf4,0x00,0x00,0x00,0x00,0x00,0x00,0x0a,
  0xff,0xff,0xa0,0x00,0x00,0x00,0x9f,0xff,0xff,0xff,0xff,0xff,0xff,0xff,0xff,0xff,0xff,0xff,0xff,0xff,0xff,0xff,0xff,0xff,
  0xff,0xff,0xff,0xff,0xff,0xff,0xff,0xd0,0xaf,0xff,0xff,0xff,0xff,0xff,0xff,0xff,0xff,0xff,0xff,0xff,0xff,0xff,0xff,0xff,
  0xff,0xff,0xff,0xff,0xff,0xff,0xff,0xff,0xff,0xd0,0xaf,0xff,0xff,0xff,0xff,0xff,0xff,0xff,0xff,0xff,0xff,0xff,0xff,0xff,
  0xff,0xff,0xff,0xff,0xff,0xff,0xff,0xff,0xff,0xff,0xff,0xd0,0xaf,0xff,0xff,0xff,0xff,0xff,0xff,0xff,0xff,0xff,0xff,0xff,
  0xff,0xff,0xff,0xff,0xff,0xff,0xff,0xff,0xff,0xff,0xff,0xff,0xff,0xd0,0xaf,0xff,0xff,0xff,0xff,0xff,0xff,0xff,0xff,0xff,
  0xff,0xff,0xff,0xff,0xff,0xff,0xff,0xff,0xff,0xff,0xff,0xff,0xff,0xff,0xff,0xd0,0xaf,0xff,0xff,0xff,0xff,0xff,0xff,0xff,
  0xff,0xff,0xff,0xff,0xff,0xff,0xff,0xff,0xff,0xff,0xff,0xff,0xff,0xff,0xff,0xff,0xff,0xd0,0xaf,0xff,0xff,0xff,0xff,0xff,
  0xff,0xff,0xff,0xff,0xff,0xff,0xff,0xff,0xff,0xff,0xff,0xff,0xff,0xff,0xff,0xff,0xff,0xff,0xff,0xd0,0xaf,0xff,0xff,0xff,
  0xff,0xff,0xff,0xff,0xff,0xff,0xff,0xff,0xff,0xff,0xff,0xff,0xff,0xff,0xff,0xff,0xff,0xff,0xff,0xff,0xff,0xd0,0xaf,0xff,
  0xff,0xff,0xff,0xff,0xff,0xff,0xff,0xff,0xff,0xff,0xff,0xff,0xff,0xff,0xff,0xff,0xff,0xff,0xff,0xff,0xff,0xff,0xff,0xd0,
  0xaf,0xff,0xff,0xff,0xff,0xff,0xff,0xff,0xff,0xff,0xff,0xff,0xff,0xff,0xff,0xff,0xff,0xff,0xff,0xff,0xff,0xff,0xff,0xff,
  0xff,0xd0,0x02,0x22,0x22,0x22,0x22,0x22,0x22,0x22,0x22,0x22,0x22,0x22,0x22,0x22,0x22,0x22,0x22,0x22,0x22,0x22,0x22,0x22,
  0x20,0x1f,0xff,0xff,0xff,0xff,0xff,0xff,0xff,0xff,0xff,0xff,0xff,0xff,0xff,0xff,0xff,0xff,0xff,0xff,0xff,0xff,0xff,0xf1,
  0x1f,0xff,0xff,0xff,0xff,0xff,0xff,0xff,0xff,0xff,0xff,0xff,0xff,0xff,0xff,0xff,0xff,0xff,0xff,0xff,0xff,0xff,0xf1,0x1f,
  0xff,0xff,0xff,0xff,0xff,0xff,0xff,0xff,0xff,0xff,0xff,0xff,0xff,0xff,0xff,0xff,0xff,0xff,0xff,0xff,0xff,0xf1,0x01,0x11,
  0x11,0x11,0x11,0x11,0x11,0x11,0x11,0x11,0x11,0x11,0x11,0x11,0x11,0x11,0x11,0x11,0x11,0x11,0x11,0x11,0x10,0x00,0x74,0x00,
  0x00,0x00,0x00,0x00,0x00,0x01,0xff,0xb2,0x00,0x00,0x00,0x00,0x00,0x09,0xff,0xff,0x80,0x00,0x00,0x00,0x00,0x2f,0xff,0xff,
  0xfe,0x50,0x00,0x00,0x00,0x3c,0xff,0xff,0xff,0xfc,0x20,0x00,0x00,0x00,0x3a,0xff,0xff,0xff,0xf9,0x10,0x00,0x00,0x00,0x18,
  0xef,0xff,0xff,0xe6,0x00,0x00,0x00,0x00,0x06,0xdf,0xff,0xff,0xc3,0x00,0x00,0x00,0x00,0x04,0xbf,0xff,0xf3,0x00,0x00,0x00,
  0x00,0x00,0x02,0x9f,0xb0,0x00,0x00,0x00,0x00,0x00,0x00,0x01,0x10,0x00,0x00,0x00,0x00,0x00,0x0a,0xee,0x80,0x00,0x00,0x00,
  0x00,0x00,0x00,0x00,0x00,0x00,0x00,0x1f,0xff,0xf0,0x00,0x00,0x00,0x00,0x00,0x00,0x00,0x00,0x00,0x00,0x8f,0xff,0xf6,0x00,
  0x00,0x00,0x00,0x00,0x00,0x00,0x00,0x00,0x00,0xef,0xff,0xfc,0x00,0x00,0x00,0x00,0x00,0x00,0x00,0x00,0x00,0x05,0xff,0xff,
  0xff,0x30,0x00,0x00,0x00,0x00,0x00,0x00,0x00,0x00,0x0b,0xff,0xff,0xff,0x90,0x00,0x00,0x00,0x00,0x00,0x00,0x00,0x00,0x2f,
  0xff,0xdd,0xff,0xf1,0x00,0x00,0x00,0x00,0x00,0x00,0x00,0x00,0x8f,0xff,0x77,0xff,0xf6,0x00,0x00,0x00,0x00,0x00,0x00,0x00,
  0x00,0xef,0xff,0x11,0xff,0xfd,0x00,0x00,0x00,0x00,0x00,0x00,0x00,0x05,0xff,0xfa,0x00,0xaf,0xff,0x30,0x00,0x00,0x00,0x00,
  0x00,0x00,0x0b,0xff,0xf3,0x00,0x3f,0xff,0xa0,0x00,0x00,0x00,0x00,0x00,0x00,0x2f,0xff,0xd0,0x00,0x0d,0xff,0xf1,0x00,0x00,
  0x00,0x00,0x00,0x00,0x8f,0xff,0x60,0x00,0x06,0xff,0xf7,0x00,0x00,0x00,0x00,0x00,0x00,0xef,0xff,0x00,0x00,0x00,0xff,0xfd,
  0x00,0x00,0x00,0x00,0x00,0x05,0xff,0xf9,0x00,0x00,0x00,0x9f,0xff,0x40,0x00,0x00,0x00,0x00,0x0b,0xff,0xf3,0x00,0x00,0x00,
  0x3f,0xff,0xa0,0x00,0x00,0x00,0x00,0x2f,0xff,0xc0,0x00,0x00,0x00,0x0c,0xff,0xf1,0x00,0x00,0x00,0x00,0x8f,0xff,0x60,0x00,
  0x00,0x00,0x06,0xff,0xf7,0x00,0x00,0x00,0x00,0xef,0xff,0x00,0x00,0x00,0x00,0x00,0xff,0xfe,0x00,0x00,0x00,0x05,0xff,0xf9,
  0x00,0x00,0x00,0x00,0x00,0x9f,0xff,0x40,0x00,0x00,0x0c,0xff,0xf2,0x00,0x00,0x00,0x00,0x00,0x2f,0xff,0xb0,0x00,0x00,0x2f,
  0xff,0xc0,0x00,0x00,0x00,0x00,0x00,0x0c,0xff,0xf2,0x00,0x00,0x8f,0xff,0x50,0x00,0x00,0x00,0x00,0x00,0x05,0xff,0xf8,0x00,
  0x00,0xef,0xfe,0x00,0x00,0x00,0x00,0x00,0x00,0x00,0xef,0xfe,0x00,0x05,0xff,0xf8,0x00,0x00,0x00,0x00,0x00,0x00,0x00,0x8f,
  0xff,0x50,0x0c,0xff,0xf2,0x00,0x00,0x00,0x00,0x00,0x00,0x00,0x2f,0xff,0xb0,0x2f,0xff,0xb0,0x00,0x00,0x00,0x00,0x00,0x00,
  0x00,0x0b,0xff,0xf2,0x38,0x88,0x30,0x00,0x00,0x00,0x00,0x00,0x00,0x00,0x03,0x88,0x83,0x00,0x00,0x00,0x00,0x00,0x00,0x00,
  0x01,0x00,0x00,0x00,0x00,0x00,0x00,0x00,0x00,0x00,0x00,0x00,0x01,0x5a,0xdf,0xff,0xff,0xc8,0x30,0x00,0x00,0x00,0x00,0x00,
  0x00,0x00,0x01,0x8f,0xff,0xff,0xff,0xff,0xff,0xfb,0x30,0x00,0x00,0x00,0x00,0x00,0x00,0x4e,0xff,0xff,0xff,0xff,0xff,0xff,
  0xff,0xf7,0x00,0x00,0x00,0x00,0x00,0x07,0xff,0xff,0xff,0xff,0xff,0xff,0xff,0xff,0xff,0x90,0x00,0x00,0x00,0x00,0x6f,0xff,
  0xff,0xfb,0x52,0x00,0x25,0xbf,0xff,0xff,0xf7,0x00,0x00,0x00,0x03,0xff,0xff,0xfe,0x40,0x00,0x00,0x00,0x04,0xef,0xff,0xff,
  0x40,0x00,0x00,0x0e,0xff,0xff,0xe2,0x00,0x00,0x00,0x00,0x00,0x2e,0xff,0xff,0xd0,0x00,0x00,0x8f,0xff,0xff,0x40,0x00,0x00,
  0x00,0x00,0x00,0x04,0xff,0xff,0xf6,0x00,0x00,0xef,0xff,0xfb,0x00,0x00,0x00,0x00,0x00,0x00,0x00,0xaf,0xff,0xfe,0x00,0x06,
  0xff,0xff,0xf4,0x00,0x00,0x00,0x00,0x00,0x00,0x00,0x3f,0xff,0xff,0x50,0x0b,0xff,0xff,0xe0,0x00,0x00,0x00,0x00,0x00,0x00,
  0x00,0x0d,0xff,0xff,0xa0,0x0f,0xff,0xff,0x90,0x00,0x00,0x00,0x00,0x00,0x00,0x00,0x09,0xff,0xff,0xe0,0x2f,0xff,0xff,0x60,
  0x00,0x00,0x00,0x00,0x00,0x00,0x00,0x05,0xff,0xff,0xf1,0x5f,0xff,0xff,0x30,0x00,0x00,0x00,0x00,0x00,0x00,0x00,0x03,0xff,
  0xff,0xf4,0x7f,0xff,0xff,0x20,0x00,0x00,0x00,0x00,0x00,0x00,0x00,0x01,0xff,0xff,0xf6,0x8f,0xff,0xff,0x10,0x00,0x00,0x00,
  0x00,0x00,0x00,0x00,0x00,0xff,0xff,0xf7,0x8f,0xff,0xff,0x00,0x00,0x00,0x00,0x00,0x00,0x00,0x00,0x00,0xff,0xff,0xf8,0x8f,
  0xff,0xff,0x00,0x00,0x00,0x00,0x00,0x00,0x00,0x00,0x00,0xff,0xff,0xf8,0x7f,0xff,0xff,0x00,0x00,0x00,0x00,0x00,0x00,0x00,
  0x00,0x01,0xff,0xff,0xf7,0x6f,0xff,0xff,0x20,0x00,0x00,0x00,0x00,0x00,0x00,0x00,0x02,0xff,0xff,0xf6,0x4f,0xff,0xff,0x30,
  0x00,0x00,0x00,0x00,0x00,0x00,0x00,0x04,0xff,0xff,0xf4,0x1f,0xff,0xff,0x60,0x00,0x00,0x00,0x00,0x00,0x00,0x00,0x06,0xff,
  0xff,0xf1,0x0e,0xff,0xff,0x90,0x00,0x00,0x00,0x00,0x00,0x00,0x00,0x0a,0xff,0xff,0xe0,0x0a,0xff,0xff,0xe0,0x00,0x00,0x00,
  0x00,0x00,0x00,0x00,0x0e,0xff,0xff,0x90,0x05,0xff,0xff,0xf4,0x00,0x00,0x00,0x00,0x00,0x00,0x00,0x5f,0xff,0xff,0x40,0x00,
  0xef,0xff,0xfb,0x00,0x00,0x00,0x00,0x00,0x00,0x00,0xcf,0xff,0xfd,0x00,0x00,0x7f,0xff,0xff,0x50,0x00,0x00,0x00,0x00,0x00,
  0x05,0xff,0xff,0xf5,0x00,0x00,0x0e,0xff,0xff,0xf3,0x00,0x00,0x00,0x00,0x00,0x3f,0xff,0xff,0xb0,0x00,0x00,0x05,0xff,0xff,
  0xff,0x60,0x00,0x00,0x00,0x06,0xff,0xff,0xfe,0x10,0x00,0x00,0x00,0x8f,0xff,0xff,0xfd,0x73,0x22,0x47,0xdf,0xff,0xff,0xf3,
  0x00,0x00,0x00,0x00,0x09,0xff,0xff,0xff,0xff,0xff,0xff,0xff,0xff,0xfe,0x30,0x00,0x00,0x00,0x00,0x00,0x7f,0xff,0xff,0xff,
  0xff,0xff,0xff,0xff,0xc1,0x00,0x00,0x00,0x00,0x00,0x00,0x03,0xbf,0xff,0xff,0xff,0xff,0xff,0xc4,0x00,0x00,0x00,0x00,0x00,
  0x00,0x00,0x00,0x02,0x7b,0xdf,0xfe,0xdb,0x72,0x00,0x00,0x00,0x00,0x00,0x00,0x00,0x00,0x12,0x22,0x21,0x00,0x00,0x00,0x02,
  0x22,0x22,0x00,0x00,0x00,0x00,0xff,0xff,0xff,0x50,0x00,0x00,0x4f,0xff,0xff,0xf0,0x00,0x00,0x00,0xdf,0xff,0xff,0x10,0x00,
  0x00,0x3f,0xff,0xff,0xd0,0x00,0x00,0x00,0xcf,0xff,0xfc,0x00,0x00,0x00,0x2f,0xff,0xff,0x80,0x00,0x00,0x00,0xcf,0xff,0xf8,
  0x00,0x00,0x00,0x1f,0xff,0xff,0x40,0x00,0x00,0x00,0xcf,0xff,0xf4,0x00,0x00,0x00,0x1f,0xff,0xff,0x00,0x00,0x00,0x00,0xcf,
  0xff,0xf1,0x00,0x00,0x00,0x1f,0xff,0xfc,0x00,0x00,0x00,0x00,0xcf,0xff,0xf0,0x00,0x00,0x00,0x1f,0xff,0xf9,0x00,0x00,0x00,
  0x00,0xdf,0xff,0xc0,0x00,0x00,0x00,0x2f,0xff,0xf6,0x00,0x00,0x00,0x00,0xef,0xff,0x90,0x00,0x00,0x00,0x3f,0xff,0xf3,0x00,
  0x00,0x00,0x00,0xff,0xff,0x60,0x00,0x00,0x00,0x4f,0xff,0xf0,0x00,0x00,0x00,0x00,0xff,0xff,0x30,0x00,0x00,0x00,0x5f,0xff,
  0xd0,0x00,0x00,0x00,0x02,0xff,0xff,0x00,0x00,0x00,0x00,0x6f,0xff,0xa0,0x00,0x00,0x00,0x04,0xff,0xfd,0x00,0x00,0x00,0x00,
  0x8f,0xff,0x60,0x00,0x00,0x00,0x06,0xff,0xf9,0x00,0x00,0x00,0x00,0xaf,0xff,0x20,0x00,0x00,0x00,0x09,0xff,0xf5,0x00,0x00,
  0x00,0x00,0xdf,0xfe,0x00,0x00,0x00,0x00,0x0b,0xff,0xf1,0x00,0x00,0x00,0x00,0xff,0xfb,0x00,0x00,0x00,0x00,0x0e,0xff,0xc0,
  0x00,0x00,0x00,0x02,0xff,0xf6,0x00,0x00,0x00,0x00,0x1f,0xff,0x80,0x00,0x00,0x00,0x05,0xff,0xf2,0x00,0x00,0x00,0x00,0x5f,
  0xff,0x20,0x00,0x00,0x00,0x08,0xff,0xd0,0x00,0x00,0x00,0x00,0x8f,0xfd,0x00,0x00,0x00,0x00,0x0c,0xff,0x80,0x00,0x00,0x00,
  0x00,0xcf,0xf7,0x00,0x00,0x00,0x00,0x0f,0xff,0x30,0x00,0x00,0x00,0x00,0xff,0xf1,0x00,0x00,0x00,0x00,0x4f,0xfc,0x00,0x00,
  0x00,0x00,0x05,0xff,0xa0,0x00,0x00,0x00,0x00,0x8f,0xf5,0x00,0x00,0x00,0x00,0x0a,0xff,0x30,0x00,0x00,0x00,0x00,0xdf,0xe0,
  0x00,0x00,0x00,0x00,0x0e,0xfc,0x00,0x00,0x00,0x00,0x02,0xff,0x60,0x00,0x00,0x00,0x00,0x4f,0xf4,0x00,0x00,0x00,0x00,0x08,
  0xfd,0x00,0x00,0x00,0x00,0x00,0x9f,0xc0,0x00,0x00,0x00,0x00,0x0d,0xf5,0x00,0x00,0x00,0x00,0x00,0xef,0x30,0x00,0x00,0x00,
  0x00,0x3f,0xc0,0x00,0x00,0x00,0x00,0x05,0xfa,0x00,0x00,0x00,0x00,0x00,0x9f,0x30,0x00,0x00,0x00,0x00,0x0b,0xe1,0x00,0x00,
  0x00,0x00,0x00,0xf9,0x00,0x00,0x00,0x00,0x00,0x0c,0x20,0x00,0x00,0x00,0x00,0x04,0xb0,0x00,0x00,0x00,0x00,0x00,0x00,0x00,
  0x00,0x00,0x00,0x00,0x00,0x00,0x48,0xad,0xef,0xff,0xec,0xa7,0x30,0x00,0x00,0x00,0x00,0x00,0x00,0x00,0x00,0x00,0x00,0x00,
  0x00,0x00,0x00,0x04,0xaf,0xff,0xff,0xff,0xff,0xff,0xff,0xfe,0x93,0x00,0x00,0x00,0x00,0x00,0x00,0x00,0x00,0x00,0x00,0x00,
  0x00,0x04,0xcf,0xff,0xff,0xff,0xff,0xff,0xff,0xff,0xff,0xff,0xb2,0x00,0x00,0x00,0x00,0x00,0x00,0x00,0x00,0x00,0x00,0x00,
  0xaf,0xff,0xff,0xff,0xff,0xff,0xff,0xff,0xff,0xff,0xff,0xff,0x80,0x00,0x00,0x00,0x00,0x00,0x00,0x00,0x00,0x00,0x2d,0xff,
  0xff,0xff,0xff,0xff,0xff,0xff,0xff,0xff,0xff,0xff,0xff,0xfc,0x10,0x00,0x00,0x00,0x00,0x00,0x00,0x00,0x03,0xff,0xff,0xff,
  0xff,0xfc,0x74,0x10,0x00,0x24,0x8c,0xff,0xff,0xff,0xff,0xe2,0x00,0x00,0x00,0x00,0x00,0x00,0x00,0x3f,0xff,0xff,0xff,0xf9,
  0x20,0x00,0x00,0x00,0x00,0x00,0x3a,0xff,0xff,0xff,0xfe,0x20,0x00,0x00,0x00,0x00,0x00,0x02,0xef,0xff,0xff,0xfd,0x30,0x00,
  0x00,0x00,0x00,0x00,0x00,0x00,0x4e,0xff,0xff,0xff,0xd1,0x00,0x00,0x00,0x00,0x00,0x0c,0xff,0xff,0xff,0xb1,0x00,0x00,0x00,
  0x00,0x00,0x00,0x00,0x00,0x01,0xdf,0xff,0xff,0xfb,0x00,0x00,0x00,0x00,0x00,0x7f,0xff,0xff,0xfc,0x00,0x00,0x00,0x00,0x00,
  0x00,0x00,0x00,0x00,0x00,0x1d,0xff,0xff,0xff,0x60,0x00,0x00,0x00,0x01,0xff,0xff,0xff,0xe1,0x00,0x00,0x00,0x00,0x00,0x00,
  0x00,0x00,0x00,0x00,0x02,0xff,0xff,0xff,0xe0,0x00,0x00,0x00,0x09,0xff,0xff,0xff,0x40,0x00,0x00,0x00,0x00,0x00,0x00,0x00,
  0x00,0x00,0x00,0x00,0x6f,0xff,0xff,0xf8,0x00,0x00,0x00,0x1f,0xff,0xff,0xfa,0x00,0x00,0x00,0x00,0x00,0x00,0x00,0x00,0x00,
  0x00,0x00,0x00,0x0c,0xff,0xff,0xfe,0x00,0x00,0x00,0x7f,0xff,0xff,0xf2,0x00,0x00,0x00,0x00,0x00,0x00,0x00,0x00,0x00,0x00,
  0x00,0x00,0x04,0xff,0xff,0xff,0x60,0x00,0x00,0xdf,0xff,0xff,0xb0,0x00,0x00,0x00,0x00,0x00,0x00,0x00,0x00,0x00,0x00,0x00,
  0x00,0x00,0xef,0xff,0xff,0xb0,0x00,0x01,0xff,0xff,0xff,0x60,0x00,0x00,0x00,0x00,0x00,0x00,0x00,0x00,0x00,0x00,0x00,0x00,
  0x00,0x8f,0xff,0xff,0xf0,0x00,0x05,0xff,0xff,0xff,0x10,0x00,0x00,0x00,0x00,0x00,0x00,0x00,0x00,0x00,0x00,0x00,0x00,0x00,
  0x4f,0xff,0xff,0xf4,0x00,0x09,0xff,0xff,0xfe,0x00,0x00,0x00,0x00,0x00,0x00,0x00,0x00,0x00,0x00,0x00,0x00,0x00,0x00,0x0f,
  0xff,0xff,0xf7,0x00,0x0b,0xff,0xff,0xfb,0x00,0x00,0x00,0x00,0x00,0x00,0x00,0x00,0x00,0x00,0x00,0x00,0x00,0x00,0x0d,0xff,
  0xff,0xfa,0x00,0x0d,0xff,0xff,0xf9,0x00,0x00,0x00,0x00,0x00,0x00,0x00,0x00,0x00,0x00,0x00,0x00,0x00,0x00,0x0b,0xff,0xff,
  0xfc,0x00,0x0f,0xff,0xff,0xf7,0x00,0x00,0x00,0x00,0x00,0x00,0x00,0x00,0x00,0x00,0x00,0x00,0x00,0x00,0x0a,0xff,0xff,0xfd,
  0x00,0x0f,0xff,0xff,0xf6,0x00,0x00,0x00,0x00,0x00,0x00,0x00,0x00,0x00,0x00,0x00,0x00,0x00,0x00,0x09,0xff,0xff,0xfe,0x00,
  0x0f,0xff,0xff,0xf6,0x00,0x00,0x00,0x00,0x00,0x00,0x00,0x00,0x00,0x00,0x00,0x00,0x00,0x00,0x09,0xff,0xff,0xfe,0x00,0x0f,
  0xff,0xff,0xf7,0x00,0x00,0x00,0x00,0x00,0x00,0x00,0x00,0x00,0x00,0x00,0x00,0x00,0x00,0x0a,0xff,0xff,0xfe,0x00,0x0f,0xff,
  0xff,0xf8,0x00,0x00,0x00,0x00,0x00,0x00,0x00,0x00,0x00,0x00,0x00,0x00,0x00,0x00,0x0b,0xff,0xff,0xfd,0x00,0x0f,0xff,0xff,
  0xf9,0x00,0x00,0x00,0x00,0x00,0x00,0x00,0x00,0x00,0x00,0x00,0x00,0x00,0x00,0x0c,0xff,0xff,0xfc,0x00,0x0d,0xff,0xff,0xfc,
  0x00,0x00,0x00,0x00,0x00,0x00,0x00,0x00,0x00,0x00,0x00,0x00,0x00,0x00,0x0e,0xff,0xff,0xfa,0x00,0x0a,0xff,0xff,0xff,0x00,
  0x00,0x00,0x00,0x00,0x00,0x00,0x00,0x00,0x00,0x00,0x00,0x00,0x00,0x1f,0xff,0xff,0xf8,0x00,0x08,0xff,0xff,0xff,0x20,0x00,
  0x00,0x00,0x00,0x00,0x00,0x00,0x00,0x00,0x00,0x00,0x00,0x00,0x5f,0xff,0xff,0xf5,0x00,0x04,0xff,0xff,0xff,0x70,0x00,0x00,
  0x00,0x00,0x00,0x00,0x00,0x00,0x00,0x00,0x00,0x00,0x00,0x9f,0xff,0xff,0xf2,0x00,0x00,0xff,0xff,0xff,0xc0,0x00,0x00,0x00,
  0x00,0x00,0x00,0x00,0x00,0x00,0x00,0x00,0x00,0x00,0xef,0xff,0xff,0xd0,0x00,0x00,0xbf,0xff,0xff,0xf2,0x00,0x00,0x00,0x00,
  0x00,0x00,0x00,0x00,0x00,0x00,0x00,0x00,0x04,0xff,0xff,0xff,0x90,0x00,0x00,0x4f,0xff,0xff,0xf9,0x00,0x00,0x00,0x00,0x00,
  0x00,0x00,0x00,0x00,0x00,0x00,0x00,0x0b,0xff,0xff,0xff,0x20,0x00,0x00,0x0e,0xff,0xff,0xff,0x10,0x00,0x00,0x00,0x00,0x00,
  0x00,0x00,0x00,0x00,0x00,0x00,0x3f,0xff,0xff,0xfc,0x00,0x00,0x00,0x06,0xff,0xff,0xff,0x90,0x00,0x00,0x00,0x00,0x00,0x00,
  0x00,0x00,0x00,0x00,0x00,0xbf,0xff,0xff,0xf4,0x00,0x00,0x00,0x00,0xdf,0xff,0xff,0xf3,0x00,0x00,0x00,0x00,0x00,0x00,0x00,
  0x00,0x00,0x00,0x06,0xff,0xff,0xff,0xb0,0x00,0x00,0x00,0x00,0x3f,0xff,0xff,0xfd,0x00,0x00,0x00,0x00,0x00,0x00,0x00,0x00,
  0x00,0x00,0x1f,0xff,0xff,0xff,0x20,0x00,0x00,0x00,0x00,0x08,0xff,0xff,0xff,0xa0,0x00,0x00,0x00,0x00,0x00,0x00,0x00,0x00,
  0x00,0xcf,0xff,0xff,0xf6,0x00,0x00,0x00,0x00,0x00,0x00,0xcf,0xff,0xff,0xf8,0x00,0x00,0x00,0x00,0x00,0x00,0x00,0x00,0x0a,
  0xff,0xff,0xff,0xb0,0x00,0x00,0x00,0x00,0x00,0x00,0x1d,0xff,0xff,0xff,0x80,0x00,0x00,0x00,0x00,0x00,0x00,0x00,0x9f,0xff,
  0xff,0xfc,0x00,0x00,0x00,0x00,0x00,0x00,0x00,0x02,0xef,0xff,0xff,0xfa,0x00,0x00,0x00,0x00,0x00,0x00,0x0b,0xff,0xff,0xff,
  0xe1,0x00,0x00,0x00,0x00,0x00,0x00,0x00,0x00,0x3e,0xff,0xff,0xff,0xc2,0x00,0x00,0x00,0x00,0x03,0xdf,0xff,0xff,0xfe,0x20,
  0x00,0x00,0x00,0x00,0x00,0x00,0x00,0x00,0x02,0xef,0xff,0xff,0xff,0x70,0x00,0x00,0x00,0x8f,0xff,0xff,0xff,0xd1,0x00,0x00,
  0x00,0x00,0x00,0x9f,0xff,0xff,0xff,0xff,0xff,0xff,0xff,0xff,0xf3,0x00,0x00,0x04,0xff,0xff,0xff,0xff,0xff,0xff,0xff,0xff,
  0xff,0x70,0x9f,0xff,0xff,0xff,0xff,0xff,0xff,0xff,0xff,0xf3,0x00,0x00,0x04,0xff,0xff,0xff,0xff,0xff,0xff,0xff,0xff,0xff,
  0x70,0x9f,0xff,0xff,0xff,0xff,0xff,0xff,0xff,0xff,0xf3,0x00,0x00,0x04,0xff,0xff,0xff,0xff,0xff,0xff,0xff,0xff,0xff,0x70,
  0x9f,0xff,0xff,0xff,0xff,0xff,0xff,0xff,0xff,0xf3,0x00,0x00,0x04,0xff,0xff,0xff,0xff,0xff,0xff,0xff,0xff,0xff,0x70,0x9f,
  0xff,0xff,0xff,0xff,0xff,0xff,0xff,0xff,0xf3,0x00,0x00,0x04,0xff,0xff,0xff,0xff,0xff,0xff,0xff,0xff,0xff,0x70,0x00,0x00,
  0x5b,0xef,0xeb,0x50,0x00,0x00,0x1b,0xff,0xfe,0xff,0xfb,0x10,0x00,0xcf,0xc4,0x00,0x04,0xdf,0xb0,0x06,0xfd,0x10,0x00,0x00,
  0x0d,0xf5,0x0c,0xf6,0x00,0x00,0x00,0x05,0xfa,0x0f,0xf1,0x00,0x00,0x00,0x01,0xfd,0x0f,0xf0,0x00,0x00,0x00,0x00,0xff,0x0f,
  0xf1,0x00,0x00,0x00,0x02,0xfe,0x0b,0xf6,0x00,0x00,0x00,0x07,0xfb,0x05,0xfe,0x20,0x00,0x00,0x2f,0xf4,0x00,0xbf,0xe7,0x10,
  0x16,0xef,0xa0,0x00,0x1b,0xff,0xff,0xff,0xf9,0x00,0x00,0x00,0x4a,0xde,0xd9,0x30,0x00,0x00,0x00,0x00,0x00,0x48,0xad,0xef,
  0xff,0xec,0x97,0x30,0x00,0x00,0x00,0x00,0x00,0x01,0x8e,0xff,0xff,0xff,0xff,0xff,0xff,0xff,0xc7,0x20,0x00,0x00,0x00,0x6f,
  0xff,0xff,0xff,0xff,0xff,0xff,0xff,0xff,0xff,0xf1,0x00,0x00,0x08,0xff,0xff,0xff,0xff,0xff,0xff,0xff,0xff,0xff,0xff,0xf1,
  0x00,0x00,0x6f,0xff,0xff,0xff,0xff,0xff,0xff,0xff,0xff,0xff,0xff,0xf1,0x00,0x01,0xff,0xff,0xff,0xff,0xa5,0x21,0x00,0x12,
  0x57,0xbe,0xff,0xf1,0x00,0x06,0xff,0xff,0xff,0xc2,0x00,0x00,0x00,0x00,0x00,0x00,0x38,0xd0,0x00,0x0b,0xff,0xff,0xfb,0x00,
  0x00,0x00,0x00,0x00,0x00,0x00,0x00,0x00,0x00,0x0d,0xff,0xff,0xf1,0x00,0x00,0x00,0x00,0x00,0x00,0x00,0x00,0x00,0x00,0x0e,
  0xff,0xff,0xc0,0x00,0x00,0x00,0x00,0x00,0x00,0x00,0x00,0x00,0x00,0x0c,0xff,0xff,0xc0,0x00,0x00,0x00,0x00,0x00,0x00,0x00,
  0x00,0x00,0x00,0x09,0xff,0xff,0xf1,0x00,0x00,0x00,0x00,0x00,0x00,0x00,0x00,0x00,0x00,0x03,0xff,0xff,0xfa,0x00,0x00,0x00,
  0x00,0x00,0x00,0x00,0x00,0x00,0x00,0x00,0xaf,0xff,0xff,0xa1,0x00,0x00,0x00,0x00,0x00,0x00,0x00,0x00,0x00,0x00,0x0c,0xff,
  0xff,0xff,0x95,0x20,0x00,0x00,0x00,0x00,0x00,0x00,0x00,0x00,0x00,0x8f,0xff,0xff,0xff,0xff,0xff,0xff,0xf6,0x00,0x00,0x00,
  0x00,0x00,0x00,0x02,0x8d,0xff,0xff,0xff,0xff,0xff,0xf6,0x00,0x00,0x00,0x00,0x00,0x00,0x00,0x6a,0xff,0xff,0xff,0xff,0xff,
  0xf6,0x00,0x00,0x00,0x00,0x00,0x00,0x8f,0xff,0xff,0xff,0xff,0xff,0xff,0xf6,0x00,0x00,0x00,0x00,0x00,0x1d,0xff,0xff,0xff,
  0xff,0xff,0xff,0xff,0xf6,0x00,0x00,0x00,0x00,0x01,0xdf,0xff,0xff,0xfe,0x84,0x21,0x00,0x00,0x00,0x00,0x00,0x00,0x00,0x0a,
  0xff,0xff,0xff,0x60,0x00,0x00,0x00,0x00,0x00,0x00,0x00,0x00,0x00,0x3f,0xff,0xff,0xf3,0x00,0x00,0x00,0x00,0x00,0x00,0x00,
  0x00,0x00,0x00,0x8f,0xff,0xff,0x70,0x00,0x00,0x00,0x00,0x00,0x00,0x00,0x00,0x00,0x00,0xbf,0xff,0xff,0x00,0x00,0x00,0x00,
  0x00,0x00,0x00,0x00,0x00,0x00,0x00,0xdf,0xff,0xfd,0x00,0x00,0x00,0x00,0x00,0x00,0x00,0x00,0x00,0x00,0x00,0xcf,0xff,0xfe,
  0x00,0x00,0x00,0x00,0x00,0x00,0x00,0x00,0x00,0x00,0x00,0xaf,0xff,0xff,0x10,0x00,0x00,0x00,0x00,0x00,0x00,0x00,0x00,0x00,
  0x00,0x8f,0xff,0xff,0x90,0x00,0x00,0x00,0x00,0x00,0x00,0x00,0x00,0x00,0x00,0x3f,0xff,0xff,0xf7,0x00,0x00,0x00,0x00,0x00,
  0x00,0x00,0x00,0x00,0x00,0x0d,0xff,0xff,0xff,0xa2,0x00,0x00,0x00,0x00,0x00,0x00,0x00,0x5b,0x30,0x04,0xff,0xff,0xff,0xff,
  0xc7,0x42,0x00,0x01,0x13,0x58,0xcf,0xff,0x40,0x00,0x9f,0xff,0xff,0xff,0xff,0xff,0xff,0xff,0xff,0xff,0xff,0xff,0x40,0x00,
  0x08,0xff,0xff,0xff,0xff,0xff,0xff,0xff,0xff,0xff,0xff,0xff,0x40,0x00,0x00,0x5d,0xff,0xff,0xff,0xff,0xff,0xff,0xff,0xff,
  0xff,0xff,0x40,0x00,0x00,0x00,0x6c,0xff,0xff,0xff,0xff,0xff,0xff,0xff,0xfd,0x83,0x00,0x00,0x00,0x00,0x00,0x15,0x8b,0xde,
  0xff,0xfe,0xdb,0x85,0x10,0x00,0x00,0x00,0x00,0xff,0xff,0xff,0xff,0x00,0x00,0x00,0x00,0xff,0xff,0xff,0xff,0x00,0x00,0x00,
  0x00,0xff,0xff,0xff,0xff,0x00,0x00,0x00,0x00,0xff,0xff,0xff,0xff,0x00,0x00,0xff,0xff,0x00,0x00,0x00,0x00,0xff,0xff,0xff,
  0xff,0x00,0x00,0x00,0x00,0xff,0xff,0xff,0xff,0x00,0x00,0x00,0x00,0xff,0xff,0xff,0xff,0x00,0x00,0x00,0x00,0xff,0xff,0xff,
  0xff,0x00,0x00,0x00,0x00,0xff,0xff,0xff,0xff,0x00,0x00,0x00,0x00,0xff,0xff,0xff,0xff,0x00,0x00,0x00,0x00,0xff,0xff,0xff,
  0xff,0x00,0x00,0x00,0x00,0xff,0xff,0x00,0x00,0xff,0xff,0xff,0xff,0x00,0x00,0x00,0x00,0xff,0xff,0xff,0xff,0x00,0x00,0x00,
  0x00,0xff,0xff,0xff,0xff,0x00,0x00,0x00,0x00,0xff,0xff,0xff,0xff,0x00,0x00,0x37,0x77,0x77,0x40,0x00,0x00,0x00,0x00,0x00,
  0x00,0x00,0x00,0x00,0x37,0x77,0x77,0x40,0x7f,0xff,0xff,0xa0,0x00,0x00,0x00,0x00,0x00,0x00,0x00,0x00,0x00,0x7f,0xff,0xff,
  0x90,0x6f,0xff,0xff,0xb0,0x00,0x00,0x00,0x00,0x00,0x00,0x00,0x00,0x00,0x8f,0xff,0xff,0x90,0x5f,0xff,0xff,0xc0,0x00,0x00,
  0x00,0x00,0x00,0x00,0x00,0x00,0x00,0x9f,0xff,0xff,0x70,0x3f,0xff,0xff,0xf0,0x00,0x00,0x00,0x00,0x00,0x00,0x00,0x00,0x00,
  0xcf,0xff,0xff,0x60,0x0f,0xff,0xff,0xf2,0x00,0x00,0x00,0x00,0x00,0x00,0x00,0x00,0x00,0xff,0xff,0xff,0x30,0x0d,0xff,0xff,
  0xf7,0x00,0x00,0x00,0x00,0x00,0x00,0x00,0x00,0x03,0xff,0xff,0xff,0x00,0x09,0xff,0xff,0xfc,0x00,0x00,0x00,0x00,0x00,0x00,
  0x00,0x00,0x09,0xff,0xff,0xfc,0x00,0x04,0xff,0xff,0xff,0x30,0x00,0x00,0x00,0x00,0x00,0x00,0x00,0x0e,0xff,0xff,0xf7,0x00,
  0x00,0xef,0xff,0xff,0xc0,0x00,0x00,0x00,0x00,0x00,0x00,0x00,0x8f,0xff,0xff,0xf1,0x00,0x00,0x7f,0xff,0xff,0xf6,0x00,0x00,
  0x00,0x00,0x00,0x00,0x03,0xff,0xff,0xff,0xa0,0x00,0x00,0x0e,0xff,0xff,0xff,0x50,0x00,0x00,0x00,0x00,0x00,0x2e,0xff,0xff,
  0xff,0x20,0x00,0x00,0x05,0xff,0xff,0xff,0xf8,0x00,0x00,0x00,0x00,0x05,0xef,0xff,0xff,0xf8,0x00,0x00,0x00,0x00,0x9f,0xff,
  0xff,0xff,0xe8,0x31,0x00,0x27,0xcf,0xff,0xff,0xff,0xc0,0x00,0x00,0x00,0x00,0x0b,0xff,0xff,0xff,0xff,0xff,0xff,0xff,0xff,
  0xff,0xff,0xfd,0x10,0x00,0x00,0x00,0x00,0x00,0xaf,0xff,0xff,0xff,0xff,0xff,0xff,0xff,0xff,0xff,0xc1,0x00,0x00,0x00,0x00,
  0x00,0x00,0x06,0xef,0xff,0xff,0xff,0xff,0xff,0xff,0xff,0xf8,0x00,0x00,0x00,0x00,0x00,0x00,0x00,0x00,0x17,0xef,0xff,0xff,
  0xff,0xff,0xff,0xf9,0x20,0x00,0x00,0x00,0x00,0x00,0x00,0x00,0x00,0x00,0x03,0x7a,0xcd,0xed,0xdb,0x84,0x00,0x00,0x00,0x00,
  0x00,0x00,0x00,0x00,0x00,0x00,0x00,0x00,0x00,0x00,0x00,0x14,0x79,0xbd,0xde,0xff,0xfe,0xdc,0x97,0x51,0x00,0x00,0x00,0x00,
  0x00,0x00,0x00,0x00,0x00,0x00,0x00,0x00,0x00,0x00,0x00,0x00,0x26,0xae,0xff,0xff,0xff,0xff,0xff,0xff,0xff,0xff,0xff,0xea,
  0x51,0x00,0x00,0x00,0x00,0x00,0x00,0x00,0x00,0x00,0x00,0x00,0x00,0x02,0x7d,0xff,0xff,0xff,0xff,0xff,0xff,0xff,0xff,0xff,
  0xff,0xff,0xff,0xff,0xb5,0x00,0x00,0x00,0x00,0x00,0x00,0x00,0x00,0x00,0x00,0x04,0xbf,0xff,0xff,0xff,0xdb,0x97,0x64,0x43,
  0x33,0x34,0x56,0x89,0xbe,0xff,0xff,0xff,0xe9,0x20,0x00,0x00,0x00,0x00,0x00,0x00,0x00,0x05,0xdf,0xff,0xfe,0xa6,0x30,0x00,
  0x00,0x00,0x00,0x00,0x00,0x00,0x00,0x00,0x14,0x8b,0xff,0xff,0xf9,0x20,0x00,0x00,0x00,0x00,0x00,0x04,0xcf,0xff,0xd7,0x30,
  0x00,0x00,0x00,0x00,0x00,0x00,0x00,0x00,0x00,0x00,0x00,0x00,0x00,0x04,0x9e,0xff,0xf9,0x10,0x00,0x00,0x00,0x01,0xaf,0xfe,
  0x82,0x00,0x00,0x00,0x00,0x00,0x00,0x00,0x00,0x00,0x00,0x00,0x00,0x00,0x00,0x00,0x00,0x00,0x4a,0xff,0xe6,0x00,0x00,0x00,
  0x4e,0xfc,0x50,0x00,0x00,0x00,0x00,0x00,0x00,0x00,0x00,0x00,0x00,0x00,0x00,0x00,0x00,0x00,0x00,0x00,0x00,0x00,0x07,0xef,
  0xc2,0x00,0x08,0xfc,0x40,0x00,0x00,0x00,0x00,0x00,0x00,0x00,0x00,0x00,0x00,0x00,0x00,0x00,0x00,0x00,0x00,0x00,0x00,0x00,
  0x00,0x00,0x05,0xdf,0x60,0x5d,0x50,0x00,0x00,0x00,0x00,0x00,0x00,0x00,0x00,0x00,0x00,0x00,0x00,0x00,0x00,0x00,0x00,0x00,
  0x00,0x00,0x00,0x00,0x00,0x00,0x06,0xe4,0x00,0x00,0x00,0x00,0x00,0x00,0x00,0x00,0x00,0x00,0x00,0x00,0x00,0x00,0x00,0x00,
  0x00,0x00,0x00,0x00,0x00,0x00,0x00,0x00,0x00,0x00,0x00,0xff,0xff,0x00,0x00,0x00,0x00,0x00,0x00,0xff,0xff,0x00,0x00,0x00,
  0x00,0x00,0x00,0xff,0xff,0xff,0xff,0x00,0x00,0x00,0x00,0x00,0x00,0xff,0xff,0x00,0x00,0x00,0x00,0x00,0x00,0xff,0xff,0xff,
  0xff,0x00,0x00,0x00,0x00,0x00,0x00,0xff,0xff,0x00,0x00,0x00,0x00,0x00,0x00,0xff,0xff,0xff,0xff,0x00,0x00,0x00,0x00,0x00,
  0x00,0xff,0xff,0x00,0x00,0x00,0x00,0x00,0x00,0xff,0xff,0xff,0xff,0x00,0x00,0x00,0x00,0x00,0x00,0xff,0xff,0x00,0x00,0x00,
  0x00,0x00,0x00,0xff,0xff,0xff,0xff,0x00,0x00,0x00,0x00,0x00,0x00,0xff,0xff,0x00,0x00,0x00,0x00,0x00,0x00,0xff,0xff,0xff,
  0xff,0x00,0x00,0x00,0x00,0x00,0x00,0xff,0xff,0x00,0x00,0x00,0x00,0x00,0x00,0xff,0xff,0xff,0xff,0x00,0x00,0x00,0x00,0x00,
  0x00,0xff,0xff,0x00,0x00,0x00,0x00,0x00,0x00,0xff,0xff,0xff,0xff,0x00,0x00,0x00,0x00,0x00,0x00,0xff,0xff,0x00,0x00,0x00,
  0x00,0x00,0x00,0xff,0xff,0xff,0xff,0x00,0x00,0x00,0x00,0x00,0x00,0xff,0xff,0x00,0x00,0x00,0x00,0x00,0x00,0xff,0xff,0xff,
  0xff,0x00,0x00,0x00,0x00,0x00,0x00,0xff,0xff,0x00,0x00,0x00,0x00,0x00,0x00,0xff,0xff,0xff,0xff,0x00,0x00,0x00,0x00,0x00,
  0x00,0xff,0xff,0x00,0x00,0x00,0x00,0x00,0x00,0xff,0xff,0x00,0x00,0xff,0xff,0xff,0xff,0xff,0xff,0x00,0x00,0xff,0xff,0xff,
  0xff,0xff,0xff,0x00,0x00,0x00,0x00,0xff,0xff,0xff,0xff,0xff,0xff,0x00,0x00,0xff,0xff,0xff,0xff,0xff,0xff,0x00,0x00,0x00,
  0x00,0xff,0xff,0xff,0xff,0xff,0xff,0x00,0x00,0xff,0xff,0xff,0xff,0xff,0xff,0x00,0x00,0x00,0x00,0xff,0xff,0xff,0xff,0xff,
  0xff,0x00,0x00,0xff,0xff,0xff,0xff,0xff,0xff,0x00,0x00,0xaf,0xff,0xff,0xf0,0x00,0x00,0x00,0x00,0x00,0x00,0x05,0xff,0xff,
  0xff,0x50,0x00,0x00,0x00,0x00,0x00,0x00,0x0f,0xff,0xff,0xfa,0xaf,0xff,0xff,0xf0,0x00,0x00,0x00,0x00,0x00,0x00,0x05,0xff,
  0xff,0xff,0x50,0x00,0x00,0x00,0x00,0x00,0x00,0x0f,0xff,0xff,0xfa,0xaf,0xff,0xff,0xf0,0x00,0x00,0x00,0x00,0x00,0x00,0x05,
  0xff,0xff,0xff,0x50,0x00,0x00,0x00,0x00,0x00,0x00,0x0f,0xff,0xff,0xfa,0xaf,0xff,0xff,0xf0,0x00,0x00,0x00,0x00,0x00,0x00,
  0x05,0xff,0xff,0xff,0x50,0x00,0x00,0x00,0x00,0x00,0x00,0x0f,0xff,0xff,0xfa,0xaf,0xff,0xff,0xf0,0x00,0x00,0x00,0x00,0x00,
  0x00,0x05,0xff,0xff,0xff,0x50,0x00,0x00,0x00,0x00,0x00,0x00,0x0f,0xff,0xff,0xfa,0xaf,0xff,0xff,0xf0,0x00,0x00,0x00,0x00,
  0x00,0x00,0x05,0xff,0xff,0xff,0x50,0x00,0x00,0x00,0x00,0x00,0x00,0x0f,0xff,0xff,0xfa,0xaf,0xff,0xff,0xf0,0x00,0x00,0x00,
  0x00,0x00,0x00,0x05,0xff,0xff,0xff,0x50,0x00,0x00,0x00,0x00,0x00,0x00,0x0f,0xff,0xff,0xfa,0xaf,0xff,0xff,0xf0,0x00,0x00,
  0x00,0x00,0x00,0x00,0x05,0xff,0xff,0xff,0x50,0x00,0x00,0x00,0x00,0x00,0x00,0x0f,0xff,0xff,0xfa,0x00,0x00,0x00,0x00,0x07,
  0xdd,0x90,0x00,0x00,0x00,0x00,0x4f,0xff,0x30,0x00,0x00,0x00,0x00,0xef,0xf9,0x00,0x00,0x00,0x00,0x09,0xff,0xf1,0x00,0x00,
  0x00,0x00,0x3f,0xff,0x80,0x00,0x00,0x00,0x00,0xcf,0xff,0x10,0x00,0x00,0x00,0x05,0xff,0xf8,0x00,0x00,0x00,0x00,0x0d,0xff,
  0xf1,0x00,0x00,0x00,0x00,0x5f,0xff,0xa0,0x00,0x00,0x00,0x00,0xdf,0xff,0x30,0x00,0x00,0x00,0x04,0xff,0xfd,0x00,0x00,0x00,
  0x00,0x0a,0xff,0xf8,0x00,0x00,0x00,0x00,0x1f,0xff,0xf3,0x00,0x00,0x00,0x00,0x6f,0xff,0xe0,0x00,0x00,0x00,0x00,0xcf,0xff,
  0xa0,0x00,0x00,0x00,0x00,0xff,0xff,0x60,0x00,0x00,0x00,0x05,0xff,0xff,0x20,0x00,0x00,0x00,0x09,0xff,0xff,0x00,0x00,0x00,
  0x00,0x0c,0xff,0xfc,0x00,0x00,0x00,0x00,0x0f,0xff,0xf9,0x00,0x00,0x00,0x00,0x2f,0xff,0xf6,0x00,0x00,0x00,0x00,0x5f,0xff,
  0xf5,0x00,0x00,0x00,0x00,0x7f,0xff,0xf3,0x00,0x00,0x00,0x00,0x8f,0xff,0xf1,0x00,0x00,0x00,0x00,0xaf,0xff,0xf0,0x00,0x00,
  0x00,0x00,0xaf,0xff,0xf0,0x00,0x00,0x00,0x00,0xbf,0xff,0xf0,0x00,0x00,0x00,0x00,0xbf,0xff,0xf0,0x00,0x00,0x00,0x00,0xbf,
  0xff,0xf0,0x00,0x00,0x00,0x00,0xaf,0xff,0xf0,0x00,0x00,0x00,0x00,0x9f,0xff,0xf0,0x00,0x00,0x00,0x00,0x9f,0xff,0xf1,0x00,
  0x00,0x00,0x00,0x7f,0xff,0xf3,0x00,0x00,0x00,0x00,0x5f,0xff,0xf5,0x00,0x00,0x00,0x00,0x3f,0xff,0xf7,0x00,0x00,0x00,0x00,
  0x0f,0xff,0xf9,0x00,0x00,0x00,0x00,0x0d,0xff,0xfc,0x00,0x00,0x00,0x00,0x0a,0xff,0xff,0x00,0x00,0x00,0x00,0x06,0xff,0xff,
  0x20,0x00,0x00,0x00,0x02,0xff,0xff,0x60,0x00,0x00,0x00,0x00,0xdf,0xff,0xa0,0x00,0x00,0x00,0x00,0x8f,0xff,0xe0,0x00,0x00,
  0x00,0x00,0x3f,0xff,0xf3,0x00,0x00,0x00,0x00,0x0d,0xff,0xf9,0x00,0x00,0x00,0x00,0x07,0xff,0xfe,0x00,0x00,0x00,0x00,0x00,
  0xff,0xff,0x40,0x00,0x00,0x00,0x00,0x9f,0xff,0xb0,0x00,0x00,0x00,0x00,0x1f,0xff,0xf1,0x00,0x00,0x00,0x00,0x08,0xff,0xf8,
  0x00,0x00,0x00,0x00,0x01,0xef,0xff,0x10,0x00,0x00,0x00,0x00,0x6f,0xff,0x80,0x00,0x00,0x00,0x00,0x0c,0xff,0xf1,0x00,0x00,
  0x00,0x00,0x02,0xff,0xf9,0x00,0x00,0x00,0x00,0x00,0x6f,0xff,0x30,0x00,0x00,0x00,0x00,0x0a,0xff,0xc0,0x1d,0xee,0x40,0x00,
  0x00,0x00,0x00,0x07,0xff,0xe1,0x00,0x00,0x00,0x00,0x00,0xdf,0xfa,0x00,0x00,0x00,0x00,0x00,0x3f,0xff,0x50,0x00,0x00,0x00,
  0x00,0x0b,0xff,0xe0,0x00,0x00,0x00,0x00,0x03,0xff,0xf8,0x00,0x00,0x00,0x00,0x00,0xbf,0xff,0x10,0x00,0x00,0x00,0x00,0x4f,
  0xff,0x90,0x00,0x00,0x00,0x00,0x0d,0xff,0xf1,0x00,0x00,0x00,0x00,0x06,0xff,0xf8,0x00,0x00,0x00,0x00,0x01,0xff,0xfe,0x00,
  0x00,0x00,0x00,0x00,0xbf,0xff,0x60,0x00,0x00,0x00,0x00,0x6f,0xff,0xc0,0x00,0x00,0x00,0x00,0x1f,0xff,0xf1,0x00,0x00,0x00,
  0x00,0x0d,0xff,0xf6,0x00,0x00,0x00,0x00,0x09,0xff,0xfb,0x00,0x00,0x00,0x00,0x05,0xff,0xff,0x00,0x00,0x00,0x00,0x02,0xff,
  0xff,0x30,0x00,0x00,0x00,0x00,0xff,0xff,0x70,0x00,0x00,0x00,0x00,0xdf,0xff,0xa0,0x00,0x00,0x00,0x00,0xbf,0xff,0xd0,0x00,
  0x00,0x00,0x00,0x9f,0xff,0xf0,0x00,0x00,0x00,0x00,0x7f,0xff,0xf1,0x00,0x00,0x00,0x00,0x6f,0xff,0xf3,0x00,0x00,0x00,0x00,
  0x5f,0xff,0xf4,0x00,0x00,0x00,0x00,0x4f,0xff,0xf5,0x00,0x00,0x00,0x00,0x4f,0xff,0xf6,0x00,0x00,0x00,0x00,0x4f,0xff,0xf6,
  0x00,0x00,0x00,0x00,0x4f,0xff,0xf6,0x00,0x00,0x00,0x00,0x5f,0xff,0xf5,0x00,0x00,0x00,0x00,0x5f,0xff,0xf5,0x00,0x00,0x00,
  0x00,0x7f,0xff,0xf3,0x00,0x00,0x00,0x00,0x8f,0xff,0xf2,0x00,0x00,0x00,0x00,0xaf,0xff,0xf0,0x00,0x00,0x00,0x00,0xcf,0xff,
  0xe0,0x00,0x00,0x00,0x00,0xef,0xff,0xb0,0x00,0x00,0x00,0x01,0xff,0xff,0x80,0x00,0x00,0x00,0x04,0xff,0xff,0x50,0x00,0x00,
  0x00,0x07,0xff,0xff,0x10,0x00,0x00,0x00,0x0c,0xff,0xfd,0x00,0x00,0x00,0x00,0x0f,0xff,0xf8,0x00,0x00,0x00,0x00,0x4f,0xff,
  0xf3,0x00,0x00,0x00,0x00,0x9f,0xff,0xe0,0x00,0x00,0x00,0x00,0xef,0xff,0x80,0x00,0x00,0x00,0x04,0xff,0xff,0x10,0x00,0x00,
  0x00,0x09,0xff,0xfa,0x00,0x00,0x00,0x00,0x1f,0xff,0xf3,0x00,0x00,0x00,0x00,0x7f,0xff,0xb0,0x00,0x00,0x00,0x00,0xdf,0xff,
  0x30,0x00,0x00,0x00,0x06,0xff,0xfa,0x00,0x00,0x00,0x00,0x0d,0xff,0xf1,0x00,0x00,0x00,0x00,0x6f,0xff,0x60,0x00,0x00,0x00,
  0x00,0xef,0xfb,0x00,0x00,0x00,0x00,0x08,0xff,0xe1,0x00,0x00,0x00,0x00,0x1e,0xfe,0x40,0x00,0x00,0x00,0x00,0x00,0x00,0x00,
  0x00,0x00,0x00,0x00,0x00,0x00,0x00,0x00,0x00,0x00,0x00,0x00,0x46,0x00,0x00,0x00,0x00,0x00,0x00,0x00,0x00,0x00,0x00,0x00,
  0x00,0x00,0x00,0x6d,0xfa,0x00,0x00,0x00,0x00,0x00,0x00,0x00,0x00,0x00,0x00,0x00,0x00,0x02,0x9f,0xff,0xfa,0x00,0x00,0x00,
  0x00,0x00,0x00,0x00,0x00,0x00,0x00,0x00,0x04,0xbf,0xff,0xff,0xfa,0x00,0x00,0x00,0x00,0x00,0x00,0x00,0x00,0x00,0x00,0x17,
  0xdf,0xff,0xff,0xff,0xa3,0x00,0x00,0x00,0x00,0x00,0x00,0x00,0x00,0x00,0x29,0xff,0xff,0xff,0xfd,0x71,0x00,0x00,0x00,0x00,
  0x00,0x00,0x00,0x00,0x00,0x5c,0xff,0xff,0xff,0xfb,0x40,0x00,0x00,0x00,0x00,0x00,0x00,0x00,0x00,0x01,0x7e,0xff,0xff,0xff,
  0xe8,0x20,0x00,0x00,0x00,0x00,0x00,0x00,0x00,0x00,0x03,0xaf,0xff,0xff,0xff,0xc5,0x00,0x00,0x00,0x00,0x00,0x00,0x00,0x00,
  0x00,0x05,0xcf,0xff,0xff,0xff,0x92,0x00,0x00,0x00,0x00,0x00,0x00,0x00,0x00,0x00,0x18,0xef,0xff,0xff,0xfd,0x60,0x00,0x00,
  0x00,0x00,0x00,0x00,0x00,0x00,0x00,0x3a,0xff,0xff,0xff,0xfa,0x30,0x00,0x00,0x00,0x00,0x00,0x00,0x00,0x00,0x00,0x6d,0xff,
  0xff,0xff,0xd7,0x10,0x00,0x00,0x00,0x00,0x00,0x00,0x00,0x00,0x00,0x6e,0xff,0xff,0xff,0xb4,0x00,0x00,0x00,0x00,0x00,0x00,
  0x00,0x00,0x00,0x00,0x00,0xaf,0xff,0xff,0xd2,0x00,0x00,0x00,0x00,0x00,0x00,0x00,0x00,0x00,0x00,0x00,0x00,0x7f,0xff,0xff,
  0xfe,0x92,0x00,0x00,0x00,0x00,0x00,0x00,0x00,0x00,0x00,0x00,0x00,0x01,0x8e,0xff,0xff,0xff,0xb5,0x00,0x00,0x00,0x00,0x00,
  0x00,0x00,0x00,0x00,0x00,0x00,0x00,0x6c,0xff,0xff,0xff,0xe8,0x10,0x00,0x00,0x00,0x00,0x00,0x00,0x00,0x00,0x00,0x00,0x00,
  0x3a,0xff,0xff,0xff,0xfa,0x40,0x00,0x00,0x00,0x00,0x00,0x00,0x00,0x00,0x00,0x00,0x00,0x17,0xef,0xff,0xff,0xfd,0x71,0x00,
  0x00,0x00,0x00,0x00,0x00,0x00,0x00,0x00,0x00,0x00,0x05,0xcf,0xff,0xff,0xff,0xa3,0x00,0x00,0x00,0x00,0x00,0x00,0x00,0x00,
  0x00,0x00,0x00,0x03,0x9f,0xff,0xff,0xff,0xc6,0x00,0x00,0x00,0x00,0x00,0x00,0x00,0x00,0x00,0x00,0x00,0x01,0x7e,0xff,0xff,
  0xff,0xf9,0x20,0x00,0x00,0x00,0x00,0x00,0x00,0x00,0x00,0x00,0x00,0x00,0x5b,0xff,0xff,0xff,0xfc,0x50,0x00,0x00,0x00,0x00,
  0x00,0x00,0x00,0x00,0x00,0x00,0x00,0x29,0xff,0xff,0xff,0xfe,0x81,0x00,0x00,0x00,0x00,0x00,0x00,0x00,0x00,0x00,0x00,0x00,
  0x06,0xdf,0xff,0xff,0xfa,0x00,0x00,0x00,0x00,0x00,0x00,0x00,0x00,0x00,0x00,0x00,0x00,0x04,0xbf,0xff,0xfa,0x00,0x00,0x00,
  0x00,0x00,0x00,0x00,0x00,0x00,0x00,0x00,0x00,0x00,0x02,0x8e,0xfa,0x00,0x00,0x00,0x00,0x00,0x00,0x00,0x00,0x00,0x00,0x00,
  0x00,0x00,0x00,0x00,0x67,0x64,0x00,0x00,0x00,0x00,0x00,0x00,0x00,0x00,0x00,0x00,0x00,0x00,0x00,0x00,0x00,0xaf,0xd6,0x00,
  0x00,0x00,0x00,0x00,0x00,0x00,0x00,0x00,0x00,0x00,0x00,0x00,0x00,0xaf,0xff,0xf9,0x20,0x00,0x00,0x00,0x00,0x00,0x00,0x00,
  0x00,0x00,0x00,0x00,0x00,0xaf,0xff,0xff,0xfb,0x40,0x00,0x00,0x00,0x00,0x00,0x00,0x00,0x00,0x00,0x00,0x00,0x3a,0xff,0xff,
  0xff,0xfd,0x71,0x00,0x00,0x00,0x00,0x00,0x00,0x00,0x00,0x00,0x00,0x00,0x17,0xef,0xff,0xff,0xff,0x92,0x00,0x00,0x00,0x00,
  0x00,0x00,0x00,0x00,0x00,0x00,0x00,0x05,0xbf,0xff,0xff,0xff,0xc5,0x00,0x00,0x00,0x00,0x00,0x00,0x00,0x00,0x00,0x00,0x00,
  0x02,0x9e,0xff,0xff,0xff,0xe7,0x10,0x00,0x00,0x00,0x00,0x00,0x00,0x00,0x00,0x00,0x00,0x00,0x6c,0xff,0xff,0xff,0xfa,0x30,
  0x00,0x00,0x00,0x00,0x00,0x00,0x00,0x00,0x00,0x00,0x00,0x3a,0xff,0xff,0xff,0xfc,0x50,0x00,0x00,0x00,0x00,0x00,0x00,0x00,
  0x00,0x00,0x00,0x00,0x17,0xdf,0xff,0xff,0xfe,0x81,0x00,0x00,0x00,0x00,0x00,0x00,0x00,0x00,0x00,0x00,0x00,0x04,0xbf,0xff,
  0xff,0xff,0xa3,0x00,0x00,0x00,0x00,0x00,0x00,0x00,0x00,0x00,0x00,0x00,0x02,0x8e,0xff,0xff,0xff,0xd6,0x00,0x00,0x00,0x00,
  0x00,0x00,0x00,0x00,0x00,0x00,0x00,0x00,0x5c,0xff,0xff,0xff,0xe6,0x00,0x00,0x00,0x00,0x00,0x00,0x00,0x00,0x00,0x00,0x00,
  0x00,0x4f,0xff,0xff,0xfa,0x00,0x00,0x00,0x00,0x00,0x00,0x00,0x00,0x00,0x00,0x00,0x3a,0xff,0xff,0xff,0xf7,0x00,0x00,0x00,
  0x00,0x00,0x00,0x00,0x00,0x00,0x00,0x6d,0xff,0xff,0xff,0xe8,0x10,0x00,0x00,0x00,0x00,0x00,0x00,0x00,0x00,0x02,0x9f,0xff,
  0xff,0xff,0xc6,0x00,0x00,0x00,0x00,0x00,0x00,0x00,0x00,0x00,0x05,0xcf,0xff,0xff,0xff,0xa3,0x00,0x00,0x00,0x00,0x00,0x00,
  0x00,0x00,0x00,0x18,0xef,0xff,0xff,0xfe,0x71,0x00,0x00,0x00,0x00,0x00,0x00,0x00,0x00,0x00,0x4a,0xff,0xff,0xff,0xfc,0x50,
  0x00,0x00,0x00,0x00,0x00,0x00,0x00,0x00,0x00,0x6d,0xff,0xff,0xff,0xf9,0x30,0x00,0x00,0x00,0x00,0x00,0x00,0x00,0x00,0x03,
  0x9f,0xff,0xff,0xff,0xe7,0x10,0x00,0x00,0x00,0x00,0x00,0x00,0x00,0x00,0x05,0xcf,0xff,0xff,0xff,0xb5,0x00,0x00,0x00,0x00,
  0x00,0x00,0x00,0x00,0x00,0x18,0xef,0xff,0xff,0xff,0x92,0x00,0x00,0x00,0x00,0x00,0x00,0x00,0x00,0x00,0x00,0xaf,0xff,0xff,
  0xfd,0x60,0x00,0x00,0x00,0x00,0x00,0x00,0x00,0x00,0x00,0x00,0x00,0xaf,0xff,0xfb,0x40,0x00,0x00,0x00,0x00,0x00,0x00,0x00,
  0x00,0x00,0x00,0x00,0x00,0xaf,0xe8,0x20,0x00,0x00,0x00,0x00,0x00,0x00,0x00,0x00,0x00,0x00,0x00,0x00,0x00,0x76,0x00,0x00,
  0x00,0x00,0x00,0x00,0x00,0x00,0x00,0x00,0x00,0x00,0x00,0x00,0x00,0x00,0x00,0x00,0x00,0x00,0x00,0x00,0x00,0x00,0x00,0x00,
  0x00,0x00,0x00,0x00,0x00,0x00,0x00,0x00,0x00,0x00,0x00,0x00,0x01,0x90,0x00,0x00,0x00,0x00,0x00,0x00,0x00,0x00,0x00,0x00,
  0x00,0x00,0x00,0x00,0x00,0x00,0x00,0x00,0x00,0x00,0x00,0x00,0x00,0x00,0x0c,0xfd,0x10,0x00,0x00,0x00,0x00,0x00,0x00,0x00,
  0x00,0x00,0x00,0x00,0x00,0x00,0x00,0x00,0x00,0x00,0x00,0x00,0x00,0x00,0x00,0x00,0xbf,0xff,0xe1,0x00,0x00,0x00,0x00,0x00,
  0x00,0x00,0x00,0x00,0x00,0x00,0x00,0x00,0x00,0x00,0x00,0x00,0x00,0x00,0x00,0x00,0x00,0x0a,0xff,0xff,0x90,0x00,0x00,0x00,
  0x00,0x00,0x00,0x00,0x00,0x00,0x00,0x00,0x00,0x00,0x00,0x00,0x00,0x00,0x00,0x00,0x00,0x00,0x00,0x9f,0xff,0xfb,0x00,0x00,
  0x00,0x00,0x00,0x00,0x00,0x00,0x00,0x00,0x00,0x00,0x00,0x00,0x00,0x00,0x00,0x00,0x00,0x00,0x00,0x00,0x07,0xff,0xff,0xc0,
  0x00,0x00,0x00,0x00,0x00,0x00,0x00,0x00,0x00,0x00,0x00,0x00,0x00,0x00,0x00,0x00,0x00,0x00,0x00,0x00,0x00,0x00,0x6f,0xff,
  0xfd,0x00,0x00,0x00,0x00,0x00,0x00,0x00,0x00,0x00,0x00,0x00,0x00,0x00,0x00,0x00,0x00,0x00,0x00,0x00,0x00,0x00,0x00,0x05,
  0xff,0xff,0xd1,0x00,0x00,0x00,0x00,0x00,0x00,0x00,0x00,0x00,0x00,0x00,0x00,0x00,0x00,0x00,0x00,0x00,0x00,0x00,0x00,0x00,
  0x00,0x3f,0xff,0xfe,0x20,0x00,0x00,0x00,0x00,0x00,0x00,0x00,0x00,0x00,0x00,0x00,0x00,0x00,0x00,0x00,0x00,0x00,0x00,0x00,
  0x00,0x00,0x02,0xff,0xff,0xf3,0x00,0x00,0x00,0x00,0x00,0x00,0x00,0x00,0x00,0x00,0x00,0x00,0x00,0x00,0x00,0x00,0x00,0x00,
  0x00,0x00,0x00,0x00,0x2e,0xff,0xff,0x40,0x00,0x00,0x00,0x00,0x00,0x00,0x00,0x00,0x00,0x00,0x00,0x00,0x00,0x00,0x00,0x00,
  0x00,0x00,0x00,0x00,0x00,0x01,0xdf,0xff,0xf5,0x00,0x00,0x00,0x00,0x00,0x00,0x00,0x00,0x00,0x00,0x00,0x00,0x00,0x00,0x00,
  0x00,0x00,0x00,0x00,0x00,0x00,0x00,0x0c,0xff,0xff,0x60,0x00,0x00,0x00,0x00,0x00,0x00,0x00,0x00,0x00,0x00,0x00,0x00,0x00,
  0x00,0x00,0x00,0x00,0x00,0x00,0x00,0x00,0x00,0xbf,0xff,0xf7,0x00,0x00,0x00,0x00,0x00,0x00,0x00,0x00,0x00,0x00,0x00,0x00,
  0x00,0x00,0x00,0x00,0x00,0x00,0x00,0x00,0x00,0x00,0x0a,0xff,0xff,0x80,0x00,0x00,0x00,0x00,0x00,0x00,0x00,0x00,0x00,0x00,
  0x00,0x00,0x00,0x00,0x00,0x00,0x00,0x00,0x00,0x00,0x00,0x00,0x8f,0xff,0xfa,0x00,0x00,0x00,0x00,0x00,0x00,0x00,0x00,0x00,
  0x00,0x00,0x00,0x00,0x00,0x00,0x00,0x00,0x00,0x00,0x00,0x00,0x00,0x07,0xff,0xff,0xb0,0x00,0x00,0x00,0x00,0x00,0x00,0x00,
  0x00,0x00,0x00,0x00,0x00,0x00,0x00,0x00,0x00,0x00,0x00,0x00,0x00,0x00,0x00,0x5f,0xff,0xfc,0x00,0x00,0x00,0x00,0x00,0x00,
  0x00,0x00,0x00,0x00,0x00,0x00,0x00,0x00,0x00,0x00,0x00,0x00,0x00,0x00,0x00,0x00,0x04,0xff,0xff,0xd1,0x00,0x00,0x00,0x00,
  0x00,0x00,0x00,0x00,0x00,0x00,0x00,0x00,0x00,0x00,0x00,0x00,0x00,0x00,0x00,0x00,0x00,0x00,0x3f,0xff,0xfe,0x10,0x00,0x00,
  0x00,0x00,0x00,0x00,0x00,0x00,0x00,0x00,0x00,0x00,0x00,0x00,0x00,0x00,0x00,0x00,0x00,0x00,0x00,0x02,0xef,0xff,0xe2,0x00,
  0x00,0x00,0x00,0x00,0x00,0x00,0x00,0x00,0x00,0x00,0x00,0x00,0x00,0x00,0x00,0x00,0x00,0x00,0x00,0x00,0x00,0x1e,0xff,0xff,
  0x30,0x00,0x00,0x00,0x00,0x00,0x00,0x00,0x00,0x00,0x00,0x00,0x00,0x00,0x00,0x00,0x00,0x00,0x00,0x00,0x00,0x00,0x01,0xdf,
  0xff,0xf4,0x00,0x00,0x00,0x00,0x00,0x00,0x00,0x00,0x00,0x00,0x00,0x00,0x00,0x00,0x00,0x00,0x00,0x00,0x00,0x00,0x00,0x00,
  0x0c,0xff,0xff,0x50,0x00,0x00,0x00,0x00,0x00,0x00,0x00,0x00,0x00,0x00,0x00,0x00,0x00,0x00,0x00,0x00,0x00,0x00,0x00,0x00,
  0x00,0x00,0xbf,0xff,0xf6,0x00,0x00,0x00,0x00,0x00,0x00,0x00,0x00,0x00,0x00,0x00,0x00,0x00,0x00,0x00,0x00,0x00,0x00,0x00,
  0x00,0x00,0x00,0x09,0xff,0xff,0x70,0x00,0x00,0x00,0x00,0x00,0x00,0x00,0x00,0x00,0x00,0x00,0x00,0x00,0x00,0x00,0x00,0x00,
  0x00,0x00,0x00,0x00,0x00,0x8f,0xff,0xf9,0x00,0x00,0x00,0x00,0x00,0x00,0x00,0x00,0x00,0x00,0x00,0x00,0x00,0x00,0x00,0x00,
  0x00,0x00,0x00,0x00,0x00,0x00,0x06,0xff,0xff,0xa0,0x00,0x00,0x00,0x00,0x00,0x00,0x00,0x00,0x00,0x00,0x00,0x00,0x00,0x00,
  0x00,0x00,0x00,0x00,0x00,0x00,0x00,0x00,0x5f,0xff,0xfb,0x00,0x00,0x00,0x00,0x00,0x00,0x00,0x00,0x00,0x00,0x00,0x00,0x00,
  0x00,0x00,0x00,0x00,0x00,0x00,0x00,0x00,0x00,0x04,0xff,0xff,0xc0,0x00,0x00,0x00,0x00,0x00,0x00,0x00,0x00,0x00,0x00,0x00,
  0x00,0x00,0x00,0x00,0x00,0x00,0x00,0x00,0x00,0x00,0x00,0x3f,0xff,0xfd,0x10,0x00,0x00,0x00,0x00,0x00,0x00,0x00,0x00,0x00,
  0x00,0x00,0x00,0x00,0x00,0x00,0x00,0x00,0x00,0x00,0x00,0x00,0x02,0xef,0xff,0xe1,0x00,0x00,0x00,0x00,0x00,0x00,0x00,0x00,
  0x00,0x00,0x00,0x00,0x00,0x00,0x00,0x00,0x00,0x00,0x00,0x00,0x00,0x00,0x1d,0xff,0xfe,0x20,0x00,0x00,0x00,0x00,0x00,0x00,
  0x00,0x00,0x00,0x00,0x00,0x00,0x00,0x00,0x00,0x00,0x00,0x00,0x00,0x00,0x00,0x00,0xcf,0xff,0xf3,0x00,0x00,0x00,0x00,0x00,
  0x00,0x00,0x00,0x00,0x00,0x00,0x00,0x00,0x00,0x00,0x00,0x00,0x00,0x00,0x00,0x00,0x00,0x0b,0xff,0xff,0x40,0x00,0x00,0x00,
  0x00,0x00,0x00,0x00,0x00,0x00,0x00,0x00,0x00,0x00,0x00,0x00,0x00,0x00,0x00,0x00,0x00,0x00,0x00,0xaf,0xff,0xf5,0x00,0x00,
  0x00,0x00,0x00,0x00,0x00,0x00,0x00,0x00,0x00,0x00,0x00,0x00,0x00,0x00,0x00,0x00,0x00,0x00,0x00,0x00,0x09,0xff,0xff,0x60,
  0x00,0x00,0x00,0x00,0x00,0x00,0x00,0x00,0x00,0x00,0x00,0x00,0x00,0x00,0x00,0x00,0x00,0x00,0x00,0x00,0x00,0x00,0x7f,0xff,
  0xf8,0x00,0x00,0x00,0x00,0x00,0x00,0x00,0x00,0x00,0x00,0x00,0x00,0x00,0x00,0x00,0x00,0x00,0x00,0x00,0x00,0x00,0x00,0x06,
  0xff,0xff,0x90,0x00,0x00,0x00,0x00,0x00,0x00,0x00,0x00,0x00,0x00,0x00,0x00,0x00,0x00,0x00,0x00,0x00,0x00,0x00,0x00,0x00,
  0x00,0x5f,0xff,0xfa,0x00,0x00,0x00,0x00,0x00,0x00,0x00,0x00,0x00,0x00,0x00,0x00,0x00,0x00,0x00,0x00,0x00,0x00,0x00,0x00,
  0x00,0x00,0x03,0xff,0xff,0xb0,0x00,0x00,0x00,0x00,0x00,0x00,0x00,0x00,0x00,0x00,0x00,0x00,0x00,0x00,0x00,0x00,0x00,0x00,
  0x00,0x00,0x00,0x00,0x2f,0xff,0xfc,0x00,0x00,0x00,0x00,0x00,0x00,0x00,0x00,0x00,0x00,0x00,0x00,0x00,0x00,0x00,0x00,0x00,
  0x00,0x00,0x00,0x00,0x00,0x02,0xef,0xff,0xd1,0x00,0x00,0x00,0x00,0x00,0x00,0x00,0x00,0x00,0x00,0x00,0x00,0x00,0x00,0x00,
  0x00,0x00,0x00,0x00,0x00,0x00,0x00,0x1d,0xff,0xfe,0x10,0x00,0x00,0x00,0x00,0x00,0x00,0x00,0x00,0x00,0x00,0x00,0x00,0x00,
  0x00,0x00,0x00,0x00,0x00,0x00,0x00,0x00,0x00,0xcf,0xff,0xe2,0x00,0x00,0x00,0x00,0x00,0x00,0x00,0x00,0x00,0x00,0x00,0x00,
  0x00,0x00,0x00,0x00,0x00,0x00,0x00,0x00,0x00,0x00,0x0b,0xff,0xff,0x30,0x00,0x00,0x00,0x00,0x00,0x00,0x00,0x00,0x00,0x00,
  0x00,0x00,0x00,0x00,0x00,0x00,0x00,0x00,0x00,0x00,0x00,0x00,0xaf,0xff,0xf4,0x00,0x00,0x00,0x00,0x00,0x00,0x00,0x00,0x00,
  0x00,0x00,0x00,0x00,0x00,0x00,0x00,0x00,0x00,0x00,0x00,0x00,0x00,0x08,0xff,0xff,0x50,0x00,0x00,0x00,0x00,0x00,0x00,0x00,
  0x00,0x00,0x00,0x00,0x00,0x00,0x00,0x00,0x00,0x00,0x00,0x00,0x00,0x00,0x00,0x7f,0xff,0xf6,0x00,0x00,0x00,0x00,0x00,0x00,
  0x00,0x00,0x00,0x00,0x00,0x00,0x00,0x00,0x00,0x00,0x00,0x00,0x00,0x00,0x00,0x00,0x05,0xff,0xff,0x80,0x00,0x00,0x00,0x00,
  0x00,0x00,0x00,0x00,0x00,0x00,0x00,0x00,0x00,0x00,0x00,0x00,0x00,0x00,0x00,0x00,0x00,0x00,0x4f,0xff,0xf9,0x00,0x00,0x00,
  0x00,0x00,0x00,0x00,0x00,0x00,0x00,0x00,0x00,0x00,0x00,0x00,0x00,0x00,0x00,0x00,0x00,0x00,0x00,0x03,0xff,0xff,0xa0,0x00,
  0x00,0x00,0x00,0x00,0x00,0x00,0x00,0x00,0x00,0x00,0x00,0x00,0x00,0x00,0x00,0x00,0x00,0x00,0x00,0x00,0x00,0x2e,0xff,0xfb,
  0x00,0x00,0x00,0x00,0x00,0x00,0x00,0x00,0x00,0x00,0x00,0x00,0x00,0x00,0x00,0x00,0x00,0x00,0x00,0x00,0x00,0x00,0x00,0xbf,
  0xff,0xc0,0x00,0x00,0x00,0x00,0x00,0x00,0x00,0x00,0x00,0x00,0x00,0x00,0x00,0x00,0x00,0x00,0x00,0x00,0x00,0x00,0x00,0x00,
  0x00,0x1c,0xfd,0x10,0x00,0x00,0x00,0x00,0x00,0x00,0x00,0x00,0x00,0x00,0x00,0x00,0x00,0x00,0x00,0x00,0x00,0x00,0x00,0x00,
  0x00,0x00,0x00,0x00,0xa2,0x00,0x00,0x00,0x00,0x00,0x00,0x00,0x00,0x00,0x00,0x00,0x00,0x00,0x00,0x00,0x00,0x00,0x00,0x00,
  0x00,0x00,0x00,0x00,0x00,0x00,0x1a,0x10,0x00,0x00,0x00,0x00,0x00,0x00,0x00,0x00,0x00,0x00,0x00,0x00,0x00,0x00,0x00,0x00,
  0x00,0x00,0x00,0x00,0x00,0x00,0x02,0xdf,0xc0,0x00,0x00,0x00,0x00,0x00,0x00,0x00,0x00,0x00,0x00,0x00,0x00,0x00,0x00,0x00,
  0x00,0x00,0x00,0x00,0x00,0x00,0x00,0x3e,0xff,0xfa,0x00,0x00,0x00,0x00,0x00,0x00,0x00,0x00,0x00,0x00,0x00,0x00,0x00,0x00,
  0x00,0x00,0x00,0x00,0x00,0x00,0x00,0x00,0x0c,0xff,0xff,0x80,0x00,0x00,0x00,0x00,0x00,0x00,0x00,0x00,0x00,0x00,0x00,0x00,
  0x00,0x00,0x00,0x00,0x00,0x00,0x00,0x00,0x00,0x01,0xef,0xff,0xf6,0x00,0x00,0x00,0x00,0x00,0x00,0x00,0x00,0x00,0x00,0x00,
  0x00,0x00,0x00,0x00,0x00,0x00,0x00,0x00,0x00,0x00,0x00,0x3f,0xff,0xff,0x40,0x00,0x00,0x00,0x00,0x00,0x00,0x00,0x00,0x00,
  0x00,0x00,0x00,0x00,0x00,0x00,0x00,0x00,0x00,0x00,0x00,0x00,0x04,0xff,0xff,0xf3,0x00,0x00,0x00,0x00,0x00,0x00,0x00,0x00,
  0x00,0x00,0x00,0x00,0x00,0x00,0x00,0x00,0x00,0x00,0x00,0x00,0x00,0x00,0x6f,0xff,0xfe,0x10,0x00,0x00,0x00,0x00,0x00,0x00,
  0x00,0x00,0x00,0x00,0x00,0x00,0x00,0x00,0x00,0x00,0x00,0x00,0x00,0x00,0x00,0x09,0xff,0xff,0xd0,0x00,0x00,0x00,0x00,0x00,
  0x00,0x00,0x00,0x00,0x00,0x00,0x00,0x00,0x00,0x00,0x00,0x00,0x00,0x00,0x00,0x00,0x00,0xbf,0xff,0xfb,0x00,0x00,0x00,0x00,
  0x00,0x00,0x00,0x00,0x00,0x00,0x00,0x00,0x00,0x00,0x00,0x00,0x00,0x00,0x00,0x00,0x00,0x00,0x0c,0xff,0xff,0x90,0x00,0x00,
  0x00,0x00,0x00,0x00,0x00,0x00,0x00,0x00,0x00,0x00,0x00,0x00,0x00,0x00,0x00,0x00,0x00,0x00,0x00,0x01,0xef,0xff,0xf7,0x00,
  0x00,0x00,0x00,0x00,0x00,0x00,0x00,0x00,0x00,0x00,0x00,0x00,0x00,0x00,0x00,0x00,0x00,0x00,0x00,0x00,0x00,0x3f,0xff,0xff,
  0x50,0x00,0x00,0x00,0x00,0x00,0x00,0x00,0x00,0x00,0x00,0x00,0x00,0x00,0x00,0x00,0x00,0x00,0x00,0x00,0x00,0x00,0x04,0xff,
  0xff,0xf3,0x00,0x00,0x00,0x00,0x00,0x00,0x00,0x00,0x00,0x00,0x00,0x00,0x00,0x00,0x00,0x00,0x00,0x00,0x00,0x00,0x00,0x00,
  0x6f,0xff,0xfe,0x20,0x00,0x00,0x00,0x00,0x00,0x00,0x00,0x00,0x00,0x00,0x00,0x00,0x00,0x00,0x00,0x00,0x00,0x00,0x00,0x00,
  0x00,0x09,0xff,0xff,0xd1,0x00,0x00,0x00,0x00,0x00,0x00,0x00,0x00,0x00,0x00,0x00,0x00,0x00,0x00,0x00,0x00,0x00,0x00,0x00,
  0x00,0x00,0x00,0xbf,0xff,0xfc,0x00,0x00,0x00,0x00,0x00,0x00,0x00,0x00,0x00,0x00,0x00,0x00,0x00,0x00,0x00,0x00,0x00,0x00,
  0x00,0x00,0x00,0x00,0x0c,0xff,0xff,0xa0,0x00,0x00,0x00,0x00,0x00,0x00,0x00,0x00,0x00,0x00,0x00,0x00,0x00,0x00,0x00,0x00,
  0x00,0x00,0x00,0x00,0x00,0x01,0xef,0xff,0xf8,0x00,0x00,0x00,0x00,0x00,0x00,0x00,0x00,0x00,0x00,0x00,0x00,0x00,0x00,0x00,
  0x00,0x00,0x00,0x00,0x00,0x00,0x00,0x2f,0xff,0xff,0x60,0x00,0x00,0x00,0x00,0x00,0x00,0x00,0x00,0x00,0x00,0x00,0x00,0x00,
  0x00,0x00,0x00,0x00,0x00,0x00,0x00,0x00,0x04,0xff,0xff,0xf4,0x00,0x00,0x00,0x00,0x00,0x00,0x00,0x00,0x00,0x00,0x00,0x00,
  0x00,0x00,0x00,0x00,0x00,0x00,0x00,0x00,0x00,0x00,0x6f,0xff,0xff,0x30,0x00,0x00,0x00,0x00,0x00,0x00,0x00,0x00,0x00,0x00,
  0x00,0x00,0x00,0x00,0x00,0x00,0x00,0x00,0x00,0x00,0x00,0x09,0xff,0xff,0xe1,0x00,0x00,0x00,0x00,0x00,0x00,0x00,0x00,0x00,
  0x00,0x00,0x00,0x00,0x00,0x00,0x00,0x00,0x00,0x00,0x00,0x00,0x00,0xbf,0xff,0xfd,0x00,0x00,0x00,0x00,0x00,0x00,0x00,0x00,
  0x00,0x00,0x00,0x00,0x00,0x00,0x00,0x00,0x00,0x00,0x00,0x00,0x00,0x00,0x0c,0xff,0xff,0xb0,0x00,0x00,0x00,0x00,0x00,0x00,
  0x00,0x00,0x00,0x00,0x00,0x00,0x00,0x00,0x00,0x00,0x00,0x00,0x00,0x00,0x00,0x01,0xef,0xff,0xfa,0x00,0x00,0x00,0x00,0x00,
  0x00,0x00,0x00,0x00,0x00,0x00,0x00,0x00,0x00,0x00,0x00,0x00,0x00,0x00,0x00,0x00,0x00,0x2f,0xff,0xff,0x70,0x00,0x00,0x00,
  0x00,0x00,0x00,0x00,0x00,0x00,0x00,0x00,0x00,0x00,0x00,0x00,0x00,0x00,0x00,0x00,0x00,0x00,0x04,0xff,0xff,0xf5,0x00,0x00,
  0x00,0x00,0x00,0x00,0x00,0x00,0x00,0x00,0x00,0x00,0x00,0x00,0x00,0x00,0x00,0x00,0x00,0x00,0x00,0x00,0x6f,0xff,0xff,0x40,
  0x00,0x00,0x00,0x00,0x00,0x00,0x00,0x00,0x00,0x00,0x00,0x00,0x00,0x00,0x00,0x00,0x00,0x00,0x00,0x00,0x00,0x08,0xff,0xff,
  0xe2,0x00,0x00,0x00,0x00,0x00,0x00,0x00,0x00,0x00,0x00,0x00,0x00,0x00,0x00,0x00,0x00,0x00,0x00,0x00,0x00,0x00,0x00,0xbf,
  0xff,0xfd,0x10,0x00,0x00,0x00,0x00,0x00,0x00,0x00,0x00,0x00,0x00,0x00,0x00,0x00,0x00,0x00,0x00,0x00,0x00,0x00,0x00,0x00,
  0x0c,0xff,0xff,0xc0,0x00,0x00,0x00,0x00,0x00,0x00,0x00,0x00,0x00,0x00,0x00,0x00,0x00,0x00,0x00,0x00,0x00,0x00,0x00,0x00,
  0x00,0x01,0xef,0xff,0xfa,0x00,0x00,0x00,0x00,0x00,0x00,0x00,0x00,0x00,0x00,0x00,0x00,0x00,0x00,0x00,0x00,0x00,0x00,0x00,
  0x00,0x00,0x00,0x2f,0xff,0xff,0x90,0x00,0x00,0x00,0x00,0x00,0x00,0x00,0x00,0x00,0x00,0x00,0x00,0x00,0x00,0x00,0x00,0x00,
  0x00,0x00,0x00,0x00,0x04,0xff,0xff,0xf6,0x00,0x00,0x00,0x00,0x00,0x00,0x00,0x00,0x00,0x00,0x00,0x00,0x00,0x00,0x00,0x00,
  0x00,0x00,0x00,0x00,0x00,0x00,0x6f,0xff,0xff,0x40,0x00,0x00,0x00,0x00,0x00,0x00,0x00,0x00,0x00,0x00,0x00,0x00,0x00,0x00,
  0x00,0x00,0x00,0x00,0x00,0x00,0x00,0x08,0xff,0xff,0xf3,0x00,0x00,0x00,0x00,0x00,0x00,0x00,0x00,0x00,0x00,0x00,0x00,0x00,
  0x00,0x00,0x00,0x00,0x00,0x00,0x00,0x00,0x00,0xbf,0xff,0xfe,0x20,0x00,0x00,0x00,0x00,0x00,0x00,0x00,0x00,0x00,0x00,0x00,
  0x00,0x00,0x00,0x00,0x00,0x00,0x00,0x00,0x00,0x00,0x0c,0xff,0xff,0xd1,0x00,0x00,0x00,0x00,0x00,0x00,0x00,0x00,0x00,0x00,
  0x00,0x00,0x00,0x00,0x00,0x00,0x00,0x00,0x00,0x00,0x00,0x01,0xef,0xff,0xfb,0x00,0x00,0x00,0x00,0x00,0x00,0x00,0x00,0x00,
  0x00,0x00,0x00,0x00,0x00,0x00,0x00,0x00,0x00,0x00,0x00,0x00,0x00,0x2f,0xff,0xff,0xa0,0x00,0x00,0x00,0x00,0x00,0x00,0x00,
  0x00,0x00,0x00,0x00,0x00,0x00,0x00,0x00,0x00,0x00,0x00,0x00,0x00,0x00,0x04,0xff,0xff,0xf8,0x00,0x00,0x00,0x00,0x00,0x00,
  0x00,0x00,0x00,0x00,0x00,0x00,0x00,0x00,0x00,0x00,0x00,0x00,0x00,0x00,0x00,0x00,0x6f,0xff,0xff,0x50,0x00,0x00,0x00,0x00,
  0x00,0x00,0x00,0x00,0x00,0x00,0x00,0x00,0x00,0x00,0x00,0x00,0x00,0x00,0x00,0x00,0x00,0x08,0xff,0xff,0xf4,0x00,0x00,0x00,
  0x00,0x00,0x00,0x00,0x00,0x00,0x00,0x00,0x00,0x00,0x00,0x00,0x00,0x00,0x00,0x00,0x00,0x00,0x00,0xaf,0xff,0xfe,0x20,0x00,
  0x00,0x00,0x00,0x00,0x00,0x00,0x00,0x00,0x00,0x00,0x00,0x00,0x00,0x00,0x00,0x00,0x00,0x00,0x00,0x00,0x0c,0xff,0xff,0xe1,
  0x00,0x00,0x00,0x00,0x00,0x00,0x00,0x00,0x00,0x00,0x00,0x00,0x00,0x00,0x00,0x00,0x00,0x00,0x00,0x00,0x00,0x01,0xef,0xff,
  0xfc,0x00,0x00,0x00,0x00,0x00,0x00,0x00,0x00,0x00,0x00,0x00,0x00,0x00,0x00,0x00,0x00,0x00,0x00,0x00,0x00,0x00,0x00,0x2f,
  0xff,0xff,0xb0,0x00,0x00,0x00,0x00,0x00,0x00,0x00,0x00,0x00,0x00,0x00,0x00,0x00,0x00,0x00,0x00,0x00,0x00,0x00,0x00,0x00,
  0x04,0xff,0xff,0xf9,0x00,0x00,0x00,0x00,0x00,0x00,0x00,0x00,0x00,0x00,0x00,0x00,0x00,0x00,0x00,0x00,0x00,0x00,0x00,0x00,
  0x00,0x00,0x6f,0xff,0xff,0x70,0x00,0x00,0x00,0x00,0x00,0x00,0x00,0x00,0x00,0x00,0x00,0x00,0x00,0x00,0x00,0x00,0x00,0x00,
  0x00,0x00,0x00,0x08,0xff,0xff,0xf5,0x00,0x00,0x00,0x00,0x00,0x00,0x00,0x00,0x00,0x00,0x00,0x00,0x00,0x00,0x00,0x00,0x00,
  0x00,0x00,0x00,0x00,0x00,0xaf,0xff,0xff,0x30,0x00,0x00,0x00,0x00,0x00,0x00,0x00,0x00,0x00,0x00,0x00,0x00,0x00,0x00,0x00,
  0x00,0x00,0x00,0x00,0x00,0x00,0x0c,0xff,0xfa,0x00,0x00,0x00,0x00,0x00,0x00,0x00,0x00,0x00,0x00,0x00,0x00,0x00,0x00,0x00,
  0x00,0x00,0x00,0x00,0x00,0x00,0x00,0x01,0xef,0x60,0x00,0x00,0x00,0x00,0x00,0x00,0x00,0x00,0x00,0x00,0x00,0x00,0x00,0x00,
  0x00,0x00,0x00,0x00,0x00,0x00,0x00,0x00,0x00,0x22,0x00,0x00,0xff,0xfe,0xff,0xfe,0xff,0xfe,0xff,0xfe,0xff,0xfe,0xff,0xfe,
  0xff,0xfe,0xff,0xfe,0xff,0xfe,0xff,0xfe,0xff,0xfe,0xff,0xfe,0xff,0xfe,0xff,0xfe,0xff,0xfe,0xff,0xfe,0xff,0xfe,0xff,0xfe,
  0xff,0xfe,0xff,0xfe,0xff,0xfe,0xff,0xfe,0xff,0xfe,0xff,0xfe,0xff,0xfe,0xff,0xfe,0xff,0xfe,0xff,0xfe,0xff,0xfe,0xff,0xfe,
  0xff,0xfe,0xff,0xfe,0xff,0xfe,0xff,0xfe,0xff,0xfe,0xff,0xfe,0xff,0xfe,0xff,0xfe,0xff,0xfe,0xff,0xfe,0xff,0xfe,0xff,0xfe,
  0xff,0xfe,0xff,0xfe,0xff,0xfe,0xff,0xfe,0xff,0xfe,0xff,0xfe,0xff,0xfe,0xff,0xfe,0xff,0xfe,0xff,0xfe,0xff,0xfe,0xff,0xfe,
  0xff,0xfe,0xff,0xfe,0xff,0xfe,0xff,0xfe,0xff,0xfe,0xff,0xfe,0xff,0xfe,0xff,0xfe,0xff,0xfe,0xff,0xfe,0x50,0x00,0x00,0x00,
  0x00,0x00,0x00,0x00,0x00,0x00,0x00,0x00,0x00,0x00,0x00,0x00,0x00,0x00,0x00,0x00,0x00,0x00,0x00,0x00,0x00,0x00,0x00,0x40,
  0x4b,0x00,0x00,0x00,0x00,0x00,0x00,0x00,0x00,0x00,0x00,0x00,0x00,0x00,0x00,0x00,0x00,0x00,0x00,0x00,0x00,0x00,0x00,0x00,
  0x00,0x00,0x0b,0x30,0x0a,0xa0,0x00,0x00,0x00,0x00,0x00,0x00,0x00,0x00,0x00,0x00,0x00,0x00,0x00,0x00,0x00,0x00,0x00,0x00,
  0x00,0x00,0x00,0x00,0x00,0x00,0xa9,0x00,0x01,0xe9,0x00,0x00,0x00,0x00,0x00,0x00,0x00,0x00,0x00,0x00,0x00,0x00,0x00,0x00,
  0x00,0x00,0x00,0x00,0x00,0x00,0x00,0x00,0x00,0x0a,0xe0,0x00,0x00,0x5f,0x90,0x00,0x00,0x00,0x00,0x00,0x00,0x00,0x00,0x00,
  0x00,0x00,0x00,0x00,0x00,0x00,0x00,0x00,0x00,0x00,0x00,0x00,0x00,0xbf,0x40,0x00,0x00,0x09,0xfa,0x00,0x00,0x00,0x00,0x00,
  0x00,0x00,0x00,0x00,0x00,0x00,0x00,0x00,0x00,0x00,0x00,0x00,0x00,0x00,0x00,0x00,0x1c,0xf7,0x00,0x00,0x00,0x00,0xdf,0xb1,
  0x00,0x00,0x00,0x00,0x00,0x00,0x00,0x00,0x00,0x00,0x00,0x00,0x00,0x00,0x00,0x00,0x00,0x00,0x00,0x03,0xef,0xb0,0x00,0x00,
  0x00,0x00,0x1e,0xfe,0x30,0x00,0x00,0x00,0x00,0x00,0x00,0x00,0x00,0x00,0x00,0x00,0x00,0x00,0x00,0x00,0x00,0x00,0x00,0x6f,
  0xfd,0x00,0x00,0x00,0x00,0x00,0x02,0xff,0xf7,0x00,0x00,0x00,0x00,0x00,0x00,0x00,0x00,0x00,0x00,0x00,0x00,0x00,0x00,0x00,
  0x00,0x00,0x1b,0xff,0xe1,0x00,0x00,0x00,0x00,0x00,0x00,0x3e,0xff,0xd3,0x00,0x00,0x00,0x00,0x00,0x00,0x00,0x00,0x00,0x00,
  0x00,0x00,0x00,0x00,0x00,0x07,0xff,0xfe,0x20,0x00,0x00,0x00,0x00,0x00,0x00,0x03,0xef,0xff,0xa2,0x00,0x00,0x00,0x00,0x00,
  0x00,0x00,0x00,0x00,0x00,0x00,0x00,0x00,0x05,0xdf,0xff,0xd1,0x00,0x00,0x00,0x00,0x00,0x00,0x00,0x00,0x1c,0xff,0xff,0xa3,
  0x00,0x00,0x00,0x00,0x00,0x00,0x00,0x00,0x00,0x00,0x00,0x16,0xdf,0xff,0xfb,0x10,0x00,0x00,0x00,0x00,0x00,0x00,0x00,0x00,
  0x00,0x9f,0xff,0xff,0xd8,0x30,0x00,0x00,0x00,0x00,0x00,0x00,0x00,0x01,0x5a,0xff,0xff,0xff,0x80,0x00,0x00,0x00,0x00,0x00,
  0x00,0x00,0x00,0x00,0x00,0x04,0xdf,0xff,0xff,0xff,0xb8,0x53,0x20,0x00,0x00,0x23,0x69,0xcf,0xff,0xff,0xff,0xd3,0x00,0x00,
  0x00,0x00,0x00,0x00,0x00,0x00,0x00,0x00,0x00,0x00,0x07,0xef,0xff,0xff,0xff,0xff,0xff,0xff,0xff,0xff,0xff,0xff,0xff,0xff,
  0xe7,0x00,0x00,0x00,0x00,0x00,0x00,0x00,0x00,0x00,0x00,0x00,0x00,0x00,0x00,0x06,0xdf,0xff,0xff,0xff,0xff,0xff,0xff,0xff,
  0xff,0xff,0xff,0xd6,0x00,0x00,0x00,0x00,0x00,0x00,0x00,0x00,0x00,0x00,0x00,0x00,0x00,0x00,0x00,0x00,0x03,0x9e,0xff,0xff,
  0xff,0xff,0xff,0xff,0xff,0xfc,0x83,0x00,0x00,0x00,0x00,0x00,0x00,0x00,0x00,0x00,0x00,0x00,0x00,0x00,0x00,0x00,0x00,0x00,
  0x00,0x00,0x26,0x9c,0xdf,0xff,0xfe,0xca,0x85,0x10,0x00,0x00,0x00,0x00,0x00,0x00,0x00,0x00,0x00,0x00,0x00,0x00,0x00,0x00,
  0x00,0x00,0x00,0x00,0x00,0x00,0x00,0x00,0x00,0x02,0x00,0x00,0x00,0x00,0x00,0x00,0x00,0x00,0x00,0x00,0x00,0x00,0x00,0x00,
  0x00,0x00,0x00,0x00,0x00,0x00,0x00,0x00,0x00,0x00,0x00,0x18,0xff,0xe6,0x00,0x00,0x00,0x00,0x00,0x00,0x00,0x00,0x00,0x00,
  0x00,0x00,0x00,0x00,0x00,0x00,0x00,0x00,0x00,0x00,0x00,0x00,0x00,0x08,0xff,0xff,0xff,0xd6,0x00,0x00,0x00,0x00,0x00,0x00,
  0x00,0x00,0x00,0x00,0x00,0x00,0x00,0x00,0x00,0x00,0x00,0x00,0x00,0x00,0x00,0x07,0xef,0xff,0xff,0xff,0xff,0xd5,0x00,0x00,
  0x00,0x00,0x00,0x00,0x00,0x00,0x00,0x00,0x00,0x00,0x00,0x00,0x00,0x00,0x00,0x00,0x00,0x07,0xef,0xff,0xfe,0x62,0x7e,0xff,
  0xff,0xd5,0x00,0x00,0x00,0x00,0x00,0x00,0x00,0x00,0x00,0x00,0x00,0x00,0x00,0x00,0x00,0x00,0x00,0x07,0xef,0xff,0xfe,0x70,
  0x00,0x00,0x8f,0xff,0xff,0xd5,0x00,0x00,0x00,0x00,0x00,0x00,0x00,0x00,0x00,0x00,0x00,0x00,0x00,0x00,0x00,0x06,0xef,0xff,
  0xfe,0x70,0x00,0x00,0x00,0x01,0x8f,0xff,0xff,0xd5,0x00,0x00,0x00,0x00,0x00,0x00,0x00,0x00,0x00,0x00,0x00,0x00,0x00,0x06,
  0xef,0xff,0xff,0x80,0x00,0x00,0x00,0x00,0x00,0x01,0x8f,0xff,0xff,0xd5,0x00,0x00,0x00,0x00,0x00,0x00,0x00,0x00,0x00,0x00,
  0x00,0x06,0xef,0xff,0xff,0x81,0x00,0x00,0x00,0x00,0x00,0x00,0x00,0x01,0x9f,0xff,0xff,0xc4,0x00,0x00,0x00,0x00,0x00,0x00,
  0x00,0x00,0x00,0x06,0xdf,0xff,0xff,0x91,0x00,0x00,0x00,0x00,0x00,0x00,0x00,0x00,0x00,0x02,0x9f,0xff,0xff,0xc4,0x00,0x00,
  0x00,0x00,0x00,0x00,0x00,0x05,0xdf,0xff,0xff,0x91,0x00,0x00,0x00,0x00,0x00,0x00,0x00,0x00,0x00,0x00,0x00,0x02,0xaf,0xff,
  0xff,0xc4,0x00,0x00,0x00,0x00,0x00,0x05,0xdf,0xff,0xff,0xa2,0x00,0x00,0x00,0x00,0x00,0x00,0x00,0x00,0x00,0x00,0x00,0x00,
  0x00,0x02,0xaf,0xff,0xff,0xc4,0x00,0x00,0x00,0x05,0xdf,0xff,0xff,0xa2,0x00,0x00,0x00,0x00,0x00,0x00,0x00,0x00,0x00,0x00,
  0x00,0x00,0x00,0x00,0x00,0x03,0xbf,0xff,0xff,0xc4,0x00,0x04,0xdf,0xff,0xff,0xb2,0x00,0x00,0x00,0x00,0x00,0x00,0x00,0x00,
  0x00,0x00,0x00,0x00,0x00,0x00,0x00,0x00,0x00,0x03,0xbf,0xff,0xff,0xc2,0x1f,0xff,0xff,0xb3,0x00,0x00,0x00,0x00,0x00,0x00,
  0x00,0x00,0x00,0x00,0x00,0x00,0x00,0x00,0x00,0x00,0x00,0x00,0x00,0x03,0xcf,0xff,0xfd,0x0e,0xff,0xc3,0x00,0x00,0x00,0x00,
  0x00,0x00,0x00,0x00,0x00,0x00,0x00,0x00,0x00,0x00,0x00,0x00,0x00,0x00,0x00,0x00,0x00,0x04,0xcf,0xfb,0x03,0x94,0x00,0x00,
  0x00,0x00,0x00,0x00,0x00,0x00,0x00,0x00,0x00,0x00,0x00,0x00,0x00,0x00,0x00,0x00,0x00,0x00,0x00,0x00,0x00,0x04,0x92,0x00,
  0x00,0x00,0x0a,0xff,0xff,0xa0,0x00,0x00,0x00,0x00,0x00,0x00,0x4f,0xff,0xff,0xf4,0x00,0x00,0x00,0x00,0x00,0x00,0xdf,0xff,
  0xff,0xfd,0x00,0x00,0x00,0x00,0x00,0x08,0xff,0xff,0xff,0xff,0x80,0x00,0x00,0x00,0x00,0x3f,0xff,0xfc,0xcf,0xff,0xf3,0x00,
  0x00,0x00,0x00,0xcf,0xff,0xe1,0x1e,0xff,0xfc,0x00,0x00,0x00,0x07,0xff,0xff,0x50,0x05,0xff,0xff,0x70,0x00,0x00,0x2f,0xff,
  0xf9,0x00,0x00,0x9f,0xff,0xf2,0x00,0x00,0xbf,0xff,0xd0,0x00,0x00,0x0d,0xff,0xfb,0x00,0x06,0xff,0xff,0x30,0x00,0x00,0x03,
  0xff,0xff,0x50,0x1e,0xff,0xf7,0x00,0x00,0x00,0x00,0x7f,0xff,0xe1,0xaf,0xff,0xb0,0x00,0x00,0x00,0x00,0x0b,0xff,0xfa,0x00,
  0x00,0x04,0x9d,0xff,0xd9,0x40,0x00,0x00,0x00,0x01,0xbf,0xff,0xff,0xff,0xfb,0x10,0x00,0x00,0x2e,0xff,0xff,0xff,0xff,0xff,
  0xe2,0x00,0x01,0xdf,0xff,0xff,0xff,0xff,0xff,0xfd,0x10,0x09,0xff,0xff,0xa3,0x00,0x3a,0xff,0xff,0x80,0x0f,0xff,0xf7,0x00,
  0x00,0x00,0x7f,0xff,0xf0,0x5f,0xff,0xb0,0x00,0x00,0x00,0x0b,0xff,0xf5,0x7f,0xff,0x50,0x00,0x00,0x00,0x06,0xff,0xf7,0x8f,
  0xff,0x40,0x00,0x00,0x00,0x04,0xff,0xf8,0x7f,0xff,0x60,0x00,0x00,0x00,0x06,0xff,0xf7,0x5f,0xff,0xb0,0x00,0x00,0x00,0x0b,
  0xff,0xf4,0x0f,0xff,0xf6,0x00,0x00,0x00,0x7f,0xff,0xf0,0x08,0xff,0xff,0xa3,0x00,0x3a,0xff,0xff,0x80,0x01,0xdf,0xff,0xff,
  0xff,0xff,0xff,0xfd,0x10,0x00,0x2e,0xff,0xff,0xff,0xff,0xff,0xe2,0x00,0x00,0x01,0xbf,0xff,0xff,0xff,0xfb,0x10,0x00,0x00,
  0x00,0x04,0x9d,0xff,0xd9,0x40,0x00,0x00,0x2f,0xff,0xff,0xf7,0x2f,0xff,0xff,0xf7,0x2f,0xff,0xff,0xf7,0x2f,0xff,0xff,0xf7,
  0x2f,0xff,0xff,0xf7,0x2f,0xff,0xff,0xf7,0x2f,0xff,0xff,0xf7,0x2f,0xff,0xff,0xf7,0xff,0xff,0xff,0xff,0xff,0xff,0xff,0xff,
  0xff,0xff,0xff,0xff,0xff,0xff,0xff,0xff,0xff,0xff,0xff,0xff,0xff,0xff,0xff,0xff,0xff,0xff,0xff,0xff,0xff,0xff,0xff,0xff,
  0xff,0xff,0xff,0xff,0xff,0xff,0xff,0xff,0xff,0xff,0xff,0xff,0xff,0xff,0xff,0xff,0xff,0xff,0xff,0xff,0xff,0xff,0xff,0xff,
  0xff,0xff,0xff,0xff,0xff,0xff,0xff,0xff,0xff,0xff,0xff,0xff,0xff,0xff,0xff,0xff,0xff,0xff,0xff,0xff,0xff,0xff,0xff,0xff,
  0xff,0xff,0x00,0x00,0x00,0x00,0x00,0x00,0x00,0x00,0x00,0x00,0x00,0x00,0x00,0x00,0x00,0x00,0xff,0xff,0xff,0xff,0x00,0x00,
  0x00,0x00,0x00,0x00,0x00,0x00,0x00,0x00,0x00,0x00,0x00,0x00,0x00,0x00,0xff,0xff,0xff,0xff,0x00,0x00,0x00,0x00,0x00,0x00,
  0x00,0x00,0x00,0x00,0x00,0x00,0x00,0x00,0x00,0x00,0xff,0xff,0xff,0xff,0x00,0x00,0x00,0x00,0x00,0x00,0x00,0x00,0x00,0x00,
  0x00,0x00,0x00,0x00,0x00,0x00,0xff,0xff,0xff,0xff,0x00,0x00,0x00,0x00,0x00,0x00,0x00,0x00,0x00,0x00,0x00,0x00,0x00,0x00,
  0x00,0x00,0xff,0xff,0xff,0xff,0x00,0x00,0x00,0x00,0x00,0x00,0x00,0x00,0x00,0x00,0x00,0x00,0x00,0x00,0x00,0x00,0xff,0xff,
  0xff,0xff,0x00,0x00,0x00,0x00,0x00,0x00,0x00,0x00,0x00,0x00,0x00,0x00,0x00,0x00,0x00,0x00,0xff,0xff,0xff,0xff,0x00,0x00,
  0x00,0x00,0x00,0x00,0x00,0x00,0x00,0x00,0x00,0x00,0x00,0x00,0x00,0x00,0xff,0xff,0xff,0xff,0x00,0x00,0x00,0x00,0x00,0x00,
  0x00,0x00,0x00,0x00,0x00,0x00,0x00,0x00,0x00,0x00,0xff,0xff,0xff,0xff,0x00,0x00,0x00,0x00,0x00,0x00,0x00,0x00,0x00,0x00,
  0x00,0x00,0x00,0x00,0x00,0x00,0xff,0xff,0xff,0xff,0x00,0x00,0x00,0x00,0x00,0x00,0x00,0x00,0x00,0x00,0x00,0x00,0x00,0x00,
  0x00,0x00,0xff,0xff,0xff,0xff,0x00,0x00,0x00,0x00,0x00,0x00,0x00,0x00,0x00,0x00,0x00,0x00,0x00,0x00,0x00,0x00,0xff,0xff,
  0xff,0xff,0x00,0x00,0x00,0x00,0x00,0x00,0x00,0x00,0x00,0x00,0x00,0x00,0x00,0x00,0x00,0x00,0xff,0xff,0xff,0xff,0x00,0x00,
  0x00,0x00,0x00,0x00,0x00,0x00,0x00,0x00,0x00,0x00,0x00,0x00,0x00,0x00,0xff,0xff,0xff,0xff,0x00,0x00,0x00,0x00,0x00,0x00,
  0x00,0x00,0x00,0x00,0x00,0x00,0x00,0x00,0x00,0x00,0xff,0xff,0xff,0xff,0x00,0x00,0x00,0x00,0x00,0x00,0x00,0x00,0x00,0x00,
  0x00,0x00,0x00,0x00,0x00,0x00,0xff,0xff,0xff,0xff,0x00,0x00,0x00,0x00,0x00,0x00,0x00,0x00,0x00,0x00,0x00,0x00,0x00,0x00,
  0x00,0x00,0xff,0xff,0xff,0xff,0x00,0x00,0x00,0x00,0x00,0x00,0x00,0x00,0x00,0x00,0x00,0x00,0x00,0x00,0x00,0x00,0xff,0xff,
  0xff,0xff,0x00,0x00,0x00,0x00,0x00,0x00,0x00,0x00,0x00,0x00,0x00,0x00,0x00,0x00,0x00,0x00,0xff,0xff,0xff,0xff,0x00,0x00,
  0x00,0x00,0x00,0x00,0x00,0x00,0x00,0x00,0x00,0x00,0x00,0x00,0x00,0x00,0xff,0xff,0xff,0xff,0x00,0x00,0x00,0x00,0x00,0x00,
  0x00,0x00,0x00,0x00,0x00,0x00,0x00,0x00,0x00,0x00,0xff,0xff,0xff,0xff,0x00,0x00,0x00,0x00,0x00,0x00,0x00,0x00,0x00,0x00,
  0x00,0x00,0x00,0x00,0x00,0x00,0xff,0xff,0xff,0xff,0x00,0x00,0x00,0x00,0x00,0x00,0x00,0x00,0x00,0x00,0x00,0x00,0x00,0x00,
  0x00,0x00,0xff,0xff,0xff,0xff,0x00,0x00,0x00,0x00,0x00,0x00,0x00,0x00,0x00,0x00,0x00,0x00,0x00,0x00,0x00,0x00,0xff,0xff,
  0x00,0x00,0xff,0xff,0x00,0x00,0x00,0x00,0x00,0x00,0x00,0x00,0x00,0x00,0x00,0x00,0xff,0xff,0x00,0x00,0x00,0x00,0xff,0xff,
  0x00,0x00,0x00,0x00,0x00,0x00,0x00,0x00,0x00,0x00,0x00,0x00,0xff,0xff,0x00,0x00,0x00,0x00,0xff,0xff,0x00,0x00,0x00,0x00,
  0x00,0x00,0x00,0x00,0x00,0x00,0x00,0x00,0xff,0xff,0x00,0x00,0x00,0x00,0xff,0xff,0x00,0x00,0x00,0x00,0x00,0x00,0x00,0x00,
  0x00,0x00,0x00,0x00,0xff,0xff,0x00,0x00,0x00,0x00,0x00,0x00,0xff,0xff,0xff,0xff,0xff,0xff,0xff,0xff,0xff,0xff,0xff,0xff,
  0x00,0x00,0x00,0x00,0x00,0x00,0x00,0x00,0xff,0xff,0xff,0xff,0xff,0xff,0xff,0xff,0xff,0xff,0xff,0xff,0x00,0x00,0x00,0x00,
  0x00,0x00,0x00,0x00,0xff,0xff,0xff,0xff,0xff,0xff,0xff,0xff,0xff,0xff,0xff,0xff,0x00,0x00,0x00,0x00,0x00,0x00,0x00,0x00,
  0xff,0xff,0xff,0xff,0xff,0xff,0xff,0xff,0xff,0xff,0xff,0xff,0x00,0x00,0x00,0x00,0x69,0x99,0x99,0x99,0x99,0x99,0x99,0x99,
  0x99,0x99,0x99,0x99,0x99,0x99,0x99,0x97,0x4f,0xff,0xff,0xff,0xff,0xff,0xff,0xff,0xff,0xff,0xff,0xff,0xff,0xff,0xff,0xf6,
  0x0c,0xff,0xff,0xff,0xff,0xff,0xff,0xff,0xff,0xff,0xff,0xff,0xff,0xff,0xff,0xe0,0x04,0xff,0xff,0xff,0xff,0xff,0xff,0xff,
  0xff,0xff,0xff,0xff,0xff,0xff,0xff,0x60,0x00,0xcf,0xfc,0x00,0x00,0x00,0x00,0x00,0x00,0x00,0x00,0x00,0x00,0xaf,0xfe,0x00,
  0x00,0x4f,0xff,0x40,0x00,0x00,0x00,0x00,0x00,0x00,0x00,0x00,0x02,0xff,0xf6,0x00,0x00,0x0c,0xff,0xc0,0x00,0x00,0x00,0x00,
  0x00,0x00,0x00,0x00,0x0a,0xff,0xe0,0x00,0x00,0x04,0xff,0xf4,0x00,0x00,0x00,0x00,0x00,0x00,0x00,0x00,0x2f,0xff,0x60,0x00,
  0x00,0x00,0xcf,0xfc,0x00,0x00,0x00,0x00,0x00,0x00,0x00,0x00,0xaf,0xfe,0x00,0x00,0x00,0x00,0x4f,0xff,0x40,0x00,0x00,0x00,
  0x00,0x00,0x00,0x02,0xff,0xf6,0x00,0x00,0x00,0x00,0x0c,0xff,0xc0,0x00,0x00,0x00,0x00,0x00,0x00,0x0a,0xff,0xe0,0x00,0x00,
  0x00,0x00,0x04,0xff,0xf4,0x00,0x00,0x00,0x00,0x00,0x00,0x2f,0xff,0x60,0x00,0x00,0x00,0x00,0x00,0xcf,0xfc,0x00,0x00,0x00,
  0x00,0x00,0x00,0xaf,0xfe,0x00,0x00,0x00,0x00,0x00,0x00,0x4f,0xff,0x40,0x00,0x00,0x00,0x00,0x02,0xff,0xf6,0x00,0x00,0x00,
  0x00,0x00,0x00,0x0c,0xff,0xb0,0x00,0x00,0x00,0x00,0x0a,0xff,0xe0,0x00,0x00,0x00,0x00,0x00,0x00,0x05,0xff,0xf3,0x00,0x00,
  0x00,0x00,0x2f,0xff,0x60,0x00,0x00,0x00,0x00,0x00,0x00,0x00,0xcf,0xfb,0x00,0x00,0x00,0x00,0x9f,0xfe,0x00,0x00,0x00,0x00,
  0x00,0x00,0x00,0x00,0x5f,0xff,0x30,0x00,0x00,0x02,0xff,0xf7,0x00,0x00,0x00,0x00,0x00,0x00,0x00,0x00,0x0d,0xff,0xb0,0x00,
  0x00,0x09,0xff,0xe0,0x00,0x00,0x00,0x00,0x00,0x00,0x00,0x00,0x05,0xff,0xf3,0x00,0x00,0x2f,0xff,0x70,0x00,0x00,0x00,0x00,
  0x00,0x00,0x00,0x00,0x00,0xdf,0xfb,0x00,0x00,0x9f,0xfe,0x00,0x00,0x00,0x00,0x00,0x00,0x00,0x00,0x00,0x00,0x5f,0xff,0x30,
  0x02,0xff,0xf7,0x00,0x00,0x00,0x00,0x00,0x00,0x00,0x00,0x00,0x00,0x0d,0xff,0xb0,0x09,0xff,0xe0,0x00,0x00,0x00,0x00,0x00,
  0x00,0x00,0x00,0x00,0x00,0x05,0xff,0xf3,0x1f,0xff,0x70,0x00,0x00,0x00,0x00,0x00,0x00,0x00,0x00,0x00,0x00,0x00,0xdf,0xfb,
  0x9f,0xfe,0x00,0x00,0x00,0x00,0x00,0x00,0x00,0x00,0x00,0x00,0x00,0x00,0x5f,0xff,0xff,0xf7,0x00,0x00,0x00,0x00,0x00,0x00,
  0x00,0x00,0x00,0x00,0x00,0x00,0x0d,0xff,0xff,0xe0,0x00,0x00,0x00,0x00,0x00,0x00,0x00,0x00,0x00,0x00,0x00,0x00,0x05,0xff,
  0xff,0x70,0x00,0x00,0x00,0x00,0x00,0x00,0x00,0x00,0x00,0x00,0x00,0x00,0x00,0xdf,0xfe,0x00,0x00,0x00,0x00,0x00,0x00,0x00,
  0x00,0x00,0x00,0x00,0x00,0x00,0x00,0x5f,0xf7,0x00,0x00,0x00,0x00,0x00,0x00,0x00,0x00,0x00,0x00,0x00,0x00,0x00,0x00,0x0d,
  0xe0,0x00,0x00,0x00,0x00,0x00,0x00,0x00,0x00,0x00,0x00,0x00,0x00,0x00,0x00,0x05,0x70,0x00,0x00,0x00,0x00,0x00,0x00,0x00,
  0x00,0x00,0x00,0x00,0x00,0x00,0x00,0x00,0x00,0x00,0x00,0x00,0x00,0x00,0x00,0x00,0x00,0x00,0x00,0x00,0x00,0x00,0x00,0x00,
  0x00,0x00,0x00,0x00,0x00,0x00,0x00,0x00,0x00,0x00,0x00,0x00,0x00,0x00,0x00,0x00,0x00,0x00,0x00,0x00,0x00,0x00,0x00,0x00,
  0x00,0x00,0x00,0x00,0x00,0x90,0x00,0x00,0x00,0x00,0x00,0x00,0x00,0x00,0x00,0x00,0x00,0x00,0x00,0x00,0x00,0x00,0x00,0x00,
  0x00,0x00,0x00,0x00,0x00,0x03,0xf6,0x00,0x00,0x00,0x00,0x00,0x00,0x00,0x00,0x00,0x00,0x00,0x00,0x00,0x00,0x00,0x00,0x00,
  0x00,0x00,0x00,0x00,0x00,0x00,0x0b,0xfe,0x00,0x00,0x00,0x00,0x00,0x00,0x00,0x00,0x00,0x00,0x00,0x00,0x00,0x00,0x00,0x00,
  0x00,0x00,0x00,0x00,0x00,0x00,0x00,0x3f,0xff,0x60,0x00,0x00,0x00,0x00,0x00,0x00,0x00,0x00,0x00,0x00,0x00,0x00,0x00,0x00,
  0x00,0x00,0x00,0x00,0x00,0x00,0x00,0x00,0xbf,0xff,0xe0,0x00,0x00,0x00,0x00,0x00,0x00,0x00,0x00,0x00,0x00,0x00,0x00,0x00,
  0x00,0x00,0x00,0x00,0x00,0x00,0x00,0x00,0x03,0xff,0xff,0xf6,0x00,0x00,0x00,0x00,0x00,0x00,0x00,0x00,0x00,0x00,0x00,0x00,
  0x00,0x00,0x00,0x00,0x00,0x00,0x00,0x00,0x00,0x0b,0xff,0xff,0xfd,0x00,0x00,0x00,0x00,0x00,0x00,0x00,0x00,0x00,0x00,0x00,
  0x00,0x00,0x00,0x00,0x00,0x00,0x00,0x00,0x00,0x00,0x3f,0xff,0x8f,0xff,0x60,0x00,0x00,0x00,0x00,0x00,0x00,0x00,0x00,0x00,
  0x00,0x00,0x00,0x00,0x00,0x00,0x00,0x00,0x00,0x00,0x00,0xbf,0xfd,0x0a,0xff,0xd0,0x00,0x00,0x00,0x00,0x00,0x00,0x00,0x00,
  0x00,0x00,0x00,0x00,0x00,0x00,0x00,0x00,0x00,0x00,0x00,0x03,0xff,0xf5,0x02,0xff,0xf6,0x00,0x00,0x00,0x00,0x00,0x00,0x00,
  0x00,0x00,0x00,0x00,0x00,0x00,0x00,0x00,0x00,0x00,0x00,0x00,0x0b,0xff,0xd0,0x00,0xaf,0xfd,0x00,0x00,0x00,0x00,0x00,0x00,
  0x00,0x00,0x00,0x00,0x00,0x00,0x00,0x00,0x00,0x00,0x00,0x00,0x00,0x3f,0xff,0x50,0x00,0x2f,0xff,0x60,0x00,0x00,0x00,0x00,
  0x00,0x00,0x00,0x00,0x00,0x00,0x00,0x00,0x00,0x00,0x00,0x00,0x00,0x00,0xbf,0xfd,0x00,0x00,0x0a,0xff,0xd0,0x00,0x00,0x00,
  0x00,0x00,0x00,0x00,0x00,0x00,0x00,0x00,0x00,0x00,0x00,0x00,0x00,0x00,0x03,0xff,0xf5,0x00,0x00,0x02,0xff,0xf6,0x00,0x00,
  0x00,0x00,0x00,0x00,0x00,0x00,0x00,0x00,0x00,0x00,0x00,0x00,0x00,0x00,0x00,0x0b,0xff,0xd0,0x00,0x00,0x00,0xaf,0xfd,0x00,
  0x00,0x00,0x00,0x00,0x00,0x00,0x00,0x00,0x00,0x00,0x00,0x00,0x00,0x00,0x00,0x00,0x3f,0xff,0x50,0x00,0x00,0x00,0x2f,0xff,
  0x60,0x00,0x00,0x00,0x00,0x00,0x00,0x00,0x00,0x00,0x00,0x00,0x00,0x00,0x00,0x00,0x00,0xbf,0xfd,0x00,0x00,0x00,0x00,0x0a,
  0xff,0xd0,0x00,0x00,0x00,0x00,0x00,0x00,0x00,0x00,0x00,0x00,0x00,0x00,0x00,0x00,0x00,0x03,0xff,0xf5,0x00,0x00,0x00,0x00,
  0x02,0xff,0xf6,0x00,0x00,0x00,0x00,0x00,0x00,0x00,0x00,0x00,0x00,0x00,0x00,0x00,0x00,0x00,0x0a,0xff,0xd0,0x00,0x00,0x00,
  0x00,0x00,0xaf,0xfd,0x00,0x00,0x00,0x00,0x00,0x00,0x00,0x00,0x00,0x00,0x00,0x00,0x00,0x00,0x00,0x2f,0xff,0x50,0x00,0x00,
  0x00,0x00,0x00,0x2f,0xff,0x60,0x00,0x00,0x00,0x00,0x00,0x00,0x00,0x00,0x00,0x00,0x00,0x00,0x00,0x00,0xaf,0xfd,0x00,0x00,
  0x00,0x00,0x00,0x00,0x0a,0xff,0xd0,0x00,0x00,0x00,0x00,0x00,0x00,0x00,0x00,0x00,0x00,0x00,0x00,0x00,0x02,0xff,0xf6,0x00,
  0x00,0x00,0x00,0x00,0x00,0x02,0xff,0xf6,0x00,0x00,0x00,0x00,0x00,0x00,0x00,0x00,0x00,0x00,0x00,0x00,0x00,0x0a,0xff,0xd0,
  0x00,0x00,0x00,0x00,0x00,0x00,0x00,0xaf,0xfd,0x00,0x00,0x00,0x00,0x00,0x00,0x00,0x00,0x00,0x00,0x00,0x00,0x00,0x2f,0xff,
  0x60,0x00,0x00,0x00,0x00,0x00,0x00,0x00,0x3f,0xff,0x60,0x00,0x00,0x00,0x00,0x00,0x00,0x00,0x00,0x00,0x00,0x00,0x00,0xaf,
  0xfd,0x00,0x00,0x00,0x00,0x00,0x00,0x00,0x00,0x0b,0xff,0xd0,0x00,0x00,0x00,0x00,0x00,0x00,0x00,0x00,0x00,0x00,0x00,0x02,
  0xff,0xf6,0x00,0x00,0x00,0x00,0x00,0x00,0x00,0x00,0x03,0xff,0xf5,0x00,0x00,0x00,0x00,0x00,0x00,0x00,0x00,0x00,0x00,0x00,
  0x0a,0xff,0xd0,0x00,0x00,0x00,0x00,0x00,0x00,0x00,0x00,0x00,0xbf,0xfd,0x00,0x00,0x00,0x00,0x00,0x00,0x00,0x00,0x00,0x00,
  0x00,0x2f,0xff,0x60,0x00,0x00,0x00,0x00,0x00,0x00,0x00,0x00,0x00,0x3f,0xff,0x50,0x00,0x00,0x00,0x00,0x00,0x00,0x00,0x00,
  0x00,0x00,0xaf,0xfd,0x00,0x00,0x00,0x00,0x00,0x00,0x00,0x00,0x00,0x00,0x0b,0xff,0xd0,0x00,0x00,0x00,0x00,0x00,0x00,0x00,
  0x00,0x00,0x02,0xff,0xf6,0x00,0x00,0x00,0x00,0x00,0x00,0x00,0x00,0x00,0x00,0x03,0xff,0xf5,0x00,0x00,0x00,0x00,0x00,0x00,
  0x00,0x00,0x00,0x0a,0xff,0xe0,0x00,0x00,0x00,0x00,0x00,0x00,0x00,0x00,0x00,0x00,0x00,0xbf,0xfd,0x00,0x00,0x00,0x00,0x00,
  0x00,0x00,0x00,0x00,0x2f,0xff,0x60,0x00,0x00,0x00,0x00,0x00,0x00,0x00,0x00,0x00,0x00,0x00,0x3f,0xff,0x50,0x00,0x00,0x00,
  0x00,0x00,0x00,0x00,0x00,0xaf,0xfe,0x00,0x00,0x00,0x00,0x00,0x00,0x00,0x00,0x00,0x00,0x00,0x00,0x0b,0xff,0xd0,0x00,0x00,
  0x00,0x00,0x00,0x00,0x00,0x02,0xff,0xf6,0x00,0x00,0x00,0x00,0x00,0x00,0x00,0x00,0x00,0x00,0x00,0x00,0x03,0xff,0xf5,0x00,
  0x00,0x00,0x00,0x00,0x00,0x00,0x0a,0xff,0xe0,0x00,0x00,0x00,0x00,0x00,0x00,0x00,0x00,0x00,0x00,0x00,0x00,0x00,0xbf,0xfd,
  0x00,0x00,0x00,0x00,0x00,0x00,0x00,0x2f,0xff,0x60,0x00,0x00,0x00,0x00,0x00,0x00,0x00,0x00,0x00,0x00,0x00,0x00,0x00,0x3f,
  0xff,0x50,0x00,0x00,0x00,0x00,0x00,0x00,0xaf,0xfe,0x00,0x00,0x00,0x00,0x00,0x00,0x00,0x00,0x00,0x00,0x00,0x00,0x00,0x00,
  0x0b,0xff,0xd0,0x00,0x00,0x00,0x00,0x00,0x02,0xff,0xf6,0x00,0x00,0x00,0x00,0x00,0x00,0x00,0x00,0x00,0x00,0x00,0x00,0x00,
  0x00,0x03,0xff,0xf5,0x00,0x00,0x00,0x00,0x00,0x0a,0xff,0xe0,0x00,0x00,0x00,0x00,0x00,0x00,0x00,0x00,0x00,0x00,0x00,0x00,
  0x00,0x00,0x00,0xbf,0xfd,0x00,0x00,0x00,0x00,0x00,0x2f,0xff,0x60,0x00,0x00,0x00,0x00,0x00,0x00,0x00,0x00,0x00,0x00,0x00,
  0x00,0x00,0x00,0x00,0x3f,0xff,0x50,0x00,0x00,0x00,0x00,0xaf,0xfe,0x00,0x00,0x00,0x00,0x00,0x00,0x00,0x00,0x00,0x00,0x00,
  0x00,0x00,0x00,0x00,0x00,0x0b,0xff,0xd0,0x00,0x00,0x00,0x02,0xff,0xf6,0x00,0x00,0x00,0x00,0x00,0x00,0x00,0x00,0x00,0x00,
  0x00,0x00,0x00,0x00,0x00,0x00,0x03,0xff,0xf5,0x00,0x00,0x00,0x0a,0xff,0xe0,0x00,0x00,0x00,0x00,0x00,0x00,0x00,0x00,0x00,
  0x00,0x00,0x00,0x00,0x00,0x00,0x00,0x00,0xbf,0xfd,0x00,0x00,0x00,0x2f,0xff,0x60,0x00,0x00,0x00,0x00,0x00,0x00,0x00,0x00,
  0x00,0x00,0x00,0x00,0x00,0x00,0x00,0x00,0x00,0x3f,0xff,0x50,0x00,0x00,0xaf,0xfe,0x00,0x00,0x00,0x00,0x00,0x00,0x00,0x00,
  0x00,0x00,0x00,0x00,0x00,0x00,0x00,0x00,0x00,0x00,0x0b,0xff,0xd0,0x00,0x02,0xff,0xfe,0xbb,0xbb,0xbb,0xbb,0xbb,0xbb,0xbb,
  0xbb,0xbb,0xbb,0xbb,0xbb,0xbb,0xbb,0xbb,0xbb,0xbb,0xbb,0xbc,0xff,0xf5,0x00,0x0a,0xff,0xff,0xff,0xff,0xff,0xff,0xff,0xff,
  0xff,0xff,0xff,0xff,0xff,0xff,0xff,0xff,0xff,0xff,0xff,0xff,0xff,0xff,0xfd,0x00,0x2f,0xff,0xff,0xff,0xff,0xff,0xff,0xff,
  0xff,0xff,0xff,0xff,0xff,0xff,0xff,0xff,0xff,0xff,0xff,0xff,0xff,0xff,0xff,0xff,0x50,0x8e,0xee,0xee,0xee,0xee,0xee,0xee,
  0xee,0xee,0xee,0xee,0xee,0xee,0xee,0xee,0xee,0xee,0xee,0xee,0xee,0xee,0xee,0xee,0xee,0xb0,0x00,0x00,0x00,0x00,0xff,0xff,
  0xff,0xff,0xff,0xff,0x00,0x00,0x00,0x00,0x00,0x00,0x00,0x00,0xff,0xff,0xff,0xff,0xff,0xff,0x00,0x00,0x00,0x00,0x00,0x00,
  0x00,0x00,0xff,0xff,0xff,0xff,0xff,0xff,0x00,0x00,0x00,0x00,0x00,0x00,0x00,0x00,0xff,0xff,0xff,0xff,0xff,0xff,0x00,0x00,
  0x00,0x00,0x00,0x00,0xff,0xff,0xff,0xff,0xff,0xff,0xff,0xff,0xff,0xff,0x00,0x00,0x00,0x00,0xff,0xff,0xff,0xff,0xff,0xff,
  0xff,0xff,0xff,0xff,0x00,0x00,0x00,0x00,0xff,0xff,0xff,0xff,0xff,0xff,0xff,0xff,0xff,0xff,0x00,0x00,0x00,0x00,0xff,0xff,
  0xff,0xff,0xff,0xff,0xff,0xff,0xff,0xff,0x00,0x00,0xff,0xff,0xff,0xff,0xff,0xff,0xff,0xff,0xff,0xff,0xff,0xff,0xff,0xff,
  0xff,0xff,0xff,0xff,0xff,0xff,0xff,0xff,0xff,0xff,0xff,0xff,0xff,0xff,0xff,0xff,0xff,0xff,0xff,0xff,0xff,0xff,0xff,0xff,
  0xff,0xff,0xff,0xff,0xff,0xff,0xff,0xff,0xff,0xff,0xff,0xff,0xff,0xff,0xff,0xff,0xff,0xff,0xff,0xff,0xff,0xff,0xff,0xff,
  0xff,0xff,0xff,0xff,0xff,0xff,0xff,0xff,0xff,0xff,0xff,0xff,0xff,0xff,0xff,0xff,0xff,0xff,0xff,0xff,0xff,0xff,0xff,0xff,
  0xff,0xff,0xff,0xff,0xff,0xff,0xff,0xff,0xff,0xff,0xff,0xff,0xff,0xff,0xff,0xff,0xff,0xff,0xff,0xff,0xff,0xff,0xff,0xff,
  0xff,0xff,0x00,0x00,0xff,0xff,0xff,0xff,0xff,0xff,0xff,0xff,0xff,0xff,0x00,0x00,0x00,0x00,0xff,0xff,0xff,0xff,0xff,0xff,
  0xff,0xff,0xff,0xff,0x00,0x00,0x00,0x00,0xff,0xff,0xff,0xff,0xff,0xff,0xff,0xff,0xff,0xff,0x00,0x00,0x00,0x00,0xff,0xff,
  0xff,0xff,0xff,0xff,0xff,0xff,0xff,0xff,0x00,0x00,0x00,0x00,0x00,0x00,0xff,0xff,0xff,0xff,0xff,0xff,0x00,0x00,0x00,0x00,
  0x00,0x00,0x00,0x00,0xff,0xff,0xff,0xff,0xff,0xff,0x00,0x00,0x00,0x00,0x00,0x00,0x00,0x00,0xff,0xff,0xff,0xff,0xff,0xff,
  0x00,0x00,0x00,0x00,0x00,0x00,0x00,0x00,0xff,0xff,0xff,0xff,0xff,0xff,0x00,0x00,0x00,0x00,0x00,0x00,0x00,0x00,0x00,0x00,
  0xff,0xff,0x00,0x00,0x00,0x00,0x00,0x00,0x00,0x00,0x00,0x00,0x00,0x00,0xff,0xff,0x00,0x00,0x00,0x00,0x00,0x00,0x00,0x00,
  0x00,0x00,0x00,0x00,0xff,0xff,0x00,0x00,0x00,0x00,0x00,0x00,0x00,0x00,0x00,0x00,0x00,0x00,0xff,0xff,0x00,0x00,0x00,0x00,
  0x00,0x00,0xff,0xff,0x00,0x00,0x00,0x00,0xff,0xff,0x00,0x00,0x00,0x00,0xff,0xff,0xff,0xff,0x00,0x00,0x00,0x00,0xff,0xff,
  0x00,0x00,0x00,0x00,0xff,0xff,0xff,0xff,0x00,0x00,0x00,0x00,0xff,0xff,0x00,0x00,0x00,0x00,0xff,0xff,0xff,0xff,0x00,0x00,
  0x00,0x00,0xff,0xff,0x00,0x00,0x00,0x00,0xff,0xff,0x00,0x00,0xff,0xff,0xff,0xff,0x00,0x00,0xff,0xff,0xff,0xff,0x00,0x00,
  0x00,0x00,0xff,0xff,0xff,0xff,0x00,0x00,0xff,0xff,0xff,0xff,0x00,0x00,0x00,0x00,0xff,0xff,0xff,0xff,0x00,0x00,0xff,0xff,
  0xff,0xff,0x00,0x00,0x00,0x00,0xff,0xff,0xff,0xff,0x00,0x00,0xff,0xff,0xff,0xff,0x00,0x00,0x00,0x00,0x00,0x00,0x00,0x00,
  0x00,0x00,0x00,0x00,0x00,0x12,0x43,0x21,0x00,0x00,0x00,0x00,0x00,0x00,0x00,0x00,0x00,0x00,0x00,0x00,0x00,0x00,0x00,0x00,
  0x00,0x00,0x00,0x00,0x48,0xcf,0xff,0xff,0xff,0xeb,0x83,0x00,0x00,0x00,0x00,0x00,0x00,0x00,0x00,0x00,0x00,0x00,0x00,0x00,
  0x00,0x00,0x00,0x02,0x8e,0xff,0xff,0xff,0xff,0xff,0xff,0xff,0xd7,0x10,0x00,0x00,0x00,0x00,0x00,0x00,0x00,0x00,0x00,0x00,
  0x00,0x00,0x00,0x02,0xaf,0xff,0xff,0xff,0xff,0xff,0xff,0xff,0xff,0xff,0xf9,0x10,0x00,0x00,0x00,0x00,0x00,0x00,0x00,0x00,
  0x00,0x00,0x00,0x00,0x9f,0xff,0xff,0xff,0xfc,0x98,0x67,0x89,0xcf,0xff,0xff,0xff,0xf8,0x00,0x00,0x00,0x00,0x00,0x00,0x00,
  0x00,0x00,0x00,0x00,0x4e,0xff,0xff,0xfe,0x93,0x00,0x00,0x00,0x00,0x00,0x4a,0xff,0xff,0xff,0xd3,0x00,0x00,0x00,0x00,0x00,
  0x00,0x00,0x00,0x00,0x09,0xff,0xff,0xfe,0x60,0x00,0x00,0x00,0x00,0x00,0x00,0x00,0x18,0xff,0xff,0xff,0x70,0x00,0x00,0x00,
  0x00,0x00,0x00,0x00,0x00,0xbf,0xff,0xff,0x70,0x00,0x00,0x00,0x00,0x00,0x00,0x00,0x00,0x00,0x18,0xff,0xff,0xf9,0x00,0x00,
  0x00,0x00,0x00,0x00,0x00,0x1d,0xff,0xff,0xb2,0x00,0x00,0x00,0x00,0x00,0x00,0x00,0x00,0x00,0x00,0x00,0x3d,0xff,0xff,0xb0,
  0x00,0x00,0x00,0x00,0x00,0x00,0xcf,0xff,0xf8,0x00,0x00,0x00,0x00,0x00,0x00,0x00,0x00,0x00,0x00,0x00,0x00,0x00,0xaf,0xff,
  0xfa,0x00,0x00,0x00,0x00,0x00,0x0a,0xff,0xff,0x50,0x00,0x00,0x00,0x00,0x00,0x00,0x00,0x00,0x00,0x00,0x00,0x00,0x00,0x08,
  0xff,0xff,0x80,0x00,0x00,0x00,0x00,0x6f,0xff,0xf5,0x00,0x00,0x00,0x00,0x00,0x00,0x00,0x00,0x00,0x00,0x00,0x00,0x00,0x00,
  0x00,0x8f,0xff,0xf3,0x00,0x00,0x00,0x01,0xff,0xff,0x70,0x00,0x00,0x00,0x00,0x00,0x00,0x00,0x00,0x00,0x00,0x00,0x00,0x00,
  0x00,0x00,0x09,0xff,0xfd,0x00,0x00,0x00,0x0a,0xff,0xfb,0x00,0x00,0x00,0x00,0x00,0x00,0x00,0x00,0x00,0x00,0x00,0x00,0x00,
  0x00,0x00,0x00,0x00,0xdf,0xff,0x80,0x00,0x00,0x2f,0xff,0xe1,0x00,0x00,0x00,0x00,0x00,0x00,0x00,0x00,0x00,0x00,0x00,0x00,
  0x00,0x00,0x00,0x00,0x00,0x3f,0xff,0xe0,0x00,0x00,0xaf,0xff,0x70,0x00,0x00,0x00,0x00,0x00,0x00,0x00,0x00,0x00,0x00,0x00,
  0x00,0x00,0x00,0x00,0x00,0x00,0x0a,0xff,0xf7,0x00,0x00,0xff,0xfe,0x00,0x00,0x00,0x00,0x00,0x00,0x00,0x00,0x00,0x00,0x00,
  0x00,0x00,0x00,0x00,0x00,0x00,0x00,0x02,0xff,0xfd,0x00,0x05,0xff,0xf8,0x00,0x00,0x00,0x00,0x00,0x00,0x00,0x00,0x00,0x00,
  0x00,0x00,0x00,0x00,0x00,0x00,0x00,0x00,0x00,0xbf,0xff,0x20,0x0a,0xff,0xf3,0x00,0x00,0x00,0x00,0x00,0x00,0x00,0x00,0x00,
  0x00,0x00,0x00,0x00,0x00,0x00,0x00,0x00,0x00,0x00,0x6f,0xff,0x70,0x0d,0xff,0xe0,0x00,0x00,0x00,0x00,0x00,0x00,0x00,0x00,
  0x00,0x00,0x00,0x00,0x00,0x00,0x00,0x00,0x00,0x00,0x00,0x1f,0xff,0xb0,0x0f,0xff,0xa0,0x00,0x00,0x00,0x00,0x00,0x00,0x00,
  0x00,0x00,0x00,0x00,0x00,0x00,0x00,0x00,0x00,0x00,0x00,0x00,0x0d,0xff,0xe0,0x3f,0xff,0x70,0x00,0x00,0x00,0x00,0x00,0x00,
  0x00,0x00,0x00,0x00,0x00,0x00,0x00,0x00,0x00,0x00,0x00,0x00,0x00,0x0a,0xff,0xf1,0x5f,0xff,0x50,0x00,0x00,0x00,0x00,0x00,
  0x00,0x00,0x00,0x00,0x00,0x00,0x00,0x00,0x00,0x00,0x00,0x00,0x00,0x00,0x07,0xff,0xf2,0x6f,0xff,0x40,0x00,0x00,0x00,0x00,
  0x00,0x00,0x00,0x00,0x00,0x00,0x00,0x00,0x00,0x00,0x00,0x00,0x00,0x00,0x00,0x06,0xff,0xf3,0x7f,0xff,0x30,0x00,0x00,0x00,
  0x00,0x00,0x00,0x00,0x00,0x00,0x00,0x00,0x00,0x00,0x00,0x00,0x00,0x00,0x00,0x00,0x05,0xff,0xf4,0x26,0x66,0x00,0x00,0x00,
  0x00,0x00,0x00,0x00,0x00,0x00,0x00,0x00,0x00,0x00,0x00,0x00,0x00,0x00,0x00,0x00,0x00,0x01,0x66,0x61,0x00,0x00,0x00,0x00,
  0x00,0x00,0x00,0x00,0x00,0x00,0x00,0x12,0x43,0x21,0x00,0x00,0x00,0x00,0x00,0x00,0x00,0x00,0x00,0x00,0x00,0x00,0x00,0x00,
  0x00,0x00,0x00,0x00,0x00,0x00,0x48,0xcf,0xff,0xff,0xff,0xeb,0x83,0x00,0x00,0x00,0x00,0x00,0x00,0x00,0x00,0x00,0x00,0x00,
  0x00,0x00,0x00,0x00,0x00,0x02,0x8e,0xff,0xff,0xff,0xff,0xff,0xff,0xff,0xd7,0x10,0x00,0x00,0x00,0x00,0x00,0x00,0x00,0x00,
  0x00,0x00,0x00,0x00,0x00,0x02,0xaf,0xff,0xff,0xff,0xff,0xff,0xff,0xff,0xff,0xff,0xf9,0x10,0x00,0x00,0x00,0x00,0x00,0x00,
  0x00,0x00,0x00,0x00,0x00,0x00,0x9f,0xff,0xff,0xff,0xfc,0x98,0x67,0x89,0xcf,0xff,0xff,0xff,0xf8,0x00,0x00,0x00,0x00,0x00,
  0x00,0x00,0x00,0x00,0x00,0x00,0x4e,0xff,0xff,0xfe,0x93,0x00,0x00,0x00,0x00,0x00,0x4a,0xff,0xff,0xff,0xd3,0x00,0x00,0x00,
  0x00,0x00,0x00,0x00,0x00,0x00,0x09,0xff,0xff,0xfe,0x60,0x00,0x00,0x00,0x00,0x00,0x00,0x00,0x18,0xff,0xff,0xff,0x70,0x00,
  0x00,0x00,0x00,0x00,0x00,0x00,0x00,0xbf,0xff,0xff,0x70,0x00,0x00,0x00,0x00,0x00,0x00,0x00,0x00,0x00,0x18,0xff,0xff,0xf9,
  0x00,0x00,0x00,0x00,0x00,0x00,0x00,0x1d,0xff,0xff,0xb2,0x00,0x00,0x00,0x00,0x00,0x00,0x00,0x00,0x00,0x00,0x00,0x3d,0xff,
  0xff,0xb0,0x00,0x00,0x00,0x00,0x00,0x00,0xcf,0xff,0xf8,0x00,0x00,0x00,0x00,0x03,0x68,0xa9,0x86,0x20,0x00,0x00,0x00,0x00,
  0xaf,0xff,0xfa,0x00,0x00,0x00,0x00,0x00,0x0a,0xff,0xff,0x50,0x00,0x00,0x00,0x28,0xef,0xff,0xff,0xff,0xfd,0x71,0x00,0x00,
  0x00,0x08,0xff,0xff,0x80,0x00,0x00,0x00,0x00,0x6f,0xff,0xf5,0x00,0x00,0x00,0x19,0xff,0xff,0xff,0xff,0xff,0xff,0xff,0x80,
  0x00,0x00,0x00,0x8f,0xff,0xf3,0x00,0x00,0x00,0x01,0xff,0xff,0x70,0x00,0x00,0x05,0xef,0xff,0xff,0xff,0xff,0xff,0xff,0xff,
  0xfd,0x40,0x00,0x00,0x09,0xff,0xfd,0x00,0x00,0x00,0x0a,0xff,0xfb,0x00,0x00,0x00,0x9f,0xff,0xff,0xff,0xff,0xff,0xff,0xff,
  0xff,0xff,0xf7,0x00,0x00,0x00,0xdf,0xff,0x80,0x00,0x00,0x2f,0xff,0xe1,0x00,0x00,0x0b,0xff,0xff,0xff,0xff,0xff,0xff,0xff,
  0xff,0xff,0xff,0xff,0x80,0x00,0x00,0x3f,0xff,0xe0,0x00,0x00,0xaf,0xff,0x70,0x00,0x00,0x9f,0xff,0xff,0xff,0xff,0xff,0xff,
  0xff,0xff,0xff,0xff,0xff,0xf7,0x00,0x00,0x0a,0xff,0xf7,0x00,0x00,0xff,0xfe,0x00,0x00,0x05,0xff,0xff,0xff,0xff,0xff,0xff,
  0xff,0xff,0xff,0xff,0xff,0xff,0xff,0x30,0x00,0x02,0xff,0xfd,0x00,0x05,0xff,0xf8,0x00,0x00,0x1e,0xff,0xff,0xff,0xff,0xff,
  0xff,0xff,0xff,0xff,0xff,0xff,0xff,0xff,0xd0,0x00,0x00,0xbf,0xff,0x20,0x0a,0xff,0xf3,0x00,0x00,0x8f,0xff,0xff,0xff,0xff,
  0xff,0xff,0xff,0xff,0xff,0xff,0xff,0xff,0xff,0xf5,0x00,0x00,0x6f,0xff,0x70,0x0d,0xff,0xe0,0x00,0x00,0xef,0xff,0xff,0xff,
  0xff,0xff,0xff,0xff,0xff,0xff,0xff,0xff,0xff,0xff,0xfc,0x00,0x00,0x1f,0xff,0xb0,0x0f,0xff,0xa0,0x00,0x04,0xff,0xff,0xff,
  0xff,0xff,0xff,0xff,0xff,0xff,0xff,0xff,0xff,0xff,0xff,0xff,0x10,0x00,0x0d,0xff,0xe0,0x3f,0xff,0x70,0x00,0x08,0xff,0xff,
  0xff,0xff,0xff,0xff,0xff,0xff,0xff,0xff,0xff,0xff,0xff,0xff,0xff,0x50,0x00,0x0a,0xff,0xf1,0x5f,0xff,0x50,0x00,0x0b,0xff,
  0xff,0xff,0xff,0xff,0xff,0xff,0xff,0xff,0xff,0xff,0xff,0xff,0xff,0xff,0x80,0x00,0x07,0xff,0xf2,0x6f,0xff,0x40,0x00,0x0d,
  0xff,0xff,0xff,0xff,0xff,0xff,0xff,0xff,0xff,0xff,0xff,0xff,0xff,0xff,0xff,0xa0,0x00,0x06,0xff,0xf3,0x7f,0xff,0x30,0x00,
  0x0e,0xff,0xff,0xff,0xff,0xff,0xff,0xff,0xff,0xff,0xff,0xff,0xff,0xff,0xff,0xff,0xb0,0x00,0x05,0xff,0xf4,0x7f,0xff,0x20,
  0x00,0x0e,0xff,0xff,0xff,0xff,0xff,0xff,0xff,0xff,0xff,0xff,0xff,0xff,0xff,0xff,0xff,0xc0,0x00,0x05,0xff,0xf5,0x7f,0xff,
  0x30,0x00,0x0e,0xff,0xff,0xff,0xff,0xff,0xff,0xff,0xff,0xff,0xff,0xff,0xff,0xff,0xff,0xff,0xb0,0x00,0x06,0xff,0xf4,0x6f,
  0xff,0x40,0x00,0x0d,0xff,0xff,0xff,0xff,0xff,0xff,0xff,0xff,0xff,0xff,0xff,0xff,0xff,0xff,0xff,0xa0,0x00,0x06,0xff,0xf3,
  0x5f,0xff,0x50,0x00,0x0a,0xff,0xff,0xff,0xff,0xff,0xff,0xff,0xff,0xff,0xff,0xff,0xff,0xff,0xff,0xff,0x70,0x00,0x08,0xff,
  0xf2,0x2f,0xff,0x80,0x00,0x07,0xff,0xff,0xff,0xff,0xff,0xff,0xff,0xff,0xff,0xff,0xff,0xff,0xff,0xff,0xff,0x40,0x00,0x0b,
  0xff,0xf0,0x0f,0xff,0xb0,0x00,0x02,0xff,0xff,0xff,0xff,0xff,0xff,0xff,0xff,0xff,0xff,0xff,0xff,0xff,0xff,0xff,0x00,0x00,
  0x0e,0xff,0xd0,0x0d,0xff,0xf0,0x00,0x00,0xdf,0xff,0xff,0xff,0xff,0xff,0xff,0xff,0xff,0xff,0xff,0xff,0xff,0xff,0xfa,0x00,
  0x00,0x2f,0xff,0xa0,0x09,0xff,0xf4,0x00,0x00,0x6f,0xff,0xff,0xff,0xff,0xff,0xff,0xff,0xff,0xff,0xff,0xff,0xff,0xff,0xf3,
  0x00,0x00,0x7f,0xff,0x60,0x04,0xff,0xfa,0x00,0x00,0x0d,0xff,0xff,0xff,0xff,0xff,0xff,0xff,0xff,0xff,0xff,0xff,0xff,0xff,
  0xb0,0x00,0x00,0xcf,0xff,0x10,0x00,0xef,0xff,0x10,0x00,0x03,0xff,0xff,0xff,0xff,0xff,0xff,0xff,0xff,0xff,0xff,0xff,0xff,
  0xfe,0x10,0x00,0x04,0xff,0xfc,0x00,0x00,0x8f,0xff,0x90,0x00,0x00,0x6f,0xff,0xff,0xff,0xff,0xff,0xff,0xff,0xff,0xff,0xff,
  0xff,0xf4,0x00,0x00,0x0b,0xff,0xf5,0x00,0x00,0x1f,0xff,0xf3,0x00,0x00,0x07,0xff,0xff,0xff,0xff,0xff,0xff,0xff,0xff,0xff,
  0xff,0xff,0x50,0x00,0x00,0x5f,0xff,0xd0,0x00,0x00,0x08,0xff,0xfd,0x00,0x00,0x00,0x5f,0xff,0xff,0xff,0xff,0xff,0xff,0xff,
  0xff,0xff,0xe3,0x00,0x00,0x01,0xef,0xff,0x50,0x00,0x00,0x00,0xdf,0xff,0xa0,0x00,0x00,0x02,0xcf,0xff,0xff,0xff,0xff,0xff,
  0xff,0xff,0xfa,0x10,0x00,0x00,0x0c,0xff,0xfb,0x00,0x00,0x00,0x00,0x3f,0xff,0xf9,0x00,0x00,0x00,0x05,0xdf,0xff,0xff,0xff,
  0xff,0xff,0xfc,0x40,0x00,0x00,0x00,0xbf,0xff,0xf1,0x00,0x00,0x00,0x00,0x07,0xff,0xff,0x90,0x00,0x00,0x00,0x04,0xaf,0xff,
  0xff,0xff,0xe9,0x30,0x00,0x00,0x00,0x1b,0xff,0xff,0x50,0x00,0x00,0x00,0x00,0x00,0x9f,0xff,0xfb,0x10,0x00,0x00,0x00,0x00,
  0x24,0x65,0x42,0x00,0x00,0x00,0x00,0x02,0xdf,0xff,0xf6,0x00,0x00,0x00,0x00,0x00,0x00,0x09,0xff,0xff,0xe5,0x00,0x00,0x00,
  0x00,0x00,0x00,0x00,0x00,0x00,0x00,0x00,0x7f,0xff,0xff,0x70,0x00,0x00,0x00,0x00,0x00,0x00,0x00,0x7f,0xff,0xff,0xb2,0x00,
  0x00,0x00,0x00,0x00,0x00,0x00,0x00,0x00,0x4c,0xff,0xff,0xf5,0x00,0x00,0x00,0x00,0x00,0x00,0x00,0x00,0x05,0xff,0xff,0xff,
  0xa3,0x00,0x00,0x00,0x00,0x00,0x00,0x00,0x4c,0xff,0xff,0xfe,0x30,0x00,0x00,0x00,0x00,0x00,0x00,0x00,0x00,0x00,0x1b,0xff,
  0xff,0xff,0xd7,0x30,0x00,0x00,0x00,0x14,0x8e,0xff,0xff,0xff,0x90,0x00,0x00,0x00,0x00,0x00,0x00,0x00,0x00,0x00,0x00,0x00,
  0x5e,0xff,0xff,0xff,0xff,0xdc,0xab,0xcd,0xff,0xff,0xff,0xff,0xd4,0x00,0x00,0x00,0x00,0x00,0x00,0x00,0x00,0x00,0x00,0x00,
  0x00,0x00,0x6e,0xff,0xff,0xff,0xff,0xff,0xff,0xff,0xff,0xff,0xd5,0x00,0x00,0x00,0x00,0x00,0x00,0x00,0x00,0x00,0x00,0x00,
  0x00,0x00,0x00,0x00,0x5a,0xff,0xff,0xff,0xff,0xff,0xff,0xff,0x94,0x00,0x00,0x00,0x00,0x00,0x00,0x00,0x00,0x00,0x00,0x00,
  0x00,0x00,0x00,0x00,0x00,0x00,0x14,0x8b,0xde,0xff,0xed,0xb7,0x40,0x00,0x00,0x00,0x00,0x00,0x00,0x00,0x00,0x00,0x00,0x00,
  0x00,0x00,0x00,0x00,0x00,0x00,0x00,0x00,0x00,0x00,0x00,0x00,0x00,0x00,0x00,0x00,0x00,0x00,0x00,0x00,0x00,0x00,0x00,0x00,
  0x00,0x00,0x00,0x00,0x00,0x00,0x00,0x00,0x25,0x8b,0xde,0xff,0xed,0xb8,0x51,0x00,0x00,0x00,0x00,0x00,0x00,0x00,0x00,0x00,
  0x00,0x00,0x00,0x00,0x00,0x00,0x00,0x01,0x7c,0xff,0xff,0xff,0xff,0xff,0xff,0xff,0xc6,0x10,0x00,0x00,0x00,0x00,0x00,0x00,
  0x00,0x00,0x00,0x00,0x00,0x00,0x00,0x02,0x9f,0xff,0xff,0xff,0xff,0xff,0xff,0xff,0xff,0xff,0xf8,0x10,0x00,0x00,0x00,0x00,
  0x00,0x00,0x00,0x00,0x00,0x00,0x00,0x00,0x9f,0xff,0xff,0xff,0xfc,0x98,0x7f,0xff,0xff,0xff,0xff,0xff,0xf7,0x00,0x00,0x00,
  0x00,0x00,0x00,0x00,0x00,0x00,0x00,0x00,0x4d,0xff,0xff,0xfe,0x93,0x00,0x00,0x1f,0xff,0xff,0xff,0xff,0xff,0xff,0xc2,0x00,
  0x00,0x00,0x00,0x00,0x00,0x00,0x00,0x00,0x07,0xff,0xff,0xfe,0x60,0x00,0x00,0x00,0x1f,0xff,0xff,0xff,0xff,0xff,0xff,0xff,
  0x50,0x00,0x00,0x00,0x00,0x00,0x00,0x00,0x00,0x9f,0xff,0xff,0x70,0x00,0x00,0x00,0x00,0x1f,0xff,0xff,0xff,0xff,0xff,0xff,
  0xff,0xf7,0x00,0x00,0x00,0x00,0x00,0x00,0x00,0x0a,0xff,0xff,0xb2,0x00,0x00,0x00,0x00,0x00,0x1f,0xff,0xff,0xff,0xff,0xff,
  0xff,0xff,0xff,0x80,0x00,0x00,0x00,0x00,0x00,0x00,0x8f,0xff,0xf8,0x00,0x00,0x00,0x00,0x00,0x00,0x1f,0xff,0xff,0xff,0xff,
  0xff,0xff,0xff,0xff,0xf6,0x00,0x00,0x00,0x00,0x00,0x06,0xff,0xff,0x50,0x00,0x00,0x00,0x00,0x00,0x00,0x1f,0xff,0xff,0xff,
  0xff,0xff,0xff,0xff,0xff,0xff,0x30,0x00,0x00,0x00,0x00,0x2f,0xff,0xf5,0x00,0x00,0x00,0x00,0x00,0x00,0x00,0x1f,0xff,0xff,
  0xff,0xff,0xff,0xff,0xff,0xff,0xff,0xd0,0x00,0x00,0x00,0x00,0xbf,0xff,0x70,0x00,0x00,0x00,0x00,0x00,0x00,0x00,0x1f,0xff,
  0xff,0xff,0xff,0xff,0xff,0xff,0xff,0xff,0xf9,0x00,0x00,0x00,0x05,0xff,0xfb,0x00,0x00,0x00,0x00,0x00,0x00,0x00,0x00,0x1f,
  0xff,0xff,0xff,0xff,0xff,0xff,0xff,0xff,0xff,0xff,0x30,0x00,0x00,0x0d,0xff,0xe1,0x00,0x00,0x00,0x00,0x00,0x00,0x00,0x00,
  0x1f,0xff,0xff,0xff,0xff,0xff,0xff,0xff,0xff,0xff,0xff,0xb0,0x00,0x00,0x5f,0xff,0x70,0x00,0x00,0x00,0x00,0x00,0x00,0x00,
  0x00,0x1f,0xff,0xff,0xff,0xff,0xff,0xff,0xff,0xff,0xff,0xff,0xf3,0x00,0x00,0xcf,0xfe,0x00,0x00,0x00,0x00,0x00,0x00,0x00,
  0x00,0x00,0x1f,0xff,0xff,0xff,0xff,0xff,0xff,0xff,0xff,0xff,0xff,0xfa,0x00,0x02,0xff,0xf8,0x00,0x00,0x00,0x00,0x00,0x00,
  0x00,0x00,0x00,0x1f,0xff,0xff,0xff,0xff,0xff,0xff,0xff,0xff,0xff,0xff,0xff,0x00,0x07,0xff,0xf3,0x00,0x00,0x00,0x00,0x00,
  0x00,0x00,0x00,0x00,0x1f,0xff,0xff,0xff,0xff,0xff,0xff,0xff,0xff,0xff,0xff,0xff,0x50,0x0c,0xff,0xe0,0x00,0x00,0x00,0x00,
  0x00,0x00,0x00,0x00,0x00,0x1f,0xff,0xff,0xff,0xff,0xff,0xff,0xff,0xff,0xff,0xff,0xff,0x90,0x0f,0xff,0xa0,0x00,0x00,0x00,
  0x00,0x00,0x00,0x00,0x00,0x00,0x1f,0xff,0xff,0xff,0xff,0xff,0xff,0xff,0xff,0xff,0xff,0xff,0xc0,0x2f,0xff,0x70,0x00,0x00,
  0x00,0x00,0x00,0x00,0x00,0x00,0x00,0x1f,0xff,0xff,0xff,0xff,0xff,0xff,0xff,0xff,0xff,0xff,0xff,0xf0,0x4f,0xff,0x50,0x00,
  0x00,0x00,0x00,0x00,0x00,0x00,0x00,0x00,0x1f,0xff,0xff,0xff,0xff,0xff,0xff,0xff,0xff,0xff,0xff,0xff,0xf2,0x6f,0xff,0x40,
  0x00,0x00,0x00,0x00,0x00,0x00,0x00,0x00,0x00,0x1f,0xff,0xff,0xff,0xff,0xff,0xff,0xff,0xff,0xff,0xff,0xff,0xf3,0x7f,0xff,
  0x30,0x00,0x00,0x00,0x00,0x00,0x00,0x00,0x00,0x00,0x1f,0xff,0xff,0xff,0xff,0xff,0xff,0xff,0xff,0xff,0xff,0xff,0xf4,0x7f,
  0xff,0x20,0x00,0x00,0x00,0x00,0x00,0x00,0x00,0x00,0x00,0x06,0x66,0x66,0x66,0x66,0x66,0x66,0x66,0x66,0x66,0x69,0xff,0xf5,
  0x6f,0xff,0x30,0x00,0x00,0x00,0x00,0x00,0x00,0x00,0x00,0x00,0x00,0x00,0x00,0x00,0x00,0x00,0x00,0x00,0x00,0x00,0x06,0xff,
  0xf4,0x5f,0xff,0x40,0x00,0x00,0x00,0x00,0x00,0x00,0x00,0x00,0x00,0x00,0x00,0x00,0x00,0x00,0x00,0x00,0x00,0x00,0x00,0x06,
  0xff,0xf3,0x4f,0xff,0x50,0x00,0x00,0x00,0x00,0x00,0x00,0x00,0x00,0x00,0x00,0x00,0x00,0x00,0x00,0x00,0x00,0x00,0x00,0x00,
  0x08,0xff,0xf2,0x2f,0xff,0x80,0x00,0x00,0x00,0x00,0x00,0x00,0x00,0x00,0x00,0x00,0x00,0x00,0x00,0x00,0x00,0x00,0x00,0x00,
  0x00,0x0b,0xff,0xf0,0x0e,0xff,0xb0,0x00,0x00,0x00,0x00,0x00,0x00,0x00,0x00,0x00,0x00,0x00,0x00,0x00,0x00,0x00,0x00,0x00,
  0x00,0x00,0x0e,0xff,0xc0,0x0b,0xff,0xf0,0x00,0x00,0x00,0x00,0x00,0x00,0x00,0x00,0x00,0x00,0x00,0x00,0x00,0x00,0x00,0x00,
  0x00,0x00,0x00,0x2f,0xff,0x90,0x06,0xff,0xf4,0x00,0x00,0x00,0x00,0x00,0x00,0x00,0x00,0x00,0x00,0x00,0x00,0x00,0x00,0x00,
  0x00,0x00,0x00,0x00,0x7f,0xff,0x40,0x01,0xff,0xfa,0x00,0x00,0x00,0x00,0x00,0x00,0x00,0x00,0x00,0x00,0x00,0x00,0x00,0x00,
  0x00,0x00,0x00,0x00,0x00,0xcf,0xfe,0x00,0x00,0xbf,0xff,0x10,0x00,0x00,0x00,0x00,0x00,0x00,0x00,0x00,0x00,0x00,0x00,0x00,
  0x00,0x00,0x00,0x00,0x00,0x04,0xff,0xf9,0x00,0x00,0x4f,0xff,0x90,0x00,0x00,0x00,0x00,0x00,0x00,0x00,0x00,0x00,0x00,0x00,
  0x00,0x00,0x00,0x00,0x00,0x00,0x0b,0xff,0xf2,0x00,0x00,0x0c,0xff,0xf3,0x00,0x00,0x00,0x00,0x00,0x00,0x00,0x00,0x00,0x00,
  0x00,0x00,0x00,0x00,0x00,0x00,0x00,0x5f,0xff,0xa0,0x00,0x00,0x04,0xff,0xfd,0x00,0x00,0x00,0x00,0x00,0x00,0x00,0x00,0x00,
  0x00,0x00,0x00,0x00,0x00,0x00,0x00,0x01,0xef,0xff,0x20,0x00,0x00,0x00,0xaf,0xff,0xa0,0x00,0x00,0x00,0x00,0x00,0x00,0x00,
  0x00,0x00,0x00,0x00,0x00,0x00,0x00,0x00,0x0c,0xff,0xf8,0x00,0x00,0x00,0x00,0x1e,0xff,0xf9,0x00,0x00,0x00,0x00,0x00,0x00,
  0x00,0x00,0x00,0x00,0x00,0x00,0x00,0x00,0x00,0xbf,0xff,0xd0,0x00,0x00,0x00,0x00,0x04,0xff,0xff,0x90,0x00,0x00,0x00,0x00,
  0x00,0x00,0x00,0x00,0x00,0x00,0x00,0x00,0x00,0x1b,0xff,0xff,0x20,0x00,0x00,0x00,0x00,0x00,0x6f,0xff,0xfb,0x10,0x00,0x00,
  0x00,0x00,0x00,0x00,0x00,0x00,0x00,0x00,0x00,0x02,0xdf,0xff,0xf4,0x00,0x00,0x00,0x00,0x00,0x00,0x08,0xff,0xff,0xe5,0x00,
  0x00,0x00,0x00,0x00,0x00,0x00,0x00,0x00,0x00,0x00,0x7f,0xff,0xff,0x60,0x00,0x00,0x00,0x00,0x00,0x00,0x00,0x7f,0xff,0xff,
  0xb2,0x00,0x00,0x00,0x00,0x00,0x00,0x00,0x00,0x00,0x4c,0xff,0xff,0xf5,0x00,0x00,0x00,0x00,0x00,0x00,0x00,0x00,0x05,0xff,
  0xff,0xff,0xa3,0x00,0x00,0x00,0x00,0x00,0x00,0x00,0x4c,0xff,0xff,0xfe,0x30,0x00,0x00,0x00,0x00,0x00,0x00,0x00,0x00,0x00,
  0x2c,0xff,0xff,0xff,0xd7,0x30,0x00,0x00,0x00,0x14,0x8e,0xff,0xff,0xff,0xa1,0x00,0x00,0x00,0x00,0x00,0x00,0x00,0x00,0x00,
  0x00,0x00,0x7e,0xff,0xff,0xff,0xff,0xdc,0xab,0xcd,0xff,0xff,0xff,0xff,0xe5,0x00,0x00,0x00,0x00,0x00,0x00,0x00,0x00,0x00,
  0x00,0x00,0x00,0x00,0x7e,0xff,0xff,0xff,0xff,0xff,0xff,0xff,0xff,0xff,0xe6,0x00,0x00,0x00,0x00,0x00,0x00,0x00,0x00,0x00,
  0x00,0x00,0x00,0x00,0x00,0x00,0x5a,0xff,0xff,0xff,0xff,0xff,0xff,0xff,0xa4,0x00,0x00,0x00,0x00,0x00,0x00,0x00,0x00,0x00,
  0x00,0x00,0x00,0x00,0x00,0x00,0x00,0x00,0x03,0x6a,0xbc,0xdd,0xcb,0x96,0x30,0x00,0x00,0x00,0x00,0x00,0x00,0x00,0x00,0x00,
  0x00,0x00,0x00,0x00,0x00,0x00,0x00,0x00,0x00,0x00,0x00,0x10,0x00,0x00,0x00,0x00,0x00,0x00,0x00,0x00,0x00,0x00,0x00,0x00,
  0x00,0x00,0x00,0x00,0x00,0x00,0x00,0x00,0x00,0x00,0xff,0xed,0x90,0x00,0x00,0x00,0x00,0x00,0x00,0x00,0x00,0x00,0x00,0x00,
  0x00,0x00,0x00,0x00,0x00,0x00,0x00,0x00,0x00,0xff,0xff,0x60,0x00,0x00,0x00,0x00,0x00,0x00,0x00,0x00,0x00,0x00,0x00,0x00,
  0x00,0x00,0x00,0x00,0x00,0x00,0x00,0x00,0xff,0xff,0x10,0x00,0x00,0x00,0x00,0x00,0x00,0x00,0x00,0x00,0x00,0x00,0x00,0x00,
  0x00,0x00,0x00,0x00,0x00,0x00,0x00,0xff,0xff,0x10,0x00,0x00,0x00,0x00,0x00,0x00,0x00,0x00,0x00,0x00,0x00,0x00,0x00,0x00,
  0x00,0x00,0x00,0x00,0x00,0x01,0xff,0xff,0x10,0x00,0x00,0x00,0x00,0x00,0x00,0x00,0x00,0x00,0x00,0x00,0x00,0x00,0x00,0x00,
  0x00,0x00,0x00,0x00,0x03,0xff,0xff,0x10,0x00,0x00,0x00,0x00,0x00,0x00,0x00,0x00,0x00,0x00,0x00,0x00,0x00,0x00,0x00,0x00,
  0x00,0x00,0x00,0x06,0xff,0xff,0x30,0x00,0x00,0x00,0x00,0x00,0x00,0x00,0x00,0x00,0x00,0x00,0x00,0x00,0x00,0x00,0x00,0x00,
  0x00,0x00,0x0a,0xff,0xff,0x50,0x00,0x00,0x00,0x00,0x00,0x00,0x00,0x00,0x00,0x00,0x00,0x00,0x00,0x00,0x00,0x00,0x00,0x00,
  0x00,0x0f,0xff,0xff,0x80,0x00,0x00,0x00,0x00,0x00,0x00,0x00,0x00,0x00,0x00,0x00,0x00,0x00,0x00,0x00,0x00,0x00,0x00,0x00,
  0x5f,0xff,0xff,0xc0,0x00,0x00,0x00,0x00,0x00,0x00,0x00,0x00,0x00,0x00,0x00,0x00,0x00,0x00,0x00,0x00,0x00,0x00,0x00,0xcf,
  0xff,0xff,0xf1,0x00,0x00,0x00,0x00,0x00,0x00,0x00,0x00,0x00,0x00,0x00,0x00,0x00,0x00,0x00,0x00,0x00,0x00,0x03,0xff,0xff,
  0xff,0xf6,0x00,0x00,0x00,0x00,0x00,0x00,0x00,0x00,0x00,0x00,0x00,0x00,0x00,0x00,0x00,0x00,0x00,0x00,0x0b,0xff,0xfe,0xff,
  0xfd,0x00,0x00,0x00,0x00,0x00,0x00,0x00,0x00,0x00,0x00,0x00,0x00,0x00,0x00,0x00,0x00,0x00,0x00,0x4f,0xff,0xf5,0xcf,0xff,
  0x40,0x00,0x00,0x00,0x00,0x00,0x00,0x00,0x00,0x00,0x00,0x00,0x00,0x00,0x00,0x00,0x00,0x00,0xdf,0xff,0xd0,0x5f,0xff,0xc0,
  0x00,0x00,0x00,0x00,0x00,0x00,0x00,0x00,0x00,0x00,0x00,0x00,0x00,0x00,0x00,0x00,0x08,0xff,0xff,0x50,0x0e,0xff,0xf5,0x00,
  0x00,0x00,0x00,0x00,0x00,0x00,0x00,0x00,0x00,0x00,0x00,0x00,0x00,0x00,0x00,0x3f,0xff,0xfc,0x00,0x06,0xff,0xfe,0x00,0x00,
  0x00,0x00,0x00,0x00,0x00,0x00,0x00,0x00,0x00,0x00,0x00,0x00,0x00,0x01,0xdf,0xff,0xf2,0x00,0x00,0xdf,0xff,0x90,0x00,0x00,
  0x00,0x00,0x00,0x00,0x00,0x00,0x00,0x00,0x00,0x00,0x00,0x00,0x0b,0xff,0xff,0x70,0x00,0x00,0x4f,0xff,0xf4,0x00,0x00,0x00,
  0x00,0x00,0x00,0x00,0x00,0x00,0x00,0x00,0x00,0x00,0x00,0x8f,0xff,0xfc,0x00,0x00,0x00,0x0a,0xff,0xfe,0x20,0x00,0x00,0x00,
  0x00,0x00,0x00,0x00,0x00,0x00,0x00,0x00,0x00,0x07,0xff,0xff,0xe1,0x00,0x00,0x00,0x01,0xef,0xff,0xd1,0x00,0x00,0x00,0x00,
  0x00,0x00,0x00,0x00,0x00,0x00,0x00,0x00,0x7f,0xff,0xff,0x30,0x00,0x00,0x00,0x00,0x3f,0xff,0xfc,0x00,0x00,0x00,0x00,0x00,
  0x00,0x00,0x00,0x00,0x00,0x00,0x08,0xff,0xff,0xf5,0x00,0x00,0x00,0x00,0x00,0x06,0xff,0xff,0xc1,0x00,0x00,0x00,0x00,0x00,
  0x00,0x00,0x00,0x00,0x00,0xaf,0xff,0xff,0x50,0x00,0x00,0x00,0x00,0x00,0x00,0x8f,0xff,0xfd,0x10,0x00,0x00,0x00,0x00,0x00,
  0x00,0x00,0x00,0x3d,0xff,0xff,0xf5,0x00,0x00,0x00,0x00,0x00,0x00,0x00,0x09,0xff,0xff,0xe4,0x00,0x00,0x00,0x00,0x00,0x00,
  0x00,0x08,0xff,0xff,0xfe,0x30,0x00,0x00,0x00,0x00,0x00,0x00,0x00,0x00,0x8f,0xff,0xff,0x90,0x00,0x00,0x00,0x00,0x00,0x07,
  0xef,0xff,0xff,0xc2,0x00,0x00,0x00,0x00,0x00,0x00,0x00,0x00,0x00,0x06,0xff,0xff,0xfe,0x60,0x00,0x00,0x00,0x5a,0xff,0xff,
  0xff,0xf8,0x00,0x00,0x00,0x00,0x00,0x00,0x00,0x00,0x00,0x00,0x00,0x3e,0xff,0xff,0xfe,0x82,0x00,0xbf,0xff,0xff,0xff,0xfc,
  0x30,0x00,0x00,0x00,0x00,0x00,0x00,0x00,0x00,0x00,0x00,0x00,0x01,0xaf,0xff,0xff,0xff,0x10,0x5f,0xff,0xff,0xfd,0x50,0x00,
  0x00,0x00,0x00,0x00,0x00,0x00,0x00,0x00,0x00,0x00,0x00,0x00,0x05,0xef,0xff,0xf9,0x00,0x0d,0xff,0xfb,0x50,0x00,0x00,0x00,
  0x00,0x00,0x00,0x00,0x00,0x00,0x00,0x00,0x00,0x00,0x00,0x00,0x07,0xff,0xf2,0x00,0x04,0xc7,0x20,0x00,0x00,0x00,0x00,0x00,
  0x00,0x00,0x00,0x00,0x00,0x00,0x00,0x00,0x00,0x00,0x00,0x00,0x18,0x80,0x00,0x00,0x00,0xff,0xff,0xff,0xff,0xff,0xff,0xff,
  0xff,0x00,0x00,0x00,0x00,0xff,0xff,0xff,0xff,0xff,0xff,0xff,0xff,0x00,0x00,0x00,0x00,0xff,0xff,0xff,0xff,0xff,0xff,0xff,
  0xff,0x00,0x00,0x00,0x00,0xff,0xff,0xff,0xff,0xff,0xff,0xff,0xff,0x00,0x00,0xff,0xff,0x00,0x00,0x00,0x00,0x00,0x00,0x00,
  0x00,0xff,0xff,0xff,0xff,0x00,0x00,0x00,0x00,0x00,0x00,0x00,0x00,0xff,0xff,0xff,0xff,0x00,0x00,0x00,0x00,0x00,0x00,0x00,
  0x00,0xff,0xff,0xff,0xff,0x00,0x00,0x00,0x00,0x00,0x00,0x00,0x00,0xff,0xff,0xff,0xff,0x00,0x00,0x00,0x00,0x00,0x00,0x00,
  0x00,0xff,0xff,0xff,0xff,0x00,0x00,0x00,0x00,0x00,0x00,0x00,0x00,0xff,0xff,0xff,0xff,0x00,0x00,0x00,0x00,0x00,0x00,0x00,
  0x00,0xff,0xff,0xff,0xff,0x00,0x00,0x00,0x00,0x00,0x00,0x00,0x00,0xff,0xff,0xff,0xff,0x00,0x00,0xff,0xff,0xff,0xff,0x00,
  0x00,0xff,0xff,0xff,0xff,0x00,0x00,0xff,0xff,0xff,0xff,0x00,0x00,0xff,0xff,0xff,0xff,0x00,0x00,0xff,0xff,0xff,0xff,0x00,
  0x00,0xff,0xff,0xff,0xff,0x00,0x00,0xff,0xff,0xff,0xff,0x00,0x00,0xff,0xff,0x00,0x00,0xff,0xff,0xff,0xff,0xff,0xff,0x00,
  0x00,0xff,0xff,0x00,0x00,0xff,0xff,0xff,0xff,0xff,0xff,0x00,0x00,0xff,0xff,0x00,0x00,0xff,0xff,0xff,0xff,0xff,0xff,0x00,
  0x00,0xff,0xff,0x00,0x00,0xff,0xff,0xff,0xff,0xff,0xff,0x00,0x00,0xff,0xff,0x00,0x00,0x00,0x00,0x00,0x00,0x00,0x00,0x00,
  0x00,0xff,0xff,0x00,0x00,0x00,0x00,0x00,0x00,0x00,0x00,0x00,0x00,0xff,0xff,0x00,0x00,0x00,0x00,0x00,0x00,0x00,0x00,0x00,
  0x00,0xff,0xff,0x00,0x00,0x00,0x00,0x00,0x00,0x00,0x00,0x00,0x00,0xff,0xff,0x00,0x00,0xff,0xff,0xff,0xff,0xff,0xff,0xff,
  0xff,0x00,0x00,0x00,0x00,0xff,0xff,0xff,0xff,0xff,0xff,0xff,0xff,0x00,0x00,0x00,0x00,0xff,0xff,0xff,0xff,0xff,0xff,0xff,
  0xff,0x00,0x00,0x00,0x00,0xff,0xff,0xff,0xff,0xff,0xff,0xff,0xff,0x00,0x00,0x00,0x00,0x00,0x00,0x00,0x00,0x00,0x00,0x00,
  0x00,0xff,0xff,0x00,0x00,0x00,0x00,0x00,0x00,0x00,0x00,0x00,0x00,0xff,0xff,0x00,0x00,0x00,0x00,0x00,0x00,0x00,0x00,0x00,
  0x00,0xff,0xff,0x00,0x00,0x00,0x00,0x00,0x00,0x00,0x00,0x00,0x00,0xff,0xff,0x00,0x00,0x00,0x00,0x00,0x00,0x00,0x00,0x00,
  0x00,0xff,0xff,0x00,0x00,0x00,0x00,0x00,0x00,0x00,0x00,0x00,0x00,0xff,0xff,0x00,0x00,0x00,0x00,0x00,0x00,0x00,0x00,0x00,
  0x00,0xff,0xff,0x00,0x00,0x00,0x00,0x00,0x00,0x00,0x00,0x00,0x00,0xff,0xff,0x00,0x00,0x00,0x00,0x00,0x00,0x00,0x00,0x00,
  0x00,0xff,0xff,0x00,0x00,0x00,0x00,0x00,0x00,0x00,0x00,0x00,0x00,0xff,0xff,0x00,0x00,0x00,0x00,0x00,0x00,0x00,0x00,0x00,
  0x00,0xff,0xff,0x00,0x00,0x00,0x00,0x00,0x00,0x00,0x00,0x00,0x00,0xff,0xff,0x00,0x00,0x00,0x00,0x00,0x00,0x00,0x00,0x00,
  0x00,0xff,0xff,0x00,0x00,0x00,0x00,0x00,0x00,0x00,0x00,0x00,0x00,0xff,0xff,0x00,0x00,0x00,0x00,0x00,0x00,0x00,0x00,0x00,
  0x00,0xff,0xff,0x00,0x00,0x00,0x00,0x00,0x00,0x00,0x00,0x00,0x00,0xff,0xff,0x00,0x00,0x00,0x00,0x00,0x00,0x00,0x00,0x00,
  0x00,0xff,0xff,0x00,0x00,0x00,0x00,0x00,0x00,0x00,0x00,0x00,0x00,0xff,0xff,0x00,0x00,0x00,0x00,0x00,0x00,0x00,0x00,0x00,
  0x00,0xff,0xff,0x00,0x00,0x00,0x00,0x00,0x00,0x00,0x00,0x00,0x00,0xff,0xff,0x00,0x00,0x00,0x00,0x00,0x00,0x00,0x00,0xff,
  0xff,0x00,0x00,0x00,0x00,0x00,0x00,0x00,0x00,0x00,0x00,0xff,0xff,0x00,0x00,0x00,0x00,0x00,0x00,0x00,0x00,0x00,0x00,0xff,
  0xff,0x00,0x00,0x00,0x00,0x00,0x00,0x00,0x00,0x00,0x00,0xff,0xff,0x00,0x00,0x00,0x00,0x00,0x00,0x00,0x00,0x00,0x00,0xff,
  0xff,0x00,0x00,0x00,0x00,0x00,0x00,0x00,0x00,0x00,0x00,0xff,0xff,0x00,0x00,0x00,0x00,0x00,0x00,0x00,0x00,0x00,0x00,0xff,
  0xff,0x00,0x00,0x00,0x00,0x00,0x00,0x00,0x00,0x00,0x00,0xff,0xff,0x00,0x00,0x00,0x00,0x00,0x00,0x00,0x00,0x00,0x00,0xff,
  0xff,0x00,0x00,0x00,0x00,0x00,0x00,0x00,0x00,0x00,0x00,0xff,0xff,0x00,0x00,0x00,0x00,0x00,0x00,0x00,0x00,0x00,0x00,0xff,
  0xff,0x00,0x00,0x00,0x00,0x00,0x00,0x00,0x00,0x00,0x00,0xff,0xff,0x00,0x00,0x00,0x00,0x00,0x00,0x00,0x00,0xff,0xff,0x00,
  0x00,0x00,0x00,0x00,0x00,0x00,0x00,0x00,0x00,0xff,0xff,0x00,0x00,0x00,0x00,0x00,0x00,0x00,0x00,0x00,0x00,0xff,0xff,0x00,
  0x00,0x00,0x00,0x00,0x00,0x00,0x00,0x00,0x00,0xff,0xff,0x00,0x00,0x00,0x00,0x00,0x00,0x00,0x00,0x00,0x00,0xff,0xff,0x00,
  0x00,0x00,0x00,0x00,0x00,0x00,0x00,0x00,0x00,0xff,0xff,0x00,0x00,0x00,0x00,0x00,0x00,0x00,0x00,0x00,0x00,0xff,0xff,0x00,
  0x00,0x00,0x00,0x00,0x00,0x00,0x00,0x00,0x00,0xff,0xff,0x00,0x00,0x00,0x00,0x00,0x00,0x00,0x00,0xff,0xff,0x00,0x00,0x00,
  0x00,0x00,0x00,0x00,0x00,0x00,0x00,0xff,0xff,0x00,0x00,0x00,0x00,0x00,0x00,0x00,0x00,0x00,0x00,0xff,0xff,0x00,0x00,0x00,
  0x00,0x00,0x00,0x00,0x00,0x00,0x00,0xff,0xff,0x00,0x00,0x00,0x00,0x00,0x00,0x00,0x00,0xff,0xff,0x00,0x00,0x00,0x00,0x00,
  0x00,0x00,0x00,0x00,0x00,0xff,0xff,0x00,0x00,0x00,0x00,0x00,0x00,0x00,0x00,0x00,0x00,0xff,0xff,0x00,0x00,0x00,0x00,0x00,
  0x00,0x00,0x00,0x00,0x00,0xff,0xff,0x00,0x00,0x00,0x00,0x00,0x00,0x00,0x00,0xff,0xff,0x00,0x00,0x00,0x00,0x00,0x00,0x00,
  0x00,0x00,0x00,0xff,0xff,0x00,0x00,0x00,0x00,0x00,0x00,0x00,0x00,0x00,0x00,0xff,0xff,0x00,0x00,0x00,0x00,0x00,0x00,0x00,
  0x00,0x00,0x00,0xff,0xff,0x00,0x00,0x00,0x00,0x00,0x00,0x00,0x00,0x00,0x00,0xff,0xff,0xff,0xff,0xff,0xff,0xff,0xff,0xff,
  0xff,0xff,0xff,0xff,0xff,0xff,0xff,0xff,0xff,0xff,0xff,0xff,0xff,0xff,0xff,0xff,0xff,0xff,0xff,0xff,0xff,0xff,0xff,0xff,
  0xff,0xff,0xff,0xff,0xff,0xff,0xff,0xff,0xff,0xff,0xff,0xff,0xff,0xff,0xff,0xff,0xff,0xff,0xff,0xff,0xff,0xff,0xff,0xff,
  0xff,0xff,0x88,0x88,0x88,0x88,0x88,0x88,0x88,0x88,0x88,0x88,0x88,0x88,0x88,0x88,0x88,0xff,0xff,0xff,0xff,0x00,0x00,0x00,
  0x00,0x00,0x00,0x00,0x00,0x00,0x00,0x00,0x00,0x00,0x00,0x00,0xff,0xff,0xff,0xff,0x00,0x00,0x00,0x00,0x00,0x00,0x00,0x00,
  0x00,0x00,0x00,0x00,0x00,0x00,0x00,0xff,0xff,0xff,0xff,0x00,0x00,0x00,0x00,0x00,0x00,0x00,0x00,0x00,0x00,0x00,0x00,0x00,
  0x00,0x00,0xff,0xff,0xff,0xff,0x00,0x00,0x00,0x00,0x00,0x00,0x00,0x00,0x00,0x00,0x00,0x00,0x00,0x00,0x00,0xff,0xff,0xff,
  0xff,0x00,0x00,0x00,0x00,0x00,0x00,0x00,0x00,0x00,0x00,0x00,0x00,0x00,0x00,0x00,0xff,0xff,0xff,0xff,0x00,0x00,0x00,0x00,
  0x00,0x00,0x00,0x00,0x00,0x00,0x00,0x00,0x00,0x00,0x00,0xff,0xff,0xff,0xff,0x00,0x00,0x00,0x00,0x00,0x00,0x00,0x00,0x00,
  0x00,0x00,0x00,0x00,0x00,0x00,0xff,0xff,0xff,0xff,0x00,0x00,0x00,0x00,0x00,0x00,0x00,0x00,0x00,0x00,0x00,0x00,0x00,0x00,
  0x00,0xff,0xff,0xff,0xff,0x00,0x00,0x00,0x00,0x00,0x00,0x00,0x00,0x00,0x00,0x00,0x00,0x00,0x00,0x00,0xff,0xff,0xff,0xff,
  0x00,0x00,0x00,0x00,0x00,0x00,0x00,0x00,0x00,0x00,0x00,0x00,0x00,0x00,0x00,0xff,0xff,0xff,0xff,0x00,0x00,0x00,0x00,0x00,
  0x00,0x00,0x00,0x00,0x00,0x00,0x00,0x00,0x00,0x00,0xff,0xff,0xff,0xff,0x00,0x00,0x00,0x00,0x00,0x00,0x00,0x00,0x00,0x00,
  0x00,0x00,0x00,0x00,0x00,0xff,0xff,0xff,0xff,0x00,0x00,0x00,0x00,0x00,0x00,0x00,0x00,0x00,0x00,0x00,0x00,0x00,0x00,0x00,
  0xff,0xff,0xff,0xff,0x00,0x00,0x00,0x00,0x00,0x00,0x00,0x00,0x00,0x00,0x00,0x00,0x00,0x00,0x00,0xff,0xff,0xff,0xff,0x00,
  0x00,0x00,0x00,0x00,0x00,0x00,0x00,0x00,0x00,0x00,0x00,0x00,0x00,0x00,0xff,0xff,0xff,0xff,0x00,0x00,0x00,0x00,0x00,0x00,
  0x00,0x00,0x00,0x00,0x00,0x00,0x00,0x00,0x00,0xff,0xff,0xff,0xff,0x00,0x00,0x00,0x00,0x00,0x00,0x00,0x00,0x00,0x00,0x00,
  0x00,0x00,0x00,0x00,0xff,0xff,0xff,0xff,0x00,0x00,0x00,0x00,0x00,0x00,0x00,0x00,0x00,0x00,0x00,0x00,0x00,0x00,0x00,0xff,
  0xff,0xff,0xff,0x00,0x00,0x00,0x00,0x00,0x00,0x00,0x00,0x00,0x00,0x00,0x00,0x00,0x00,0x00,0xff,0xff,0xff,0xff,0x00,0x00,
  0x00,0x00,0x00,0x00,0x00,0x00,0x00,0x00,0x00,0x00,0x00,0x00,0x00,0xff,0xff,0xff,0xff,0x00,0x00,0x00,0x00,0x00,0x00,0x00,
  0x00,0x00,0x00,0x00,0x00,0x00,0x00,0x00,0xff,0xff,0xff,0xff,0xff,0xff,0xff,0xff,0xff,0xff,0xff,0xff,0xff,0xff,0xff,0xff,
  0xff,0xff,0xff,0xff,0xff,0xff,0xff,0xff,0xff,0xff,0xff,0xff,0xff,0xff,0xff,0xff,0xff,0xff,0xff,0xff,0xff,0xff,0xff,0xff,
  0xff,0xff,0xff,0xff,0xff,0xff,0xff,0xff,0xff,0xff,0xff,0xff,0xff,0xff,0xff,0xff,0xff,0xff,0xff,0xff,0xff,0x77,0x77,0x77,
  0x77,0x77,0x77,0x77,0x77,0x77,0x77,0x77,0x77,0x77,0x77,0x77,0xff,0xff,0xff,0xff,0x00,0x00,0x00,0x00,0x00,0x00,0x00,0x00,
  0x00,0x00,0x00,0x00,0x00,0x00,0x00,0xff,0xff,0x22,0x22,0x00,0x00,0x00,0x00,0x00,0x00,0x00,0x00,0x00,0x00,0x00,0x00,0x00,
  0x00,0x00,0x22,0x22,0x00,0x00,0xff,0xff,0xff,0xff,0x00,0x00,0x00,0x00,0xff,0xff,0xff,0xff,0x00,0x00,0x00,0x00,0xff,0xff,
  0xff,0xff,0x00,0x00,0x00,0x00,0xff,0xff,0xff,0xff,0x00,0x00,0xff,0xff,0x00,0x00,0x00,0x00,0xff,0xff,0xff,0xff,0x00,0x00,
  0x00,0x00,0xff,0xff,0xff,0xff,0x00,0x00,0x00,0x00,0xff,0xff,0xff,0xff,0x00,0x00,0x00,0x00,0xff,0xff,0xff,0xff,0x00,0x00,
  0x00,0x00,0xff,0xff,0xff,0xff,0x00,0x00,0x00,0x00,0xff,0xff,0xff,0xff,0x00,0x00,0x00,0x00,0xff,0xff,0xff,0xff,0x00,0x00,
  0x00,0x00,0xff,0xff,0x00,0x00,0xff,0xff,0xff,0xff,0x00,0x00,0x00,0x00,0xff,0xff,0xff,0xff,0x00,0x00,0x00,0x00,0xff,0xff,
  0xff,0xff,0x00,0x00,0x00,0x00,0xff,0xff,0xff,0xff,0x00,0x00,0x00,0x00,0x00,0x00,0x00,0x00,0x00,0x00,0x00,0x00,0x00,0x00,
  0x00,0x00,0x00,0x00,0x00,0x00,0x00,0x00,0x02,0x7a,0xdf,0xff,0xff,0xda,0x61,0x00,0x00,0x00,0x00,0x00,0x00,0x00,0x00,0x03,
  0xbf,0xff,0xff,0xff,0xff,0xff,0xff,0xa2,0x00,0x00,0x00,0x00,0x00,0x00,0x00,0x9f,0xff,0xff,0xff,0xff,0xff,0xff,0xff,0xff,
  0x80,0x00,0x00,0x00,0x00,0x00,0x1c,0xff,0xff,0xff,0xff,0xff,0xff,0xff,0xff,0xff,0xfb,0x00,0x00,0x00,0x00,0x00,0xcf,0xff,
  0xff,0xff,0xff,0xff,0xff,0xff,0xff,0xff,0xff,0xa0,0x00,0x00,0x00,0x09,0xff,0xff,0xff,0xfb,0x63,0x21,0x23,0x7c,0xff,0xff,
  0xff,0xf6,0x00,0x00,0x00,0x3f,0xff,0xff,0xfc,0x20,0x00,0x00,0x00,0x00,0x4d,0xff,0xff,0xff,0x10,0x00,0x00,0xbf,0xff,0xff,
  0xb0,0x00,0x00,0x00,0x00,0x00,0x01,0xdf,0xff,0xff,0x80,0x00,0x02,0xff,0xff,0xfd,0x00,0x00,0x00,0x00,0x00,0x00,0x00,0x1e,
  0xff,0xff,0xf0,0x00,0x08,0xff,0xff,0xf4,0x00,0x00,0x00,0x00,0x00,0x00,0x00,0x07,0xff,0xff,0xf5,0x00,0x0c,0xff,0xff,0xd0,
  0x00,0x00,0x00,0x00,0x00,0x00,0x00,0x00,0xff,0xff,0xfa,0x00,0x0f,0xff,0xff,0x80,0x00,0x00,0x00,0x00,0x00,0x00,0x00,0x00,
  0xaf,0xff,0xfe,0x00,0x4f,0xff,0xff,0x40,0x00,0x00,0x00,0x00,0x00,0x00,0x00,0x00,0x6f,0xff,0xff,0x10,0x6f,0xff,0xff,0x10,
  0x00,0x00,0x00,0x00,0x00,0x00,0x00,0x00,0x3f,0xff,0xff,0x30,0x8f,0xff,0xfe,0x00,0x00,0x00,0x00,0x00,0x00,0x00,0x00,0x00,
  0x1f,0xff,0xff,0x60,0xaf,0xff,0xfc,0x00,0x00,0x00,0x00,0x00,0x00,0x00,0x00,0x00,0x0f,0xff,0xff,0x70,0xbf,0xff,0xfb,0x00,
  0x00,0x00,0x00,0x00,0x00,0x00,0x00,0x00,0x0e,0xff,0xff,0x80,0xbf,0xff,0xfa,0x00,0x00,0x00,0x00,0x00,0x00,0x00,0x00,0x00,
  0x0d,0xff,0xff,0x90,0xbf,0xff,0xfa,0x00,0x00,0x00,0x00,0x00,0x00,0x00,0x00,0x00,0x0c,0xff,0xff,0x90,0xcf,0xff,0xfa,0x00,
  0x00,0x00,0x00,0x00,0x00,0x00,0x00,0x00,0x0c,0xff,0xff,0x90,0xcf,0xff,0xfa,0x00,0x00,0x00,0x00,0x00,0x00,0x00,0x00,0x00,
  0x0c,0xff,0xff,0x90,0xcf,0xff,0xfa,0x00,0x00,0x00,0x00,0x00,0x00,0x00,0x00,0x00,0x0c,0xff,0xff,0x90,0xcf,0xff,0xfa,0x00,
  0x00,0x00,0x00,0x00,0x00,0x00,0x00,0x00,0x0c,0xff,0xff,0x90,0xcf,0xff,0xfa,0x00,0x00,0x00,0x00,0x00,0x00,0x00,0x00,0x00,
  0x0c,0xff,0xff,0x90,0xcf,0xff,0xfa,0x00,0x00,0x00,0x00,0x00,0x00,0x00,0x00,0x00,0x0c,0xff,0xff,0x90,0xcf,0xff,0xfa,0x00,
  0x00,0x00,0x00,0x00,0x00,0x00,0x00,0x00,0x0c,0xff,0xff,0x90,0xcf,0xff,0xfa,0x00,0x00,0x00,0x00,0x00,0x00,0x00,0x00,0x00,
  0x0c,0xff,0xff,0x90,0xcf,0xff,0xfa,0x00,0x00,0x00,0x00,0x00,0x00,0x00,0x00,0x00,0x0c,0xff,0xff,0x90,0xcf,0xff,0xfa,0x00,
  0x00,0x00,0x00,0x00,0x00,0x00,0x00,0x00,0x0c,0xff,0xff,0x90,0xcf,0xff,0xfa,0x00,0x00,0x00,0x00,0x00,0x00,0x00,0x00,0x00,
  0x0c,0xff,0xff,0x90,0xcf,0xff,0xfa,0x00,0x00,0x00,0x00,0x00,0x00,0x00,0x00,0x00,0x0c,0xff,0xff,0x90,0xcf,0xff,0xfa,0x00,
  0x00,0x00,0x00,0x00,0x00,0x00,0x00,0x00,0x0c,0xff,0xff,0x90,0xcf,0xff,0xfa,0x00,0x00,0x00,0x00,0x00,0x00,0x00,0x00,0x00,
  0x0c,0xff,0xff,0x90,0xcf,0xff,0xfa,0x00,0x00,0x00,0x00,0x00,0x00,0x00,0x00,0x00,0x0c,0xff,0xff,0x90,0xcf,0xff,0xfa,0x00,
  0x00,0x00,0x00,0x00,0x00,0x00,0x00,0x00,0x0c,0xff,0xff,0x90,0xcf,0xff,0xfa,0x00,0x00,0x00,0x00,0x00,0x00,0x00,0x00,0x00,
  0x0c,0xff,0xff,0x90,0xcf,0xff,0xfa,0x00,0x00,0x00,0x00,0x00,0x00,0x00,0x00,0x00,0x0c,0xff,0xff,0x90,0x01,0x11,0x10,0x00,
  0x00,0x00,0x00,0x00,0x00,0x00,0x00,0x00,0x00,0x11,0x11,0x00,0xcf,0xff,0xfa,0x00,0x00,0x00,0x00,0x00,0x00,0x00,0x00,0x00,
  0x0c,0xff,0xff,0x90,0xcf,0xff,0xfa,0x00,0x00,0x00,0x00,0x00,0x00,0x00,0x00,0x00,0x0c,0xff,0xff,0x90,0xcf,0xff,0xfa,0x00,
  0x00,0x00,0x00,0x00,0x00,0x00,0x00,0x00,0x0c,0xff,0xff,0x90,0xcf,0xff,0xfa,0x00,0x00,0x00,0x00,0x00,0x00,0x00,0x00,0x00,
  0x0c,0xff,0xff,0x90,0xcf,0xff,0xfa,0x00,0x00,0x00,0x00,0x00,0x00,0x00,0x00,0x00,0x0c,0xff,0xff,0x90,0xcf,0xff,0xfa,0x00,
  0x00,0x00,0x00,0x00,0x00,0x00,0x00,0x00,0x0c,0xff,0xff,0x90,0xcf,0xff,0xfa,0x00,0x00,0x00,0x00,0x00,0x00,0x00,0x00,0x00,
  0x0c,0xff,0xff,0x90,0xcf,0xff,0xfa,0x00,0x00,0x00,0x00,0x00,0x00,0x00,0x00,0x00,0x0c,0xff,0xff,0x90,0xcf,0xff,0xfa,0x00,
  0x00,0x00,0x00,0x00,0x00,0x00,0x00,0x00,0x0c,0xff,0xff,0x90,0xcf,0xff,0xfa,0x00,0x00,0x00,0x00,0x00,0x00,0x00,0x00,0x00,
  0x0c,0xff,0xff,0x90,0xcf,0xff,0xfa,0x00,0x00,0x00,0x00,0x00,0x00,0x00,0x00,0x00,0x0c,0xff,0xff,0x90,0xcf,0xff,0xfa,0x00,
  0x00,0x00,0x00,0x00,0x00,0x00,0x00,0x00,0x0c,0xff,0xff,0x90,0xcf,0xff,0xfa,0x00,0x00,0x00,0x00,0x00,0x00,0x00,0x00,0x00,
  0x0c,0xff,0xff,0x90,0xcf,0xff,0xfa,0x00,0x00,0x00,0x00,0x00,0x00,0x00,0x00,0x00,0x0c,0xff,0xff,0x90,0xcf,0xff,0xfa,0x00,
  0x00,0x00,0x00,0x00,0x00,0x00,0x00,0x00,0x0c,0xff,0xff,0x90,0xcf,0xff,0xfa,0x00,0x00,0x00,0x00,0x00,0x00,0x00,0x00,0x00,
  0x0c,0xff,0xff,0x90,0xcf,0xff,0xfa,0x00,0x00,0x00,0x00,0x00,0x00,0x00,0x00,0x00,0x0c,0xff,0xff,0x90,0xcf,0xff,0xfa,0x00,
  0x00,0x00,0x00,0x00,0x00,0x00,0x00,0x00,0x0c,0xff,0xff,0x90,0xbf,0xff,0xfa,0x00,0x00,0x00,0x00,0x00,0x00,0x00,0x00,0x00,
  0x0c,0xff,0xff,0x90,0xbf,0xff,0xfa,0x00,0x00,0x00,0x00,0x00,0x00,0x00,0x00,0x00,0x0d,0xff,0xff,0x80,0xbf,0xff,0xfb,0x00,
  0x00,0x00,0x00,0x00,0x00,0x00,0x00,0x00,0x0e,0xff,0xff,0x80,0x9f,0xff,0xfc,0x00,0x00,0x00,0x00,0x00,0x00,0x00,0x00,0x00,
  0x0f,0xff,0xff,0x70,0x8f,0xff,0xfe,0x00,0x00,0x00,0x00,0x00,0x00,0x00,0x00,0x00,0x1f,0xff,0xff,0x50,0x6f,0xff,0xff,0x10,
  0x00,0x00,0x00,0x00,0x00,0x00,0x00,0x00,0x3f,0xff,0xff,0x30,0x3f,0xff,0xff,0x40,0x00,0x00,0x00,0x00,0x00,0x00,0x00,0x00,
  0x7f,0xff,0xff,0x10,0x0f,0xff,0xff,0x80,0x00,0x00,0x00,0x00,0x00,0x00,0x00,0x00,0xbf,0xff,0xfe,0x00,0x0c,0xff,0xff,0xd0,
  0x00,0x00,0x00,0x00,0x00,0x00,0x00,0x01,0xff,0xff,0xfa,0x00,0x07,0xff,0xff,0xf5,0x00,0x00,0x00,0x00,0x00,0x00,0x00,0x07,
  0xff,0xff,0xf5,0x00,0x02,0xff,0xff,0xfd,0x00,0x00,0x00,0x00,0x00,0x00,0x00,0x2f,0xff,0xff,0xe0,0x00,0x00,0xbf,0xff,0xff,
  0xc0,0x00,0x00,0x00,0x00,0x00,0x01,0xdf,0xff,0xff,0x80,0x00,0x00,0x2f,0xff,0xff,0xfd,0x30,0x00,0x00,0x00,0x00,0x5e,0xff,
  0xff,0xfe,0x10,0x00,0x00,0x08,0xff,0xff,0xff,0xfc,0x74,0x32,0x34,0x8d,0xff,0xff,0xff,0xf5,0x00,0x00,0x00,0x00,0xbf,0xff,
  0xff,0xff,0xff,0xff,0xff,0xff,0xff,0xff,0xff,0x90,0x00,0x00,0x00,0x00,0x0c,0xff,0xff,0xff,0xff,0xff,0xff,0xff,0xff,0xff,
  0xfa,0x00,0x00,0x00,0x00,0x00,0x00,0x8f,0xff,0xff,0xff,0xff,0xff,0xff,0xff,0xff,0x70,0x00,0x00,0x00,0x00,0x00,0x00,0x03,
  0xaf,0xff,0xff,0xff,0xff,0xff,0xff,0x92,0x00,0x00,0x00,0x00,0x00,0x00,0x00,0x00,0x01,0x69,0xce,0xff,0xfe,0xc9,0x50,0x00,
  0x00,0x00,0x00,0x00,0x00,0x00,0x00,0x00,0x00,0x00,0x00,0x00,0x00,0x00,0x00,0x00,0x00,0x00,0x00,0x00,0x00,0x00,0x00,0x00,
  0x00,0x00,0x00,0x00,0x00,0x00,0x00,0x00,0x00,0x00,0x00,0x00,0x00,0x00,0x00,0x00,0x02,0xd4,0x00,0x00,0x00,0x00,0x00,0x00,
  0x00,0x00,0x00,0x00,0x00,0x00,0x00,0x00,0x00,0x00,0x00,0x00,0x00,0x00,0x00,0x00,0x00,0x2e,0xff,0x40,0x00,0x00,0x00,0x00,
  0x00,0x00,0x00,0x00,0x00,0x00,0x00,0x00,0x00,0x00,0x00,0x00,0x00,0x00,0x00,0x00,0x00,0x02,0xef,0xff,0xf3,0x00,0x00,0x00,
  0x00,0x00,0x00,0x00,0x00,0x00,0x00,0x00,0x00,0x00,0x00,0x00,0x00,0x00,0x00,0x00,0x00,0x00,0x2e,0xff,0xff,0xff,0x30,0x00,
  0x00,0x00,0x00,0x00,0x00,0x00,0x00,0x00,0x00,0x00,0x00,0x00,0x00,0x00,0x00,0x00,0x00,0x00,0x02,0xef,0xff,0xdf,0xff,0xf3,
  0x00,0x00,0x00,0x00,0x00,0x00,0x00,0x00,0x00,0x00,0x00,0x00,0x00,0x00,0x00,0x00,0x00,0x00,0x00,0x2e,0xff,0xfb,0x08,0xff,
  0xff,0x30,0x00,0x00,0x00,0x00,0x00,0x00,0x00,0x00,0x00,0x00,0x00,0x00,0x00,0x00,0x00,0x00,0x00,0x02,0xef,0xff,0xb0,0x00,
  0x8f,0xff,0xf3,0x00,0x00,0x00,0x00,0x00,0x00,0x00,0x00,0x00,0x00,0x00,0x00,0x00,0x00,0x00,0x00,0x00,0x2e,0xff,0xfb,0x00,
  0x00,0x08,0xff,0xff,0x30,0x00,0x00,0x00,0x00,0x00,0x00,0x00,0x00,0x00,0x00,0x00,0x00,0x00,0x00,0x00,0x01,0xdf,0xff,0xb0,
  0x00,0x00,0x00,0x8f,0xff,0xf3,0x00,0x00,0x00,0x00,0x00,0x00,0x00,0x00,0x00,0x00,0x00,0x00,0x00,0x00,0x00,0x1d,0xff,0xfb,
  0x00,0x00,0x00,0x00,0x08,0xff,0xff,0x30,0x00,0x00,0x00,0x00,0x00,0x00,0x00,0x00,0x00,0x00,0x00,0x00,0x00,0x01,0xdf,0xff,
  0xb0,0x00,0x00,0x00,0x00,0x00,0x8f,0xff,0xf3,0x00,0x00,0x00,0x00,0x00,0x00,0x00,0x00,0x00,0x00,0x00,0x00,0x00,0x1d,0xff,
  0xfb,0x00,0x00,0x00,0x00,0x00,0x00,0x08,0xff,0xff,0x30,0x00,0x00,0x00,0x00,0x00,0x00,0x00,0x00,0x00,0x00,0x00,0x01,0xdf,
  0xff,0xb0,0x00,0x00,0x00,0x00,0x00,0x00,0x00,0x8f,0xff,0xf3,0x00,0x00,0x00,0x00,0x00,0x00,0x00,0x00,0x00,0x00,0x00,0x1d,
  0xff,0xfb,0x00,0x00,0x00,0x00,0x00,0x00,0x00,0x00,0x08,0xff,0xff,0x30,0x00,0x00,0x00,0x00,0x00,0x00,0x00,0x00,0x00,0x01,
  0xdf,0xff,0xb0,0x00,0x00,0x00,0x00,0x00,0x00,0x00,0x00,0x00,0x9f,0xff,0xf3,0x00,0x00,0x00,0x00,0x00,0x00,0x00,0x00,0x00,
  0x1d,0xff,0xfb,0x00,0x00,0x00,0x00,0x00,0x00,0x00,0x00,0x00,0x00,0x09,0xff,0xff,0x30,0x00,0x00,0x00,0x00,0x00,0x00,0x00,
  0x01,0xdf,0xff,0xb0,0x00,0x00,0x00,0x00,0x00,0x00,0x00,0x00,0x00,0x00,0x00,0x9f,0xff,0xf3,0x00,0x00,0x00,0x00,0x00,0x00,
  0x00,0x1d,0xff,0xfb,0x00,0x00,0x00,0x00,0x00,0x00,0x00,0x00,0x00,0x00,0x00,0x00,0x09,0xff,0xff,0x30,0x00,0x00,0x00,0x00,
  0x00,0x01,0xdf,0xff,0xb0,0x00,0x00,0x00,0x00,0x00,0x00,0x00,0x00,0x00,0x00,0x00,0x00,0x00,0x9f,0xff,0xf3,0x00,0x00,0x00,
  0x00,0x00,0x1d,0xff,0xfb,0x00,0x00,0x00,0x00,0x00,0x00,0x00,0x00,0x00,0x00,0x00,0x00,0x00,0x00,0x09,0xff,0xff,0x30,0x00,
  0x00,0x00,0x01,0xdf,0xff,0xc0,0x00,0x00,0x00,0x00,0x00,0x00,0x00,0x00,0x00,0x00,0x00,0x00,0x00,0x00,0x00,0x9f,0xff,0xf3,
  0x00,0x00,0x00,0x1d,0xff,0xfc,0x00,0x00,0x00,0x00,0x00,0x00,0x00,0x00,0x00,0x00,0x00,0x00,0x00,0x00,0x00,0x00,0x09,0xff,
  0xff,0x30,0x00,0x01,0xdf,0xff,0xc0,0x00,0x00,0x00,0x00,0x00,0x00,0x00,0x00,0x00,0x00,0x00,0x00,0x00,0x00,0x00,0x00,0x00,
  0x9f,0xff,0xf3,0x00,0x1d,0xff,0xfc,0x00,0x00,0x00,0x00,0x00,0x00,0x00,0x00,0x00,0x00,0x00,0x00,0x00,0x00,0x00,0x00,0x00,
  0x00,0x09,0xff,0xff,0x30,0x8f,0xff,0xf3,0x00,0x00,0x00,0x00,0x00,0x00,0x00,0x00,0x00,0x00,0x00,0x00,0x00,0x00,0x00,0x00,
  0x00,0x00,0x01,0xef,0xff,0xc0,0x0a,0xff,0xfe,0x20,0x00,0x00,0x00,0x00,0x00,0x00,0x00,0x00,0x00,0x00,0x00,0x00,0x00,0x00,
  0x00,0x00,0x00,0x0c,0xff,0xfd,0x10,0x00,0xaf,0xff,0xe2,0x00,0x00,0x00,0x00,0x00,0x00,0x00,0x00,0x00,0x00,0x00,0x00,0x00,
  0x00,0x00,0x00,0x00,0xcf,0xff,0xd1,0x00,0x00,0x0a,0xff,0xfe,0x20,0x00,0x00,0x00,0x00,0x00,0x00,0x00,0x00,0x00,0x00,0x00,
  0x00,0x00,0x00,0x00,0x0c,0xff,0xfd,0x10,0x00,0x00,0x00,0xaf,0xff,0xe2,0x00,0x00,0x00,0x00,0x00,0x00,0x00,0x00,0x00,0x00,
  0x00,0x00,0x00,0x00,0x00,0xcf,0xff,0xd1,0x00,0x00,0x00,0x00,0x0b,0xff,0xfe,0x20,0x00,0x00,0x00,0x00,0x00,0x00,0x00,0x00,
  0x00,0x00,0x00,0x00,0x00,0x0c,0xff,0xfd,0x10,0x00,0x00,0x00,0x00,0x00,0xbf,0xff,0xe2,0x00,0x00,0x00,0x00,0x00,0x00,0x00,
  0x00,0x00,0x00,0x00,0x00,0x00,0xcf,0xff,0xd1,0x00,0x00,0x00,0x00,0x00,0x00,0x0b,0xff,0xfe,0x20,0x00,0x00,0x00,0x00,0x00,
  0x00,0x00,0x00,0x00,0x00,0x00,0x0c,0xff,0xfd,0x10,0x00,0x00,0x00,0x00,0x00,0x00,0x00,0xbf,0xff,0xe2,0x00,0x00,0x00,0x00,
  0x00,0x00,0x00,0x00,0x00,0x00,0x00,0xcf,0xff,0xd1,0x00,0x00,0x00,0x00,0x00,0x00,0x00,0x00,0x0b,0xff,0xfe,0x20,0x00,0x00,
  0x00,0x00,0x00,0x00,0x00,0x00,0x00,0x0c,0xff,0xfd,0x10,0x00,0x00,0x00,0x00,0x00,0x00,0x00,0x00,0x00,0xbf,0xff,0xe2,0x00,
  0x00,0x00,0x00,0x00,0x00,0x00,0x00,0x00,0xcf,0xff,0xd1,0x00,0x00,0x00,0x00,0x00,0x00,0x00,0x00,0x00,0x00,0x0b,0xff,0xfe,
  0x20,0x00,0x00,0x00,0x00,0x00,0x00,0x00,0x0c,0xff,0xfd,0x10,0x00,0x00,0x00,0x00,0x00,0x00,0x00,0x00,0x00,0x00,0x00,0xbf,
  0xff,0xe1,0x00,0x00,0x00,0x00,0x00,0x00,0x00,0xcf,0xff,0xd1,0x00,0x00,0x00,0x00,0x00,0x00,0x00,0x00,0x00,0x00,0x00,0x00,
  0x0b,0xff,0xfd,0x10,0x00,0x00,0x00,0x00,0x00,0x0c,0xff,0xfd,0x10,0x00,0x00,0x00,0x00,0x00,0x00,0x00,0x00,0x00,0x00,0x00,
  0x00,0x00,0xbf,0xff,0xd1,0x00,0x00,0x00,0x00,0x00,0xcf,0xff,0xd1,0x00,0x00,0x00,0x00,0x00,0x00,0x00,0x00,0x00,0x00,0x00,
  0x00,0x00,0x00,0x0b,0xff,0xfd,0x10,0x00,0x00,0x00,0x0c,0xff,0xfd,0x10,0x00,0x00,0x00,0x00,0x00,0x00,0x00,0x00,0x00,0x00,
  0x00,0x00,0x00,0x00,0x00,0xbf,0xff,0xd1,0x00,0x00,0x00,0xcf,0xff,0xd1,0x00,0x00,0x00,0x00,0x00,0x00,0x00,0x00,0x00,0x00,
  0x00,0x00,0x00,0x00,0x00,0x00,0x0b,0xff,0xfd,0x10,0x00,0x0c,0xff,0xfd,0x10,0x00,0x00,0x00,0x00,0x00,0x00,0x00,0x00,0x00,
  0x00,0x00,0x00,0x00,0x00,0x00,0x00,0x00,0xbf,0xff,0xd1,0x00,0xbf,0xff,0xd1,0x00,0x00,0x00,0x00,0x00,0x00,0x00,0x00,0x00,
  0x00,0x00,0x00,0x00,0x00,0x00,0x00,0x00,0x00,0x0b,0xff,0xfd,0x2b,0xff,0xfd,0x10,0x00,0x00,0x00,0x00,0x00,0x00,0x00,0x00,
  0x00,0x00,0x00,0x00,0x00,0x00,0x00,0x00,0x00,0x00,0x00,0xbf,0xff,0xff,0xff,0xd1,0x00,0x00,0x00,0x00,0x00,0x00,0x00,0x00,
  0x00,0x00,0x00,0x00,0x00,0x00,0x00,0x00,0x00,0x00,0x00,0x00,0x0b,0xff,0xff,0xfd,0x10,0x00,0x00,0x00,0x00,0x00,0x00,0x00,
  0x00,0x00,0x00,0x00,0x00,0x00,0x00,0x00,0x00,0x00,0x00,0x00,0x00,0x00,0xbf,0xff,0xd1,0x00,0x00,0x00,0x00,0x00,0x00,0x00,
  0x00,0x00,0x00,0x00,0x00,0x00,0x00,0x00,0x00,0x00,0x00,0x00,0x00,0x00,0x00,0x0b,0xfd,0x10,0x00,0x00,0x00,0x00,0x00,0x00,
  0x00,0x00,0x00,0x00,0x00,0x00,0x00,0x00,0x00,0x00,0x00,0x00,0x00,0x00,0x00,0x00,0x00,0x91,0x00,0x00,0x00,0x00,0x00,0x00,
  0x00,0x00,0x00,0x00,0x00,0x00,0x00,0x00,0x00,0x00,0x00,0x00,0x00,0x00,0x00,0x00,0x00,0x00,0x00,0x00,0x00,0x00,0x00,0x00,
  0x00,0x00,0x00,0x00,0x00,0x00,0x00,0x00,0x00,0x00,0x00,0x00,0x00,0x00,0x00,0x00,0x00,0x00,0x02,0xd4,0x00,0x00,0x00,0x00,
  0x00,0x00,0x00,0x00,0x00,0x00,0x00,0x00,0x00,0x00,0x00,0x00,0x00,0x00,0x00,0x00,0x00,0x00,0x00,0x2e,0xff,0x40,0x00,0x00,
  0x00,0x00,0x00,0x00,0x00,0x00,0x00,0x00,0x00,0x00,0x00,0x00,0x00,0x00,0x00,0x00,0x00,0x00,0x00,0x02,0xef,0xff,0xf3,0x00,
  0x00,0x00,0x00,0x00,0x00,0x00,0x00,0x00,0x00,0x00,0x00,0x00,0x00,0x00,0x00,0x00,0x00,0x00,0x00,0x00,0x2e,0xff,0xff,0xff,
  0x30,0x00,0x00,0x00,0x00,0x00,0x00,0x00,0x00,0x00,0x00,0x00,0x00,0x00,0x00,0x00,0x00,0x00,0x00,0x00,0x02,0xef,0xff,0xff,
  0xff,0xf3,0x00,0x00,0x00,0x00,0x00,0x00,0x00,0x00,0x00,0x00,0x00,0x00,0x00,0x00,0x00,0x00,0x00,0x00,0x00,0x2e,0xff,0xff,
  0xff,0xff,0xff,0x30,0x00,0x00,0x00,0x00,0x00,0x00,0x00,0x00,0x00,0x00,0x00,0x00,0x00,0x00,0x00,0x00,0x00,0x02,0xef,0xff,
  0xff,0xff,0xff,0xff,0xf3,0x00,0x00,0x00,0x00,0x00,0x00,0x00,0x00,0x00,0x00,0x00,0x00,0x00,0x00,0x00,0x00,0x00,0x2e,0xff,
  0xff,0xff,0xff,0xff,0xff,0xff,0x30,0x00,0x00,0x00,0x00,0x00,0x00,0x00,0x00,0x00,0x00,0x00,0x00,0x00,0x00,0x00,0x01,0xdf,
  0xff,0xff,0xff,0xff,0xff,0xff,0xff,0xf3,0x00,0x00,0x00,0x00,0x00,0x00,0x00,0x00,0x00,0x00,0x00,0x00,0x00,0x00,0x00,0x1d,
  0xff,0xff,0xff,0xff,0xff,0xff,0xff,0xff,0xff,0x30,0x00,0x00,0x00,0x00,0x00,0x00,0x00,0x00,0x00,0x00,0x00,0x00,0x00,0x01,
  0xdf,0xff,0xff,0xff,0xff,0xff,0xff,0xff,0xff,0xff,0xf3,0x00,0x00,0x00,0x00,0x00,0x00,0x00,0x00,0x00,0x00,0x00,0x00,0x00,
  0x1d,0xff,0xff,0xff,0xff,0xff,0xff,0xff,0xff,0xff,0xff,0xff,0x30,0x00,0x00,0x00,0x00,0x00,0x00,0x00,0x00,0x00,0x00,0x00,
  0x01,0xdf,0xff,0xff,0xff,0xff,0xff,0xff,0xff,0xff,0xff,0xff,0xff,0xf3,0x00,0x00,0x00,0x00,0x00,0x00,0x00,0x00,0x00,0x00,
  0x00,0x1d,0xff,0xff,0xff,0xff,0xff,0xff,0xff,0xff,0xff,0xff,0xff,0xff,0xff,0x30,0x00,0x00,0x00,0x00,0x00,0x00,0x00,0x00,
  0x00,0x01,0xdf,0xff,0xff,0xff,0xff,0xff,0xff,0xff,0xff,0xff,0xff,0xff,0xff,0xff,0xf3,0x00,0x00,0x00,0x00,0x00,0x00,0x00,
  0x00,0x00,0x1d,0xff,0xff,0xff,0xff,0xff,0xff,0xff,0xff,0xff,0xff,0xff,0xff,0xff,0xff,0xff,0x30,0x00,0x00,0x00,0x00,0x00,
  0x00,0x00,0x01,0xdf,0xff,0xff,0xff,0xff,0xff,0xff,0xff,0xff,0xff,0xff,0xff,0xff,0xff,0xff,0xff,0xf3,0x00,0x00,0x00,0x00,
  0x00,0x00,0x00,0x1d,0xff,0xff,0xff,0xff,0xff,0xff,0xff,0xff,0xff,0xff,0xff,0xff,0xff,0xff,0xff,0xff,0xff,0x30,0x00,0x00,
  0x00,0x00,0x00,0x01,0xdf,0xff,0xff,0xff,0xff,0xff,0xff,0xff,0xff,0xff,0xff,0xff,0xff,0xff,0xff,0xff,0xff,0xff,0xf3,0x00,
  0x00,0x00,0x00,0x00,0x1d,0xff,0xff,0xff,0xff,0xff,0xff,0xff,0xff,0xff,0xff,0xff,0xff,0xff,0xff,0xff,0xff,0xff,0xff,0xff,
  0x30,0x00,0x00,0x00,0x01,0xdf,0xff,0xff,0xff,0xff,0xff,0xff,0xff,0xff,0xff,0xff,0xff,0xff,0xff,0xff,0xff,0xff,0xff,0xff,
  0xff,0xf3,0x00,0x00,0x00,0x1d,0xff,0xff,0xff,0xff,0xff,0xff,0xff,0xff,0xff,0xff,0xff,0xff,0xff,0xff,0xff,0xff,0xff,0xff,
  0xff,0xff,0xff,0x30,0x00,0x01,0xdf,0xff,0xff,0xff,0xff,0xff,0xff,0xff,0xff,0xff,0xff,0xff,0xff,0xff,0xff,0xff,0xff,0xff,
  0xff,0xff,0xff,0xff,0xf3,0x00,0x1d,0xff,0xff,0xff,0xff,0xff,0xff,0xff,0xff,0xff,0xff,0xff,0xff,0xff,0xff,0xff,0xff,0xff,
  0xff,0xff,0xff,0xff,0xff,0xff,0x30,0x8f,0xff,0xff,0xff,0xff,0xff,0xff,0xff,0xff,0xff,0xff,0xff,0xff,0xff,0xff,0xff,0xff,
  0xff,0xff,0xff,0xff,0xff,0xff,0xff,0xc0,0x0a,0xff,0xff,0xff,0xff,0xff,0xff,0xff,0xff,0xff,0xff,0xff,0xff,0xff,0xff,0xff,
  0xff,0xff,0xff,0xff,0xff,0xff,0xff,0xfd,0x10,0x00,0xaf,0xff,0xff,0xff,0xff,0xff,0xff,0xff,0xff,0xff,0xff,0xff,0xff,0xff,
  0xff,0xff,0xff,0xff,0xff,0xff,0xff,0xff,0xd1,0x00,0x00,0x0a,0xff,0xff,0xff,0xff,0xff,0xff,0xff,0xff,0xff,0xff,0xff,0xff,
  0xff,0xff,0xff,0xff,0xff,0xff,0xff,0xff,0xfd,0x10,0x00,0x00,0x00,0xaf,0xff,0xff,0xff,0xff,0xff,0xff,0xff,0xff,0xff,0xff,
  0xff,0xff,0xff,0xff,0xff,0xff,0xff,0xff,0xff,0xd1,0x00,0x00,0x00,0x00,0x0b,0xff,0xff,0xff,0xff,0xff,0xff,0xff,0xff,0xff,
  0xff,0xff,0xff,0xff,0xff,0xff,0xff,0xff,0xff,0xfd,0x10,0x00,0x00,0x00,0x00,0x00,0xbf,0xff,0xff,0xff,0xff,0xff,0xff,0xff,
  0xff,0xff,0xff,0xff,0xff,0xff,0xff,0xff,0xff,0xff,0xd1,0x00,0x00,0x00,0x00,0x00,0x00,0x0b,0xff,0xff,0xff,0xff,0xff,0xff,
  0xff,0xff,0xff,0xff,0xff,0xff,0xff,0xff,0xff,0xff,0xfd,0x10,0x00,0x00,0x00,0x00,0x00,0x00,0x00,0xbf,0xff,0xff,0xff,0xff,
  0xff,0xff,0xff,0xff,0xff,0xff,0xff,0xff,0xff,0xff,0xff,0xd1,0x00,0x00,0x00,0x00,0x00,0x00,0x00,0x00,0x0b,0xff,0xff,0xff,
  0xff,0xff,0xff,0xff,0xff,0xff,0xff,0xff,0xff,0xff,0xff,0xfd,0x10,0x00,0x00,0x00,0x00,0x00,0x00,0x00,0x00,0x00,0xbf,0xff,
  0xff,0xff,0xff,0xff,0xff,0xff,0xff,0xff,0xff,0xff,0xff,0xff,0xd1,0x00,0x00,0x00,0x00,0x00,0x00,0x00,0x00,0x00,0x00,0x0b,
  0xff,0xff,0xff,0xff,0xff,0xff,0xff,0xff,0xff,0xff,0xff,0xff,0xfd,0x10,0x00,0x00,0x00,0x00,0x00,0x00,0x00,0x00,0x00,0x00,
  0x00,0xbf,0xff,0xff,0xff,0xff,0xff,0xff,0xff,0xff,0xff,0xff,0xff,0xd1,0x00,0x00,0x00,0x00,0x00,0x00,0x00,0x00,0x00,0x00,
  0x00,0x00,0x0b,0xff,0xff,0xff,0xff,0xff,0xff,0xff,0xff,0xff,0xff,0xfd,0x10,0x00,0x00,0x00,0x00,0x00,0x00,0x00,0x00,0x00,
  0x00,0x00,0x00,0x00,0xbf,0xff,0xff,0xff,0xff,0xff,0xff,0xff,0xff,0xff,0xd1,0x00,0x00,0x00,0x00,0x00,0x00,0x00,0x00,0x00,
  0x00,0x00,0x00,0x00,0x00,0x0b,0xff,0xff,0xff,0xff,0xff,0xff,0xff,0xff,0xfd,0x10,0x00,0x00,0x00,0x00,0x00,0x00,0x00,0x00,
  0x00,0x00,0x00,0x00,0x00,0x00,0x00,0xbf,0xff,0xff,0xff,0xff,0xff,0xff,0xff,0xd1,0x00,0x00,0x00,0x00,0x00,0x00,0x00,0x00,
  0x00,0x00,0x00,0x00,0x00,0x00,0x00,0x00,0x0b,0xff,0xff,0xff,0xff,0xff,0xff,0xfd,0x10,0x00,0x00,0x00,0x00,0x00,0x00,0x00,
  0x00,0x00,0x00,0x00,0x00,0x00,0x00,0x00,0x00,0x00,0xbf,0xff,0xff,0xff,0xff,0xff,0xd1,0x00,0x00,0x00,0x00,0x00,0x00,0x00,
  0x00,0x00,0x00,0x00,0x00,0x00,0x00,0x00,0x00,0x00,0x00,0x0b,0xff,0xff,0xff,0xff,0xfd,0x10,0x00,0x00,0x00,0x00,0x00,0x00,
  0x00,0x00,0x00,0x00,0x00,0x00,0x00,0x00,0x00,0x00,0x00,0x00,0x00,0xbf,0xff,0xff,0xff,0xd1,0x00,0x00,0x00,0x00,0x00,0x00,
  0x00,0x00,0x00,0x00,0x00,0x00,0x00,0x00,0x00,0x00,0x00,0x00,0x00,0x00,0x0b,0xff,0xff,0xfd,0x10,0x00,0x00,0x00,0x00,0x00,
  0x00,0x00,0x00,0x00,0x00,0x00,0x00,0x00,0x00,0x00,0x00,0x00,0x00,0x00,0x00,0x00,0xbf,0xff,0xd1,0x00,0x00,0x00,0x00,0x00,
  0x00,0x00,0x00,0x00,0x00,0x00,0x00,0x00,0x00,0x00,0x00,0x00,0x00,0x00,0x00,0x00,0x00,0x0b,0xfd,0x10,0x00,0x00,0x00,0x00,
  0x00,0x00,0x00,0x00,0x00,0x00,0x00,0x00,0x00,0x00,0x00,0x00,0x00,0x00,0x00,0x00,0x00,0x00,0x00,0x91,0x00,0x00,0x00,0x00,
  0x00,0x00,0x00,0x00,0x00,0x00,0x00,0x00,0x00,0x00,0x00,0x00,0x03,0x79,0x98,0x51,0x00,0x00,0x00,0x00,0x00,0x00,0x00,0x00,
  0x37,0x89,0x85,0x10,0x00,0x00,0x00,0x00,0x00,0x00,0x00,0x07,0xef,0xff,0xff,0xff,0xa1,0x00,0x00,0x00,0x00,0x00,0x00,0x5d,
  0xff,0xff,0xff,0xfb,0x30,0x00,0x00,0x00,0x00,0x00,0x03,0xef,0xff,0xff,0xff,0xff,0xff,0x40,0x00,0x00,0x00,0x00,0x1c,0xff,
  0xff,0xff,0xff,0xff,0xf9,0x00,0x00,0x00,0x00,0x00,0x6f,0xff,0xff,0xff,0xff,0xff,0xff,0xf5,0x00,0x00,0x00,0x02,0xef,0xff,
  0xff,0xff,0xff,0xff,0xff,0xb0,0x00,0x00,0x00,0x05,0xff,0xff,0xff,0xff,0xff,0xff,0xff,0xff,0x30,0x00,0x00,0x0d,0xff,0xff,
  0xff,0xff,0xff,0xff,0xff,0xfb,0x00,0x00,0x00,0x3f,0xff,0xff,0xff,0xff,0xff,0xff,0xff,0xff,0xd0,0x00,0x00,0xaf,0xff,0xff,
  0xff,0xff,0xff,0xff,0xff,0xff,0x80,0x00,0x00,0xdf,0xff,0xff,0xff,0xff,0xff,0xff,0xff,0xff,0xf8,0x00,0x03,0xff,0xff,0xff,
  0xff,0xff,0xff,0xff,0xff,0xff,0xf2,0x00,0x05,0xff,0xff,0xff,0xff,0xff,0xff,0xff,0xff,0xff,0xff,0x10,0x0b,0xff,0xff,0xff,
  0xff,0xff,0xff,0xff,0xff,0xff,0xfb,0x00,0x0b,0xff,0xff,0xff,0xff,0xff,0xff,0xff,0xff,0xff,0xff,0x80,0x2f,0xff,0xff,0xff,
  0xff,0xff,0xff,0xff,0xff,0xff,0xff,0x10,0x0f,0xff,0xff,0xff,0xff,0xff,0xff,0xff,0xff,0xff,0xff,0xe0,0x8f,0xff,0xff,0xff,
  0xff,0xff,0xff,0xff,0xff,0xff,0xff,0x50,0x2f,0xff,0xff,0xff,0xff,0xff,0xff,0xff,0xff,0xff,0xff,0xf4,0xdf,0xff,0xff,0xff,
  0xff,0xff,0xff,0xff,0xff,0xff,0xff,0x80,0x4f,0xff,0xff,0xff,0xff,0xff,0xff,0xff,0xff,0xff,0xff,0xfa,0xff,0xff,0xff,0xff,
  0xff,0xff,0xff,0xff,0xff,0xff,0xff,0xa0,0x4f,0xff,0xff,0xff,0xff,0xff,0xff,0xff,0xff,0xff,0xff,0xff,0xff,0xff,0xff,0xff,
  0xff,0xff,0xff,0xff,0xff,0xff,0xff,0xb0,0x4f,0xff,0xff,0xff,0xff,0xff,0xff,0xff,0xff,0xff,0xff,0xff,0xff,0xff,0xff,0xff,
  0xff,0xff,0xff,0xff,0xff,0xff,0xff,0xa0,0x2f,0xff,0xff,0xff,0xff,0xff,0xff,0xff,0xff,0xff,0xff,0xff,0xff,0xff,0xff,0xff,
  0xff,0xff,0xff,0xff,0xff,0xff,0xff,0x90,0x0f,0xff,0xff,0xff,0xff,0xff,0xff,0xff,0xff,0xff,0xff,0xff,0xff,0xff,0xff,0xff,
  0xff,0xff,0xff,0xff,0xff,0xff,0xff,0x60,0x0c,0xff,0xff,0xff,0xff,0xff,0xff,0xff,0xff,0xff,0xff,0xff,0xff,0xff,0xff,0xff,
  0xff,0xff,0xff,0xff,0xff,0xff,0xff,0x30,0x08,0xff,0xff,0xff,0xff,0xff,0xff,0xff,0xff,0xff,0xff,0xff,0xff,0xff,0xff,0xff,
  0xff,0xff,0xff,0xff,0xff,0xff,0xfe,0x00,0x02,0xff,0xff,0xff,0xff,0xff,0xff,0xff,0xff,0xff,0xff,0xff,0xff,0xff,0xff,0xff,
  0xff,0xff,0xff,0xff,0xff,0xff,0xf9,0x00,0x00,0xcf,0xff,0xff,0xff,0xff,0xff,0xff,0xff,0xff,0xff,0xff,0xff,0xff,0xff,0xff,
  0xff,0xff,0xff,0xff,0xff,0xff,0xf3,0x00,0x00,0x4f,0xff,0xff,0xff,0xff,0xff,0xff,0xff,0xff,0xff,0xff,0xff,0xff,0xff,0xff,
  0xff,0xff,0xff,0xff,0xff,0xff,0xc0,0x00,0x00,0x0c,0xff,0xff,0xff,0xff,0xff,0xff,0xff,0xff,0xff,0xff,0xff,0xff,0xff,0xff,
  0xff,0xff,0xff,0xff,0xff,0xff,0x40,0x00,0x00,0x03,0xff,0xff,0xff,0xff,0xff,0xff,0xff,0xff,0xff,0xff,0xff,0xff,0xff,0xff,
  0xff,0xff,0xff,0xff,0xff,0xfb,0x00,0x00,0x00,0x00,0x8f,0xff,0xff,0xff,0xff,0xff,0xff,0xff,0xff,0xff,0xff,0xff,0xff,0xff,
  0xff,0xff,0xff,0xff,0xff,0xf2,0x00,0x00,0x00,0x00,0x0c,0xff,0xff,0xff,0xff,0xff,0xff,0xff,0xff,0xff,0xff,0xff,0xff,0xff,
  0xff,0xff,0xff,0xff,0xff,0x60,0x00,0x00,0x00,0x00,0x01,0xef,0xff,0xff,0xff,0xff,0xff,0xff,0xff,0xff,0xff,0xff,0xff,0xff,
  0xff,0xff,0xff,0xff,0xfa,0x00,0x00,0x00,0x00,0x00,0x00,0x3f,0xff,0xff,0xff,0xff,0xff,0xff,0xff,0xff,0xff,0xff,0xff,0xff,
  0xff,0xff,0xff,0xff,0xc0,0x00,0x00,0x00,0x00,0x00,0x00,0x06,0xff,0xff,0xff,0xff,0xff,0xff,0xff,0xff,0xff,0xff,0xff,0xff,
  0xff,0xff,0xff,0xfd,0x10,0x00,0x00,0x00,0x00,0x00,0x00,0x00,0x9f,0xff,0xff,0xff,0xff,0xff,0xff,0xff,0xff,0xff,0xff,0xff,
  0xff,0xff,0xff,0xf2,0x00,0x00,0x00,0x00,0x00,0x00,0x00,0x00,0x0c,0xff,0xff,0xff,0xff,0xff,0xff,0xff,0xff,0xff,0xff,0xff,
  0xff,0xff,0xff,0x40,0x00,0x00,0x00,0x00,0x00,0x00,0x00,0x00,0x01,0xef,0xff,0xff,0xff,0xff,0xff,0xff,0xff,0xff,0xff,0xff,
  0xff,0xff,0xf6,0x00,0x00,0x00,0x00,0x00,0x00,0x00,0x00,0x00,0x00,0x2f,0xff,0xff,0xff,0xff,0xff,0xff,0xff,0xff,0xff,0xff,
  0xff,0xff,0x90,0x00,0x00,0x00,0x00,0x00,0x00,0x00,0x00,0x00,0x00,0x05,0xff,0xff,0xff,0xff,0xff,0xff,0xff,0xff,0xff,0xff,
  0xff,0xfb,0x00,0x00,0x00,0x00,0x00,0x00,0x00,0x00,0x00,0x00,0x00,0x00,0x8f,0xff,0xff,0xff,0xff,0xff,0xff,0xff,0xff,0xff,
  0xff,0xd1,0x00,0x00,0x00,0x00,0x00,0x00,0x00,0x00,0x00,0x00,0x00,0x00,0x0b,0xff,0xff,0xff,0xff,0xff,0xff,0xff,0xff,0xff,
  0xff,0x20,0x00,0x00,0x00,0x00,0x00,0x00,0x00,0x00,0x00,0x00,0x00,0x00,0x00,0xdf,0xff,0xff,0xff,0xff,0xff,0xff,0xff,0xff,
  0xf4,0x00,0x00,0x00,0x00,0x00,0x00,0x00,0x00,0x00,0x00,0x00,0x00,0x00,0x00,0x2e,0xff,0xff,0xff,0xff,0xff,0xff,0xff,0xff,
  0x60,0x00,0x00,0x00,0x00,0x00,0x00,0x00,0x00,0x00,0x00,0x00,0x00,0x00,0x00,0x04,0xff,0xff,0xff,0xff,0xff,0xff,0xff,0xf9,
  0x00,0x00,0x00,0x00,0x00,0x00,0x00,0x00,0x00,0x00,0x00,0x00,0x00,0x00,0x00,0x00,0x6f,0xff,0xff,0xff,0xff,0xff,0xff,0xb0,
  0x00,0x00,0x00,0x00,0x00,0x00,0x00,0x00,0x00,0x00,0x00,0x00,0x00,0x00,0x00,0x00,0x09,0xff,0xff,0xff,0xff,0xff,0xfd,0x10,
  0x00,0x00,0x00,0x00,0x00,0x00,0x00,0x00,0x00,0x00,0x00,0x00,0x00,0x00,0x00,0x00,0x00,0xcf,0xff,0xff,0xff,0xff,0xf2,0x00,
  0x00,0x00,0x00,0x00,0x00,0x00,0x00,0x00,0x00,0x00,0x00,0x00,0x00,0x00,0x00,0x00,0x00,0x1e,0xff,0xff,0xff,0xff,0x40,0x00,
  0x00,0x00,0x00,0x00,0x00,0x00,0x00,0x00,0x00,0x00,0x00,0x00,0x00,0x00,0x00,0x00,0x00,0x03,0xff,0xff,0xff,0xf6,0x00,0x00,
  0x00,0x00,0x00,0x00,0x00,0x00,0x00,0x00,0x00,0x00,0x00,0x00,0x00,0x00,0x00,0x00,0x00,0x00,0x5f,0xff,0xff,0x90,0x00,0x00,
  0x00,0x00,0x00,0x00,0x00,0x00,0x00,0x00,0x00,0x00,0x00,0x00,0x00,0x00,0x00,0x00,0x00,0x00,0x08,0xff,0xfb,0x00,0x00,0x00,
  0x00,0x00,0x00,0x00,0x00,0x00,0x00,0x00,0x00,0x00,0x00,0x00,0x00,0x00,0x00,0x00,0x00,0x00,0x00,0xbf,0xd1,0x00,0x00,0x00,
  0x00,0x00,0x00,0x00,0x00,0x00,0x00,0x00,0x00,0x00,0x00,0x00,0x00,0x00,0x00,0x00,0x00,0x00,0x00,0x0c,0x20,0x00,0x00,0x00,
  0x00,0x00,0x00,0x00,0x00,0x00,0x00,0x00,0x00,0x00,0x00,0x00,0x00,0x00,0x00,0x9a,0xaa,0xaa,0xaa,0xaa,0xaa,0xaa,0xaa,0xaa,
  0xaa,0xaa,0xaa,0xaa,0xaa,0xaa,0xaa,0x40,0x00,0x00,0x00,0x00,0x00,0x00,0x00,0xef,0xff,0xff,0xff,0xff,0xff,0xff,0xff,0xff,
  0xff,0xff,0xff,0xff,0xff,0xff,0xff,0x70,0x00,0x00,0x00,0x00,0x00,0x00,0x00,0xef,0xff,0xff,0xff,0xff,0xff,0xff,0xff,0xff,
  0xff,0xff,0xff,0xff,0xff,0xff,0xff,0x70,0x00,0x00,0x00,0x00,0x00,0x00,0x00,0xef,0xff,0xff,0xff,0xff,0xff,0xff,0xff,0xff,
  0xff,0xff,0xff,0xff,0xff,0xff,0xff,0x70,0x00,0x00,0x00,0x00,0x00,0x00,0x00,0xef,0xff,0xff,0xff,0xff,0xff,0xff,0xff,0xff,
  0xff,0xff,0xff,0xff,0xff,0xff,0xff,0x70,0x00,0x00,0x00,0x00,0x00,0x00,0x00,0xef,0xff,0xff,0xff,0xff,0xff,0xff,0xff,0xff,
  0xff,0xff,0xff,0xff,0xff,0xff,0xff,0x70,0x00,0x00,0x00,0x00,0x00,0x00,0x00,0xef,0xfd,0xdd,0xdd,0xdd,0xdd,0xdd,0xdd,0xdd,
  0xdd,0xdd,0xdd,0xdd,0xdd,0xdd,0xff,0x70,0x00,0x00,0x00,0x00,0x00,0x00,0x00,0xef,0xe0,0x00,0x00,0x00,0x00,0x00,0x00,0x00,
  0x00,0x00,0x00,0x00,0x00,0x04,0xff,0x70,0x00,0x00,0x00,0x00,0x00,0x00,0x00,0xef,0xe0,0x00,0x00,0x00,0x00,0x00,0x00,0x00,
  0x00,0x00,0x00,0x00,0x00,0x04,0xff,0x70,0x00,0x00,0x00,0x00,0x00,0x00,0x00,0xef,0xe0,0x00,0x00,0x00,0x00,0x00,0x00,0x00,
  0x00,0x00,0x00,0x00,0x00,0x04,0xff,0x70,0x00,0x00,0x00,0x00,0x00,0x00,0x00,0xef,0xe0,0x00,0x00,0x00,0x00,0x00,0x00,0x00,
  0x00,0x00,0x00,0x00,0x00,0x04,0xff,0x70,0x00,0x00,0x00,0x00,0x00,0x00,0x00,0xef,0xe5,0x55,0x55,0x55,0x55,0x55,0x55,0x55,
  0x55,0x55,0x55,0x55,0x55,0x58,0xff,0x70,0x00,0x00,0x00,0x00,0x00,0x00,0x00,0xef,0xff,0xff,0xff,0xff,0xff,0xff,0xff,0xff,
  0xff,0xff,0xff,0xff,0xff,0xff,0xff,0x70,0x00,0x00,0x00,0x00,0x00,0x00,0x00,0xef,0xff,0xff,0xff,0xff,0xff,0xff,0xff,0xff,
  0xff,0xff,0xff,0xff,0xff,0xff,0xff,0x70,0x00,0x00,0x00,0x00,0x00,0x00,0x00,0xef,0xff,0xff,0xff,0xff,0xff,0xff,0xff,0xff,
  0xff,0xff,0xff,0xff,0xff,0xff,0xff,0x70,0x00,0x00,0x00,0x00,0x00,0x00,0x00,0xef,0xff,0xff,0xff,0xff,0xff,0xff,0xff,0xff,
  0xff,0xff,0xff,0xff,0xff,0xff,0xff,0x70,0x00,0x00,0x00,0x00,0x00,0x00,0x00,0xef,0xff,0xff,0xff,0xff,0xff,0xff,0xff,0xff,
  0xff,0xff,0xff,0xff,0xff,0xff,0xff,0x70,0x00,0x00,0x00,0x00,0x00,0x00,0x00,0xef,0xff,0xff,0xff,0xff,0xff,0xff,0xff,0xff,
  0xff,0xff,0xff,0xff,0xff,0xff,0xff,0x70,0x00,0x00,0x00,0x00,0x00,0x00,0x00,0xef,0xf8,0x88,0x88,0x88,0x88,0x88,0x88,0x88,
  0x88,0x88,0x88,0x88,0x88,0x8a,0xff,0x70,0x00,0x00,0x00,0x00,0x00,0x00,0x00,0xef,0xe0,0x00,0x00,0x00,0x00,0x00,0x00,0x00,
  0x00,0x00,0x00,0x00,0x00,0x04,0xff,0x70,0x00,0x00,0x00,0x00,0x00,0x00,0x00,0xef,0xe0,0x00,0x00,0x00,0x00,0x00,0x00,0x00,
  0x00,0x00,0x00,0x00,0x00,0x04,0xff,0x70,0x00,0x00,0x00,0x00,0x00,0x00,0x00,0xef,0xe0,0x00,0x00,0x00,0x00,0x00,0x00,0x00,
  0x00,0x00,0x00,0x00,0x00,0x04,0xff,0x70,0x00,0x00,0x00,0x00,0x00,0x00,0x00,0xef,0xe0,0x00,0x00,0x00,0x00,0x00,0x00,0x00,
  0x00,0x00,0x00,0x00,0x00,0x04,0xff,0x70,0x00,0x00,0x00,0x00,0x00,0x00,0x00,0xef,0xe0,0x00,0x00,0x00,0x00,0x00,0x00,0x00,
  0x00,0x00,0x00,0x00,0x00,0x04,0xff,0x70,0x00,0x00,0x00,0x00,0x00,0x00,0x00,0xef,0xe0,0x00,0x00,0x00,0x00,0x00,0x00,0x00,
  0x00,0x00,0x00,0x00,0x00,0x04,0xff,0x70,0x00,0x00,0x00,0x00,0x00,0x00,0x00,0xef,0xe0,0x00,0x00,0x00,0x00,0x00,0x00,0x00,
  0x00,0x00,0x00,0x00,0x00,0x04,0xff,0x70,0x00,0x00,0x00,0x00,0x00,0x00,0x00,0xef,0xe0,0x00,0x00,0x00,0x00,0x00,0x00,0x00,
  0x00,0x00,0x00,0x00,0x00,0x04,0xff,0x70,0x00,0x00,0x00,0x00,0x00,0x00,0x00,0xef,0xe0,0x00,0x00,0x00,0x00,0x00,0x00,0x00,
  0x00,0x00,0x00,0x00,0x00,0x04,0xff,0x70,0x00,0x00,0x00,0x00,0x00,0x00,0x00,0xef,0xe0,0x00,0x00,0x00,0x00,0x00,0x00,0x00,
  0x00,0x00,0x00,0x00,0x00,0x04,0xff,0x70,0x00,0x00,0x00,0x00,0x00,0x00,0x00,0xef,0xe0,0x00,0x00,0x00,0x00,0x00,0x00,0x00,
  0x00,0x00,0x00,0x00,0x00,0x04,0xff,0x70,0x00,0x00,0x00,0x00,0x00,0x00,0x00,0xef,0xe0,0x00,0x00,0x00,0x00,0x00,0x00,0x00,
  0x00,0x00,0x00,0x00,0x00,0x04,0xff,0x70,0x00,0x00,0x00,0x00,0x00,0x00,0x00,0xef,0xe0,0x00,0x00,0x00,0x00,0x00,0x00,0x00,
  0x00,0x00,0x00,0x00,0x00,0x04,0xff,0x70,0x00,0x00,0x00,0x00,0x00,0x00,0x00,0xef,0xe0,0x00,0x00,0x00,0x00,0x00,0x00,0x00,
  0x00,0x00,0x00,0x00,0x00,0x04,0xff,0x70,0x00,0x00,0x00,0x00,0x00,0x00,0x00,0xef,0xe0,0x00,0x00,0x00,0x00,0x00,0x00,0x00,
  0x00,0x00,0x00,0x00,0x00,0x04,0xff,0x70,0x00,0x00,0x00,0x00,0x00,0x00,0x00,0xef,0xe0,0x00,0x00,0x00,0x00,0x00,0x00,0x00,
  0x00,0x00,0x00,0x00,0x00,0x04,0xff,0x70,0x00,0x00,0x00,0x00,0x00,0x00,0x00,0xef,0xe0,0x00,0x00,0x00,0x00,0x00,0x00,0x00,
  0x00,0x00,0x00,0x00,0x00,0x04,0xff,0x70,0x00,0x00,0x00,0x00,0x00,0x00,0x00,0xef,0xe0,0x00,0x00,0x00,0x00,0x00,0x00,0x00,
  0x00,0x00,0x00,0x00,0x00,0x04,0xff,0x70,0x00,0x00,0x03,0x68,0x98,0x51,0x00,0xef,0xe0,0x00,0x00,0x00,0x00,0x00,0x00,0x00,
  0x00,0x26,0x89,0x98,0x40,0x04,0xff,0x70,0x00,0x2a,0xff,0xff,0xff,0xff,0x91,0xef,0xe0,0x00,0x00,0x00,0x00,0x00,0x00,0x00,
  0x5d,0xff,0xff,0xff,0xfe,0x75,0xff,0x70,0x03,0xff,0xff,0xff,0xff,0xff,0xfe,0xff,0xd0,0x00,0x00,0x00,0x00,0x00,0x00,0x08,
  0xff,0xff,0xff,0xff,0xff,0xff,0xff,0x70,0x0d,0xff,0xff,0xff,0xff,0xff,0xff,0xff,0xc0,0x00,0x00,0x00,0x00,0x00,0x00,0x3f,
  0xff,0xff,0xff,0xff,0xff,0xff,0xff,0x60,0x1f,0xff,0xff,0xff,0xff,0xff,0xff,0xff,0x90,0x00,0x00,0x00,0x00,0x00,0x00,0x7f,
  0xff,0xff,0xff,0xff,0xff,0xff,0xff,0x40,0x0f,0xff,0xff,0xff,0xff,0xff,0xff,0xff,0x40,0x00,0x00,0x00,0x00,0x00,0x00,0x7f,
  0xff,0xff,0xff,0xff,0xff,0xff,0xff,0x10,0x0d,0xff,0xff,0xff,0xff,0xff,0xff,0xfd,0x00,0x00,0x00,0x00,0x00,0x00,0x00,0x3f,
  0xff,0xff,0xff,0xff,0xff,0xff,0xf9,0x00,0x06,0xff,0xff,0xff,0xff,0xff,0xff,0xe2,0x00,0x00,0x00,0x00,0x00,0x00,0x00,0x0b,
  0xff,0xff,0xff,0xff,0xff,0xff,0xd1,0x00,0x00,0x9f,0xff,0xff,0xff,0xff,0xfc,0x20,0x00,0x00,0x00,0x00,0x00,0x00,0x00,0x01,
  0xbf,0xff,0xff,0xff,0xff,0xfb,0x10,0x00,0x00,0x04,0xaf,0xff,0xff,0xfb,0x50,0x00,0x00,0x00,0x00,0x00,0x00,0x00,0x00,0x00,
  0x05,0xbf,0xff,0xff,0xe9,0x30,0x00,0x00,0x00,0x00,0x00,0x23,0x43,0x00,0x00,0x00,0x00,0x00,0x00,0x00,0x00,0x00,0x00,0x00,
  0x00,0x00,0x12,0x20,0x00,0x00,0x00,0x00,0x00,0x00,0x00,0x00,0x00,0x00,0x00,0x00,0x00,0x00,0x01,0x45,0x53,0x00,0x00,0x00,
  0x00,0x00,0x00,0x00,0x00,0x00,0x00,0x00,0x00,0x00,0x00,0x00,0x00,0x00,0x00,0x00,0x00,0x04,0xcf,0xff,0xff,0xf9,0x10,0x00,
  0x00,0x00,0x00,0x00,0x00,0x00,0x00,0x00,0x00,0x00,0x00,0x00,0x00,0x00,0x00,0x00,0x00,0x9f,0xff,0xff,0xff,0xff,0xf4,0x00,
  0x00,0x00,0x00,0x00,0x00,0x00,0x00,0x00,0x00,0x00,0x00,0x00,0x00,0x00,0x00,0x00,0x0b,0xff,0xff,0xff,0xff,0xff,0xff,0x50,
  0x00,0x00,0x00,0x00,0x00,0x00,0x00,0x00,0x00,0x00,0x00,0x00,0x00,0x00,0x00,0x00,0x9f,0xff,0xff,0xff,0xff,0xff,0xff,0xf3,
  0x00,0x00,0x00,0x00,0x00,0x00,0x00,0x00,0x00,0x00,0x00,0x00,0x00,0x00,0x00,0x02,0xff,0xff,0xff,0xff,0xff,0xff,0xff,0xfc,
  0x00,0x00,0x00,0x00,0x00,0x00,0x00,0x00,0x00,0x00,0x00,0x00,0x00,0x00,0x00,0x09,0xff,0xff,0xff,0xff,0xff,0xff,0xff,0xff,
  0x30,0x00,0x00,0x00,0x00,0x00,0x00,0x00,0x00,0x00,0x00,0x00,0x00,0x00,0x00,0x0e,0xff,0xff,0xff,0xff,0xff,0xff,0xff,0xff,
  0x80,0x00,0x00,0x00,0x00,0x00,0x00,0x00,0x00,0x00,0x00,0x00,0x00,0x00,0x00,0x0f,0xff,0xff,0xff,0xff,0xff,0xff,0xff,0xff,
  0xa0,0x00,0x00,0x00,0x00,0x00,0x00,0x00,0x00,0x00,0x00,0x00,0x00,0x00,0x00,0x2f,0xff,0xff,0xff,0xff,0xff,0xff,0xff,0xff,
  0xc0,0x00,0x00,0x00,0x00,0x00,0x00,0x00,0x00,0x00,0x00,0x00,0x00,0x00,0x00,0x1f,0xff,0xff,0xff,0xff,0xff,0xff,0xff,0xff,
  0xb0,0x00,0x00,0x00,0x00,0x00,0x00,0x00,0x00,0x00,0x00,0x6a,0xde,0xca,0x50,0x0f,0xff,0xff,0xff,0xff,0xff,0xff,0xff,0xff,
  0x90,0x27,0xce,0xfd,0xa4,0x00,0x00,0x00,0x00,0x00,0x6e,0xff,0xff,0xff,0xfd,0x4b,0xff,0xff,0xff,0xff,0xff,0xff,0xff,0xff,
  0x58,0xff,0xff,0xff,0xff,0xc3,0x00,0x00,0x00,0x09,0xff,0xff,0xff,0xff,0xff,0xfb,0xff,0xff,0xfe,0xcb,0xbd,0xff,0xff,0xff,
  0xcf,0xff,0xff,0xff,0xff,0xff,0x50,0x00,0x00,0x9f,0xff,0xff,0xff,0xff,0xff,0xff,0xff,0xf9,0x30,0x00,0x00,0x05,0xcf,0xff,
  0xff,0xff,0xff,0xff,0xff,0xff,0xf4,0x00,0x04,0xff,0xff,0xff,0xff,0xff,0xff,0xff,0xfb,0x20,0x00,0x00,0x00,0x00,0x05,0xef,
  0xff,0xff,0xff,0xff,0xff,0xff,0xfe,0x00,0x0d,0xff,0xff,0xff,0xff,0xff,0xff,0xff,0x80,0x00,0x00,0x00,0x00,0x00,0x00,0x1d,
  0xff,0xff,0xff,0xff,0xff,0xff,0xff,0x70,0x2f,0xff,0xff,0xff,0xff,0xff,0xff,0xf9,0x00,0x00,0x00,0x00,0x00,0x00,0x00,0x01,
  0xef,0xff,0xff,0xff,0xff,0xff,0xff,0xc0,0x6f,0xff,0xff,0xff,0xff,0xff,0xff,0xc0,0x00,0x00,0x00,0x00,0x00,0x00,0x00,0x00,
  0x3f,0xff,0xff,0xff,0xff,0xff,0xff,0xf0,0x8f,0xff,0xff,0xff,0xff,0xff,0xff,0x30,0x00,0x00,0x00,0x00,0x00,0x00,0x00,0x00,
  0x09,0xff,0xff,0xff,0xff,0xff,0xff,0xf2,0x8f,0xff,0xff,0xff,0xff,0xff,0xfb,0x00,0x00,0x00,0x00,0x00,0x00,0x00,0x00,0x00,
  0x01,0xff,0xff,0xff,0xff,0xff,0xff,0xf2,0x6f,0xff,0xff,0xff,0xff,0xff,0xf6,0x00,0x00,0x00,0x00,0x00,0x00,0x00,0x00,0x00,
  0x00,0xcf,0xff,0xff,0xff,0xff,0xff,0xf0,0x3f,0xff,0xff,0xff,0xff,0xff,0xf1,0x00,0x00,0x00,0x00,0x00,0x00,0x00,0x00,0x00,
  0x00,0x8f,0xff,0xff,0xff,0xff,0xff,0xd0,0x0e,0xff,0xff,0xff,0xff,0xff,0xf0,0x00,0x00,0x00,0x00,0x00,0x00,0x00,0x00,0x00,
  0x00,0x6f,0xff,0xff,0xff,0xff,0xff,0x70,0x05,0xff,0xff,0xff,0xff,0xff,0xe0,0x00,0x00,0x00,0x00,0x00,0x00,0x00,0x00,0x00,
  0x00,0x4f,0xff,0xff,0xff,0xff,0xfe,0x00,0x00,0xaf,0xff,0xff,0xff,0xff,0xf0,0x00,0x00,0x00,0x00,0x00,0x00,0x00,0x00,0x00,
  0x00,0x5f,0xff,0xff,0xff,0xff,0xf4,0x00,0x00,0x0c,0xff,0xff,0xff,0xff,0xf1,0x00,0x00,0x00,0x00,0x00,0x00,0x00,0x00,0x00,
  0x00,0x7f,0xff,0xff,0xff,0xff,0x60,0x00,0x00,0x00,0x8f,0xff,0xff,0xff,0xf5,0x00,0x00,0x00,0x00,0x00,0x00,0x00,0x00,0x00,
  0x00,0xbf,0xff,0xff,0xff,0xd4,0x00,0x00,0x00,0x00,0x02,0x9e,0xff,0xff,0xfa,0x00,0x00,0x00,0x00,0x00,0x00,0x00,0x00,0x00,
  0x00,0xff,0xff,0xff,0xc6,0x00,0x00,0x00,0x00,0x00,0x00,0x00,0x03,0xcf,0xff,0x10,0x00,0x00,0x00,0x00,0x00,0x00,0x00,0x00,
  0x07,0xff,0xf8,0x00,0x00,0x00,0x00,0x00,0x00,0x00,0x00,0x00,0x4e,0xff,0xff,0xa0,0x00,0x00,0x00,0x00,0x00,0x00,0x00,0x00,
  0x1f,0xff,0xff,0xb0,0x00,0x00,0x00,0x00,0x00,0x00,0x00,0x03,0xff,0xff,0xff,0xf6,0x00,0x00,0x00,0x00,0x00,0x00,0x00,0x00,
  0xcf,0xff,0xff,0xfb,0x00,0x00,0x00,0x00,0x00,0x00,0x00,0x0d,0xff,0xff,0xff,0xff,0x50,0x00,0x00,0x00,0x00,0x00,0x00,0x0a,
  0xff,0xff,0xff,0xff,0x60,0x00,0x00,0x00,0x00,0x00,0x00,0x5f,0xff,0xff,0xff,0xff,0xf8,0x00,0x00,0x00,0x00,0x00,0x02,0xcf,
  0xff,0xff,0xff,0xff,0xe0,0x00,0x00,0x00,0x00,0x00,0x00,0xaf,0xff,0xff,0xff,0xff,0xff,0xd5,0x00,0x00,0x00,0x01,0x8f,0xff,
  0xff,0xff,0xff,0xff,0xf4,0x00,0x00,0x00,0x00,0x00,0x00,0xef,0xff,0xff,0xff,0xff,0xff,0xff,0xfb,0x87,0x89,0xcf,0xff,0xff,
  0xff,0xff,0xff,0xff,0xf8,0x00,0x00,0x00,0x00,0x00,0x00,0xff,0xff,0xff,0xff,0xff,0xff,0xff,0xff,0xff,0xff,0xff,0xff,0xff,
  0xff,0xff,0xff,0xff,0xf9,0x00,0x00,0x00,0x00,0x00,0x00,0xff,0xff,0xff,0xff,0xff,0xff,0xff,0xff,0xff,0xff,0xff,0xff,0xff,
  0xff,0xff,0xff,0xff,0xf9,0x00,0x00,0x00,0x00,0x00,0x00,0xef,0xff,0xff,0xff,0xff,0xff,0xff,0xff,0xfe,0xff,0xff,0xff,0xff,
  0xff,0xff,0xff,0xff,0xf8,0x00,0x00,0x00,0x00,0x00,0x00,0xbf,0xff,0xff,0xff,0xff,0xff,0xff,0xff,0xf8,0xef,0xff,0xff,0xff,
  0xff,0xff,0xff,0xff,0xf4,0x00,0x00,0x00,0x00,0x00,0x00,0x5f,0xff,0xff,0xff,0xff,0xff,0xff,0xff,0xf2,0x9f,0xff,0xff,0xff,
  0xff,0xff,0xff,0xff,0xe0,0x00,0x00,0x00,0x00,0x00,0x00,0x0d,0xff,0xff,0xff,0xff,0xff,0xff,0xff,0xa0,0x2f,0xff,0xff,0xff,
  0xff,0xff,0xff,0xff,0x70,0x00,0x00,0x00,0x00,0x00,0x00,0x02,0xff,0xff,0xff,0xff,0xff,0xff,0xfe,0x10,0x06,0xff,0xff,0xff,
  0xff,0xff,0xff,0xfb,0x00,0x00,0x00,0x00,0x00,0x00,0x00,0x00,0x4f,0xff,0xff,0xff,0xff,0xff,0xe2,0x00,0x00,0x7f,0xff,0xff,
  0xff,0xff,0xff,0xc0,0x00,0x00,0x00,0x00,0x00,0x00,0x00,0x00,0x02,0xcf,0xff,0xff,0xff,0xfb,0x10,0x00,0x00,0x04,0xef,0xff,
  0xff,0xff,0xf8,0x00,0x00,0x00,0x00,0x00,0x00,0x00,0x00,0x00,0x00,0x05,0xad,0xff,0xd9,0x30,0x00,0x00,0x00,0x00,0x06,0xbe,
  0xfe,0xc8,0x20,0x00,0x00,0x00,0x00,0x00,0x00,0x00,0x00,0x00,0x00,0x00,0x00,0x00,0x00,0x00,0x01,0x45,0x53,0x00,0x00,0x00,
  0x00,0x00,0x00,0x00,0x00,0x00,0x00,0x00,0x00,0x00,0x00,0x00,0x00,0x00,0x00,0x00,0x00,0x04,0xcf,0xff,0xff,0xf9,0x10,0x00,
  0x00,0x00,0x00,0x00,0x00,0x00,0x00,0x00,0x00,0x00,0x00,0x00,0x00,0x00,0x00,0x00,0x00,0x9f,0xff,0xff,0xff,0xff,0xf4,0x00,
  0x00,0x00,0x00,0x00,0x00,0x00,0x00,0x00,0x00,0x00,0x00,0x00,0x00,0x00,0x00,0x00,0x0b,0xff,0xff,0xff,0xff,0xff,0xff,0x50,
  0x00,0x00,0x00,0x00,0x00,0x00,0x00,0x00,0x00,0x00,0x00,0x00,0x00,0x00,0x00,0x00,0x8f,0xff,0xfa,0x42,0x36,0xdf,0xff,0xf3,
  0x00,0x00,0x00,0x00,0x00,0x00,0x00,0x00,0x00,0x00,0x00,0x00,0x00,0x00,0x00,0x02,0xff,0xff,0x40,0x00,0x00,0x09,0xff,0xfc,
  0x00,0x00,0x00,0x00,0x00,0x00,0x00,0x00,0x00,0x00,0x00,0x00,0x00,0x00,0x00,0x09,0xff,0xf5,0x00,0x00,0x00,0x00,0xbf,0xff,
  0x30,0x00,0x00,0x00,0x00,0x00,0x00,0x00,0x00,0x00,0x00,0x00,0x00,0x00,0x00,0x0e,0xff,0xc0,0x00,0x00,0x00,0x00,0x2f,0xff,
  0x80,0x00,0x00,0x00,0x00,0x00,0x00,0x00,0x00,0x00,0x00,0x00,0x00,0x00,0x00,0x0f,0xff,0x70,0x00,0x00,0x00,0x00,0x0d,0xff,
  0xa0,0x00,0x00,0x00,0x00,0x00,0x00,0x00,0x00,0x00,0x00,0x00,0x00,0x00,0x00,0x2f,0xff,0x50,0x00,0x00,0x00,0x00,0x0b,0xff,
  0xc0,0x00,0x00,0x00,0x00,0x00,0x00,0x00,0x00,0x00,0x00,0x00,0x00,0x00,0x00,0x1f,0xff,0x60,0x00,0x00,0x00,0x00,0x0c,0xff,
  0xb0,0x00,0x00,0x00,0x00,0x00,0x00,0x00,0x00,0x00,0x01,0x6b,0xef,0xeb,0x60,0x0f,0xff,0x90,0x00,0x00,0x00,0x00,0x0f,0xff,
  0x90,0x27,0xce,0xfd,0xa4,0x00,0x00,0x00,0x00,0x00,0x7f,0xff,0xff,0xff,0xfd,0x4b,0xff,0xc0,0x00,0x00,0x00,0x00,0x2f,0xff,
  0x58,0xff,0xff,0xff,0xff,0xc3,0x00,0x00,0x00,0x0a,0xff,0xff,0xff,0xff,0xff,0xfb,0xff,0xf0,0x01,0x34,0x42,0x00,0x5f,0xff,
  0xcf,0xff,0xff,0xff,0xff,0xff,0x50,0x00,0x00,0x9f,0xff,0xfe,0xb9,0xbf,0xff,0xff,0xff,0xf8,0xcf,0xff,0xff,0xfa,0xbf,0xff,
  0xff,0xff,0xea,0xac,0xff,0xff,0xf4,0x00,0x05,0xff,0xff,0x70,0x00,0x01,0x8f,0xff,0xff,0xff,0xff,0xff,0xff,0xff,0xff,0xff,
  0xff,0xd5,0x00,0x00,0x2b,0xff,0xfe,0x00,0x0d,0xff,0xf5,0x00,0x00,0x00,0x01,0xaf,0xff,0xff,0xff,0xff,0xff,0xff,0xff,0xff,
  0xe7,0x00,0x00,0x00,0x00,0xaf,0xff,0x70,0x2f,0xff,0x90,0x00,0x00,0x00,0x00,0x09,0xff,0xff,0xff,0xff,0xff,0xff,0xff,0xff,
  0x30,0x00,0x00,0x00,0x00,0x0e,0xff,0xc0,0x6f,0xff,0x20,0x00,0x00,0x00,0x00,0x3f,0xff,0xff,0xff,0xff,0xff,0xff,0xff,0xff,
  0xc0,0x00,0x00,0x00,0x00,0x09,0xff,0xf0,0x8f,0xff,0x00,0x00,0x00,0x00,0x00,0xcf,0xff,0xff,0xff,0xff,0xff,0xff,0xff,0xff,
  0xf6,0x00,0x00,0x00,0x00,0x05,0xff,0xf2,0x8f,0xff,0x00,0x00,0x00,0x00,0x04,0xff,0xff,0xff,0xff,0xff,0xff,0xff,0xff,0xff,
  0xfe,0x00,0x00,0x00,0x00,0x05,0xff,0xf2,0x6f,0xff,0x20,0x00,0x00,0x00,0x0a,0xff,0xff,0xff,0xff,0xff,0xff,0xff,0xff,0xff,
  0xff,0x30,0x00,0x00,0x00,0x08,0xff,0xf0,0x3f,0xff,0x80,0x00,0x00,0x00,0x0e,0xff,0xff,0xff,0xff,0xff,0xff,0xff,0xff,0xff,
  0xff,0x80,0x00,0x00,0x00,0x0d,0xff,0xd0,0x0d,0xff,0xf3,0x00,0x00,0x00,0x0f,0xff,0xff,0xff,0xff,0xff,0xff,0xff,0xff,0xff,
  0xff,0x90,0x00,0x00,0x00,0x8f,0xff,0x70,0x05,0xff,0xfe,0x50,0x00,0x00,0x1f,0xff,0xff,0xff,0xff,0xff,0xff,0xff,0xff,0xff,
  0xff,0xb0,0x00,0x00,0x09,0xff,0xfe,0x00,0x00,0xaf,0xff,0xfc,0x86,0x42,0x0f,0xff,0xff,0xff,0xff,0xff,0xff,0xff,0xff,0xff,
  0xff,0xa0,0x24,0x7a,0xef,0xff,0xf4,0x00,0x00,0x0b,0xff,0xff,0xff,0xff,0xff,0xff,0xff,0xff,0xff,0xff,0xff,0xff,0xff,0xff,
  0xff,0xff,0xff,0xff,0xff,0xff,0x60,0x00,0x00,0x00,0x8f,0xff,0xff,0xff,0xff,0xff,0xff,0xff,0xff,0xff,0xff,0xff,0xff,0xff,
  0xff,0xff,0xff,0xff,0xff,0xd4,0x00,0x00,0x00,0x00,0x02,0x8d,0xff,0xff,0xff,0xff,0xff,0xff,0xff,0xff,0xff,0xff,0xff,0xff,
  0xff,0xff,0xff,0xff,0xc6,0x00,0x00,0x00,0x00,0x00,0x00,0x00,0x02,0xbf,0xff,0xff,0xff,0xff,0xff,0xff,0xff,0xff,0xff,0xff,
  0xff,0xff,0xf8,0x00,0x00,0x00,0x00,0x00,0x00,0x00,0x00,0x00,0x3e,0xff,0xfc,0x6f,0xff,0xff,0xff,0xff,0xff,0xff,0xff,0xff,
  0xe5,0xff,0xff,0xb0,0x00,0x00,0x00,0x00,0x00,0x00,0x00,0x02,0xef,0xff,0xc0,0x0a,0xff,0xff,0xff,0xff,0xff,0xff,0xff,0xff,
  0x40,0x4f,0xff,0xfb,0x00,0x00,0x00,0x00,0x00,0x00,0x00,0x0c,0xff,0xfb,0x00,0x00,0xaf,0xff,0xff,0xff,0xff,0xff,0xff,0xf5,
  0x00,0x03,0xef,0xff,0x60,0x00,0x00,0x00,0x00,0x00,0x00,0x5f,0xff,0xc0,0x00,0x00,0x07,0xff,0xff,0xff,0xff,0xff,0xfd,0x30,
  0x00,0x00,0x3f,0xff,0xe0,0x00,0x00,0x00,0x00,0x00,0x00,0xaf,0xff,0x20,0x00,0x00,0x00,0x2a,0xff,0xff,0xff,0xfe,0x70,0x00,
  0x00,0x00,0x08,0xff,0xf4,0x00,0x00,0x00,0x00,0x00,0x00,0xef,0xfb,0x00,0x00,0x00,0x00,0x00,0x08,0xff,0xff,0x30,0x00,0x00,
  0x00,0x00,0x01,0xff,0xf8,0x00,0x00,0x00,0x00,0x00,0x00,0xff,0xf8,0x00,0x00,0x00,0x00,0x00,0x0c,0xff,0xff,0x60,0x00,0x00,
  0x00,0x00,0x00,0xef,0xf9,0x00,0x00,0x00,0x00,0x00,0x00,0xff,0xf8,0x00,0x00,0x00,0x00,0x00,0x3f,0xff,0xff,0xd0,0x00,0x00,
  0x00,0x00,0x00,0xef,0xf9,0x00,0x00,0x00,0x00,0x00,0x00,0xef,0xfb,0x00,0x00,0x00,0x00,0x00,0xaf,0xfe,0xff,0xf5,0x00,0x00,
  0x00,0x00,0x01,0xff,0xf8,0x00,0x00,0x00,0x00,0x00,0x00,0xaf,0xff,0x20,0x00,0x00,0x00,0x02,0xff,0xf8,0xef,0xfd,0x00,0x00,
  0x00,0x00,0x07,0xff,0xf4,0x00,0x00,0x00,0x00,0x00,0x00,0x5f,0xff,0xc0,0x00,0x00,0x00,0x0c,0xff,0xf3,0x9f,0xff,0x70,0x00,
  0x00,0x00,0x3f,0xff,0xe0,0x00,0x00,0x00,0x00,0x00,0x00,0x0c,0xff,0xfc,0x20,0x00,0x02,0xcf,0xff,0xb0,0x2f,0xff,0xf8,0x00,
  0x00,0x05,0xff,0xff,0x70,0x00,0x00,0x00,0x00,0x00,0x00,0x02,0xff,0xff,0xfb,0x88,0xbf,0xff,0xfe,0x10,0x06,0xff,0xff,0xea,
  0x89,0xdf,0xff,0xfb,0x00,0x00,0x00,0x00,0x00,0x00,0x00,0x00,0x4f,0xff,0xff,0xff,0xff,0xff,0xe2,0x00,0x00,0x7f,0xff,0xff,
  0xff,0xff,0xff,0xc0,0x00,0x00,0x00,0x00,0x00,0x00,0x00,0x00,0x02,0xcf,0xff,0xff,0xff,0xfb,0x10,0x00,0x00,0x04,0xef,0xff,
  0xff,0xff,0xf8,0x00,0x00,0x00,0x00,0x00,0x00,0x00,0x00,0x00,0x00,0x04,0xad,0xff,0xd9,0x30,0x00,0x00,0x00,0x00,0x06,0xbe,
  0xfe,0xc8,0x20,0x00,0x00,0x00,0x00,0x00,0x00,0x00,0x00,0x00,0x00,0x00,0x00,0x00,0x00,0x00,0x00,0x5a,0xa1,0x00,0x00,0x00,
  0x00,0x00,0x00,0x00,0x00,0x00,0x00,0x00,0x00,0x00,0x00,0x00,0x00,0x00,0x00,0x00,0x00,0x00,0x00,0x9f,0xf3,0x00,0x00,0x00,
  0x00,0x00,0x00,0x00,0x00,0x00,0x00,0x00,0x00,0x00,0x00,0x00,0x00,0x00,0x00,0x00,0x00,0x00,0x00,0x9f,0xf3,0x00,0x00,0x00,
  0x00,0x00,0x00,0x00,0x00,0x00,0x00,0x00,0x00,0x00,0x00,0x00,0x00,0x00,0x00,0x00,0x00,0x00,0x00,0x9f,0xf3,0x00,0x00,0x00,
  0x00,0x00,0x00,0x00,0x00,0x00,0x00,0x00,0x00,0x00,0x00,0x00,0x00,0x00,0x00,0x00,0x00,0x00,0x00,0x9f,0xf3,0x00,0x00,0x00,
  0x00,0x00,0x00,0x00,0x00,0x00,0x00,0x00,0x00,0x00,0x00,0x00,0x00,0x00,0x00,0x00,0x00,0x00,0x00,0x9f,0xf3,0x00,0x00,0x00,
  0x00,0x00,0x00,0x01,0x30,0x00,0x00,0x00,0x00,0x00,0x00,0x05,0xa0,0x00,0x00,0x00,0x00,0x00,0x00,0x9f,0xf3,0x00,0x00,0x00,
  0x00,0x00,0x00,0x1d,0xf3,0x00,0x00,0x00,0x00,0x00,0x00,0x4f,0xfa,0x00,0x00,0x00,0x00,0x00,0x00,0x9f,0xf3,0x00,0x00,0x00,
  0x00,0x00,0x01,0xdf,0xfb,0x00,0x00,0x00,0x00,0x00,0x00,0x3f,0xff,0xa0,0x00,0x00,0x00,0x00,0x00,0x9f,0xf3,0x00,0x00,0x00,
  0x00,0x00,0x1d,0xff,0xd1,0x00,0x00,0x00,0x00,0x00,0x00,0x04,0xff,0xfa,0x00,0x00,0x00,0x00,0x00,0x9f,0xf3,0x00,0x00,0x00,
  0x00,0x01,0xdf,0xfd,0x10,0x00,0x00,0x00,0x00,0x00,0x00,0x00,0x4f,0xff,0xa0,0x00,0x00,0x00,0x00,0x9f,0xf3,0x00,0x00,0x00,
  0x00,0x1c,0xff,0xd1,0x00,0x00,0x00,0x00,0x00,0x00,0x00,0x00,0x05,0xff,0xfa,0x00,0x00,0x00,0x00,0x5a,0xa1,0x00,0x00,0x00,
  0x00,0xcf,0xfd,0x10,0x00,0x00,0x00,0x00,0x00,0x00,0x00,0x00,0x00,0x5f,0xff,0xa0,0x00,0x00,0x00,0x00,0x00,0x00,0x00,0x00,
  0x0c,0xff,0xe1,0x00,0x00,0x00,0x00,0x00,0x00,0x00,0x00,0x00,0x00,0x05,0xff,0xfa,0x00,0x00,0x01,0x57,0x75,0x20,0x00,0x00,
  0x7f,0xfe,0x20,0x00,0x00,0x00,0x00,0x00,0x00,0x00,0x00,0x00,0x00,0x00,0x5f,0xf7,0x00,0x04,0xcf,0xff,0xff,0xfd,0x50,0x00,
  0x0a,0xe2,0x00,0x00,0x00,0x00,0x00,0x00,0x00,0x00,0x00,0x00,0x00,0x00,0x05,0x80,0x00,0x9f,0xff,0xff,0xff,0xff,0xfb,0x00,
  0x00,0x10,0x00,0x00,0x00,0x00,0x00,0x00,0x00,0x00,0x00,0x00,0x00,0x00,0x00,0x00,0x0c,0xff,0xff,0xff,0xff,0xff,0xff,0xb0,
  0x00,0x00,0x00,0x00,0x00,0x00,0x00,0x00,0x00,0x00,0x00,0x00,0x00,0x00,0x00,0x00,0xbf,0xff,0xff,0xff,0xff,0xff,0xff,0xf9,
  0x00,0x00,0x00,0x00,0x00,0x00,0x00,0x00,0x00,0x00,0x00,0x00,0x00,0x00,0x00,0x05,0xff,0xff,0xff,0xff,0xff,0xff,0xff,0xff,
  0x30,0x00,0x00,0x00,0x00,0x00,0x00,0x00,0x00,0x00,0x00,0x00,0x00,0x00,0x00,0x0d,0xff,0xff,0xff,0xff,0xff,0xff,0xff,0xff,
  0xb0,0x00,0x00,0x00,0x00,0x00,0x00,0x00,0x00,0x00,0x00,0x00,0x00,0x00,0x00,0x3f,0xff,0xff,0xff,0xff,0xff,0xff,0xff,0xff,
  0xf2,0x00,0x00,0x00,0x00,0x00,0x00,0x00,0x00,0x00,0x00,0x00,0x00,0x00,0x00,0x7f,0xff,0xff,0xff,0xff,0xff,0xff,0xff,0xff,
  0xf5,0x00,0x00,0x00,0x00,0x00,0x00,0x00,0x9e,0xee,0xee,0xee,0xee,0xe4,0x00,0x9f,0xff,0xff,0xff,0xff,0xff,0xff,0xff,0xff,
  0xf7,0x02,0xee,0xee,0xee,0xee,0xee,0xe0,0xaf,0xff,0xff,0xff,0xff,0xf5,0x00,0x9f,0xff,0xff,0xff,0xff,0xff,0xff,0xff,0xff,
  0xf9,0x03,0xff,0xff,0xff,0xff,0xff,0xf0,0x9f,0xff,0xff,0xff,0xff,0xf4,0x00,0x8f,0xff,0xff,0xff,0xff,0xff,0xff,0xff,0xff,
  0xf8,0x02,0xff,0xff,0xff,0xff,0xff,0xe0,0x00,0x00,0x00,0x00,0x00,0x00,0x00,0x6f,0xff,0xff,0xff,0xff,0xff,0xff,0xff,0xff,
  0xf6,0x00,0x00,0x00,0x00,0x00,0x00,0x00,0x00,0x00,0x00,0x00,0x00,0x00,0x00,0x2f,0xff,0xff,0xff,0xff,0xff,0xff,0xff,0xff,
  0xf2,0x00,0x00,0x00,0x00,0x00,0x00,0x00,0x00,0x00,0x00,0x00,0x00,0x00,0x00,0x0c,0xff,0xff,0xff,0xff,0xff,0xff,0xff,0xff,
  0xc0,0x00,0x00,0x00,0x00,0x00,0x00,0x00,0x00,0x00,0x00,0x00,0x00,0x00,0x00,0x04,0xff,0xff,0xff,0xff,0xff,0xff,0xff,0xff,
  0x30,0x00,0x00,0x00,0x00,0x00,0x00,0x00,0x00,0x00,0x00,0x00,0x00,0x00,0x00,0x00,0x8f,0xff,0xff,0xff,0xff,0xff,0xff,0xf8,
  0x00,0x00,0x00,0x00,0x00,0x00,0x00,0x00,0x00,0x00,0x00,0x00,0x00,0x00,0x00,0x00,0x0a,0xff,0xff,0xff,0xff,0xff,0xff,0x90,
  0x00,0x00,0x00,0x00,0x00,0x00,0x00,0x00,0x00,0x00,0x00,0x00,0x00,0x00,0x03,0x00,0x00,0x8f,0xff,0xff,0xff,0xff,0xf6,0x00,
  0x1b,0x30,0x00,0x00,0x00,0x00,0x00,0x00,0x00,0x00,0x00,0x00,0x00,0x00,0x7f,0x70,0x00,0x02,0xaf,0xff,0xff,0xd9,0x10,0x00,
  0xcf,0xf3,0x00,0x00,0x00,0x00,0x00,0x00,0x00,0x00,0x00,0x00,0x00,0x07,0xff,0xf2,0x00,0x00,0x00,0x24,0x31,0x00,0x00,0x00,
  0xbf,0xff,0x30,0x00,0x00,0x00,0x00,0x00,0x00,0x00,0x00,0x00,0x00,0x7f,0xff,0x60,0x00,0x00,0x00,0x00,0x00,0x00,0x00,0x00,
  0x0b,0xff,0xf3,0x00,0x00,0x00,0x00,0x00,0x00,0x00,0x00,0x00,0x07,0xff,0xf7,0x00,0x00,0x00,0x00,0x25,0x50,0x00,0x00,0x00,
  0x00,0xbf,0xff,0x30,0x00,0x00,0x00,0x00,0x00,0x00,0x00,0x00,0x6f,0xff,0x70,0x00,0x00,0x00,0x00,0x9f,0xf3,0x00,0x00,0x00,
  0x00,0x0c,0xff,0xf3,0x00,0x00,0x00,0x00,0x00,0x00,0x00,0x06,0xff,0xf8,0x00,0x00,0x00,0x00,0x00,0x9f,0xf3,0x00,0x00,0x00,
  0x00,0x00,0xcf,0xfe,0x20,0x00,0x00,0x00,0x00,0x00,0x00,0x6f,0xff,0x80,0x00,0x00,0x00,0x00,0x00,0x9f,0xf3,0x00,0x00,0x00,
  0x00,0x00,0x0c,0xff,0xe2,0x00,0x00,0x00,0x00,0x00,0x01,0xff,0xf9,0x00,0x00,0x00,0x00,0x00,0x00,0x9f,0xf3,0x00,0x00,0x00,
  0x00,0x00,0x00,0xcf,0xd1,0x00,0x00,0x00,0x00,0x00,0x00,0x4f,0x90,0x00,0x00,0x00,0x00,0x00,0x00,0x9f,0xf3,0x00,0x00,0x00,
  0x00,0x00,0x00,0x1a,0x10,0x00,0x00,0x00,0x00,0x00,0x00,0x03,0x00,0x00,0x00,0x00,0x00,0x00,0x00,0x9f,0xf3,0x00,0x00,0x00,
  0x00,0x00,0x00,0x00,0x00,0x00,0x00,0x00,0x00,0x00,0x00,0x00,0x00,0x00,0x00,0x00,0x00,0x00,0x00,0x9f,0xf3,0x00,0x00,0x00,
  0x00,0x00,0x00,0x00,0x00,0x00,0x00,0x00,0x00,0x00,0x00,0x00,0x00,0x00,0x00,0x00,0x00,0x00,0x00,0x9f,0xf3,0x00,0x00,0x00,
  0x00,0x00,0x00,0x00,0x00,0x00,0x00,0x00,0x00,0x00,0x00,0x00,0x00,0x00,0x00,0x00,0x00,0x00,0x00,0x9f,0xf3,0x00,0x00,0x00,
  0x00,0x00,0x00,0x00,0x00,0x00,0x00,0x00,0x00,0x00,0x00,0x00,0x00,0x00,0x00,0x00,0x00,0x00,0x00,0x9f,0xf3,0x00,0x00,0x00,
  0x00,0x00,0x00,0x00,0x00,0x00,0x00,0x00,0x00,0x00,0x00,0x00,0x00,0x00,0x00,0x00,0x00,0x00,0x00,0x9f,0xf2,0x00,0x00,0x00,
  0x00,0x00,0x00,0x00,0x00,0x00,0x00,0x00,0x00,0x00,0x00,0x00,0x00,0x00,0x00,0x00,0x00,0x00,0x00,0x00,0x00,0x00,0x00,0x00,
  0x00,0x00,0x00,0x00,0x00,0x00,0x00,0x00,0x00,0x00,0x00,0x00,0x00,0x00,0x00,0x00,0x00,0x00,0x00,0x00,0x00,0x00,0x00,0x00,
  0x00,0x00,0x00,0x00,0x00,0x38,0xce,0xff,0xfc,0x93,0x00,0x00,0x00,0x00,0x00,0x00,0x00,0x00,0x00,0x00,0x00,0x00,0x00,0x00,
  0x00,0x00,0x00,0x00,0x00,0x00,0x13,0x20,0x00,0x3b,0xff,0xff,0xff,0xff,0xff,0xb2,0x00,0x00,0x00,0x00,0x00,0x00,0x00,0x00,
  0x00,0x00,0x00,0x00,0x00,0x00,0x00,0x00,0x00,0x00,0x6e,0xff,0xfc,0x27,0xff,0xff,0xff,0xff,0xff,0xff,0xff,0x40,0x00,0x00,
  0x00,0x00,0x00,0x00,0x00,0x00,0x00,0x00,0x00,0x00,0x00,0x00,0x00,0x00,0x3d,0xff,0xff,0xff,0xff,0xff,0xff,0xff,0xff,0xff,
  0xff,0xff,0xf4,0x00,0x00,0x00,0x00,0x00,0x00,0x00,0x00,0x00,0x00,0x00,0x00,0x00,0x00,0x00,0x05,0xff,0xff,0xff,0xff,0xff,
  0xff,0xff,0xff,0xff,0xff,0xff,0xff,0xff,0x20,0x00,0x00,0x00,0x00,0x00,0x00,0x00,0x00,0x00,0x00,0x00,0x00,0x00,0x00,0x4f,
  0xff,0xff,0xff,0xff,0xff,0xff,0xff,0xff,0xff,0xff,0xff,0xff,0xff,0xc0,0x00,0x00,0x00,0x00,0x00,0x00,0x00,0x00,0x00,0x00,
  0x00,0x00,0x00,0x00,0xef,0xff,0xff,0xff,0xff,0xff,0xff,0xff,0xff,0xff,0xff,0xff,0xff,0xff,0xf5,0x00,0x00,0x00,0x00,0x00,
  0x00,0x00,0x00,0x00,0x00,0x00,0x00,0x00,0x05,0xff,0xff,0xff,0xff,0xff,0xff,0xff,0xff,0xff,0xff,0xff,0xff,0xff,0xff,0xfd,
  0x00,0x00,0x00,0x00,0x00,0x00,0x00,0x00,0x00,0x00,0x00,0x00,0x00,0x09,0xff,0xff,0xff,0xff,0xff,0xff,0xff,0xff,0xff,0xff,
  0xff,0xff,0xff,0xff,0xff,0x10,0x12,0x00,0x00,0x00,0x00,0x00,0x00,0x00,0x00,0x00,0x00,0x14,0x4b,0xff,0xff,0xff,0xff,0xff,
  0xff,0xff,0xff,0xff,0xff,0xff,0xff,0xff,0xff,0xff,0x8c,0xff,0xd6,0x00,0x00,0x00,0x00,0x00,0x00,0x00,0x00,0x3a,0xff,0xff,
  0xff,0xff,0xff,0xff,0xff,0xff,0xff,0xff,0xff,0xff,0xff,0xff,0xff,0xff,0xff,0xff,0xff,0xff,0xa0,0x00,0x00,0x00,0x00,0x00,
  0x00,0x07,0xff,0xff,0xff,0xff,0xff,0xff,0xff,0xff,0xff,0xff,0xff,0xff,0xff,0xff,0xff,0xff,0xff,0xff,0xff,0xff,0xff,0xf4,
  0x00,0x00,0x00,0x00,0x00,0x00,0x6f,0xff,0xff,0xff,0xff,0xff,0xff,0xff,0xff,0xff,0xff,0xff,0xff,0xff,0xff,0xff,0xff,0xff,
  0xff,0xff,0xff,0xff,0xf8,0x00,0x00,0x00,0x00,0x00,0x00,0xdf,0xff,0xff,0xff,0xff,0xff,0xff,0xff,0xff,0xff,0xff,0xff,0xff,
  0xff,0xff,0xff,0xff,0xff,0xff,0xff,0xff,0xff,0xf8,0x00,0x00,0x00,0x00,0x00,0x00,0xff,0xff,0xff,0xff,0xff,0xff,0xff,0xff,
  0xff,0xff,0xff,0xff,0xff,0xff,0xff,0xff,0xff,0xff,0xff,0xff,0xff,0xff,0xf5,0x00,0x00,0x00,0x00,0x00,0x00,0xdf,0xff,0xff,
  0xff,0xff,0xff,0xff,0xff,0xff,0xff,0xff,0xff,0xff,0xff,0xff,0xff,0xff,0xff,0xff,0xff,0xff,0xff,0xe0,0x00,0x00,0x00,0x00,
  0x05,0xac,0xff,0xff,0xff,0xff,0xff,0xff,0xff,0xff,0xff,0xff,0xff,0xff,0xff,0xff,0xff,0xff,0xff,0xff,0xff,0xff,0xff,0xff,
  0xd7,0x00,0x00,0x00,0x00,0xbf,0xff,0xff,0xff,0xff,0xff,0xff,0xff,0xff,0xff,0xff,0xff,0xff,0xff,0xff,0xff,0xff,0xff,0xff,
  0xff,0xff,0xff,0xff,0xff,0xff,0xe1,0x00,0x00,0x0a,0xff,0xff,0xff,0xff,0xff,0xff,0xff,0xff,0xff,0xff,0xff,0xff,0xff,0xff,
  0xff,0xff,0xff,0xff,0xff,0xff,0xff,0xff,0xff,0xff,0xff,0xf9,0x00,0x00,0x7f,0xff,0xff,0xff,0xff,0xff,0xff,0xff,0xff,0xff,
  0xff,0xff,0xff,0xff,0xff,0xff,0xff,0xff,0xff,0xff,0xff,0xff,0xff,0xff,0xff,0xff,0xfb,0x00,0x05,0xff,0xff,0xff,0xff,0xff,
  0xff,0xff,0xff,0xff,0xff,0xff,0xff,0xff,0xff,0xff,0xff,0xff,0xff,0xff,0xff,0xff,0xff,0xff,0xff,0xff,0xff,0xf9,0x00,0x6f,
  0xff,0xff,0xff,0xff,0xff,0xff,0xff,0xff,0xff,0xff,0xff,0xff,0xff,0xff,0xff,0xff,0xff,0xff,0xff,0xff,0xff,0xff,0xff,0xff,
  0xff,0xff,0xf3,0x29,0xff,0xff,0xff,0xff,0xff,0xff,0xff,0xff,0xff,0xff,0xff,0xff,0xff,0xff,0xff,0xff,0xff,0xff,0xff,0xff,
  0xff,0xff,0xff,0xff,0xff,0xff,0xff,0x70,0x12,0x22,0x22,0x22,0x22,0x22,0x22,0x22,0x22,0x22,0x22,0x22,0x22,0x22,0x22,0x22,
  0x22,0x22,0x22,0x22,0x22,0x22,0x22,0x22,0x22,0x22,0x22,0x20,0x00,0x00,0x00,0x00,0x00,0x00,0x00,0x00,0x00,0x00,0x00,0x00,
  0x00,0x08,0xa3,0x00,0x00,0x00,0x00,0x00,0x00,0x00,0x00,0x00,0x00,0x00,0x00,0x00,0x00,0x00,0x00,0x00,0x00,0x00,0x00,0x00,
  0x00,0x00,0x00,0x0d,0xf5,0x00,0x00,0x00,0x00,0x00,0x00,0x00,0x00,0x00,0x00,0x00,0x00,0x00,0x00,0x00,0x00,0x00,0x00,0x00,
  0x00,0x00,0x00,0x00,0x00,0x0d,0xf5,0x00,0x00,0x00,0x00,0x00,0x00,0x00,0x00,0x00,0x00,0x00,0x00,0x00,0x00,0x00,0x00,0x00,
  0x00,0x00,0x00,0x00,0x00,0x00,0x00,0x0d,0xf5,0x00,0x00,0x00,0x00,0x00,0x00,0x00,0x00,0x00,0x00,0x00,0x00,0x00,0x00,0x00,
  0x00,0x00,0x00,0x00,0x00,0x00,0x00,0x24,0x67,0x8e,0xfb,0x76,0x52,0x00,0x00,0x00,0x00,0x00,0x00,0x00,0x00,0x00,0x00,0x00,
  0x00,0x00,0x00,0x00,0x00,0x00,0x00,0x05,0xae,0xff,0xff,0xff,0xff,0xff,0xff,0xeb,0x60,0x00,0x00,0x00,0x00,0x00,0x00,0x00,
  0x00,0x00,0x00,0x00,0x00,0x00,0x00,0x00,0x29,0xff,0xff,0xff,0xff,0xff,0xff,0xff,0xff,0xff,0xff,0xa2,0x00,0x00,0x00,0x00,
  0x00,0x00,0x00,0x00,0x00,0x00,0x00,0x00,0x00,0x1a,0xff,0xff,0xff,0xff,0xff,0xff,0xff,0xff,0xff,0xff,0xff,0xff,0x91,0x00,
  0x00,0x00,0x00,0x00,0x00,0x00,0x00,0x00,0x00,0x00,0x06,0xff,0xff,0xff,0xff,0xff,0xff,0xff,0xff,0xff,0xff,0xff,0xff,0xff,
  0xfe,0x40,0x00,0x00,0x00,0x00,0x00,0x00,0x00,0x00,0x00,0x01,0xbf,0xff,0xff,0xff,0xff,0xff,0xff,0xff,0xff,0xff,0xff,0xff,
  0xff,0xff,0xff,0xf8,0x00,0x00,0x00,0x00,0x00,0x00,0x00,0x00,0x00,0x2d,0xff,0xff,0xff,0xff,0xff,0xff,0xff,0xff,0xff,0xff,
  0xff,0xff,0xff,0xff,0xff,0xff,0xb0,0x00,0x00,0x00,0x00,0x00,0x00,0x00,0x03,0xef,0xff,0xff,0xff,0xff,0xff,0xff,0xff,0xff,
  0xff,0xff,0xff,0xff,0xff,0xff,0xff,0xff,0xfb,0x00,0x00,0x00,0x00,0x00,0x00,0x00,0x1e,0xff,0xff,0xff,0xff,0xff,0xff,0xff,
  0xff,0xff,0xff,0xff,0xff,0xff,0xff,0xff,0xff,0xff,0xff,0xb0,0x00,0x00,0x00,0x00,0x00,0x00,0xcf,0xff,0xff,0xff,0xff,0xff,
  0xff,0xff,0xff,0xff,0xff,0xff,0xff,0xff,0xff,0xff,0xff,0xff,0xff,0xf9,0x00,0x00,0x00,0x00,0x00,0x0a,0xff,0xff,0xff,0xff,
  0xff,0xff,0xff,0xff,0xff,0xff,0xff,0xff,0xff,0xff,0xff,0xff,0xff,0xff,0xff,0xff,0x60,0x00,0x00,0x00,0x00,0x7f,0xff,0xff,
  0xff,0xff,0xff,0xff,0xff,0xff,0xff,0xff,0xff,0xff,0xff,0xff,0xff,0xff,0xff,0xff,0xff,0xff,0xf3,0x00,0x00,0x00,0x03,0xff,
  0xff,0xff,0xff,0xff,0xff,0xff,0xff,0xff,0xff,0xff,0xff,0xff,0xff,0xff,0xff,0xff,0xff,0xff,0xff,0xff,0xfd,0x00,0x00,0x00,
  0x0d,0xff,0xff,0xff,0xff,0xff,0xff,0xff,0xff,0xff,0xff,0xff,0xff,0xff,0xff,0xff,0xff,0xff,0xff,0xff,0xff,0xff,0xff,0x80,
  0x00,0x00,0x9f,0xff,0xff,0xff,0xff,0xff,0xff,0xff,0xff,0xff,0xff,0xff,0xff,0xff,0xff,0xff,0xff,0xff,0xff,0xff,0xff,0xff,
  0xff,0xf3,0x00,0x03,0xff,0xff,0xff,0xff,0xff,0xff,0xff,0xff,0xff,0xff,0xff,0xff,0xff,0xff,0xff,0xff,0xff,0xff,0xff,0xff,
  0xff,0xff,0xff,0xfc,0x00,0x0c,0xc7,0x55,0x56,0x8b,0xff,0xff,0xff,0xff,0xff,0xff,0xff,0xff,0xff,0xff,0xff,0xff,0xff,0xff,
  0xff,0xff,0xc8,0x65,0x55,0x8d,0x50,0x57,0x00,0x00,0x00,0x00,0x03,0x8e,0xff,0xff,0xff,0xfe,0xcb,0xab,0xfb,0xbc,0xef,0xff,
  0xff,0xff,0xfe,0x71,0x00,0x00,0x00,0x00,0xa0,0x40,0x00,0x00,0x00,0x00,0x00,0x00,0x8f,0xfe,0x94,0x00,0x00,0x04,0xf3,0x00,
  0x01,0x59,0xef,0xff,0xa1,0x00,0x00,0x00,0x00,0x00,0x42,0x00,0x00,0x00,0x00,0x00,0x00,0x00,0x09,0x90,0x00,0x00,0x00,0x04,
  0xf3,0x00,0x00,0x00,0x04,0xd9,0x00,0x00,0x00,0x00,0x00,0x00,0x00,0x00,0x00,0x00,0x00,0x00,0x00,0x00,0x0b,0x10,0x00,0x00,
  0x00,0x04,0xf3,0x00,0x00,0x00,0x00,0x57,0x00,0x00,0x00,0x00,0x00,0x00,0x00,0x00,0x00,0x00,0x00,0x00,0x00,0x00,0x01,0x00,
  0x00,0x00,0x00,0x04,0xf3,0x00,0x00,0x00,0x00,0x03,0x00,0x00,0x00,0x00,0x00,0x00,0x00,0x00,0x00,0x00,0x00,0x00,0x00,0x00,
  0x00,0x00,0x00,0x00,0x00,0x04,0xf3,0x00,0x00,0x00,0x00,0x00,0x00,0x00,0x00,0x00,0x00,0x00,0x00,0x00,0x00,0x00,0x00,0x00,
  0x00,0x00,0x00,0x00,0x00,0x00,0x00,0x04,0xf3,0x00,0x00,0x00,0x00,0x00,0x00,0x00,0x00,0x00,0x00,0x00,0x00,0x00,0x00,0x00,
  0x00,0x00,0x00,0x00,0x00,0x00,0x00,0x00,0x00,0x04,0xf3,0x00,0x00,0x00,0x00,0x00,0x00,0x00,0x00,0x00,0x00,0x00,0x00,0x00,
  0x00,0x00,0x00,0x00,0x00,0x00,0x00,0x00,0x00,0x00,0x00,0x04,0xf3,0x00,0x00,0x00,0x00,0x00,0x00,0x00,0x00,0x00,0x00,0x00,
  0x00,0x00,0x00,0x00,0x00,0x00,0x00,0x00,0x00,0x00,0x00,0x00,0x00,0x04,0xf3,0x00,0x00,0x00,0x00,0x00,0x00,0x00,0x00,0x00,
  0x00,0x00,0x00,0x00,0x00,0x00,0x00,0x00,0x00,0x00,0x00,0x00,0x00,0x00,0x00,0x04,0xf3,0x00,0x00,0x00,0x00,0x00,0x00,0x00,
  0x00,0x00,0x00,0x00,0x00,0x00,0x00,0x00,0x00,0x00,0x00,0x00,0x00,0x00,0x00,0x00,0x00,0x04,0xf3,0x00,0x00,0x00,0x00,0x00,
  0x00,0x00,0x00,0x00,0x00,0x00,0x00,0x00,0x00,0x00,0x00,0x00,0x00,0x00,0x00,0x00,0x00,0x00,0x00,0x04,0xf3,0x00,0x00,0x00,
  0x00,0x00,0x00,0x00,0x00,0x00,0x00,0x00,0x00,0x00,0x00,0x00,0x00,0x00,0x00,0x00,0x00,0x00,0x00,0x00,0x00,0x04,0xf3,0x00,
  0x00,0x00,0x00,0x00,0x00,0x00,0x00,0x00,0x00,0x00,0x00,0x00,0x00,0x00,0x00,0x00,0x00,0x00,0x00,0x00,0x00,0x00,0x00,0x04,
  0xf3,0x00,0x00,0x00,0x00,0x00,0x00,0x00,0x00,0x00,0x00,0x00,0x00,0x00,0x00,0x00,0x00,0x00,0x00,0x00,0x00,0x00,0x00,0x00,
  0x00,0x04,0xf3,0x00,0x00,0x00,0x00,0x00,0x00,0x00,0x00,0x00,0x00,0x00,0x00,0x00,0x00,0x00,0x00,0x00,0x00,0x00,0x00,0x00,
  0x00,0x00,0x00,0x04,0xf3,0x00,0x00,0x00,0x00,0x00,0x00,0x00,0x00,0x00,0x00,0x00,0x00,0x00,0x00,0x00,0x00,0x00,0x00,0x00,
  0x00,0x00,0x00,0x00,0x00,0x04,0xf3,0x00,0x00,0x00,0x00,0x00,0x00,0x00,0x00,0x00,0x00,0x00,0x00,0x00,0x00,0x00,0x00,0x00,
  0x00,0x00,0x00,0x00,0x00,0x00,0x00,0x04,0xf3,0x00,0x00,0x00,0x00,0x00,0x00,0x00,0x00,0x00,0x00,0x00,0x00,0x00,0x00,0x00,
  0x00,0x00,0x00,0x00,0x00,0x00,0x00,0x00,0x00,0x04,0xf3,0x00,0x00,0x00,0x00,0x00,0x00,0x00,0x00,0x00,0x00,0x00,0x00,0x00,
  0x00,0x00,0x00,0x00,0x00,0x00,0x00,0x00,0x00,0x00,0x00,0x04,0xf3,0x00,0x00,0x00,0x00,0x00,0x00,0x00,0x00,0x00,0x00,0x00,
  0x00,0x00,0x00,0x00,0x00,0x00,0x00,0x00,0x00,0x00,0x1d,0x80,0x00,0x04,0xf3,0x00,0x00,0x00,0x00,0x00,0x00,0x00,0x00,0x00,
  0x00,0x00,0x00,0x00,0x00,0x00,0x00,0x00,0x00,0x00,0x00,0x00,0x1f,0xc0,0x00,0x06,0xf2,0x00,0x00,0x00,0x00,0x00,0x00,0x00,
  0x00,0x00,0x00,0x00,0x00,0x00,0x00,0x00,0x00,0x00,0x00,0x00,0x00,0x00,0x0c,0xf1,0x00,0x0b,0xe0,0x00,0x00,0x00,0x00,0x00,
  0x00,0x00,0x00,0x00,0x00,0x00,0x00,0x00,0x00,0x00,0x00,0x00,0x00,0x00,0x00,0x00,0x03,0xfc,0x33,0x9f,0x60,0x00,0x00,0x00,
  0x00,0x00,0x00,0x00,0x00,0x00,0x00,0x00,0x00,0x00,0x00,0x00,0x00,0x00,0x00,0x00,0x00,0x00,0x00,0x3b,0xef,0xb4,0x00,0x00,
  0x00,0x00,0x00,0x00,0x00,0x00,0x00,0x00,0x00,0x00,0x00,0x00,0x00,0x00,0x00,0x10,0x00,0x00,0x00,0x00,0x00,0x00,0x00,0x00,
  0x00,0x00,0x00,0x00,0x00,0x00,0x00,0x00,0x00,0x00,0x00,0x00,0x00,0x00,0x02,0x95,0x00,0x00,0x00,0x00,0x00,0x00,0x00,0x00,
  0x00,0x00,0x00,0x00,0x00,0x00,0x00,0x00,0x00,0x00,0x00,0x00,0x00,0x00,0x02,0x94,0x00,0x00,0x00,0x00,0x00,0x00,0x00,0x00,
  0x00,0x00,0x00,0x00,0x00,0x00,0x00,0x00,0x00,0x00,0x00,0x00,0x00,0x00,0x00,0x00,0x00,0x00,0x00,0x00,0x00,0x00,0x00,0x01,
  0x75,0x00,0x00,0x00,0x00,0x00,0x00,0x00,0x00,0x00,0x00,0x00,0x00,0x00,0x00,0x00,0x00,0x00,0x00,0x00,0x00,0x00,0x00,0x01,
  0xb9,0x00,0x00,0x00,0x00,0x00,0x00,0x00,0x00,0x00,0x00,0x00,0x00,0x00,0x00,0x00,0x00,0x00,0x00,0x00,0x00,0x00,0x00,0x00,
  0x42,0x00,0x00,0x00,0x00,0x00,0x00,0x00,0x00,0x00,0x00,0x00,0x05,0x81,0x00,0x00,0x00,0x11,0x00,0x00,0x00,0x00,0x00,0x00,
  0x00,0x00,0x00,0x00,0x00,0x00,0x00,0x00,0x00,0x00,0x00,0x00,0x06,0xa1,0x00,0x00,0x00,0x88,0x00,0x00,0x00,0x00,0x00,0x00,
  0x00,0x00,0x00,0x00,0x00,0x00,0x00,0x00,0x00,0x00,0x00,0x00,0x00,0x20,0x00,0x00,0x00,0x77,0x00,0x00,0x00,0x00,0x00,0x00,
  0x00,0x00,0x00,0x00,0x00,0x00,0x00,0x00,0x00,0x00,0x00,0x00,0x00,0x00,0x00,0x00,0x00,0x00,0x00,0x00,0x00,0x00,0x00,0x10,
  0x00,0x00,0x00,0x04,0x00,0x00,0x00,0x00,0x00,0x00,0x00,0x00,0x00,0x00,0x00,0x00,0x00,0x00,0x00,0x00,0x00,0x00,0x07,0x91,
  0x00,0x00,0x00,0x5a,0x40,0x00,0x00,0x00,0x00,0x00,0x00,0x00,0x00,0x00,0x00,0x00,0x00,0x00,0x00,0x20,0x00,0x00,0x08,0xa1,
  0x00,0x00,0x00,0x59,0x40,0x00,0x00,0x00,0x00,0x00,0x00,0x00,0x00,0x00,0x00,0x00,0x00,0x00,0x04,0xa2,0x00,0x00,0x00,0x30,
  0x00,0x00,0x00,0x01,0x00,0x00,0x00,0x00,0x00,0x00,0x00,0x00,0x00,0x00,0x00,0x00,0x00,0x00,0x03,0x72,0x00,0x00,0x00,0x00,
  0x00,0x00,0x00,0x00,0x00,0x00,0x00,0x00,0x00,0x00,0x00,0x00,0x00,0x00,0x01,0x00,0x00,0x00,0x00,0x00,0x00,0x00,0x00,0x00,
  0x00,0x00,0x00,0x00,0x00,0x00,0x00,0x00,0x00,0x00,0x00,0x00,0x00,0x00,0x69,0x00,0x00,0x00,0x00,0x00,0x00,0x00,0x00,0x00,
  0x00,0x00,0x00,0x00,0x33,0x00,0x00,0x00,0x00,0x00,0x00,0x00,0x00,0x00,0x79,0x00,0x00,0x00,0x00,0x00,0x00,0x00,0x00,0x00,
  0x00,0x00,0x00,0x00,0xab,0x00,0x00,0x00,0x00,0x00,0x00,0x00,0x00,0x00,0x01,0x00,0x00,0x00,0x00,0x00,0x00,0x00,0x00,0x00,
  0x32,0x00,0x00,0x01,0x66,0x00,0x00,0x00,0x00,0x00,0x00,0x00,0x00,0x00,0x00,0x00,0x00,0x00,0x00,0x00,0x00,0x00,0x02,0xaf,
  0xff,0xfa,0x10,0x00,0x00,0x00,0x00,0x00,0x00,0x00,0x00,0x00,0x00,0x00,0x00,0x00,0x00,0x00,0x12,0x00,0x00,0x00,0x5f,0xff,
  0xff,0xff,0xe2,0x00,0x00,0x00,0x00,0x00,0x00,0x00,0x00,0x00,0x00,0x00,0x00,0x00,0x00,0x01,0x99,0x10,0x00,0x02,0xff,0xff,
  0xff,0xff,0xfc,0x00,0x00,0x00,0x00,0x00,0x00,0x00,0x00,0x00,0x00,0x00,0x00,0x00,0x00,0x00,0x89,0x00,0x00,0x09,0xff,0xff,
  0xff,0xff,0xff,0x40,0x00,0x00,0x00,0x00,0x36,0x00,0x00,0x00,0x00,0x00,0x00,0x00,0x00,0x00,0x11,0x00,0x00,0x0e,0xff,0xc8,
  0x77,0x8c,0xff,0xb0,0x00,0x00,0x00,0x0b,0x78,0xc0,0x00,0x00,0x00,0x00,0x00,0x00,0x00,0x00,0x00,0x00,0x00,0x9f,0xb2,0x00,
  0x00,0x00,0x2b,0xf7,0x00,0x00,0x00,0x01,0xde,0x30,0x00,0x00,0x00,0x00,0x00,0x00,0x00,0x00,0x00,0x00,0x03,0xf7,0x00,0x00,
  0x00,0x00,0x00,0x9e,0x00,0x00,0x00,0x0a,0x78,0xb0,0x00,0x00,0x00,0x00,0x00,0x00,0x00,0x00,0x00,0x00,0x0b,0xb0,0x00,0x00,
  0x00,0x00,0x00,0x0d,0x60,0x00,0x00,0x00,0x36,0x00,0x00,0x00,0x00,0x00,0x00,0x00,0x00,0x00,0x00,0x00,0x0f,0x30,0x79,0x10,
  0x00,0x04,0xb4,0x07,0xb0,0x00,0x00,0x00,0x00,0x00,0x00,0x04,0x00,0x00,0x00,0x00,0x00,0x11,0x00,0x00,0x2f,0x03,0xff,0x70,
  0x00,0x0d,0xfc,0x03,0xd0,0x00,0x00,0x00,0x00,0x00,0x00,0x5b,0x50,0x00,0x00,0x00,0x02,0x64,0x20,0x00,0x3e,0x01,0xef,0x30,
  0x00,0x09,0xf7,0x02,0xe0,0x00,0x00,0x00,0x00,0x00,0x00,0x47,0x40,0x00,0x00,0x00,0x0b,0xbb,0xa0,0x00,0x2e,0x00,0x00,0x00,
  0x00,0x00,0x00,0x03,0xd0,0x00,0x00,0x00,0x00,0x00,0x00,0x00,0x00,0x00,0x00,0x00,0x05,0xcc,0x40,0x00,0x0f,0x10,0x24,0x00,
  0x00,0x00,0x60,0x05,0xb0,0x00,0x05,0x60,0x00,0x00,0x00,0x00,0x00,0x00,0x00,0x00,0x07,0x65,0x70,0x00,0x0c,0x50,0x0d,0xa5,
  0x44,0x6c,0x90,0x09,0x70,0x00,0xc8,0x8c,0x00,0x00,0x00,0x00,0x00,0x00,0x00,0x00,0x00,0x32,0x00,0x00,0x05,0xc0,0x00,0x6b,
  0xdc,0xa5,0x00,0x0e,0x10,0x00,0x2d,0xd2,0x00,0x00,0x00,0x00,0x00,0x00,0x00,0x00,0x00,0x00,0x00,0x00,0x00,0xc5,0x00,0x00,
  0x00,0x00,0x00,0x97,0x00,0x00,0xa7,0x7a,0x00,0x00,0x00,0x00,0x00,0x02,0x00,0x00,0x00,0x00,0x00,0x00,0x00,0x1d,0x40,0x00,
  0x00,0x00,0x06,0xa0,0x00,0x00,0x04,0x50,0x00,0x00,0x00,0x00,0x01,0x1a,0x02,0x00,0x00,0x00,0x00,0x00,0x00,0x02,0xe9,0x30,
  0x00,0x04,0xaa,0x00,0x00,0x00,0x00,0x00,0x00,0x00,0x00,0x00,0x02,0xbb,0xa6,0x00,0x00,0x00,0x00,0x00,0x03,0x9d,0x83,0x00,
  0x00,0x02,0x7c,0xa4,0x00,0x00,0x00,0x00,0x00,0x00,0x00,0x00,0x00,0x8d,0xa2,0x00,0x00,0x00,0x00,0x03,0xbe,0x60,0x00,0x00,
  0x00,0x00,0x00,0x4d,0xd4,0x00,0x00,0x00,0x00,0x00,0x00,0x00,0x02,0x4a,0x25,0x00,0x00,0x00,0x00,0x7f,0x90,0x00,0x00,0x00,
  0x00,0x00,0x00,0x00,0x7f,0xa0,0x00,0x00,0x00,0x34,0x00,0x00,0x00,0x05,0x00,0x00,0x00,0x00,0x0b,0xf5,0x00,0x00,0x00,0x00,
  0x00,0x00,0x00,0x00,0x03,0xed,0x10,0x00,0x08,0x56,0x80,0x00,0x00,0x00,0x00,0x00,0x00,0x00,0xbf,0x40,0x00,0x00,0x00,0x00,
  0x00,0x00,0x00,0x00,0x00,0x2e,0xd1,0x00,0x04,0xcd,0x40,0x00,0x00,0x00,0x00,0x00,0x00,0x09,0xf6,0x00,0x00,0x00,0x00,0x00,
  0x00,0x00,0x00,0x00,0x00,0x03,0xfc,0x00,0x0a,0xaa,0xb0,0x00,0x05,0x40,0x00,0x00,0x00,0x4f,0xb0,0x00,0x00,0x07,0xe5,0x00,
  0x00,0x00,0x6e,0x70,0x00,0x00,0x8f,0x60,0x01,0x56,0x10,0x02,0x76,0x58,0x10,0x00,0x00,0xcf,0x30,0x00,0x00,0x0c,0xf9,0x00,
  0x00,0x00,0xaf,0xb0,0x00,0x00,0x0f,0xe0,0x00,0x00,0x00,0x00,0x8c,0xc7,0x00,0x00,0x02,0xfd,0x00,0x00,0x00,0x02,0x71,0x00,
  0x00,0x00,0x27,0x10,0x00,0x00,0x0a,0xf4,0x00,0x00,0x00,0x01,0x9d,0xc9,0x00,0x00,0x06,0xf9,0x00,0x00,0x00,0x00,0x00,0x00,
  0x00,0x00,0x00,0x00,0x00,0x00,0x06,0xf9,0x00,0x00,0x00,0x01,0x57,0x56,0x10,0x00,0x09,0xf7,0x00,0x00,0x00,0x00,0x00,0x00,
  0x00,0x00,0x00,0x00,0x00,0x00,0x04,0xfb,0x00,0x00,0x00,0x00,0x04,0x30,0x00,0x00,0x0a,0xf7,0x00,0x00,0x00,0x00,0x00,0x00,
  0x00,0x00,0x00,0x00,0x00,0x00,0x04,0xfc,0x00,0x00,0x00,0x00,0x00,0x00,0x00,0x00,0x09,0xf8,0x00,0x00,0x00,0x00,0x00,0x00,
  0x00,0x00,0x00,0x00,0x00,0x00,0x05,0xfc,0x00,0x00,0x00,0x00,0x00,0x00,0x00,0x00,0x08,0xfa,0x00,0x00,0x00,0x07,0xf5,0x00,
  0x00,0x00,0x6f,0x70,0x00,0x00,0x07,0xfa,0x00,0x00,0x00,0x00,0x00,0x00,0x00,0x00,0x04,0xff,0x00,0x00,0x00,0x0c,0xf9,0x00,
  0x00,0x00,0xaf,0xb0,0x00,0x00,0x0d,0xf7,0x00,0x00,0x00,0x00,0x00,0x00,0x00,0x00,0x00,0xef,0x60,0x00,0x00,0x02,0x71,0x00,
  0x00,0x00,0x27,0x20,0x00,0x00,0x3f,0xf2,0x00,0x00,0x00,0x00,0x00,0x00,0x00,0x00,0x00,0x8f,0xe1,0x00,0x00,0x00,0x00,0x00,
  0x00,0x00,0x00,0x00,0x00,0x00,0xdf,0xa0,0x00,0x00,0x00,0x00,0x00,0x00,0x00,0x00,0x00,0x0d,0xfb,0x00,0x00,0x00,0x00,0x00,
  0x00,0x00,0x00,0x00,0x00,0x08,0xff,0x20,0x00,0x00,0x00,0x00,0x00,0x00,0x00,0x00,0x00,0x03,0xff,0xa0,0x00,0x00,0x00,0x00,
  0x00,0x00,0x00,0x00,0x00,0x8f,0xf5,0x00,0x00,0x00,0x00,0x00,0x00,0x00,0x00,0x00,0x00,0x00,0x4f,0xfc,0x20,0x00,0x00,0x00,
  0x00,0x00,0x00,0x00,0x1a,0xff,0x60,0x00,0x00,0x00,0x00,0x00,0x00,0x00,0x00,0x00,0x00,0x00,0x03,0xdf,0xf6,0x00,0x00,0x00,
  0x00,0x00,0x00,0x05,0xef,0xe5,0x00,0x00,0x00,0x00,0x00,0x00,0x00,0x00,0x00,0x00,0x00,0x00,0x00,0x09,0xff,0xe8,0x40,0x00,
  0x00,0x00,0x37,0xdf,0xfb,0x10,0x00,0x00,0x00,0x00,0x00,0x00,0x00,0x00,0x00,0x00,0x00,0x00,0x00,0x00,0x29,0xff,0xff,0xdc,
  0xbc,0xdf,0xff,0xfa,0x30,0x00,0x00,0x00,0x00,0x00,0x00,0x00,0x00,0x00,0x00,0x00,0x00,0x00,0x00,0x00,0x00,0x15,0x8c,0xef,
  0xff,0xec,0x95,0x10,0x00,0x00,0x00,0x00,0x00,0x00,0x00,0x00,0x00,0x00,0x00,0x00,0x00,0x00,0x00,0x00,0x00,0x00,0x00,0x00,
  0x00,0x00,0x00,0x00,0x00,0x00,0x00,0x00,0x00,0x00,0x00,0x00,0x00,0x00,0x00,0x00,0x00,0x00,0x00,0x00,0x00,0x00,0x12,0x00,
  0x00,0x00,0x00,0x00,0x00,0x00,0x00,0x00,0x00,0x00,0x00,0x00,0x00,0x00,0x00,0x00,0x00,0x00,0x00,0x00,0x00,0x63,0x00,0x00,
  0x00,0x00,0x00,0x00,0x00,0x00,0x00,0x00,0x00,0x00,0x00,0x00,0x00,0x00,0x00,0x00,0x00,0x00,0x00,0x00,0xa0,0x00,0x00,0x00,
  0x00,0x00,0x00,0x00,0x00,0x00,0x00,0x00,0x00,0x00,0x00,0x00,0x00,0x00,0x00,0x00,0x00,0x00,0x01,0xb0,0x00,0x00,0x00,0x00,
  0x00,0x00,0x00,0x00,0x00,0x00,0x00,0x00,0x00,0x00,0x00,0x00,0x00,0x00,0x00,0x00,0x00,0x08,0x50,0x00,0x00,0x00,0x00,0x00,
  0x00,0x00,0x00,0x00,0x00,0x00,0x00,0x00,0x00,0x00,0x00,0x00,0x05,0x00,0x00,0x00,0x2d,0x00,0x00,0x00,0x00,0x00,0x00,0x00,
  0x00,0x00,0x00,0x00,0x00,0x00,0x00,0x00,0x00,0x00,0x00,0x0a,0x00,0x00,0x00,0xb5,0x00,0x00,0x00,0x00,0x00,0x00,0x00,0x00,
  0x00,0x00,0x00,0x00,0x00,0x00,0x00,0x00,0x00,0x00,0x76,0x00,0x00,0x07,0xc0,0x00,0x00,0x00,0x00,0x00,0x33,0x00,0x00,0x00,
  0x00,0x00,0x00,0x00,0x00,0x00,0x00,0x00,0x04,0xb0,0x00,0x00,0x2f,0x40,0x00,0x00,0x00,0x00,0x00,0x91,0x00,0x00,0x00,0x00,
  0x00,0x00,0x00,0x00,0x00,0x00,0x00,0x4d,0x10,0x00,0x00,0xbd,0x00,0x00,0x00,0x00,0x00,0x01,0xb0,0x00,0x00,0x00,0x00,0x00,
  0x00,0x00,0x00,0x00,0x00,0x04,0xe2,0x00,0x00,0x01,0xf7,0x00,0x00,0x00,0x00,0x00,0x09,0x50,0x00,0x00,0x00,0x00,0x00,0x00,
  0x00,0x00,0x00,0x00,0x2f,0x70,0x00,0x00,0x07,0xf3,0x00,0x00,0x00,0x00,0x00,0x4c,0x00,0x00,0x00,0x00,0x00,0x00,0x00,0x00,
  0x00,0x00,0x00,0xaf,0x00,0x00,0x00,0x0a,0xf0,0x00,0x00,0x00,0x00,0x02,0xe2,0x00,0x00,0x00,0x00,0x00,0x00,0x00,0x00,0x00,
  0x00,0x00,0xfb,0x00,0x00,0x00,0x0e,0xd0,0x00,0x00,0x00,0x00,0x0d,0x70,0x00,0x00,0x00,0x00,0x00,0x00,0x00,0x00,0x00,0x00,
  0x02,0xf9,0x00,0x00,0x00,0x0f,0xc0,0x00,0x00,0x00,0x00,0x9d,0x00,0x00,0x00,0x00,0x00,0x00,0x00,0x00,0x00,0x00,0x00,0x04,
  0xf8,0x00,0x00,0x00,0x0f,0xb0,0x00,0x00,0x00,0x02,0xf7,0x00,0x00,0x00,0x00,0x00,0x00,0x00,0x00,0x00,0x00,0x00,0x02,0xfa,
  0x00,0x00,0x00,0x1f,0xc0,0x00,0x00,0x00,0x08,0xf2,0x00,0x00,0x00,0x00,0x00,0x00,0x00,0x00,0x00,0x00,0x00,0x00,0xed,0x00,
  0x00,0x00,0x0f,0xd0,0x00,0x00,0x00,0x0c,0xe0,0x00,0x00,0x00,0x00,0x00,0x00,0x00,0x00,0x00,0x00,0x00,0x00,0x8f,0x40,0x00,
  0x00,0x0d,0xe0,0x00,0x00,0x00,0x0f,0xc0,0x00,0x00,0x00,0x00,0x00,0x00,0x00,0x00,0x00,0x00,0x00,0x00,0x1e,0xd0,0x00,0x00,
  0x0a,0xf2,0x00,0x00,0x00,0x1f,0xa0,0x00,0x00,0x00,0x00,0x00,0x00,0x00,0x00,0x00,0x00,0x00,0x00,0x04,0xec,0x20,0x00,0x06,
  0xf6,0x00,0x00,0x00,0x1f,0xb0,0x00,0x00,0x00,0x00,0x00,0x00,0x00,0x00,0x00,0x00,0x00,0x00,0x00,0x2d,0xe4,0x00,0x01,0xfc,
  0x00,0x00,0x00,0x0f,0xd0,0x00,0x00,0x00,0x00,0x00,0x00,0x00,0x00,0x00,0x00,0x00,0x00,0x00,0x01,0xdf,0x30,0x00,0xbf,0x40,
  0x00,0x00,0x0c,0xf0,0x00,0x00,0x00,0x00,0x00,0x00,0x00,0x00,0x00,0x00,0x00,0x00,0x00,0x00,0x1e,0xd0,0x00,0x2f,0xe1,0x00,
  0x00,0x08,0xf4,0x00,0x00,0x00,0x00,0x00,0x00,0x00,0x00,0x00,0x00,0x00,0x00,0x00,0x00,0x04,0xf4,0x00,0x06,0xfc,0x00,0x00,
  0x02,0xfb,0x00,0x00,0x00,0x00,0x00,0x00,0x00,0x00,0x00,0x00,0x00,0x00,0x00,0x00,0x00,0xa9,0x00,0x00,0x9f,0xa0,0x00,0x00,
  0xaf,0x50,0x00,0x00,0x00,0x00,0x00,0x00,0x00,0x00,0x00,0x00,0x00,0x22,0x00,0x00,0x2c,0x00,0x00,0x0d,0xf4,0x00,0x00,0x1d,
  0xf4,0x00,0x01,0x21,0x00,0x00,0x00,0x00,0x00,0x00,0x00,0x44,0x00,0x00,0x00,0x0b,0x00,0x00,0x04,0xfc,0x00,0x00,0x01,0xdf,
  0x50,0x00,0x02,0x50,0x00,0x00,0x00,0x00,0x00,0x18,0x20,0x00,0x00,0x00,0x07,0x00,0x00,0x00,0xbf,0x20,0x00,0x00,0x2e,0xf3,
  0x00,0x00,0x07,0x30,0x00,0x00,0x00,0x02,0xb1,0x00,0x00,0x00,0x00,0x01,0x00,0x00,0x00,0x3f,0x60,0x00,0x00,0x04,0xfb,0x00,
  0x00,0x00,0x86,0x00,0x00,0x00,0x2d,0x20,0x00,0x00,0x00,0x00,0x00,0x00,0x00,0x00,0x0c,0xa0,0x00,0x00,0x00,0x9f,0x20,0x00,
  0x00,0x0b,0x60,0x00,0x00,0xd7,0x00,0x00,0x00,0x00,0x00,0x00,0x00,0x00,0x00,0x06,0xd0,0x00,0x00,0x00,0x1f,0x70,0x00,0x00,
  0x01,0xf3,0x00,0x07,0xf1,0x00,0x00,0x00,0x00,0x00,0x00,0x00,0x00,0x00,0x01,0xf0,0x00,0x00,0x00,0x08,0xb0,0x00,0x00,0x00,
  0xbd,0x00,0x0d,0xe0,0x00,0x00,0x00,0x00,0x00,0x00,0x00,0x00,0x00,0x00,0xc1,0x00,0x00,0x00,0x02,0xe0,0x00,0x00,0x00,0x8f,
  0x30,0x2f,0xf0,0x00,0x00,0x00,0x00,0x00,0x00,0x00,0x00,0x00,0x00,0x92,0x00,0x00,0x00,0x00,0xc0,0x00,0x00,0x00,0x9f,0x70,
  0x3f,0xf2,0x00,0x00,0x00,0x00,0x00,0x00,0x00,0x00,0x00,0x00,0x53,0x00,0x00,0x00,0x00,0x82,0x00,0x00,0x00,0xcf,0x90,0x2f,
  0xf9,0x00,0x00,0x00,0x00,0x00,0x00,0x00,0x00,0x00,0x00,0x34,0x00,0x00,0x00,0x00,0x53,0x00,0x00,0x03,0xff,0x80,0x0d,0xff,
  0x30,0x00,0x00,0x00,0x00,0x00,0x00,0x00,0x00,0x00,0x00,0x00,0x00,0x00,0x00,0x11,0x00,0x00,0x0d,0xff,0x30,0x07,0xff,0xe3,
  0x00,0x00,0x00,0x00,0x00,0x00,0x00,0x00,0x00,0x00,0x00,0x00,0x00,0x00,0x00,0x00,0x00,0xbf,0xfd,0x00,0x00,0xdf,0xff,0x50,
  0x00,0x00,0x00,0x00,0x00,0x00,0x00,0x00,0x00,0x00,0x00,0x00,0x00,0x00,0x00,0x1c,0xff,0xf3,0x00,0x00,0x2e,0xff,0xfa,0x10,
  0x00,0x00,0x00,0x00,0x00,0x00,0x00,0x00,0x00,0x00,0x00,0x00,0x00,0x06,0xef,0xff,0x60,0x00,0x00,0x02,0xdf,0xff,0xf9,0x30,
  0x00,0x00,0x00,0x00,0x00,0x00,0x00,0x00,0x00,0x00,0x00,0x17,0xef,0xff,0xf6,0x00,0x00,0x00,0x00,0x1b,0xff,0xff,0xfd,0x84,
  0x00,0x00,0x00,0x00,0x00,0x00,0x00,0x00,0x02,0x6b,0xff,0xff,0xfe,0x40,0x00,0x00,0x00,0x00,0x00,0x5d,0xff,0xff,0xff,0xfc,
  0x97,0x53,0x22,0x11,0x23,0x46,0x8b,0xef,0xff,0xff,0xff,0x80,0x00,0x00,0x00,0x00,0x00,0x00,0x00,0x5c,0xff,0xff,0xff,0xff,
  0xff,0xff,0xff,0xff,0xff,0xff,0xff,0xff,0xfe,0x71,0x00,0x00,0x00,0x00,0x00,0x00,0x00,0x00,0x00,0x17,0xbf,0xff,0xff,0xff,
  0xff,0xff,0xff,0xff,0xff,0xff,0xd8,0x30,0x00,0x00,0x00,0x00,0x00,0x00,0x00,0x00,0x00,0x00,0x00,0x00,0x36,0x9b,0xde,0xff,
  0xff,0xff,0xdc,0xa7,0x41,0x00,0x00,0x00,0x00,0x00,0x00,0x00,0x00,0x00,0x00,0x00,0x00,0x00,0x00,0x00,0x00,0x00,0x00,0x00,
  0x00,0x00,0x00,0x00,0x00,0x00,0x00,0x00,0x00,0x00,0x00,0x00,0x00,0x00,0x00,0x00,0x00,0x00,0x00,0x00,0x00,0x00,0x00,0x24,
  0x56,0x66,0x54,0x20,0x00,0x00,0x00,0x00,0x00,0x00,0x00,0x00,0x00,0x00,0x00,0x00,0x00,0x00,0x00,0x00,0x00,0x00,0x00,0x00,
  0x00,0x01,0x59,0xdf,0xff,0xff,0xff,0xff,0xff,0xc8,0x40,0x00,0x00,0x00,0x00,0x00,0x00,0x00,0x00,0x00,0x00,0x00,0x00,0x00,
  0x00,0x00,0x00,0x00,0x00,0x05,0xbf,0xff,0xff,0xff,0xff,0xff,0xff,0xff,0xff,0xff,0x93,0x00,0x00,0x00,0x00,0x00,0x00,0x00,
  0x00,0x00,0x00,0x00,0x00,0x00,0x00,0x00,0x00,0x05,0xdf,0xff,0xff,0xff,0xff,0xff,0xff,0xff,0xff,0xff,0xff,0xff,0xb4,0x00,
  0x00,0x00,0x00,0x00,0x00,0x00,0x00,0x00,0x00,0x00,0x00,0x00,0x00,0x03,0xcf,0xff,0xff,0xff,0xff,0xff,0xdd,0xcd,0xef,0xff,
  0xff,0xff,0xff,0xff,0xa1,0x00,0x00,0x00,0x00,0x00,0x00,0x00,0x00,0x00,0x00,0x00,0x00,0x00,0x8f,0xff,0xff,0xff,0xfb,0x74,
  0x10,0x00,0x00,0x00,0x24,0x8d,0xff,0xff,0xff,0xff,0x50,0x00,0x00,0x00,0x00,0x00,0x00,0x00,0x00,0x00,0x00,0x00,0x1c,0xff,
  0xff,0xff,0xd6,0x10,0x00,0x00,0x00,0x00,0x00,0x00,0x00,0x28,0xef,0xff,0xff,0xf9,0x00,0x00,0x00,0x00,0x00,0x00,0x00,0x00,
  0x00,0x00,0x02,0xef,0xff,0xff,0xe5,0x00,0x00,0x00,0x00,0x00,0x00,0x00,0x00,0x00,0x00,0x07,0xff,0xff,0xff,0xb0,0x00,0x00,
  0x00,0x00,0x00,0x00,0x00,0x00,0x00,0x3e,0xff,0xff,0xf8,0x00,0x00,0x00,0x00,0x00,0x00,0x00,0x00,0x00,0x00,0x00,0x00,0x1b,
  0xff,0xff,0xfc,0x10,0x00,0x00,0x00,0x00,0x00,0x00,0x00,0x02,0xef,0xff,0xfe,0x40,0x00,0x00,0x00,0x00,0x00,0x00,0x00,0x00,
  0x00,0x00,0x00,0x00,0x00,0x6f,0xff,0xff,0xc0,0x00,0x00,0x00,0x00,0x00,0x00,0x00,0x2e,0xff,0xff,0xd1,0x00,0x00,0x00,0x00,
  0x00,0x00,0x00,0x00,0x00,0x00,0x00,0x00,0x00,0x00,0x03,0xef,0xff,0xfb,0x00,0x00,0x00,0x00,0x00,0x00,0x00,0xcf,0xff,0xfc,
  0x00,0x00,0x00,0x00,0x00,0x00,0x00,0x00,0x00,0x00,0x00,0x00,0x00,0x00,0x00,0x00,0x2e,0xff,0xff,0x90,0x00,0x00,0x00,0x00,
  0x00,0x09,0xff,0xff,0xc0,0x00,0x00,0x00,0x00,0x00,0x00,0x00,0x00,0x00,0x00,0x00,0x00,0x00,0x00,0x00,0x00,0x02,0xff,0xff,
  0xf5,0x00,0x00,0x00,0x00,0x00,0x4f,0xff,0xfd,0x10,0x00,0x00,0x00,0x00,0x00,0x00,0x00,0x00,0x00,0x00,0x00,0x00,0x00,0x00,
  0x00,0x00,0x00,0x3f,0xff,0xfe,0x10,0x00,0x00,0x00,0x00,0xdf,0xff,0xf3,0x00,0x00,0x00,0x00,0x00,0x00,0x00,0x00,0x00,0x00,
  0x00,0x00,0x00,0x00,0x00,0x00,0x00,0x00,0x07,0xff,0xff,0xa0,0x00,0x00,0x00,0x07,0xff,0xff,0x70,0x00,0x00,0x00,0x00,0x24,
  0x20,0x00,0x00,0x00,0x00,0x00,0x00,0x00,0x24,0x20,0x00,0x00,0x00,0x00,0xbf,0xff,0xf3,0x00,0x00,0x00,0x0e,0xff,0xfd,0x00,
  0x00,0x00,0x00,0x3d,0xff,0xfc,0x10,0x00,0x00,0x00,0x00,0x00,0x2c,0xff,0xfc,0x20,0x00,0x00,0x00,0x2f,0xff,0xfb,0x00,0x00,
  0x00,0x7f,0xff,0xf3,0x00,0x00,0x00,0x02,0xff,0xff,0xff,0xd1,0x00,0x00,0x00,0x00,0x01,0xef,0xff,0xff,0xe1,0x00,0x00,0x00,
  0x08,0xff,0xff,0x20,0x00,0x00,0xdf,0xff,0xc0,0x00,0x00,0x00,0x0a,0xff,0xff,0xff,0xf8,0x00,0x00,0x00,0x00,0x09,0xff,0xff,
  0xff,0xf9,0x00,0x00,0x00,0x01,0xff,0xff,0x90,0x00,0x03,0xff,0xff,0x40,0x00,0x00,0x00,0x0e,0xff,0xff,0xff,0xfc,0x00,0x00,
  0x00,0x00,0x0d,0xff,0xff,0xff,0xfd,0x00,0x00,0x00,0x00,0x9f,0xff,0xe0,0x00,0x08,0xff,0xfe,0x00,0x00,0x00,0x00,0x0e,0xff,
  0xff,0xff,0xfc,0x00,0x00,0x00,0x00,0x0d,0xff,0xff,0xff,0xfd,0x00,0x00,0x00,0x00,0x3f,0xff,0xf4,0x00,0x0c,0xff,0xf9,0x00,
  0x00,0x00,0x00,0x0b,0xff,0xff,0xff,0xf9,0x00,0x00,0x00,0x00,0x0a,0xff,0xff,0xff,0xfa,0x00,0x00,0x00,0x00,0x0d,0xff,0xf8,
  0x00,0x0f,0xff,0xf4,0x00,0x00,0x00,0x00,0x03,0xff,0xff,0xff,0xf2,0x00,0x00,0x00,0x00,0x02,0xff,0xff,0xff,0xf2,0x00,0x00,
  0x00,0x00,0x09,0xff,0xfc,0x00,0x3f,0xff,0xf1,0x00,0x00,0x00,0x00,0x00,0x5f,0xff,0xfe,0x40,0x00,0x00,0x00,0x00,0x00,0x4f,
  0xff,0xfe,0x40,0x00,0x00,0x00,0x00,0x05,0xff,0xff,0x00,0x6f,0xff,0xe0,0x00,0x00,0x00,0x00,0x00,0x01,0x67,0x50,0x00,0x00,
  0x00,0x00,0x00,0x00,0x01,0x57,0x51,0x00,0x00,0x00,0x00,0x00,0x02,0xff,0xff,0x10,0x8f,0xff,0xb0,0x00,0x00,0x00,0x00,0x00,
  0x00,0x00,0x00,0x00,0x00,0x00,0x00,0x00,0x00,0x00,0x00,0x00,0x00,0x00,0x00,0x00,0x00,0x00,0xff,0xff,0x30,0x9f,0xff,0xa0,
  0x00,0x00,0x00,0x00,0x00,0x00,0x00,0x00,0x00,0x00,0x00,0x00,0x00,0x00,0x00,0x00,0x00,0x00,0x00,0x00,0x00,0x00,0x00,0xef,
  0xff,0x40,0xaf,0xff,0x90,0x00,0x00,0x00,0x00,0x00,0x00,0x00,0x00,0x00,0x00,0x00,0x00,0x00,0x00,0x00,0x00,0x00,0x00,0x00,
  0x00,0x00,0x00,0x00,0xdf,0xff,0x50,0xaf,0xff,0x80,0x00,0x00,0x00,0x00,0x00,0x00,0x00,0x00,0x00,0x00,0x00,0x00,0x00,0x00,
  0x00,0x00,0x00,0x00,0x00,0x00,0x00,0x00,0x00,0xdf,0xff,0x60,0xaf,0xff,0x90,0x00,0x00,0x00,0x00,0x00,0x00,0x00,0x00,0x00,
  0x00,0x00,0x00,0x00,0x00,0x00,0x00,0x00,0x00,0x00,0x00,0x00,0x00,0x00,0xdf,0xff,0x50,0x9f,0xff,0x90,0x00,0x00,0x00,0x00,
  0x00,0x00,0x00,0x00,0x00,0x00,0x00,0x00,0x00,0x00,0x00,0x00,0x00,0x00,0x00,0x00,0x00,0x00,0x00,0xef,0xff,0x50,0x8f,0xff,
  0xb0,0x00,0x00,0x00,0x00,0x00,0x00,0x00,0x00,0x00,0x00,0x00,0x00,0x00,0x00,0x00,0x00,0x00,0x00,0x00,0x00,0x00,0x00,0x00,
  0xff,0xff,0x40,0x6f,0xff,0xd0,0x00,0x00,0x00,0x00,0x00,0x00,0x00,0x00,0x00,0x00,0x00,0x00,0x00,0x00,0x00,0x00,0x00,0x00,
  0x00,0x00,0x00,0x00,0x01,0xff,0xff,0x20,0x4f,0xff,0xf0,0x00,0x00,0x00,0x00,0x00,0x00,0x00,0x00,0x00,0x00,0x00,0x00,0x00,
  0x00,0x00,0x00,0x00,0x00,0x00,0x00,0x00,0x00,0x04,0xff,0xff,0x00,0x1f,0xff,0xf3,0x00,0x00,0x00,0x00,0x00,0x00,0x00,0x00,
  0x00,0x00,0x00,0x00,0x00,0x00,0x00,0x00,0x00,0x00,0x00,0x00,0x00,0x00,0x08,0xff,0xfd,0x00,0x0e,0xff,0xf7,0x00,0x00,0x00,
  0x00,0x28,0x00,0x00,0x00,0x00,0x00,0x00,0x00,0x00,0x00,0x00,0x00,0x00,0x18,0x10,0x00,0x00,0x00,0x0c,0xff,0xf9,0x00,0x0a,
  0xff,0xfc,0x00,0x00,0x00,0x08,0xff,0x70,0x00,0x00,0x00,0x00,0x00,0x00,0x00,0x00,0x00,0x00,0x00,0xbf,0xe5,0x00,0x00,0x00,
  0x1f,0xff,0xf5,0x00,0x05,0xff,0xff,0x20,0x00,0x00,0xcf,0xff,0xf5,0x00,0x00,0x00,0x00,0x00,0x00,0x00,0x00,0x00,0x00,0x09,
  0xff,0xff,0x90,0x00,0x00,0x6f,0xff,0xf1,0x00,0x00,0xff,0xff,0x90,0x00,0x00,0x5f,0xff,0xff,0x60,0x00,0x00,0x00,0x00,0x00,
  0x00,0x00,0x00,0x00,0x9f,0xff,0xff,0x20,0x00,0x00,0xdf,0xff,0xb0,0x00,0x00,0x9f,0xff,0xf1,0x00,0x00,0x08,0xff,0xff,0xf9,
  0x00,0x00,0x00,0x00,0x00,0x00,0x00,0x00,0x1c,0xff,0xff,0xf4,0x00,0x00,0x05,0xff,0xff,0x50,0x00,0x00,0x2f,0xff,0xfa,0x00,
  0x00,0x00,0xaf,0xff,0xff,0xe5,0x00,0x00,0x00,0x00,0x00,0x00,0x07,0xff,0xff,0xff,0x60,0x00,0x00,0x0d,0xff,0xfd,0x00,0x00,
  0x00,0x0a,0xff,0xff,0x30,0x00,0x00,0x09,0xff,0xff,0xff,0xd8,0x30,0x00,0x00,0x00,0x49,0xff,0xff,0xff,0xf6,0x00,0x00,0x00,
  0x8f,0xff,0xf6,0x00,0x00,0x00,0x02,0xff,0xff,0xd1,0x00,0x00,0x00,0x7f,0xff,0xff,0xff,0xff,0xdc,0xcc,0xef,0xff,0xff,0xff,
  0xfe,0x40,0x00,0x00,0x03,0xff,0xff,0xd0,0x00,0x00,0x00,0x00,0x7f,0xff,0xfb,0x00,0x00,0x00,0x03,0xcf,0xff,0xff,0xff,0xff,
  0xff,0xff,0xff,0xff,0xff,0xa1,0x00,0x00,0x00,0x1e,0xff,0xff,0x30,0x00,0x00,0x00,0x00,0x0c,0xff,0xff,0x90,0x00,0x00,0x00,
  0x06,0xdf,0xff,0xff,0xff,0xff,0xff,0xff,0xff,0xb4,0x00,0x00,0x00,0x00,0xcf,0xff,0xf9,0x00,0x00,0x00,0x00,0x00,0x02,0xff,
  0xff,0xf8,0x00,0x00,0x00,0x00,0x04,0x9e,0xff,0xff,0xff,0xff,0xfd,0x82,0x00,0x00,0x00,0x00,0x0b,0xff,0xff,0xc0,0x00,0x00,
  0x00,0x00,0x00,0x00,0x4f,0xff,0xff,0x90,0x00,0x00,0x00,0x00,0x00,0x14,0x66,0x76,0x53,0x10,0x00,0x00,0x00,0x00,0x01,0xcf,
  0xff,0xfe,0x20,0x00,0x00,0x00,0x00,0x00,0x00,0x06,0xff,0xff,0xfb,0x10,0x00,0x00,0x00,0x00,0x00,0x00,0x00,0x00,0x00,0x00,
  0x00,0x00,0x00,0x2d,0xff,0xff,0xf3,0x00,0x00,0x00,0x00,0x00,0x00,0x00,0x00,0x7f,0xff,0xff,0xe4,0x00,0x00,0x00,0x00,0x00,
  0x00,0x00,0x00,0x00,0x00,0x00,0x00,0x06,0xff,0xff,0xff,0x30,0x00,0x00,0x00,0x00,0x00,0x00,0x00,0x00,0x06,0xff,0xff,0xff,
  0xa1,0x00,0x00,0x00,0x00,0x00,0x00,0x00,0x00,0x00,0x00,0x03,0xcf,0xff,0xff,0xe3,0x00,0x00,0x00,0x00,0x00,0x00,0x00,0x00,
  0x00,0x00,0x4f,0xff,0xff,0xff,0x92,0x00,0x00,0x00,0x00,0x00,0x00,0x00,0x00,0x04,0xbf,0xff,0xff,0xfd,0x20,0x00,0x00,0x00,
  0x00,0x00,0x00,0x00,0x00,0x00,0x00,0x02,0xcf,0xff,0xff,0xff,0xd7,0x30,0x00,0x00,0x00,0x00,0x00,0x48,0xef,0xff,0xff,0xff,
  0xa0,0x00,0x00,0x00,0x00,0x00,0x00,0x00,0x00,0x00,0x00,0x00,0x00,0x07,0xff,0xff,0xff,0xff,0xff,0xdb,0x99,0x89,0xab,0xdf,
  0xff,0xff,0xff,0xff,0xe5,0x00,0x00,0x00,0x00,0x00,0x00,0x00,0x00,0x00,0x00,0x00,0x00,0x00,0x00,0x2a,0xff,0xff,0xff,0xff,
  0xff,0xff,0xff,0xff,0xff,0xff,0xff,0xff,0xf8,0x00,0x00,0x00,0x00,0x00,0x00,0x00,0x00,0x00,0x00,0x00,0x00,0x00,0x00,0x00,
  0x00,0x29,0xef,0xff,0xff,0xff,0xff,0xff,0xff,0xff,0xff,0xff,0xd7,0x10,0x00,0x00,0x00,0x00,0x00,0x00,0x00,0x00,0x00,0x00,
  0x00,0x00,0x00,0x00,0x00,0x00,0x00,0x05,0xad,0xff,0xff,0xff,0xff,0xff,0xff,0xfd,0x93,0x00,0x00,0x00,0x00,0x00,0x00,0x00,
  0x00,0x00,0x00,0x00,0x00,0x00,0x00,0x00,0x00,0x00,0x00,0x00,0x00,0x00,0x14,0x68,0x9a,0xaa,0x98,0x63,0x00,0x00,0x00,0x00,
  0x00,0x00,0x00,0x00,0x00,0x00,0x00,0x00,0x00,0x00,0x00,0x00,0x00,0x00,0x00,0x00,0x00,0x00,0x00,0x00,0x24,0x56,0x66,0x54,
  0x20,0x00,0x00,0x00,0x00,0x00,0x00,0x00,0x00,0x00,0x00,0x00,0x00,0x00,0x00,0x00,0x00,0x00,0x00,0x00,0x00,0x00,0x01,0x59,
  0xdf,0xff,0xff,0xff,0xff,0xff,0xc8,0x40,0x00,0x00,0x00,0x00,0x00,0x00,0x00,0x00,0x00,0x00,0x00,0x00,0x00,0x00,0x00,0x00,
  0x00,0x00,0x05,0xbf,0xff,0xff,0xff,0xff,0xff,0xff,0xff,0xff,0xff,0x93,0x00,0x00,0x00,0x00,0x00,0x00,0x00,0x00,0x00,0x00,
  0x00,0x00,0x00,0x00,0x00,0x00,0x05,0xdf,0xff,0xff,0xff,0xff,0xff,0xff,0xff,0xff,0xff,0xff,0xff,0xb4,0x00,0x00,0x00,0x00,
  0x00,0x00,0x00,0x00,0x00,0x00,0x00,0x00,0x00,0x00,0x03,0xcf,0xff,0xff,0xff,0xff,0xff,0xff,0xff,0xff,0xff,0xff,0xff,0xff,
  0xff,0xa1,0x00,0x00,0x00,0x00,0x00,0x00,0x00,0x00,0x00,0x00,0x00,0x00,0x00,0x8f,0xff,0xff,0xff,0xff,0xff,0xff,0xff,0xff,
  0xff,0xff,0xff,0xff,0xff,0xff,0xff,0x50,0x00,0x00,0x00,0x00,0x00,0x00,0x00,0x00,0x00,0x00,0x00,0x1c,0xff,0xff,0xff,0xff,
  0xff,0xff,0xff,0xff,0xff,0xff,0xff,0xff,0xff,0xff,0xff,0xff,0xf9,0x00,0x00,0x00,0x00,0x00,0x00,0x00,0x00,0x00,0x00,0x02,
  0xef,0xff,0xff,0xff,0xff,0xff,0xff,0xff,0xff,0xff,0xff,0xff,0xff,0xff,0xff,0xff,0xff,0xff,0xb0,0x00,0x00,0x00,0x00,0x00,
  0x00,0x00,0x00,0x00,0x3e,0xff,0xff,0xff,0xff,0xff,0xff,0xff,0xff,0xff,0xff,0xff,0xff,0xff,0xff,0xff,0xff,0xff,0xff,0xfc,
  0x10,0x00,0x00,0x00,0x00,0x00,0x00,0x00,0x02,0xef,0xff,0xff,0xff,0xff,0xff,0xff,0xff,0xff,0xff,0xff,0xff,0xff,0xff,0xff,
  0xff,0xff,0xff,0xff,0xff,0xc0,0x00,0x00,0x00,0x00,0x00,0x00,0x00,0x2e,0xff,0xff,0xff,0xff,0xff,0xff,0xff,0xff,0xff,0xff,
  0xff,0xff,0xff,0xff,0xff,0xff,0xff,0xff,0xff,0xff,0xfb,0x00,0x00,0x00,0x00,0x00,0x00,0x00,0xcf,0xff,0xff,0xff,0xff,0xff,
  0xff,0xff,0xff,0xff,0xff,0xff,0xff,0xff,0xff,0xff,0xff,0xff,0xff,0xff,0xff,0xff,0x90,0x00,0x00,0x00,0x00,0x00,0x09,0xff,
  0xff,0xff,0xff,0xff,0xff,0xff,0xff,0xff,0xff,0xff,0xff,0xff,0xff,0xff,0xff,0xff,0xff,0xff,0xff,0xff,0xff,0xf5,0x00,0x00,
  0x00,0x00,0x00,0x4f,0xff,0xff,0xff,0xff,0xff,0xff,0xff,0xff,0xff,0xff,0xff,0xff,0xff,0xff,0xff,0xff,0xff,0xff,0xff,0xff,
  0xff,0xff,0xfe,0x10,0x00,0x00,0x00,0x00,0xdf,0xff,0xff,0xff,0xff,0xff,0xff,0xff,0xff,0xff,0xff,0xff,0xff,0xff,0xff,0xff,
  0xff,0xff,0xff,0xff,0xff,0xff,0xff,0xff,0xa0,0x00,0x00,0x00,0x07,0xff,0xff,0xff,0xff,0xff,0xff,0xff,0xdb,0xdf,0xff,0xff,
  0xff,0xff,0xff,0xff,0xff,0xdb,0xdf,0xff,0xff,0xff,0xff,0xff,0xff,0xf3,0x00,0x00,0x00,0x0e,0xff,0xff,0xff,0xff,0xff,0xff,
  0xc2,0x00,0x03,0xef,0xff,0xff,0xff,0xff,0xff,0xd3,0x00,0x03,0xdf,0xff,0xff,0xff,0xff,0xff,0xfb,0x00,0x00,0x00,0x7f,0xff,
  0xff,0xff,0xff,0xff,0xfd,0x00,0x00,0x00,0x2e,0xff,0xff,0xff,0xff,0xfe,0x10,0x00,0x00,0x1e,0xff,0xff,0xff,0xff,0xff,0xff,
  0x20,0x00,0x00,0xdf,0xff,0xff,0xff,0xff,0xff,0xf5,0x00,0x00,0x00,0x07,0xff,0xff,0xff,0xff,0xf6,0x00,0x00,0x00,0x06,0xff,
  0xff,0xff,0xff,0xff,0xff,0x90,0x00,0x03,0xff,0xff,0xff,0xff,0xff,0xff,0xf1,0x00,0x00,0x00,0x03,0xff,0xff,0xff,0xff,0xf2,
  0x00,0x00,0x00,0x02,0xff,0xff,0xff,0xff,0xff,0xff,0xe0,0x00,0x08,0xff,0xff,0xff,0xff,0xff,0xff,0xf1,0x00,0x00,0x00,0x03,
  0xff,0xff,0xff,0xff,0xf2,0x00,0x00,0x00,0x02,0xff,0xff,0xff,0xff,0xff,0xff,0xf4,0x00,0x0c,0xff,0xff,0xff,0xff,0xff,0xff,
  0xf4,0x00,0x00,0x00,0x06,0xff,0xff,0xff,0xff,0xf5,0x00,0x00,0x00,0x05,0xff,0xff,0xff,0xff,0xff,0xff,0xf8,0x00,0x0f,0xff,
  0xff,0xff,0xff,0xff,0xff,0xfc,0x00,0x00,0x00,0x0d,0xff,0xff,0xff,0xff,0xfd,0x00,0x00,0x00,0x0d,0xff,0xff,0xff,0xff,0xff,
  0xff,0xfc,0x00,0x3f,0xff,0xff,0xff,0xff,0xff,0xff,0xff,0xa0,0x00,0x01,0xbf,0xff,0xff,0xff,0xff,0xff,0xb0,0x00,0x01,0xbf,
  0xff,0xff,0xff,0xff,0xff,0xff,0xff,0x00,0x6f,0xff,0xff,0xff,0xff,0xff,0xff,0xff,0xfe,0x98,0xaf,0xff,0xff,0xff,0xff,0xff,
  0xff,0xfe,0xa8,0xae,0xff,0xff,0xff,0xff,0xff,0xff,0xff,0xff,0x10,0x8f,0xff,0xff,0xff,0xff,0xff,0xff,0xff,0xff,0xff,0xff,
  0xff,0xff,0xff,0xff,0xff,0xff,0xff,0xff,0xff,0xff,0xff,0xff,0xff,0xff,0xff,0xff,0xff,0x30,0x9f,0xff,0xff,0xff,0xff,0xff,
  0xff,0xff,0xff,0xff,0xff,0xff,0xff,0xff,0xff,0xff,0xff,0xff,0xff,0xff,0xff,0xff,0xff,0xff,0xff,0xff,0xff,0xff,0x40,0xaf,
  0xff,0xff,0xff,0xff,0xff,0xff,0xff,0xff,0xff,0xff,0xff,0xff,0xff,0xff,0xff,0xff,0xff,0xff,0xff,0xff,0xff,0xff,0xff,0xff,
  0xff,0xff,0xff,0x50,0xaf,0xff,0xff,0xff,0xff,0xff,0xff,0xff,0xff,0xff,0xff,0xff,0xff,0xff,0xff,0xff,0xff,0xff,0xff,0xff,
  0xff,0xff,0xff,0xff,0xff,0xff,0xff,0xff,0x60,0xaf,0xff,0xff,0xff,0xff,0xff,0xff,0xff,0xff,0xff,0xff,0xff,0xff,0xff,0xff,
  0xff,0xff,0xff,0xff,0xff,0xff,0xff,0xff,0xff,0xff,0xff,0xff,0xff,0x50,0x9f,0xff,0xff,0xff,0xff,0xff,0xff,0xff,0xff,0xff,
  0xff,0xff,0xff,0xff,0xff,0xff,0xff,0xff,0xff,0xff,0xff,0xff,0xff,0xff,0xff,0xff,0xff,0xff,0x50,0x8f,0xff,0xff,0xff,0xff,
  0xff,0xff,0xff,0xff,0xff,0xff,0xff,0xff,0xff,0xff,0xff,0xff,0xff,0xff,0xff,0xff,0xff,0xff,0xff,0xff,0xff,0xff,0xff,0x40,
  0x6f,0xff,0xff,0xff,0xff,0xff,0xff,0xff,0xff,0xff,0xff,0xff,0xff,0xff,0xff,0xff,0xff,0xff,0xff,0xff,0xff,0xff,0xff,0xff,
  0xff,0xff,0xff,0xff,0x20,0x4f,0xff,0xff,0xff,0xff,0xff,0xff,0xff,0xff,0xff,0xff,0xff,0xff,0xff,0xff,0xff,0xff,0xff,0xff,
  0xff,0xff,0xff,0xff,0xff,0xff,0xff,0xff,0xff,0x00,0x1f,0xff,0xff,0xff,0xff,0xff,0xff,0xff,0xff,0xff,0xff,0xff,0xff,0xff,
  0xff,0xff,0xff,0xff,0xff,0xff,0xff,0xff,0xff,0xff,0xff,0xff,0xff,0xfd,0x00,0x0e,0xff,0xff,0xff,0xff,0xff,0xff,0xd7,0xff,
  0xff,0xff,0xff,0xff,0xff,0xff,0xff,0xff,0xff,0xff,0xff,0xe7,0xef,0xff,0xff,0xff,0xff,0xff,0xf9,0x00,0x0a,0xff,0xff,0xff,
  0xff,0xff,0xf7,0x00,0x8f,0xff,0xff,0xff,0xff,0xff,0xff,0xff,0xff,0xff,0xff,0xff,0x40,0x1a,0xff,0xff,0xff,0xff,0xff,0xf5,
  0x00,0x05,0xff,0xff,0xff,0xff,0xff,0x30,0x00,0x0a,0xff,0xff,0xff,0xff,0xff,0xff,0xff,0xff,0xff,0xff,0xf6,0x00,0x00,0x6f,
  0xff,0xff,0xff,0xff,0xf1,0x00,0x00,0xff,0xff,0xff,0xff,0xff,0xa0,0x00,0x00,0x9f,0xff,0xff,0xff,0xff,0xff,0xff,0xff,0xff,
  0xff,0x60,0x00,0x00,0xdf,0xff,0xff,0xff,0xff,0xb0,0x00,0x00,0x9f,0xff,0xff,0xff,0xff,0xf7,0x00,0x00,0x06,0xff,0xff,0xff,
  0xff,0xff,0xff,0xff,0xff,0xe3,0x00,0x00,0x0b,0xff,0xff,0xff,0xff,0xff,0x50,0x00,0x00,0x2f,0xff,0xff,0xff,0xff,0xff,0x50,
  0x00,0x00,0x1a,0xff,0xff,0xff,0xff,0xff,0xff,0xf8,0x00,0x00,0x00,0x9f,0xff,0xff,0xff,0xff,0xfd,0x00,0x00,0x00,0x0a,0xff,
  0xff,0xff,0xff,0xff,0xf6,0x00,0x00,0x00,0x27,0xcf,0xff,0xff,0xff,0xb6,0x00,0x00,0x00,0x09,0xff,0xff,0xff,0xff,0xff,0xf6,
  0x00,0x00,0x00,0x02,0xff,0xff,0xff,0xff,0xff,0xff,0x80,0x00,0x00,0x00,0x00,0x23,0x33,0x10,0x00,0x00,0x00,0x01,0xbf,0xff,
  0xff,0xff,0xff,0xff,0xd0,0x00,0x00,0x00,0x00,0x7f,0xff,0xff,0xff,0xff,0xff,0xfc,0x30,0x00,0x00,0x00,0x00,0x00,0x00,0x00,
  0x00,0x00,0x5e,0xff,0xff,0xff,0xff,0xff,0xff,0x30,0x00,0x00,0x00,0x00,0x0c,0xff,0xff,0xff,0xff,0xff,0xff,0xf9,0x20,0x00,
  0x00,0x00,0x00,0x00,0x00,0x00,0x4b,0xff,0xff,0xff,0xff,0xff,0xff,0xf9,0x00,0x00,0x00,0x00,0x00,0x02,0xff,0xff,0xff,0xff,
  0xff,0xff,0xff,0xfb,0x61,0x00,0x00,0x00,0x00,0x02,0x7d,0xff,0xff,0xff,0xff,0xff,0xff,0xff,0xc0,0x00,0x00,0x00,0x00,0x00,
  0x00,0x4f,0xff,0xff,0xff,0xff,0xff,0xff,0xff,0xff,0xeb,0x99,0x89,0xac,0xef,0xff,0xff,0xff,0xff,0xff,0xff,0xff,0xfe,0x20,
  0x00,0x00,0x00,0x00,0x00,0x00,0x06,0xff,0xff,0xff,0xff,0xff,0xff,0xff,0xff,0xff,0xff,0xff,0xff,0xff,0xff,0xff,0xff,0xff,
  0xff,0xff,0xff,0xf3,0x00,0x00,0x00,0x00,0x00,0x00,0x00,0x00,0x7f,0xff,0xff,0xff,0xff,0xff,0xff,0xff,0xff,0xff,0xff,0xff,
  0xff,0xff,0xff,0xff,0xff,0xff,0xff,0xff,0x30,0x00,0x00,0x00,0x00,0x00,0x00,0x00,0x00,0x06,0xff,0xff,0xff,0xff,0xff,0xff,
  0xff,0xff,0xff,0xff,0xff,0xff,0xff,0xff,0xff,0xff,0xff,0xff,0xe3,0x00,0x00,0x00,0x00,0x00,0x00,0x00,0x00,0x00,0x00,0x4f,
  0xff,0xff,0xff,0xff,0xff,0xff,0xff,0xff,0xff,0xff,0xff,0xff,0xff,0xff,0xff,0xff,0xfd,0x20,0x00,0x00,0x00,0x00,0x00,0x00,
  0x00,0x00,0x00,0x00,0x02,0xcf,0xff,0xff,0xff,0xff,0xff,0xff,0xff,0xff,0xff,0xff,0xff,0xff,0xff,0xff,0xff,0xa0,0x00,0x00,
  0x00,0x00,0x00,0x00,0x00,0x00,0x00,0x00,0x00,0x00,0x07,0xff,0xff,0xff,0xff,0xff,0xff,0xff,0xff,0xff,0xff,0xff,0xff,0xff,
  0xff,0xe5,0x00,0x00,0x00,0x00,0x00,0x00,0x00,0x00,0x00,0x00,0x00,0x00,0x00,0x00,0x2a,0xff,0xff,0xff,0xff,0xff,0xff,0xff,
  0xff,0xff,0xff,0xff,0xff,0xf8,0x00,0x00,0x00,0x00,0x00,0x00,0x00,0x00,0x00,0x00,0x00,0x00,0x00,0x00,0x00,0x00,0x29,0xef,
  0xff,0xff,0xff,0xff,0xff,0xff,0xff,0xff,0xff,0xd7,0x10,0x00,0x00,0x00,0x00,0x00,0x00,0x00,0x00,0x00,0x00,0x00,0x00,0x00,
  0x00,0x00,0x00,0x00,0x05,0xad,0xff,0xff,0xff,0xff,0xff,0xff,0xfd,0x93,0x00,0x00,0x00,0x00,0x00,0x00,0x00,0x00,0x00,0x00,
  0x00,0x00,0x00,0x00,0x00,0x00,0x00,0x00,0x00,0x00,0x00,0x14,0x68,0x9a,0xaa,0x98,0x63,0x00,0x00,0x00,0x00,0x00,0x00,0x00,
  0x00,0x00,0x00,0x00,0x00,0x00,0x00,0x00,0x00,0x00,0x00,0x00,0x00,0x00,0x00,0x00,0x00,0x00,0x00,0x00,0x34,0x41,0x00,0x00,
  0x00,0x00,0x00,0x00,0x00,0x00,0x00,0x00,0x00,0x00,0x00,0x04,0xcf,0xff,0xf9,0x00,0x00,0x00,0x00,0x00,0x00,0x00,0x00,0x00,
  0x00,0x00,0x00,0x00,0x9f,0xff,0xff,0xf2,0x00,0x00,0x00,0x00,0x00,0x00,0x00,0x00,0x00,0x00,0x00,0x00,0x09,0xff,0xff,0xff,
  0x50,0x00,0x00,0x00,0x00,0x00,0x00,0x00,0x00,0x00,0x00,0x00,0x00,0x6f,0xff,0xff,0xf8,0x00,0x00,0x00,0x00,0x00,0x00,0x00,
  0x00,0x00,0x00,0x00,0x00,0x04,0xff,0xff,0xff,0xb0,0x00,0x00,0x00,0x00,0x00,0x00,0x00,0x00,0x00,0x00,0x00,0x00,0x2e,0xff,
  0xff,0xfd,0x10,0x00,0x00,0x00,0x00,0x00,0x00,0x00,0x00,0x00,0x00,0x00,0x00,0xcf,0xff,0xff,0xf2,0x00,0x00,0x00,0x00,0x00,
  0x00,0x00,0x00,0x00,0x00,0x00,0x00,0x09,0xff,0xff,0xff,0x40,0x00,0x00,0x00,0x00,0x00,0x00,0x00,0x00,0x00,0x00,0x00,0x00,
  0x5f,0xff,0xff,0xf8,0x00,0x00,0x00,0x00,0x00,0x00,0x00,0x00,0x00,0x00,0x00,0x00,0x02,0xff,0xff,0xff,0xb0,0x00,0x00,0x00,
  0x00,0x00,0x00,0x00,0x00,0x00,0x00,0x00,0x00,0x0d,0xff,0xff,0xfe,0x10,0x00,0x00,0x00,0x00,0x00,0x00,0x00,0x00,0x00,0x00,
  0x00,0x00,0x9f,0xff,0xff,0xf3,0x00,0x00,0x00,0x00,0x00,0x00,0x00,0x00,0x00,0x00,0x00,0x00,0x04,0xff,0xff,0xff,0x60,0x00,
  0x00,0x00,0x00,0x00,0x00,0x00,0x00,0x00,0x00,0x00,0x00,0x1e,0xff,0xff,0xfa,0x00,0x00,0x00,0x00,0x00,0x00,0x00,0x00,0x00,
  0x00,0x00,0x00,0x00,0xbf,0xff,0xff,0xd0,0x00,0x00,0x00,0x00,0x00,0x00,0x00,0x00,0x00,0x00,0x00,0x00,0x06,0xff,0xff,0xff,
  0x30,0x00,0x00,0x00,0x00,0x00,0x00,0x00,0x00,0x00,0x00,0x00,0x00,0x1f,0xff,0xff,0xf6,0x00,0x00,0x00,0x00,0x00,0x00,0x00,
  0x00,0x00,0x00,0x00,0x00,0x00,0xbf,0xff,0xff,0xa0,0x00,0x00,0x00,0x00,0x00,0x00,0x00,0x00,0x00,0x00,0x00,0x00,0x06,0xff,
  0xff,0xfe,0x10,0x00,0x00,0x00,0x00,0x00,0x00,0x00,0x00,0x55,0x00,0x00,0x00,0x1f,0xff,0xff,0xf4,0x00,0x00,0x00,0x00,0x00,
  0x00,0x00,0x00,0x8f,0xff,0x80,0x00,0x00,0xbf,0xff,0xff,0x90,0x00,0x00,0x00,0x00,0x00,0x00,0x00,0x0b,0xff,0xff,0xe0,0x00,
  0x05,0xff,0xff,0xfd,0x00,0x00,0x00,0x00,0x00,0x00,0x00,0x00,0x5f,0xff,0xff,0xf5,0x00,0x1e,0xff,0xff,0xf2,0x00,0x00,0x00,
  0x00,0x00,0x00,0x00,0x00,0x5f,0xff,0xff,0xfb,0x00,0xaf,0xff,0xff,0x70,0x00,0x00,0x00,0x00,0x00,0x00,0x00,0x00,0x1f,0xff,
  0xff,0xff,0x24,0xff,0xff,0xfb,0x00,0x00,0x00,0x00,0x00,0x00,0x00,0x00,0x00,0x0d,0xff,0xff,0xff,0xef,0xff,0xff,0xf1,0x00,
  0x00,0x00,0x00,0x00,0x00,0x00,0x00,0x00,0x08,0xff,0xff,0xff,0xff,0xff,0xff,0x60,0x00,0x00,0x00,0x00,0x00,0x00,0x00,0x00,
  0x00,0x03,0xff,0xff,0xff,0xff,0xff,0xfb,0x00,0x00,0x00,0x00,0x00,0x00,0x00,0x00,0x00,0x00,0x00,0xef,0xff,0xff,0xff,0xff,
  0xf2,0x00,0x00,0x00,0x00,0x00,0x00,0x00,0x00,0x00,0x00,0x00,0x8f,0xff,0xff,0xff,0xff,0x60,0x00,0x00,0x00,0x00,0x00,0x00,
  0x00,0x00,0x00,0x00,0x00,0x2f,0xff,0xff,0xff,0xfc,0x00,0x00,0x00,0x00,0x00,0x00,0x00,0x00,0x00,0x00,0x00,0x00,0x0c,0xff,
  0xff,0xff,0xf2,0x00,0x00,0x00,0x00,0x00,0x00,0x00,0x00,0x00,0x00,0x00,0x00,0x03,0xff,0xff,0xff,0x60,0x00,0x00,0x00,0x00,
  0x00,0x00,0x00,0x00,0x00,0x00,0x00,0x00,0x00,0x6c,0xcc,0xb5,0x00,0x00,0x00,0x00,0x00,0x00,0x00,0x00,0x00,0x00,0x00,0x00,
  0x00,0x00,0x00,0x00,0x00,0x00,0x00,0x00,0x00,0x00,0x00,0x00,0x00,0x00,0x00,0x00,0x35,0x55,0x54,0x20,0x00,0x00,0x00,0x00,
  0x00,0x00,0x00,0x00,0x00,0x00,0x00,0x00,0x00,0x00,0x01,0x9e,0xff,0xff,0xff,0xf1,0x00,0x00,0x00,0x00,0x00,0x00,0x00,0x00,
  0x00,0x00,0x00,0x00,0x00,0x00,0x7f,0xff,0xff,0xff,0xff,0xc0,0x00,0x00,0x00,0x00,0x00,0x00,0x00,0x00,0x00,0x00,0x00,0x00,
  0x00,0x1c,0xff,0xff,0xff,0xff,0xfe,0x20,0x00,0x00,0x00,0x00,0x00,0x00,0x00,0x00,0x00,0x00,0x00,0x00,0x03,0xef,0xff,0xff,
  0xff,0xff,0xf3,0x00,0x00,0x00,0x00,0x00,0x00,0x00,0x00,0x00,0x00,0x00,0x00,0x00,0x4f,0xff,0xff,0xff,0xff,0xff,0x50,0x00,
  0x00,0x00,0x00,0x00,0x00,0x00,0x00,0x00,0x00,0x00,0x00,0x05,0xff,0xff,0xff,0xff,0xff,0xf7,0x00,0x00,0x00,0x00,0x00,0x00,
  0x00,0x00,0x00,0x00,0x00,0x00,0x00,0x5f,0xff,0xff,0xff,0xff,0xff,0x90,0x00,0x00,0x00,0x00,0x00,0x00,0x00,0x00,0x00,0x00,
  0x00,0x00,0x04,0xff,0xff,0xff,0xff,0xff,0xfb,0x00,0x00,0x00,0x00,0x00,0x00,0x00,0x00,0x00,0x00,0x00,0x00,0x00,0x3f,0xff,
  0xff,0xff,0xff,0xff,0xd0,0x00,0x00,0x00,0x00,0x00,0x00,0x00,0x00,0x00,0x00,0x00,0x00,0x02,0xff,0xff,0xff,0xff,0xff,0xfe,
  0x10,0x00,0x00,0x00,0x00,0x00,0x00,0x00,0x00,0x00,0x00,0x00,0x00,0x1e,0xff,0xff,0xff,0xff,0xff,0xf3,0x00,0x00,0x00,0x00,
  0x00,0x00,0x00,0x00,0x00,0x00,0x00,0x00,0x00,0xcf,0xff,0xff,0xff,0xff,0xff,0x50,0x00,0x00,0x00,0x00,0x00,0x00,0x00,0x00,
  0x00,0x00,0x00,0x00,0x09,0xff,0xff,0xff,0xff,0xff,0xf7,0x00,0x00,0x00,0x00,0x00,0x00,0x00,0x00,0x00,0x00,0x00,0x00,0x00,
  0x6f,0xff,0xff,0xff,0xff,0xff,0xa0,0x00,0x00,0x00,0x00,0x00,0x00,0x00,0x00,0x00,0x00,0x00,0x00,0x03,0xff,0xff,0xff,0xff,
  0xff,0xfc,0x00,0x00,0x00,0x00,0x00,0x00,0x00,0x00,0x38,0xbb,0x10,0x00,0x00,0x1d,0xff,0xff,0xff,0xff,0xff,0xe1,0x00,0x00,
  0x00,0x00,0x00,0x00,0x00,0x5d,0xff,0xff,0xb0,0x00,0x00,0xaf,0xff,0xff,0xff,0xff,0xff,0x20,0x00,0x00,0x00,0x00,0x00,0x00,
  0x0c,0xff,0xff,0xff,0xf1,0x00,0x06,0xff,0xff,0xff,0xff,0xff,0xf5,0x00,0x00,0x00,0x00,0x00,0x00,0x00,0x7f,0xff,0xff,0xff,
  0xf7,0x00,0x2f,0xff,0xff,0xff,0xff,0xff,0x80,0x00,0x00,0x00,0x00,0x00,0x00,0x00,0x9f,0xff,0xff,0xff,0xfd,0x00,0xcf,0xff,
  0xff,0xff,0xff,0xfa,0x00,0x00,0x00,0x00,0x00,0x00,0x00,0x00,0x8f,0xff,0xff,0xff,0xff,0x69,0xff,0xff,0xff,0xff,0xff,0xd0,
  0x00,0x00,0x00,0x00,0x00,0x00,0x00,0x00,0x6f,0xff,0xff,0xff,0xff,0xff,0xff,0xff,0xff,0xff,0xff,0x20,0x00,0x00,0x00,0x00,
  0x00,0x00,0x00,0x00,0x3f,0xff,0xff,0xff,0xff,0xff,0xff,0xff,0xff,0xff,0xf4,0x00,0x00,0x00,0x00,0x00,0x00,0x00,0x00,0x00,
  0x0f,0xff,0xff,0xff,0xff,0xff,0xff,0xff,0xff,0xff,0x80,0x00,0x00,0x00,0x00,0x00,0x00,0x00,0x00,0x00,0x0c,0xff,0xff,0xff,
  0xff,0xff,0xff,0xff,0xff,0xfb,0x00,0x00,0x00,0x00,0x00,0x00,0x00,0x00,0x00,0x00,0x08,0xff,0xff,0xff,0xff,0xff,0xff,0xff,
  0xff,0xe1,0x00,0x00,0x00,0x00,0x00,0x00,0x00,0x00,0x00,0x00,0x03,0xff,0xff,0xff,0xff,0xff,0xff,0xff,0xff,0x30,0x00,0x00,
  0x00,0x00,0x00,0x00,0x00,0x00,0x00,0x00,0x00,0xdf,0xff,0xff,0xff,0xff,0xff,0xff,0xf8,0x00,0x00,0x00,0x00,0x00,0x00,0x00,
  0x00,0x00,0x00,0x00,0x00,0x7f,0xff,0xff,0xff,0xff,0xff,0xff,0xc0,0x00,0x00,0x00,0x00,0x00,0x00,0x00,0x00,0x00,0x00,0x00,
  0x00,0x1f,0xff,0xff,0xff,0xff,0xff,0xff,0x20,0x00,0x00,0x00,0x00,0x00,0x00,0x00,0x00,0x00,0x00,0x00,0x00,0x0a,0xff,0xff,
  0xff,0xff,0xff,0xf7,0x00,0x00,0x00,0x00,0x00,0x00,0x00,0x00,0x00,0x00,0x00,0x00,0x00,0x03,0xff,0xff,0xff,0xff,0xff,0xd0,
  0x00,0x00,0x00,0x00,0x00,0x00,0x00,0x00,0x00,0x00,0x00,0x00,0x00,0x00,0xaf,0xff,0xff,0xff,0xff,0x20,0x00,0x00,0x00,0x00,
  0x00,0x00,0x00,0x00,0x00,0x00,0x00,0x00,0x00,0x00,0x1b,0xff,0xff,0xff,0xb2,0x00,0x00,0x00,0x00,0x00,0x00,0x00,0x00,0x00,
  0x00,0x00,0x00,0x00,0x00,0x00,0x00,0x15,0x65,0x41,0x00,0x00,0x00,0x00,0x00,0x00,0x00,0x00,0x00,0x00,0x00,0x00,0x00,0x00,
  0x00,0x00,0x00,0x00,0x00,0x00,0x00,0x00,0x00,0x00,0x00,0x00,0x00,0x00,0x00,0x02,0xb6,0x04,0x70,0x00,0x00,0x00,0x00,0x00,
  0x00,0x00,0x00,0x00,0x00,0x00,0x00,0x00,0x00,0x00,0x2e,0xff,0x7f,0xf8,0x00,0x00,0x00,0x00,0x00,0x05,0x15,0xdc,0x10,0x00,
  0x00,0x00,0x00,0x00,0x02,0xef,0xff,0xff,0xfd,0x00,0x00,0x00,0x00,0x00,0x7f,0xdf,0xff,0x70,0x00,0x00,0x00,0x00,0x00,0x1e,
  0xff,0xff,0xff,0xf7,0x00,0x00,0x00,0x00,0x00,0xef,0xff,0xff,0xd0,0x00,0x00,0x00,0x00,0x01,0xdf,0xff,0xff,0xff,0xa0,0x00,
  0x00,0x00,0x00,0x00,0xcf,0xff,0xff,0xf3,0x00,0x00,0x00,0x00,0x0c,0xff,0xff,0xff,0xfc,0x00,0x00,0x00,0x00,0x00,0x00,0x8f,
  0xff,0xff,0xf9,0x00,0x00,0x00,0x00,0xcf,0xff,0xff,0xff,0xd1,0x00,0x00,0x00,0x00,0x00,0x00,0x4f,0xff,0xff,0xff,0x00,0x00,
  0x00,0x0a,0xff,0xff,0xff,0xfe,0x10,0x00,0x00,0x00,0x00,0x00,0x00,0x0f,0xff,0xff,0xff,0x70,0x00,0x00,0x8f,0xff,0xff,0xff,
  0xf3,0x00,0x00,0x00,0x00,0x00,0x00,0x00,0x0a,0xff,0xff,0xff,0xe0,0x00,0x06,0xff,0xff,0xff,0xff,0x50,0x00,0x00,0x00,0x00,
  0x00,0x00,0x00,0x05,0xff,0xff,0xff,0xf6,0x00,0x4f,0xff,0xff,0xff,0xf7,0x00,0x00,0x00,0x00,0x00,0x00,0x00,0x00,0x00,0xef,
  0xff,0xff,0xfe,0x01,0xef,0xff,0xff,0xff,0xa0,0x00,0x00,0x00,0x00,0x00,0x00,0x00,0x00,0x00,0x9f,0xff,0xff,0xff,0x8c,0xff,
  0xff,0xff,0xfd,0x00,0x00,0x00,0x00,0x00,0x00,0x00,0x00,0x00,0x00,0x3f,0xff,0xff,0xff,0xff,0xff,0xff,0xff,0xf2,0x00,0x00,
  0x00,0x00,0x00,0x00,0x00,0x00,0x00,0x00,0x0d,0xff,0xff,0xff,0xff,0xff,0xff,0xff,0x40,0x00,0x00,0x00,0x00,0x00,0x00,0x00,
  0x00,0x00,0x00,0x07,0xff,0xff,0xff,0xff,0xff,0xff,0xf8,0x00,0x00,0x00,0x00,0x00,0x00,0x00,0x00,0x00,0x00,0x00,0x01,0xff,
  0xff,0xff,0xff,0xff,0xff,0xc0,0x00,0x00,0x00,0x00,0x00,0x00,0x00,0x00,0x00,0x00,0x00,0x00,0xaf,0xff,0xff,0xff,0xff,0xfe,
  0x10,0x00,0x00,0x00,0x00,0x00,0x00,0x00,0x00,0x00,0x00,0x00,0x00,0x4f,0xff,0xff,0xff,0xff,0xf4,0x00,0x00,0x00,0x00,0x00,
  0x00,0x00,0x00,0x00,0x00,0x00,0x00,0x00,0x0d,0xff,0xff,0xff,0xff,0xb0,0x00,0x00,0x00,0x00,0x00,0x00,0x00,0x00,0x00,0x00,
  0x00,0x00,0x00,0x1e,0xff,0xff,0xff,0xff,0xf0,0x00,0x00,0x00,0x00,0x00,0x00,0x00,0x00,0x00,0x00,0x00,0x00,0x00,0xdf,0xff,
  0xff,0xff,0xff,0xf7,0x00,0x00,0x00,0x00,0x00,0x00,0x00,0x00,0x00,0x00,0x00,0x00,0x0a,0xff,0xff,0xff,0xff,0xff,0xfd,0x00,
  0x00,0x00,0x00,0x00,0x00,0x00,0x00,0x00,0x00,0x00,0x00,0x8f,0xff,0xff,0xff,0xff,0xff,0xff,0x50,0x00,0x00,0x00,0x00,0x00,
  0x00,0x00,0x00,0x00,0x00,0x05,0xff,0xff,0xff,0xff,0xff,0xff,0xff,0xd0,0x00,0x00,0x00,0x00,0x00,0x00,0x00,0x00,0x00,0x00,
  0x2f,0xff,0xff,0xff,0xff,0xff,0xff,0xff,0xf5,0x00,0x00,0x00,0x00,0x00,0x00,0x00,0x00,0x00,0x00,0xdf,0xff,0xff,0xff,0xff,
  0xff,0xff,0xff,0xfd,0x00,0x00,0x00,0x00,0x00,0x00,0x00,0x00,0x00,0x0a,0xff,0xff,0xff,0xff,0xcb,0xff,0xff,0xff,0xff,0x60,
  0x00,0x00,0x00,0x00,0x00,0x00,0x00,0x00,0x6f,0xff,0xff,0xff,0xff,0x22,0xff,0xff,0xff,0xff,0xe0,0x00,0x00,0x00,0x00,0x00,
  0x00,0x00,0x02,0xff,0xff,0xff,0xff,0xf5,0x00,0x7f,0xff,0xff,0xff,0xf7,0x00,0x00,0x00,0x00,0x00,0x00,0x00,0x0c,0xff,0xff,
  0xff,0xff,0x90,0x00,0x0d,0xff,0xff,0xff,0xff,0x10,0x00,0x00,0x00,0x00,0x00,0x00,0x8f,0xff,0xff,0xff,0xfd,0x00,0x00,0x03,
  0xff,0xff,0xff,0xff,0x90,0x00,0x00,0x00,0x00,0x00,0x04,0xff,0xff,0xff,0xff,0xf3,0x00,0x00,0x00,0x8f,0xff,0xff,0xff,0xf3,
  0x00,0x00,0x00,0x00,0x00,0x1e,0xff,0xff,0xff,0xff,0x80,0x00,0x00,0x00,0x0c,0xff,0xff,0xff,0xfb,0x00,0x00,0x00,0x00,0x00,
  0xaf,0xff,0xff,0xff,0xfd,0x00,0x00,0x00,0x00,0x02,0xff,0xff,0xff,0xfc,0x00,0x00,0x00,0x00,0x04,0xff,0xff,0xff,0xff,0xf3,
  0x00,0x00,0x00,0x00,0x00,0x6f,0xff,0xff,0xe2,0x00,0x00,0x00,0x00,0x1e,0xff,0xff,0xff,0xff,0x80,0x00,0x00,0x00,0x00,0x00,
  0x0b,0xff,0xff,0x10,0x00,0x00,0x00,0x00,0xaf,0xff,0xff,0xff,0xfd,0x00,0x00,0x00,0x00,0x00,0x00,0x01,0xdf,0xff,0x10,0x00,
  0x00,0x00,0x04,0xff,0xff,0xff,0xff,0xf4,0x00,0x00,0x00,0x00,0x00,0x00,0x00,0x3f,0xf9,0x00,0x00,0x00,0x00,0x0d,0xff,0xff,
  0xff,0xff,0xa0,0x00,0x00,0x00,0x00,0x00,0x00,0x00,0x01,0x30,0x00,0x00,0x00,0x00,0x3f,0xff,0xff,0xff,0xfe,0x10,0x00,0x00,
  0x00,0x00,0x00,0x00,0x00,0x00,0x00,0x00,0x00,0x00,0x00,0x6f,0xff,0xff,0xff,0xf6,0x00,0x00,0x00,0x00,0x00,0x00,0x00,0x00,
  0x00,0x00,0x00,0x00,0x00,0x00,0x7f,0xff,0xff,0xff,0xc0,0x00,0x00,0x00,0x00,0x00,0x00,0x00,0x00,0x00,0x00,0x00,0x00,0x00,
  0x00,0x7f,0xff,0xff,0xff,0x30,0x00,0x00,0x00,0x00,0x00,0x00,0x00,0x00,0x00,0x00,0x00,0x00,0x00,0x00,0x4f,0xff,0xff,0xf9,
  0x00,0x00,0x00,0x00,0x00,0x00,0x00,0x00,0x00,0x00,0x00,0x00,0x00,0x00,0x00,0x0b,0xff,0xff,0xe1,0x00,0x00,0x00,0x00,0x00,
  0x00,0x00,0x00,0x00,0x00,0x00,0x00,0x00,0x00,0x00,0x00,0xdf,0xff,0x40,0x00,0x00,0x00,0x00,0x00,0x00,0x00,0x00,0x00,0x00,
  0x00,0x00,0x00,0x00,0x00,0x00,0x38,0x61,0x00,0x00,0x00,0x00,0x00,0x00,0x00,0x00,0x00,0x00,0x00,0x00,0x00,0x00,0x00,0x00,
  0x00,0x00,0x00,0x00,0x00,0x00,0x00,0x00,0x00,0x00,0x00,0x00,0x00,0x00,0x00,0x00,0x00,0x03,0x10,0x00,0x00,0x00,0x00,0x00,
  0x00,0x00,0x00,0x00,0x00,0x00,0x00,0x00,0x00,0x00,0x00,0x00,0x00,0x00,0xaf,0xe3,0x00,0x00,0x00,0x00,0x00,0x00,0x00,0x00,
  0x00,0x00,0x00,0x00,0x00,0x00,0x00,0x00,0x00,0x00,0x0b,0xff,0xfd,0x00,0x00,0x00,0x00,0x00,0x00,0x04,0x82,0x00,0x00,0x00,
  0x00,0x00,0x00,0x00,0x00,0x00,0x01,0xcf,0xff,0xff,0x20,0x00,0x00,0x00,0x00,0x00,0x0e,0xfe,0x10,0x00,0x00,0x00,0x00,0x00,
  0x00,0x00,0x00,0x1d,0xff,0xff,0xff,0xea,0x20,0x00,0x00,0x0b,0xf8,0x6f,0xff,0x90,0x00,0x00,0x00,0x00,0x00,0x00,0x00,0x02,
  0xef,0xff,0xff,0xff,0xff,0xf1,0x00,0x00,0x4f,0xff,0xff,0xff,0xf2,0x00,0x00,0x00,0x00,0x00,0x00,0x00,0x2e,0xff,0xff,0xff,
  0xff,0xff,0xf3,0x00,0x00,0xaf,0xff,0xff,0xff,0xfb,0x00,0x00,0x00,0x00,0x00,0x00,0x02,0xef,0xff,0xff,0xff,0xff,0xff,0xe0,
  0x00,0x00,0xbf,0xff,0xff,0xff,0xff,0x50,0x00,0x00,0x00,0x00,0x00,0x2e,0xff,0xff,0xff,0xff,0xff,0xfe,0x20,0x00,0x00,0x9f,
  0xff,0xff,0xff,0xff,0xe1,0x00,0x00,0x00,0x00,0x02,0xef,0xff,0xff,0xff,0xff,0xff,0xe2,0x00,0x00,0x00,0x4f,0xff,0xff,0xff,
  0xff,0xfa,0x00,0x00,0x00,0x00,0x2e,0xff,0xff,0xff,0xff,0xff,0xfe,0x20,0x00,0x00,0x00,0x0e,0xff,0xff,0xff,0xff,0xff,0x50,
  0x00,0x00,0x01,0xdf,0xff,0xff,0xff,0xff,0xff,0xd1,0x00,0x00,0x00,0x00,0x08,0xff,0xff,0xff,0xff,0xff,0xf1,0x00,0x00,0x1d,
  0xff,0xff,0xff,0xff,0xff,0xfe,0x20,0x00,0x00,0x00,0x00,0x02,0xff,0xff,0xff,0xff,0xff,0xfc,0x00,0x00,0xcf,0xff,0xff,0xff,
  0xff,0xff,0xe2,0x00,0x00,0x00,0x00,0x00,0x00,0xbf,0xff,0xff,0xff,0xff,0xff,0x80,0x0b,0xff,0xff,0xff,0xff,0xff,0xff,0x30,
  0x00,0x00,0x00,0x00,0x00,0x00,0x5f,0xff,0xff,0xff,0xff,0xff,0xf5,0x9f,0xff,0xff,0xff,0xff,0xff,0xf4,0x00,0x00,0x00,0x00,
  0x00,0x00,0x00,0x0d,0xff,0xff,0xff,0xff,0xff,0xff,0xff,0xff,0xff,0xff,0xff,0xff,0x50,0x00,0x00,0x00,0x00,0x00,0x00,0x00,
  0x06,0xff,0xff,0xff,0xff,0xff,0xff,0xff,0xff,0xff,0xff,0xff,0xf8,0x00,0x00,0x00,0x00,0x00,0x00,0x00,0x00,0x00,0xef,0xff,
  0xff,0xff,0xff,0xff,0xff,0xff,0xff,0xff,0xff,0xa0,0x00,0x00,0x00,0x00,0x00,0x00,0x00,0x00,0x00,0x7f,0xff,0xff,0xff,0xff,
  0xff,0xff,0xff,0xff,0xff,0xfc,0x00,0x00,0x00,0x00,0x00,0x00,0x00,0x00,0x00,0x00,0x0e,0xff,0xff,0xff,0xff,0xff,0xff,0xff,
  0xff,0xff,0xe1,0x00,0x00,0x00,0x00,0x00,0x00,0x00,0x00,0x00,0x00,0x06,0xff,0xff,0xff,0xff,0xff,0xff,0xff,0xff,0xff,0x30,
  0x00,0x00,0x00,0x00,0x00,0x00,0x00,0x00,0x00,0x00,0x00,0xdf,0xff,0xff,0xff,0xff,0xff,0xff,0xff,0xf7,0x00,0x00,0x00,0x00,
  0x00,0x00,0x00,0x00,0x00,0x00,0x00,0x00,0x4f,0xff,0xff,0xff,0xff,0xff,0xff,0xff,0xa0,0x00,0x00,0x00,0x00,0x00,0x00,0x00,
  0x00,0x00,0x00,0x00,0x00,0x0a,0xff,0xff,0xff,0xff,0xff,0xff,0xff,0x10,0x00,0x00,0x00,0x00,0x00,0x00,0x00,0x00,0x00,0x00,
  0x00,0x00,0x06,0xff,0xff,0xff,0xff,0xff,0xff,0xff,0x90,0x00,0x00,0x00,0x00,0x00,0x00,0x00,0x00,0x00,0x00,0x00,0x00,0x4f,
  0xff,0xff,0xff,0xff,0xff,0xff,0xff,0xf5,0x00,0x00,0x00,0x00,0x00,0x00,0x00,0x00,0x00,0x00,0x00,0x03,0xff,0xff,0xff,0xff,
  0xff,0xff,0xff,0xff,0xff,0x20,0x00,0x00,0x00,0x00,0x00,0x00,0x00,0x00,0x00,0x00,0x2e,0xff,0xff,0xff,0xff,0xff,0xff,0xff,
  0xff,0xff,0xd0,0x00,0x00,0x00,0x00,0x00,0x00,0x00,0x00,0x00,0x01,0xdf,0xff,0xff,0xff,0xff,0xff,0xff,0xff,0xff,0xff,0xfa,
  0x00,0x00,0x00,0x00,0x00,0x00,0x00,0x00,0x00,0x0c,0xff,0xff,0xff,0xff,0xff,0xff,0xff,0xff,0xff,0xff,0xff,0x70,0x00,0x00,
  0x00,0x00,0x00,0x00,0x00,0x00,0xaf,0xff,0xff,0xff,0xff,0xff,0xff,0xff,0xff,0xff,0xff,0xff,0xf4,0x00,0x00,0x00,0x00,0x00,
  0x00,0x00,0x07,0xff,0xff,0xff,0xff,0xff,0xff,0xff,0xff,0xff,0xff,0xff,0xff,0xff,0x20,0x00,0x00,0x00,0x00,0x00,0x00,0x4f,
  0xff,0xff,0xff,0xff,0xff,0xff,0xff,0xff,0xff,0xff,0xff,0xff,0xff,0xd1,0x00,0x00,0x00,0x00,0x00,0x02,0xff,0xff,0xff,0xff,
  0xff,0xff,0xff,0xff,0xff,0xff,0xff,0xff,0xff,0xff,0xfc,0x00,0x00,0x00,0x00,0x00,0x0d,0xff,0xff,0xff,0xff,0xff,0xff,0xf4,
  0xaf,0xff,0xff,0xff,0xff,0xff,0xff,0xff,0xb0,0x00,0x00,0x00,0x00,0xaf,0xff,0xff,0xff,0xff,0xff,0xff,0x60,0x1e,0xff,0xff,
  0xff,0xff,0xff,0xff,0xff,0xf7,0x00,0x00,0x00,0x06,0xff,0xff,0xff,0xff,0xff,0xff,0xf8,0x00,0x05,0xff,0xff,0xff,0xff,0xff,
  0xff,0xff,0xf9,0x00,0x00,0x00,0x0f,0xff,0xff,0xff,0xff,0xff,0xff,0xa0,0x00,0x00,0xaf,0xff,0xff,0xff,0xff,0xff,0xff,0xf6,
  0x00,0x00,0x00,0x0f,0xff,0xff,0xff,0xff,0xff,0xfc,0x00,0x00,0x00,0x1e,0xff,0xff,0xff,0xff,0xff,0xff,0xa0,0x00,0x00,0x00,
  0x09,0xff,0xff,0xff,0xff,0xff,0xe1,0x00,0x00,0x00,0x03,0xff,0xff,0xff,0xff,0xff,0xd1,0x00,0x00,0x00,0x00,0x03,0xff,0xff,
  0xff,0xff,0xff,0x30,0x00,0x00,0x00,0x00,0x7f,0xff,0xff,0xff,0xff,0x80,0x00,0x00,0x00,0x00,0x0b,0xff,0xff,0xff,0xff,0xf6,
  0x00,0x00,0x00,0x00,0x00,0x0a,0xff,0xff,0xff,0xff,0x10,0x00,0x00,0x00,0x00,0x0d,0xff,0xff,0xff,0xff,0x90,0x00,0x00,0x00,
  0x00,0x00,0x00,0xbf,0xff,0x35,0x94,0x00,0x00,0x00,0x00,0x00,0x04,0xff,0xff,0xff,0xfc,0x00,0x00,0x00,0x00,0x00,0x00,0x00,
  0x07,0x81,0x00,0x00,0x00,0x00,0x00,0x00,0x00,0x00,0x3c,0xbe,0xff,0xf2,0x00,0x00,0x00,0x00,0x00,0x00,0x00,0x00,0x00,0x00,
  0x00,0x00,0x00,0x00,0x00,0x00,0x00,0x00,0x09,0xff,0x60,0x00,0x00,0x00,0x00,0x00,0x00,0x00,0x00,0x00,0x00,0x00,0x00,0x00,
  0x00,0x00,0x00,0x00,0x00,0x01,0xe9,0x00,0x00,0x00,0x00,0x00,0x00,0x00,0x00,0x00,0x00,0x00,0x00,0x00,0x00,0x00,0x00,0x00,
  0x00,0x00,0x00,0x00,0x00,0x00,0x00,0x00,0x00,0x00,0x11,0x10,0x00,0x00,0x00,0x00,0x00,0x00,0x00,0x00,0x00,0x00,0x00,0x00,
  0x00,0x00,0x00,0x00,0x00,0x02,0x7b,0xdf,0xff,0xff,0xfc,0x95,0x10,0x00,0x00,0x00,0x00,0x00,0x00,0x00,0x00,0x00,0x00,0x00,
  0x00,0x00,0x06,0xdf,0xff,0xff,0xff,0xff,0xff,0xff,0xfa,0x30,0x00,0x00,0x00,0x00,0x00,0x00,0x00,0x00,0x00,0x00,0x00,0x06,
  0xef,0xff,0xff,0xff,0xff,0xff,0xff,0xff,0xff,0xfc,0x20,0x00,0x00,0x00,0x00,0x00,0x00,0x00,0x00,0x00,0x02,0xcf,0xff,0xff,
  0xff,0xff,0xff,0xff,0xff,0xff,0xff,0xff,0xf8,0x00,0x00,0x00,0x00,0x00,0x00,0x00,0x00,0x00,0x4f,0xff,0xff,0xff,0xff,0xeb,
  0xa9,0x9a,0xcf,0xff,0xff,0xff,0xff,0xc1,0x00,0x00,0x00,0x00,0x00,0x00,0x00,0x06,0xff,0xff,0xff,0xfd,0x72,0x00,0x00,0x00,
  0x00,0x39,0xef,0xff,0xff,0xfd,0x20,0x00,0x00,0x00,0x00,0x00,0x00,0x6f,0xff,0xff,0xfd,0x40,0x00,0x00,0x00,0x00,0x00,0x00,
  0x07,0xff,0xff,0xff,0xe2,0x00,0x00,0x00,0x00,0x00,0x05,0xff,0xff,0xff,0x80,0x00,0x00,0x00,0x00,0x00,0x00,0x00,0x00,0x2c,
  0xff,0xff,0xfd,0x10,0x00,0x00,0x00,0x00,0x2f,0xff,0xff,0xf5,0x00,0x00,0x00,0x00,0x00,0x00,0x00,0x00,0x00,0x00,0xaf,0xff,
  0xff,0xb0,0x00,0x00,0x00,0x00,0xcf,0xff,0xff,0x30,0x00,0x00,0x00,0x00,0x00,0x00,0x00,0x00,0x00,0x00,0x09,0xff,0xff,0xf6,
  0x00,0x00,0x00,0x06,0xff,0xff,0xf4,0x00,0x00,0x00,0x00,0x00,0x00,0x00,0x00,0x00,0x00,0x00,0x00,0xaf,0xff,0xff,0x10,0x00,
  0x00,0x0e,0xff,0xff,0x80,0x00,0x00,0x00,0x00,0x00,0x00,0x00,0x00,0x00,0x00,0x00,0x00,0x0d,0xff,0xff,0x90,0x00,0x00,0x7f,
  0xff,0xfd,0x00,0x00,0x00,0x00,0x00,0x00,0x00,0x00,0x00,0x00,0x00,0x00,0x00,0x03,0xff,0xff,0xf1,0x00,0x00,0xdf,0xff,0xf4,
  0x00,0x00,0x00,0x00,0x00,0x00,0x00,0x00,0x00,0x00,0x00,0x00,0x00,0x00,0xaf,0xff,0xf7,0x00,0x03,0xff,0xff,0xc0,0x00,0x00,
  0x00,0x00,0x00,0x00,0x00,0x00,0x00,0x00,0x00,0x00,0x00,0x00,0x2f,0xff,0xfd,0x00,0x07,0xff,0xff,0x60,0x00,0x00,0x00,0x00,
  0x00,0x00,0x00,0x00,0x00,0x00,0x00,0x00,0x00,0x00,0x0c,0xff,0xff,0x10,0x0b,0xff,0xff,0x10,0x00,0x00,0x00,0x00,0x00,0x00,
  0x00,0x00,0x00,0x00,0x00,0x00,0x00,0x00,0x07,0xff,0xff,0x50,0x0e,0xff,0xfd,0x00,0x00,0x00,0x00,0x00,0x00,0x8f,0xff,0xff,
  0xf2,0x00,0x00,0x00,0x00,0x00,0x04,0xff,0xff,0x80,0x0f,0xff,0xfb,0x00,0x00,0x00,0x00,0x00,0x00,0x8f,0xff,0xff,0xf2,0x00,
  0x00,0x00,0x00,0x00,0x01,0xff,0xff,0xa0,0x1f,0xff,0xf9,0x00,0x00,0x00,0x00,0x00,0x00,0x8f,0xff,0xff,0xf2,0x00,0x00,0x00,
  0x00,0x00,0x00,0xff,0xff,0xb0,0x2f,0xff,0xf8,0x00,0x00,0x00,0x00,0x00,0x00,0x8f,0xff,0xff,0xf2,0x00,0x00,0x00,0x00,0x00,
  0x00,0xef,0xff,0xc0,0x2f,0xff,0xf8,0x00,0x00,0x00,0x00,0x00,0x00,0x8f,0xff,0xff,0xf2,0x00,0x00,0x00,0x00,0x00,0x00,0xef,
  0xff,0xc0,0x1f,0xff,0xf9,0x00,0x00,0x00,0x00,0x00,0x00,0x8f,0xff,0xff,0xf2,0x00,0x00,0x00,0x00,0x00,0x00,0xff,0xff,0xb0,
  0x0f,0xff,0xfb,0x00,0x00,0x00,0x00,0x00,0x00,0x8f,0xff,0xff,0xf2,0x00,0x00,0x00,0x00,0x00,0x01,0xff,0xff,0x90,0x0d,0xff,
  0xfe,0x00,0x00,0x00,0x00,0x00,0x00,0x7e,0xee,0xee,0xe1,0x00,0x00,0x00,0x00,0x00,0x04,0xff,0xff,0x70,0x0a,0xff,0xff,0x20,
  0x00,0x00,0x00,0x00,0x00,0x00,0x00,0x00,0x00,0x00,0x00,0x00,0x00,0x00,0x08,0xff,0xff,0x40,0x06,0xff,0xff,0x70,0x00,0x00,
  0x00,0x00,0x00,0x00,0x00,0x00,0x00,0x00,0x00,0x00,0x00,0x00,0x0d,0xff,0xff,0x00,0x02,0xff,0xff,0xe0,0x00,0x00,0x00,0x00,
  0x00,0x00,0x00,0x00,0x00,0x00,0x00,0x00,0x00,0x00,0x4f,0xff,0xfc,0x00,0x00,0xcf,0xff,0xf6,0x00,0x00,0x00,0x00,0x00,0x00,
  0x00,0x00,0x00,0x00,0x00,0x00,0x00,0x00,0xcf,0xff,0xf6,0x00,0x00,0x5f,0xff,0xfe,0x10,0x00,0x00,0x00,0x00,0x00,0x00,0x00,
  0x00,0x00,0x00,0x00,0x00,0x05,0xff,0xff,0xe0,0x00,0x00,0x0d,0xff,0xff,0xa0,0x00,0x00,0x00,0x00,0x00,0x00,0x00,0x00,0x00,
  0x00,0x00,0x00,0x1e,0xff,0xff,0x70,0x00,0x00,0x04,0xff,0xff,0xf7,0x00,0x00,0x00,0x00,0x00,0x00,0x00,0x00,0x00,0x00,0x00,
  0x00,0xcf,0xff,0xfe,0x00,0x00,0x00,0x00,0xaf,0xff,0xff,0x60,0x00,0x00,0x00,0x00,0x00,0x00,0x00,0x00,0x00,0x00,0x0c,0xff,
  0xff,0xf4,0x00,0x00,0x00,0x00,0x1d,0xff,0xff,0xf8,0x00,0x00,0x00,0x00,0x00,0x00,0x00,0x00,0x00,0x01,0xcf,0xff,0xff,0x80,
  0x00,0x00,0x00,0x00,0x02,0xef,0xff,0xff,0xb1,0x00,0x00,0x00,0x00,0x00,0x00,0x00,0x00,0x5e,0xff,0xff,0xfb,0x00,0x00,0x00,
  0x00,0x00,0x00,0x3f,0xff,0xff,0xff,0x81,0x00,0x00,0x00,0x00,0x00,0x00,0x3b,0xff,0xff,0xff,0xc0,0x00,0x00,0x00,0x00,0x00,
  0x00,0x03,0xef,0xff,0xff,0xff,0xa5,0x10,0x00,0x00,0x03,0x7c,0xff,0xff,0xff,0xfb,0x00,0x00,0x00,0x00,0x00,0x00,0x00,0x00,
  0x2d,0xff,0xff,0xff,0xff,0xff,0xdc,0xcd,0xff,0xff,0xff,0xff,0xff,0x90,0x00,0x00,0x00,0x00,0x00,0x00,0x00,0x00,0x00,0x9f,
  0xff,0xff,0xff,0xff,0xff,0xff,0xff,0xff,0xff,0xff,0xe5,0x00,0x00,0x00,0x00,0x00,0x00,0x00,0x00,0x00,0x00,0x03,0xbf,0xff,
  0xff,0xff,0xff,0xff,0xff,0xff,0xff,0xf8,0x00,0x00,0x00,0x00,0x00,0x00,0x00,0x00,0x00,0x00,0x00,0x00,0x03,0x9e,0xff,0xff,
  0xff,0xff,0xff,0xff,0xd7,0x10,0x00,0x00,0x00,0x00,0x00,0x00,0x00,0x00,0x00,0x00,0x00,0x00,0x00,0x00,0x37,0xac,0xde,0xed,
  0xb9,0x62,0x00,0x00,0x00,0x00,0x00,0x00,0x00,0x00,0x00,0x00,0x00,0x00,0x00,0x00,0x01,0x46,0x77,0x75,0x30,0x00,0x00,0x00,
  0x00,0x00,0x00,0x00,0x00,0x00,0x00,0x00,0x00,0x00,0x00,0x00,0x00,0x00,0x00,0x00,0x00,0x00,0x00,0x00,0x5a,0xef,0xff,0xff,
  0xff,0xff,0xc7,0x10,0x00,0x00,0x00,0x00,0x00,0x00,0x00,0x00,0x00,0x00,0x00,0x00,0x00,0x00,0x00,0x00,0x00,0x00,0x00,0x00,
  0x7e,0xff,0xff,0xff,0xff,0xff,0xff,0xff,0xfa,0x20,0x00,0x00,0x00,0x00,0x00,0x00,0x00,0x00,0x00,0x00,0x00,0x00,0x00,0x00,
  0x00,0x00,0x00,0x00,0x4e,0xff,0xff,0xff,0xff,0xff,0xff,0xff,0xff,0xff,0xf8,0x00,0x00,0x00,0x00,0x00,0x00,0x00,0x00,0x00,
  0x00,0x00,0x00,0x71,0x00,0x00,0x00,0x00,0x09,0xff,0xff,0xff,0xff,0xff,0xff,0xff,0xff,0xff,0xff,0xff,0xd3,0x00,0x00,0x00,
  0x00,0x00,0x00,0x00,0x00,0x00,0x00,0x07,0xfe,0x30,0x00,0x00,0x01,0xcf,0xff,0xff,0xff,0xff,0xff,0xff,0xff,0xff,0xff,0xff,
  0xff,0xff,0x60,0x00,0x00,0x00,0x00,0x00,0x00,0x00,0x00,0x00,0x5f,0xff,0xf5,0x00,0x00,0x1c,0xff,0xff,0xff,0xff,0xff,0xff,
  0xff,0xff,0xff,0xff,0xff,0xff,0xff,0xf9,0x00,0x00,0x00,0x00,0x00,0x00,0x00,0x00,0x05,0xff,0xff,0xff,0x70,0x00,0xcf,0xff,
  0xff,0xff,0xff,0xe9,0x52,0x00,0x13,0x8d,0xff,0xff,0xff,0xff,0xff,0xc1,0x00,0x00,0x00,0x00,0x00,0x00,0x00,0x6f,0xff,0xff,
  0xff,0xf7,0x0a,0xff,0xff,0xff,0xff,0xf7,0x00,0x00,0x00,0x00,0x00,0x5d,0xff,0xff,0xff,0xff,0xff,0x60,0x00,0x00,0x00,0x00,
  0x00,0x1a,0xff,0xff,0xff,0xff,0xe1,0x6f,0xff,0xff,0xff,0xfc,0x20,0x00,0x00,0x00,0x00,0x00,0x00,0x8f,0xff,0xff,0xff,0xff,
  0xfd,0x71,0x00,0x00,0x00,0x39,0xff,0xff,0xff,0xff,0xff,0x30,0x2e,0xff,0xff,0xff,0xa0,0x00,0x00,0x00,0x00,0x00,0x00,0x00,
  0x04,0xef,0xff,0xff,0xff,0xff,0xff,0xdb,0xaa,0xcf,0xff,0xff,0xff,0xff,0xff,0xf5,0x00,0x01,0xdf,0xff,0xfb,0x00,0x00,0x00,
  0x00,0x00,0x00,0x00,0x00,0x00,0x2d,0xff,0xff,0xff,0xff,0xff,0xff,0xff,0xff,0xff,0xff,0xff,0xff,0xff,0x50,0x00,0x00,0x0b,
  0xff,0xc0,0x00,0x00,0x00,0x00,0x00,0x00,0x00,0x00,0x00,0x00,0xbf,0xff,0xff,0xff,0xff,0xff,0xff,0xff,0xff,0xff,0xff,0xff,
  0xe4,0x00,0x00,0x00,0x00,0x9e,0x10,0x00,0x00,0x00,0x00,0x00,0x00,0x00,0x00,0x00,0x00,0x06,0xff,0xff,0xff,0xff,0xff,0xff,
  0xff,0xff,0xff,0xff,0xfc,0x20,0x00,0x00,0x00,0x00,0x01,0x00,0x00,0x00,0x00,0x00,0x00,0x00,0x00,0x00,0x00,0x00,0x00,0x1a,
  0xff,0xff,0xff,0xff,0xff,0xff,0xff,0xff,0xfe,0x60,0x00,0x00,0x00,0x00,0x00,0x00,0x00,0x00,0x00,0x00,0x00,0x00,0x00,0x00,
  0x00,0x00,0x00,0x00,0x00,0x29,0xef,0xff,0xff,0xff,0xff,0xff,0xfd,0x60,0x00,0x00,0x00,0x00,0x00,0x00,0x00,0x00,0x00,0x00,
  0x00,0x00,0x00,0x00,0x00,0x00,0x00,0x00,0x00,0x00,0x00,0x04,0x8b,0xdf,0xff,0xec,0x96,0x20,0x00,0x00,0x00,0x00,0x00,0x1b,
  0x72,0x00,0x00,0x00,0x00,0x00,0x00,0x00,0x00,0x00,0x00,0x00,0x00,0x00,0x2c,0xff,0xc5,0x00,0x00,0x00,0x00,0x00,0x00,0x00,
  0x00,0x00,0x00,0x00,0x00,0x00,0x6f,0xff,0xe7,0x00,0x00,0x00,0x00,0x00,0x00,0x00,0x00,0x00,0x00,0x00,0x00,0x01,0xbf,0xff,
  0xe6,0x00,0x00,0x00,0x00,0x00,0x00,0x00,0x00,0x00,0x00,0x00,0x00,0x08,0xff,0xff,0xd4,0x00,0x00,0x00,0x00,0x00,0x00,0x00,
  0x00,0x00,0x00,0x00,0x00,0x4e,0xff,0xff,0xb1,0x00,0x00,0x00,0x00,0x00,0x00,0x00,0x00,0x00,0x00,0x00,0x02,0xef,0xff,0xfe,
  0x50,0x00,0x00,0x00,0x00,0x00,0x00,0x00,0x00,0x00,0x00,0x00,0x2d,0xff,0xff,0xf9,0x00,0x00,0x00,0x00,0x00,0x00,0x00,0x00,
  0x00,0x00,0x00,0x01,0xdf,0xff,0xff,0xc1,0x00,0x00,0x00,0x00,0x00,0x00,0x00,0x00,0x00,0x00,0x00,0x2e,0xff,0xff,0xfd,0x20,
  0x00,0x00,0x00,0x00,0x00,0x00,0x00,0x00,0x00,0x00,0x03,0xff,0xff,0xff,0xe2,0x00,0x00,0x00,0x00,0x00,0x00,0x00,0x00,0x00,
  0x00,0x00,0x5f,0xff,0xff,0xfe,0x20,0x00,0x00,0x00,0x00,0x00,0x00,0x00,0x00,0x00,0x00,0x08,0xff,0xff,0xff,0xe2,0x00,0x00,
  0x00,0x00,0x00,0x00,0x00,0x00,0x00,0x00,0x00,0xbf,0xff,0xff,0xfd,0x10,0x00,0x00,0x00,0x00,0x00,0x00,0x00,0x00,0x00,0x00,
  0x1e,0xff,0xff,0xff,0xc0,0x00,0x00,0x00,0x00,0x00,0x00,0x00,0x00,0x00,0x00,0x03,0xff,0xff,0xff,0xf9,0x00,0x00,0x00,0x00,
  0x00,0x00,0x00,0x00,0x00,0x00,0x00,0x7f,0xff,0xff,0xff,0x60,0x00,0x00,0x00,0x00,0x00,0x00,0x00,0x00,0x00,0x00,0x0c,0xff,
  0xff,0xff,0xf3,0x00,0x00,0x00,0x00,0x00,0x00,0x00,0x00,0x00,0x00,0x02,0xff,0xff,0xff,0xfd,0x00,0x00,0x00,0x00,0x00,0x00,
  0x00,0x00,0x00,0x00,0x00,0x7f,0xff,0xff,0xff,0x90,0x00,0x00,0x00,0x00,0x00,0x00,0x00,0x00,0x00,0x00,0x0d,0xff,0xff,0xff,
  0xf3,0x00,0x00,0x00,0x00,0x00,0x00,0x00,0x00,0x00,0x00,0x05,0xff,0xff,0xff,0xfc,0x00,0x00,0x00,0x00,0x00,0x00,0x00,0x00,
  0x00,0x00,0x00,0xdf,0xff,0xff,0xff,0x40,0x00,0x00,0x00,0x00,0x00,0x00,0x00,0x00,0x00,0x00,0x6f,0xff,0xff,0xff,0xa0,0x00,
  0x00,0x00,0x00,0x00,0x00,0x00,0x00,0x00,0x00,0x0f,0xff,0xff,0xff,0xf0,0x00,0x00,0x00,0x00,0x00,0x00,0x00,0x00,0x00,0x00,
  0x0a,0xff,0xff,0xff,0xf1,0x00,0x00,0x00,0x00,0x00,0x00,0x00,0x00,0x00,0x00,0x04,0xff,0xff,0xff,0xf1,0x00,0x00,0x00,0x00,
  0x00,0x00,0x00,0x00,0x00,0x00,0x00,0xff,0xff,0xff,0xf0,0x00,0x00,0x00,0x00,0x00,0x00,0x00,0x00,0x00,0x00,0x00,0x9f,0xff,
  0xff,0xe0,0x00,0x00,0x00,0x00,0x00,0x00,0x00,0x00,0x00,0x00,0x00,0x2f,0xff,0xff,0xb0,0x00,0x00,0x00,0x00,0x00,0x00,0x00,
  0x00,0x00,0x00,0x00,0x05,0xff,0xff,0x40,0x00,0x00,0x00,0x00,0x00,0x00,0x00,0x00,0x00,0x00,0x00,0x00,0x27,0x73,0x00,0x00,
  0x00,0x00,0x00,0x00,0x00,0x00,0x00,0x00,0x00,0x00,0x00,0x00,0x00,0x00,0x00,0x00,0x00,0x00,0x00,0x00,0x00,0x00,0x00,0x00,
  0x00,0x00,0x00,0x00,0x00,0x00,0x00,0x00,0x00,0x0a,0xfc,0x84,0x00,0x00,0x00,0x00,0x00,0x00,0x00,0x00,0x00,0x00,0x00,0x00,
  0x00,0x00,0x00,0x00,0x00,0x03,0xcf,0xff,0xfa,0x20,0x00,0x00,0x00,0x00,0x00,0x00,0x00,0x00,0x00,0x00,0x00,0x00,0x00,0x00,
  0x00,0x00,0x08,0xff,0xff,0xf6,0x00,0x00,0x00,0x00,0x00,0x00,0x00,0x00,0x00,0x00,0x00,0x00,0x00,0x00,0x00,0x00,0x00,0x5f,
  0xff,0xff,0x50,0x00,0x00,0x00,0x00,0x00,0x00,0x00,0x00,0x00,0x00,0x00,0x00,0x00,0x00,0x00,0x00,0x06,0xff,0xff,0xf1,0x00,
  0x00,0x00,0x00,0x00,0x00,0x00,0x00,0x00,0x00,0x00,0xbd,0x95,0x10,0x00,0x00,0x00,0xef,0xff,0xf8,0x00,0x00,0x00,0x00,0x00,
  0x00,0x00,0x00,0x00,0x00,0x00,0x6f,0xff,0xfc,0x60,0x00,0x00,0xbf,0xff,0xfd,0x1b,0x72,0x00,0x00,0x00,0x00,0x00,0x00,0x00,
  0x00,0x00,0x02,0xcf,0xff,0xfe,0x30,0x00,0x5f,0xff,0xfb,0x2c,0xff,0xc5,0x00,0x00,0x00,0x00,0x00,0x00,0x00,0x00,0x00,0x0a,
  0xff,0xff,0xe2,0x00,0x04,0xac,0xa1,0x00,0x6f,0xff,0xe7,0x00,0x00,0x00,0x00,0x00,0x00,0x00,0x00,0x00,0xbf,0xff,0xfc,0x00,
  0x00,0x00,0x00,0x00,0x01,0xbf,0xff,0xe6,0x00,0x00,0x00,0x00,0x00,0x00,0x00,0x00,0x1f,0xff,0xff,0x40,0x00,0x00,0x00,0x00,
  0x00,0x08,0xff,0xff,0xd4,0x00,0x00,0x00,0x00,0x00,0x00,0x00,0x0e,0xff,0xff,0x90,0x00,0x00,0x00,0x00,0x00,0x00,0x4e,0xff,
  0xff,0xb1,0x00,0x00,0x00,0x00,0x00,0x00,0x09,0xff,0xff,0x90,0x00,0x00,0x00,0x00,0x00,0x00,0x02,0xef,0xff,0xfe,0x50,0x00,
  0x00,0x00,0x00,0x00,0x00,0x7c,0xea,0x10,0x00,0x00,0x00,0x00,0x00,0x00,0x00,0x2d,0xff,0xff,0xf9,0x00,0x00,0x00,0x00,0x00,
  0x00,0x00,0x00,0x00,0x00,0x00,0x00,0x00,0x00,0x00,0x00,0x01,0xdf,0xff,0xff,0xc1,0x00,0x00,0x00,0x00,0x00,0x00,0x00,0x00,
  0x00,0x00,0x00,0x00,0x00,0x00,0x00,0x00,0x2e,0xff,0xff,0xfd,0x20,0x00,0x00,0x00,0x00,0x00,0x00,0x00,0x00,0x00,0x00,0x00,
  0x00,0x00,0x00,0x00,0x03,0xff,0xff,0xff,0xe2,0x00,0x00,0x00,0x00,0x00,0x00,0x00,0x00,0x00,0x00,0x00,0x00,0x00,0x00,0x00,
  0x00,0x5f,0xff,0xff,0xfe,0x20,0x00,0x00,0x00,0x00,0x00,0x00,0x00,0x00,0x00,0x00,0x00,0x00,0x00,0x00,0x00,0x08,0xff,0xff,
  0xff,0xe2,0x00,0x00,0x00,0x00,0x00,0x00,0x00,0x00,0x00,0x00,0x00,0x00,0x00,0x00,0x00,0x00,0xbf,0xff,0xff,0xfd,0x10,0x00,
  0x00,0x00,0x00,0x00,0x00,0x00,0x00,0x00,0x00,0x00,0x00,0x00,0x00,0x00,0x1e,0xff,0xff,0xff,0xc0,0x00,0x00,0x00,0x00,0x00,
  0x00,0x00,0x00,0x00,0x00,0x00,0x00,0x00,0x00,0x00,0x03,0xff,0xff,0xff,0xf9,0x00,0x00,0x00,0x00,0x00,0x00,0x00,0x00,0x00,
  0x00,0x00,0x00,0x00,0x00,0x00,0x00,0x7f,0xff,0xff,0xff,0x60,0x00,0x00,0x00,0x00,0x00,0x00,0x00,0x00,0x00,0x00,0x00,0x00,
  0x00,0x00,0x00,0x0c,0xff,0xff,0xff,0xf3,0x00,0x00,0x00,0x00,0x00,0x00,0x00,0x00,0x00,0x00,0x00,0x00,0x00,0x00,0x00,0x02,
  0xff,0xff,0xff,0xfd,0x00,0x00,0x00,0x00,0x00,0x00,0x00,0x00,0x00,0x00,0x00,0x00,0x00,0x00,0x00,0x00,0x7f,0xff,0xff,0xff,
  0x90,0x00,0x00,0x00,0x00,0x00,0x00,0x00,0x00,0x00,0x00,0x00,0x00,0x00,0x00,0x00,0x0d,0xff,0xff,0xff,0xf3,0x00,0x00,0x00,
  0x00,0x00,0x00,0x00,0x00,0x00,0x00,0x00,0x00,0x00,0x00,0x00,0x05,0xff,0xff,0xff,0xfc,0x00,0x00,0x00,0x00,0x00,0x00,0x00,
  0x00,0x00,0x00,0x00,0x00,0x00,0x00,0x00,0x00,0xdf,0xff,0xff,0xff,0x40,0x00,0x00,0x00,0x00,0x00,0x00,0x00,0x00,0x00,0x00,
  0x00,0x00,0x00,0x00,0x00,0x6f,0xff,0xff,0xff,0xa0,0x00,0x00,0x00,0x00,0x00,0x00,0x00,0x00,0x00,0x00,0x00,0x00,0x00,0x00,
  0x00,0x0f,0xff,0xff,0xff,0xf0,0x00,0x00,0x00,0x00,0x00,0x00,0x00,0x00,0x00,0x00,0x00,0x00,0x00,0x00,0x00,0x0a,0xff,0xff,
  0xff,0xf1,0x00,0x00,0x00,0x00,0x00,0x00,0x00,0x00,0x00,0x00,0x00,0x00,0x00,0x00,0x00,0x04,0xff,0xff,0xff,0xf1,0x00,0x00,
  0x00,0x00,0x00,0x00,0x00,0x00,0x00,0x00,0x00,0x00,0x00,0x00,0x00,0x00,0xff,0xff,0xff,0xf0,0x00,0x00,0x00,0x00,0x00,0x00,
  0x00,0x00,0x00,0x00,0x00,0x00,0x00,0x00,0x00,0x00,0x9f,0xff,0xff,0xe0,0x00,0x00,0x00,0x00,0x00,0x00,0x00,0x00,0x00,0x00,
  0x00,0x00,0x00,0x00,0x00,0x00,0x2f,0xff,0xff,0xb0,0x00,0x00,0x00,0x00,0x00,0x00,0x00,0x00,0x00,0x00,0x00,0x00,0x00,0x00,
  0x00,0x00,0x05,0xff,0xff,0x40,0x00,0x00,0x00,0x00,0x00,0x00,0x00,0x00,0x00,0x00,0x00,0x00,0x00,0x00,0x00,0x00,0x00,0x27,
  0x73,0x00,0x00,0x00,0x00,0x00,0x00,0x00,0x00,0x00,0x00,0x00,0x00,0x00,0x00,0x00,0x00,0x00,0x00,0x00,0x00,0x00,0x00,0x00,
  0x00,0x00,0x00,0x00,0x00,0x00,0x00,0x00,0x00,0x00,0x00,0x00,0x00,0x00,0x00,0x00,0x00,0x00,0x00,0x00,0x01,0x48,0xac,0xef,
  0xff,0xff,0xed,0xb8,0x51,0x00,0x00,0x00,0x00,0x00,0x00,0x00,0x00,0x00,0x00,0x00,0x00,0x00,0x00,0x00,0x00,0x00,0x00,0x27,
  0xdf,0xff,0xff,0xff,0xff,0xff,0xff,0xff,0xff,0xd8,0x20,0x00,0x00,0x00,0x00,0x00,0x00,0x00,0x00,0x00,0x00,0x00,0x00,0x00,
  0x00,0x00,0x4b,0xff,0xff,0xd9,0x64,0x21,0x00,0x01,0x24,0x69,0xdf,0xff,0xfb,0x40,0x00,0x00,0x00,0x00,0x00,0x00,0x00,0x00,
  0x00,0x00,0x00,0x00,0x00,0x2b,0xff,0xfb,0x61,0x00,0x00,0x00,0x00,0x00,0x00,0x00,0x01,0x6b,0xff,0xfc,0x30,0x00,0x00,0x00,
  0x00,0x00,0x00,0x00,0x00,0x00,0x00,0x00,0x08,0xff,0xf9,0x20,0x00,0x00,0x00,0x00,0x00,0x00,0x00,0x00,0x00,0x00,0x29,0xff,
  0xf9,0x00,0x00,0x00,0x00,0x00,0x00,0x00,0x00,0x00,0x00,0x02,0xcf,0xfb,0x20,0x00,0x00,0x00,0x00,0x00,0x00,0x00,0x00,0x00,
  0x00,0x00,0x00,0x2b,0xff,0xd2,0x00,0x00,0x00,0x00,0x00,0x00,0x00,0x00,0x00,0x3e,0xff,0x60,0x00,0x00,0x00,0x00,0x00,0x00,
  0x00,0x00,0x00,0x00,0x00,0x00,0x00,0x00,0x5f,0xfe,0x30,0x00,0x00,0x00,0x00,0x00,0x00,0x00,0x04,0xff,0xd2,0x00,0x00,0x00,
  0x00,0x00,0x00,0x00,0x00,0x00,0x00,0x00,0x00,0x00,0x00,0x00,0x02,0xdf,0xf4,0x00,0x00,0x00,0x00,0x00,0x00,0x00,0x3f,0xfc,
  0x10,0x00,0x00,0x00,0x00,0x00,0x00,0x00,0x00,0x00,0x00,0x00,0x00,0x00,0x00,0x00,0x00,0x1c,0xff,0x30,0x00,0x00,0x00,0x00,
  0x00,0x02,0xef,0xc0,0x00,0x00,0x00,0x00,0x00,0x00,0x00,0x00,0x00,0x00,0x00,0x00,0x00,0x00,0x00,0x00,0x00,0x00,0xcf,0xe2,
  0x00,0x00,0x00,0x00,0x00,0x0c,0xfd,0x10,0x00,0x00,0x00,0x00,0x00,0x00,0x00,0x00,0x00,0x00,0x00,0x00,0x00,0x00,0x00,0x00,
  0x00,0x00,0x1d,0xfd,0x00,0x00,0x00,0x00,0x00,0x8f,0xf2,0x00,0x00,0x00,0x00,0x00,0x00,0x00,0x00,0x00,0x00,0x00,0x00,0x00,
  0x00,0x00,0x00,0x00,0x00,0x00,0x02,0xff,0x90,0x00,0x00,0x00,0x02,0xff,0x60,0x00,0x00,0x00,0x00,0x00,0x00,0x00,0x00,0x00,
  0x00,0x00,0x00,0x00,0x00,0x00,0x00,0x00,0x00,0x00,0x00,0x5f,0xf3,0x00,0x00,0x00,0x0b,0xfc,0x00,0x00,0x00,0x00,0x00,0x00,
  0x00,0x00,0x00,0x00,0x00,0x00,0x00,0x00,0x00,0x00,0x00,0x00,0x00,0x00,0x00,0x0b,0xfc,0x00,0x00,0x00,0x3f,0xf2,0x00,0x00,
  0x00,0x00,0x00,0x00,0x00,0x00,0x00,0x00,0x00,0x00,0x00,0x00,0x00,0x00,0x00,0x00,0x00,0x00,0x00,0x02,0xff,0x40,0x00,0x00,
  0xaf,0xa0,0x00,0x00,0x00,0x00,0x00,0x00,0x00,0x00,0x00,0x00,0x00,0x00,0x00,0x00,0x00,0x00,0x00,0x00,0x00,0x00,0x00,0x00,
  0x9f,0xb0,0x00,0x01,0xff,0x30,0x00,0x00,0x00,0x00,0x00,0x00,0x00,0x00,0x00,0x00,0x00,0x00,0x00,0x00,0x00,0x00,0x00,0x00,
  0x00,0x00,0x00,0x00,0x2f,0xf2,0x00,0x07,0xfc,0x00,0x00,0x00,0x00,0x00,0x00,0x00,0x00,0x00,0x00,0x00,0x00,0x00,0x00,0x00,
  0x00,0x00,0x00,0x00,0x00,0x00,0x00,0x00,0x0b,0xf8,0x00,0x0c,0xf7,0x00,0x00,0x00,0x00,0x00,0x00,0x00,0x00,0x00,0x00,0x00,
  0x00,0x00,0x00,0x00,0x00,0x00,0x00,0x00,0x00,0x00,0x00,0x00,0x06,0xfd,0x00,0x0f,0xf1,0x00,0x00,0x00,0x00,0x00,0x00,0x00,
  0x00,0x00,0x00,0x00,0x00,0x00,0x00,0x00,0x00,0x00,0x00,0x00,0x00,0x00,0x00,0x00,0x01,0xff,0x10,0x4f,0xd0,0x00,0x00,0x00,
  0x00,0x00,0x00,0x00,0x00,0x00,0x00,0x00,0x00,0x00,0x00,0x00,0x00,0x00,0x00,0x00,0x00,0x00,0x00,0x00,0x00,0xdf,0x50,0x7f,
  0xa0,0x00,0x00,0x00,0x00,0x00,0x00,0x00,0x00,0x00,0x00,0x00,0x00,0x00,0x00,0x00,0x00,0x00,0x00,0x00,0x00,0x00,0x00,0x00,
  0x00,0x9f,0x80,0xaf,0x70,0x00,0x00,0x00,0x00,0x00,0x00,0x00,0x00,0x00,0x00,0x00,0x00,0x00,0x00,0x00,0x00,0x00,0x00,0x00,
  0x00,0x00,0x00,0x00,0x00,0x6f,0xa0,0xcf,0x50,0x00,0x00,0x00,0x00,0x00,0x00,0x00,0x00,0x00,0x00,0x00,0x00,0x00,0x00,0x00,
  0x00,0x00,0x00,0x00,0x00,0x00,0x00,0x00,0x00,0x4f,0xc0,0xdf,0x30,0x00,0x00,0x00,0x00,0x00,0x00,0x00,0x00,0x00,0x00,0x00,
  0x00,0x00,0x00,0x00,0x00,0x00,0x00,0x00,0x00,0x00,0x00,0x00,0x00,0x2f,0xe0,0xef,0x20,0x00,0x00,0x00,0x00,0x00,0x00,0x00,
  0x00,0x00,0x00,0x00,0x00,0x00,0x00,0x00,0x00,0x00,0x00,0x00,0x00,0x00,0x00,0x00,0x00,0x1f,0xf0,0xff,0x10,0x00,0x00,0x00,
  0x00,0x00,0x00,0x00,0x00,0x00,0x00,0x00,0x00,0x00,0x00,0x00,0x00,0x00,0x00,0x00,0x00,0x00,0x00,0x00,0x00,0x0f,0xf0,0xff,
  0x10,0x00,0x00,0x00,0x00,0x00,0x00,0x00,0x00,0x00,0x00,0x00,0x00,0x00,0x00,0x00,0x00,0x00,0x00,0x00,0x00,0x00,0x00,0x00,
  0x00,0x0f,0xf0,0xff,0x10,0x00,0x00,0x00,0x00,0x00,0x00,0x00,0x00,0x00,0x00,0x00,0x00,0x00,0x00,0x00,0x00,0x00,0x00,0x00,
  0x00,0x00,0x00,0x00,0x00,0x0f,0xf0,0xef,0x20,0x00,0x00,0x00,0x00,0x00,0x00,0x00,0x00,0x00,0x00,0x00,0x00,0x00,0x00,0x00,
  0x00,0x00,0x00,0x00,0x00,0x00,0x00,0x00,0x00,0x1f,0xf0,0xdf,0x30,0x00,0x00,0x00,0x00,0x00,0x00,0x00,0x00,0x00,0x00,0x00,
  0x00,0x00,0x00,0x00,0x00,0x00,0x00,0x00,0x00,0x00,0x00,0x00,0x00,0x2f,0xe0,0xcf,0x50,0x00,0x00,0x00,0x00,0x00,0x00,0x00,
  0x00,0x00,0x00,0x00,0x00,0x00,0x00,0x00,0x00,0x00,0x00,0x00,0x00,0x00,0x00,0x00,0x00,0x4f,0xd0,0xaf,0x70,0x00,0x00,0x00,
  0x00,0x00,0x00,0x00,0x00,0x00,0x00,0x00,0x00,0x00,0x00,0x00,0x00,0x00,0x00,0x00,0x00,0x00,0x00,0x00,0x00,0x6f,0xa0,0x7f,
  0xa0,0x00,0x00,0x00,0x00,0x00,0x00,0x00,0x00,0x00,0x00,0x00,0x00,0x00,0x00,0x00,0x00,0x00,0x00,0x00,0x00,0x00,0x00,0x00,
  0x00,0x9f,0x80,0x4f,0xd0,0x00,0x00,0x00,0x00,0x00,0x00,0x00,0x00,0x00,0x00,0x00,0x00,0x00,0x00,0x00,0x00,0x00,0x00,0x00,
  0x00,0x00,0x00,0x00,0x00,0xdf,0x50,0x0f,0xf1,0x00,0x00,0x00,0x00,0x00,0x00,0x00,0x00,0x00,0x00,0x00,0x00,0x00,0x00,0x00,
  0x00,0x00,0x00,0x00,0x00,0x00,0x00,0x00,0x01,0xff,0x10,0x0c,0xf7,0x00,0x00,0x00,0x00,0x00,0x00,0x00,0x00,0x00,0x00,0x00,
  0x00,0x00,0x00,0x00,0x00,0x00,0x00,0x00,0x00,0x00,0x00,0x00,0x06,0xfd,0x00,0x07,0xfc,0x00,0x00,0x00,0x00,0x00,0x00,0x00,
  0x00,0x00,0x00,0x00,0x00,0x00,0x00,0x00,0x00,0x00,0x00,0x00,0x00,0x00,0x00,0x00,0x0b,0xf8,0x00,0x01,0xff,0x30,0x00,0x00,
  0x00,0x00,0x00,0x00,0x00,0x00,0x00,0x00,0x00,0x00,0x00,0x00,0x00,0x00,0x00,0x00,0x00,0x00,0x00,0x00,0x2f,0xf2,0x00,0x00,
  0xaf,0xa0,0x00,0x00,0x00,0x00,0x00,0x00,0x00,0x00,0x00,0x00,0x00,0x00,0x00,0x00,0x00,0x00,0x00,0x00,0x00,0x00,0x00,0x00,
  0x9f,0xb0,0x00,0x00,0x3f,0xf2,0x00,0x00,0x00,0x00,0x00,0x00,0x00,0x00,0x00,0x00,0x00,0x00,0x00,0x00,0x00,0x00,0x00,0x00,
  0x00,0x00,0x00,0x02,0xff,0x40,0x00,0x00,0x0b,0xfb,0x00,0x00,0x00,0x00,0x00,0x00,0x00,0x00,0x00,0x00,0x00,0x00,0x00,0x00,
  0x00,0x00,0x00,0x00,0x00,0x00,0x00,0x0b,0xfc,0x00,0x00,0x00,0x02,0xff,0x60,0x00,0x00,0x00,0x00,0x00,0x00,0x00,0x00,0x00,
  0x00,0x00,0x00,0x00,0x00,0x00,0x00,0x00,0x00,0x00,0x00,0x5f,0xf3,0x00,0x00,0x00,0x00,0x8f,0xf2,0x00,0x00,0x00,0x00,0x00,
  0x00,0x00,0x00,0x00,0x00,0x00,0x00,0x00,0x00,0x00,0x00,0x00,0x00,0x00,0x02,0xff,0x90,0x00,0x00,0x00,0x00,0x0c,0xfd,0x10,
  0x00,0x00,0x00,0x00,0x00,0x00,0x00,0x00,0x00,0x00,0x00,0x00,0x00,0x00,0x00,0x00,0x00,0x00,0x0d,0xfd,0x00,0x00,0x00,0x00,
  0x00,0x02,0xef,0xc0,0x00,0x00,0x00,0x00,0x00,0x00,0x00,0x00,0x00,0x00,0x00,0x00,0x00,0x00,0x00,0x00,0x00,0x00,0xcf,0xf2,
  0x00,0x00,0x00,0x00,0x00,0x00,0x3f,0xfc,0x10,0x00,0x00,0x00,0x00,0x00,0x00,0x00,0x00,0x00,0x00,0x00,0x00,0x00,0x00,0x00,
  0x00,0x0c,0xff,0x40,0x00,0x00,0x00,0x00,0x00,0x00,0x04,0xff,0xd2,0x00,0x00,0x00,0x00,0x00,0x00,0x00,0x00,0x00,0x00,0x00,
  0x00,0x00,0x00,0x00,0x02,0xdf,0xf5,0x00,0x00,0x00,0x00,0x00,0x00,0x00,0x00,0x3e,0xff,0x60,0x00,0x00,0x00,0x00,0x00,0x00,
  0x00,0x00,0x00,0x00,0x00,0x00,0x00,0x00,0x5f,0xff,0x40,0x00,0x00,0x00,0x00,0x00,0x00,0x00,0x00,0x02,0xcf,0xfb,0x20,0x00,
  0x00,0x00,0x00,0x00,0x00,0x00,0x00,0x00,0x00,0x00,0x00,0x2a,0xff,0xd2,0x00,0x00,0x00,0x00,0x00,0x00,0x00,0x00,0x00,0x00,
  0x08,0xff,0xf9,0x20,0x00,0x00,0x00,0x00,0x00,0x00,0x00,0x00,0x00,0x00,0x29,0xff,0xf9,0x00,0x00,0x00,0x00,0x00,0x00,0x00,
  0x00,0x00,0x00,0x00,0x00,0x3c,0xff,0xfb,0x61,0x00,0x00,0x00,0x00,0x00,0x00,0x00,0x01,0x5b,0xff,0xfc,0x30,0x00,0x00,0x00,
  0x00,0x00,0x00,0x00,0x00,0x00,0x00,0x00,0x00,0x00,0x4b,0xff,0xff,0xd9,0x64,0x21,0x00,0x01,0x24,0x69,0xcf,0xff,0xfc,0x40,
  0x00,0x00,0x00,0x00,0x00,0x00,0x00,0x00,0x00,0x00,0x00,0x00,0x00,0x00,0x00,0x27,0xdf,0xff,0xff,0xff,0xff,0xff,0xff,0xff,
  0xff,0xd8,0x20,0x00,0x00,0x00,0x00,0x00,0x00,0x00,0x00,0x00,0x00,0x00,0x00,0x00,0x00,0x00,0x00,0x00,0x01,0x58,0xbd,0xef,
  0xff,0xff,0xed,0xb8,0x51,0x00,0x00,0x00,0x00,0x00,0x00,0x00,0x00,0x00,0x00,0x00,0x00,0x00,0x00,0x00,0x00,0x00,0x00,0x00,
  0x00,0x00,0x00,0x00,0x00,0x00,0x00,0x00,0x00,0x00,0x00,0x00,0x00,0x00,0x00,0x00,0x00,0x00,0x00,0x00,0x00,0x00,0x01,0x10,
  0x00,0x00,0x00,0x00,0x00,0x00,0x1d,0xf6,0x00,0x00,0x00,0x00,0x00,0x01,0xdf,0xff,0xb1,0x00,0x00,0x00,0x00,0x00,0x9f,0xff,
  0xfe,0x20,0x00,0x00,0x00,0x00,0x06,0xff,0xff,0xf4,0x00,0x00,0x20,0x00,0x00,0x4f,0xff,0xff,0x40,0x06,0xfd,0x40,0x00,0x02,
  0xef,0xff,0x90,0x9f,0xff,0xf8,0x00,0x00,0x2e,0xf9,0x00,0x2c,0xff,0xff,0xa0,0x00,0x01,0x80,0x00,0x00,0x9f,0xff,0xfc,0x00,
  0x00,0x00,0x00,0x00,0x07,0xff,0xff,0xc0,0x00,0x00,0x00,0x00,0x00,0x6f,0xff,0xf8,0x00,0x00,0x00,0x00,0x00,0x06,0xff,0xb0,
  0x00,0x00,0x00,0x00,0x00,0x00,0x89,0x00,0x00,0x00,0x00,0x00,0x00,0x00,0x00,0x00,0x00,0x00,0x00,0x00,0x00,0x00,0x00,0x00,
  0x00,0x00,0x00,0x00,0x00,0x4b,0xfd,0x60,0x00,0x00,0x00,0x00,0x00,0x00,0x00,0x00,0x00,0x00,0x00,0x00,0x00,0x00,0x00,0x00,
  0x00,0x00,0x00,0x00,0x00,0x00,0x00,0x00,0x00,0x00,0x00,0x00,0x0a,0xff,0xff,0xfd,0x30,0x00,0x00,0x00,0x00,0x00,0x00,0x00,
  0x00,0x00,0x00,0x00,0x00,0x00,0x00,0x00,0x00,0x00,0x00,0x00,0x00,0x00,0x00,0x00,0x00,0x00,0x00,0x01,0xdf,0xff,0xff,0xff,
  0xf8,0x00,0x00,0x00,0x00,0x00,0x00,0x00,0x00,0x00,0x00,0x00,0x00,0x00,0x00,0x00,0x00,0x00,0x00,0x00,0x00,0x00,0x00,0x00,
  0x00,0x00,0x00,0x2d,0xff,0xff,0xff,0xff,0xff,0xb1,0x00,0x00,0x00,0x00,0x00,0x00,0x00,0x00,0x00,0x00,0x00,0x00,0x00,0x00,
  0x00,0x00,0x00,0x00,0x00,0x00,0x00,0x00,0x00,0x00,0x02,0xef,0xff,0xff,0xff,0xff,0xff,0xfe,0x30,0x00,0x00,0x00,0x00,0x00,
  0x00,0x00,0x00,0x00,0x00,0x00,0x00,0x00,0x00,0x00,0x00,0x00,0x00,0x00,0x00,0x00,0x00,0x00,0x2e,0xff,0xff,0xf7,0x16,0xef,
  0xff,0xff,0xf6,0x00,0x00,0x00,0x00,0x00,0x00,0x00,0x00,0x00,0x00,0x00,0x00,0x00,0x00,0x00,0x00,0x00,0x00,0x00,0x00,0x00,
  0x00,0x02,0xef,0xff,0xfe,0x40,0x00,0x09,0xff,0xff,0xff,0x90,0x00,0x00,0x00,0x00,0x00,0x00,0x00,0x00,0x00,0x00,0x00,0x00,
  0x00,0x00,0x00,0x00,0x00,0x00,0x00,0x00,0x00,0x2e,0xff,0xff,0xe2,0x00,0x00,0x00,0x4e,0xff,0xff,0xfc,0x10,0x00,0x00,0x00,
  0x00,0x00,0x00,0x00,0x00,0x00,0x00,0x00,0x00,0x00,0x00,0x00,0x00,0x00,0x00,0x00,0x02,0xef,0xff,0xfe,0x20,0x00,0x00,0x00,
  0x01,0xbf,0xff,0xff,0xe3,0x00,0x00,0x00,0x00,0x00,0x00,0x00,0x00,0x00,0x00,0x00,0x00,0x00,0x00,0x00,0x00,0x00,0x00,0x00,
  0x1e,0xff,0xff,0xe2,0x00,0x00,0x00,0x00,0x00,0x07,0xff,0xff,0xff,0x50,0x00,0x00,0x00,0x00,0x00,0x00,0x00,0x00,0x00,0x00,
  0x00,0x00,0x00,0x00,0x00,0x00,0x00,0x01,0xdf,0xff,0xfe,0x20,0x00,0x00,0x00,0x00,0x00,0x00,0x4e,0xff,0xff,0xf8,0x00,0x00,
  0x00,0x00,0x00,0x00,0x00,0x00,0x00,0x00,0x00,0x00,0x00,0x00,0x00,0x00,0x00,0x1d,0xff,0xff,0xe2,0x00,0x00,0x00,0x00,0x00,
  0x00,0x00,0x02,0xdf,0xff,0xff,0xb0,0x00,0x00,0x00,0x00,0x00,0x00,0x00,0x00,0x00,0x00,0x00,0x00,0x00,0x00,0x00,0x01,0xdf,
  0xff,0xfe,0x20,0x00,0x00,0x00,0x00,0x00,0x00,0x00,0x00,0x0a,0xff,0xff,0xfd,0x20,0x00,0x00,0x00,0x00,0x00,0x00,0x00,0x00,
  0x00,0x00,0x00,0x00,0x00,0x00,0x1d,0xff,0xff,0xe2,0x00,0x00,0x00,0x00,0x00,0x00,0x00,0x00,0x00,0x00,0x7f,0xff,0xff,0xe3,
  0x00,0x00,0x00,0x00,0x00,0x00,0x00,0x00,0x00,0x00,0x00,0x00,0x00,0x03,0xef,0xff,0xfe,0x20,0x00,0x00,0x00,0x00,0x00,0x00,
  0x00,0x00,0x00,0x00,0x04,0xef,0xff,0xff,0x60,0x00,0x00,0x00,0x00,0x00,0x00,0x00,0x00,0x00,0x00,0x00,0x00,0x5f,0xff,0xff,
  0xf3,0x00,0x00,0x00,0x00,0x00,0x00,0x00,0x00,0x00,0x00,0x00,0x00,0x1c,0xff,0xff,0xfa,0x00,0x00,0x00,0x00,0x00,0x00,0x00,
  0x00,0x00,0x00,0x00,0x08,0xff,0xff,0xff,0x30,0x00,0x00,0x00,0x00,0x00,0x00,0x00,0x00,0x00,0x00,0x00,0x00,0x00,0xaf,0xff,
  0xff,0xd2,0x00,0x00,0x00,0x00,0x00,0x00,0x00,0x00,0x00,0x03,0xdf,0xff,0xff,0xf4,0x00,0x00,0x00,0x00,0x00,0x00,0x00,0x00,
  0x00,0x00,0x00,0x00,0x00,0x00,0x07,0xff,0xff,0xff,0x60,0x00,0x00,0x00,0x00,0x00,0x00,0x00,0x00,0x4f,0xff,0xff,0xff,0x50,
  0x00,0x00,0x00,0x00,0x00,0x00,0x00,0x00,0x00,0x00,0x00,0x00,0x00,0x00,0x00,0x4e,0xff,0xff,0xfb,0x20,0x00,0x00,0x00,0x00,
  0x00,0x00,0x00,0x07,0xff,0xff,0xf5,0x00,0x00,0x00,0x00,0x00,0x00,0x00,0x00,0x00,0x00,0x00,0x00,0x00,0x00,0x00,0x00,0x01,
  0xcf,0xff,0xff,0xf7,0x00,0x00,0x00,0x00,0x00,0x00,0x00,0x00,0x6f,0xff,0x60,0x00,0x00,0x00,0x00,0x00,0x00,0x00,0x00,0x00,
  0x00,0x00,0x00,0x00,0x00,0x00,0x00,0x00,0x0a,0xff,0xff,0xff,0xd3,0x00,0x00,0x00,0x00,0x00,0x00,0x00,0x05,0xf7,0x00,0x00,
  0x00,0x00,0x00,0x00,0x00,0x00,0x00,0x00,0x00,0x00,0x00,0x00,0x00,0x00,0x00,0x00,0x00,0x6f,0xff,0xff,0xff,0xa2,0x00,0x00,
  0x00,0x00,0x00,0x00,0x00,0x20,0x00,0x00,0x00,0x00,0x00,0x00,0x00,0x00,0x00,0x00,0x00,0x00,0x00,0x00,0x00,0x00,0x00,0x00,
  0x00,0x03,0xdf,0xff,0xff,0xff,0x91,0x00,0x00,0x00,0x00,0x00,0x00,0x00,0x00,0x00,0x00,0x00,0x00,0x00,0x00,0x00,0x00,0x00,
  0x00,0x00,0x00,0x00,0x00,0x00,0x00,0x00,0x00,0x00,0x09,0xff,0xff,0xff,0xff,0x92,0x00,0x00,0x00,0x00,0x00,0x00,0x00,0x00,
  0x00,0x00,0x00,0x00,0x00,0x00,0x00,0x00,0x00,0x00,0x00,0x00,0x00,0x00,0x00,0x00,0x00,0x00,0x00,0x4e,0xff,0xff,0xff,0xff,
  0xb5,0x00,0x00,0x00,0x00,0x00,0x00,0x00,0x00,0x00,0x00,0x00,0x00,0x00,0x00,0x00,0x00,0x00,0x00,0x00,0x00,0x00,0x00,0x00,
  0x00,0x00,0x00,0x01,0xaf,0xff,0xff,0xff,0xff,0xf9,0x00,0x00,0x00,0x00,0x00,0x00,0x00,0x00,0x00,0x00,0x00,0x00,0x00,0x00,
  0x00,0x00,0x00,0x00,0x00,0x00,0x00,0x00,0x00,0x00,0x00,0x00,0x04,0xdf,0xff,0xff,0xff,0xf3,0x00,0x00,0x00,0x00,0x00,0x00,
  0x00,0x00,0x00,0x00,0x00,0x00,0x00,0x00,0x00,0x00,0x00,0x00,0x00,0x00,0x00,0x00,0x00,0x00,0x00,0x00,0x00,0x07,0xff,0xff,
  0xff,0x40,0x00,0x00,0x00,0x00,0x00,0x00,0x00,0x00,0x00,0x00,0x00,0x00,0x00,0x00,0x00,0x00,0x00,0x00,0x00,0x00,0x00,0x00,
  0x00,0x00,0x00,0x00,0x00,0x00,0x19,0xff,0xf4,0x00,0x00,0x00,0x00,0x00,0x00,0x00,0x00,0x00,0x00,0x00,0x00,0x00,0x00,0x00,
  0x00,0x00,0x00,0x00,0x00,0x00,0x00,0x00,0x00,0x00,0x00,0x00,0x00,0x00,0x00,0x2a,0x40,0x00,0x00,0x00,0x00,0x00,0x00,0x00,
  0x00,0x00,0x00,0x00,0x01,0x9e,0xea,0x40,0x00,0x00,0x00,0x00,0x00,0x00,0x00,0x00,0x00,0x00,0x00,0x00,0x00,0x00,0x00,0x00,
  0x00,0x00,0x00,0x00,0x00,0x00,0x00,0x00,0x00,0x00,0x00,0x00,0x6f,0xff,0xff,0xfd,0x40,0x00,0x00,0x00,0x00,0x00,0x00,0x00,
  0x00,0x00,0x00,0x00,0x00,0x00,0x00,0x00,0x00,0x00,0x00,0x00,0x00,0x00,0x00,0x00,0x00,0x00,0x00,0x0b,0xff,0xff,0xff,0xff,
  0xf8,0x00,0x00,0x00,0x00,0x00,0x00,0x00,0x00,0x00,0x00,0x00,0x00,0x00,0x00,0x00,0x00,0x00,0x00,0x00,0x00,0x00,0x00,0x00,
  0x00,0x00,0x02,0xdf,0xff,0xff,0xff,0xff,0xff,0xb1,0x00,0x00,0x00,0x00,0x00,0x00,0x00,0x00,0x00,0x00,0x00,0x00,0x00,0x00,
  0x00,0x00,0x00,0x00,0x00,0x00,0x00,0x00,0x00,0x00,0x3f,0xff,0xff,0xd5,0x2c,0xff,0xff,0xfe,0x30,0x00,0x00,0x00,0x00,0x00,
  0x00,0x00,0x00,0x00,0x00,0x00,0x00,0x00,0x00,0x00,0x00,0x00,0x00,0x00,0x00,0x00,0x00,0x04,0xff,0xff,0xfa,0x00,0x00,0xaf,
  0xff,0xff,0xf6,0x00,0x00,0x00,0x00,0x00,0x00,0x00,0x00,0x00,0x00,0x00,0x00,0x00,0x00,0x00,0x00,0x00,0x00,0x00,0x00,0x00,
  0x00,0x6f,0xff,0xff,0x70,0x00,0x00,0x07,0xff,0xff,0xff,0x90,0x00,0x00,0x00,0x00,0x00,0x00,0x00,0x00,0x00,0x00,0x00,0x00,
  0x00,0x00,0x00,0x00,0x00,0x00,0x00,0x00,0x07,0xff,0xff,0xf5,0x00,0x00,0x00,0x00,0x4f,0xff,0xff,0xfc,0x20,0x00,0x00,0x00,
  0x00,0x00,0x00,0x00,0x00,0x00,0x00,0x00,0x00,0x00,0x00,0x00,0x00,0x00,0x00,0x00,0x8f,0xff,0xff,0x40,0x00,0x00,0x00,0x00,
  0x02,0xdf,0xff,0xff,0xe4,0x00,0x00,0x00,0x00,0x00,0x00,0x00,0x00,0x00,0x00,0x00,0x00,0x00,0x00,0x00,0x00,0x00,0x00,0x0a,
  0xff,0xff,0xf4,0x00,0x00,0x00,0x00,0x00,0x00,0x0b,0xff,0xff,0xff,0x80,0x00,0x00,0x00,0x00,0x00,0x00,0x00,0x00,0x00,0x00,
  0x00,0x00,0x00,0x00,0x00,0x00,0x00,0xbf,0xff,0xff,0x40,0x00,0x00,0x00,0x00,0x00,0x00,0x00,0x7f,0xff,0xff,0xfc,0x10,0x00,
  0x00,0x00,0x00,0x00,0x00,0x00,0x00,0x00,0x00,0x00,0x00,0x00,0x00,0x00,0x1c,0xff,0xff,0xf5,0x00,0x00,0x00,0x00,0x00,0x00,
  0x00,0x00,0x04,0xef,0xff,0xff,0xe5,0x00,0x00,0x00,0x00,0x00,0x00,0x00,0x00,0x00,0x00,0x00,0x00,0x00,0x00,0x01,0xdf,0xff,
  0xff,0x60,0x00,0x00,0x00,0x00,0x00,0x00,0x00,0x00,0x00,0x1c,0xff,0xff,0xff,0x90,0x00,0x00,0x00,0x00,0x00,0x00,0x00,0x00,
  0x00,0x00,0x00,0x00,0x00,0x4e,0xff,0xff,0xf7,0x00,0x00,0x00,0x00,0x00,0x00,0x00,0x00,0x00,0x00,0x00,0x8f,0xff,0xff,0xfd,
  0x30,0x00,0x00,0x00,0x00,0x00,0x00,0x00,0x00,0x00,0x00,0x00,0x08,0xff,0xff,0xff,0x80,0x00,0x00,0x00,0x00,0x00,0x00,0x00,
  0x00,0x00,0x00,0x00,0x04,0xef,0xff,0xff,0xf8,0x00,0x00,0x00,0x00,0x00,0x00,0x00,0x00,0x00,0x00,0x02,0xcf,0xff,0xff,0xfa,
  0x00,0x00,0x00,0x00,0x00,0x00,0x00,0x00,0x00,0x00,0x00,0x00,0x00,0x1b,0xff,0xff,0xff,0xd4,0x00,0x00,0x00,0x00,0x00,0x00,
  0x00,0x00,0x00,0x6f,0xff,0xff,0xff,0xb0,0x00,0x00,0x00,0x00,0x00,0x00,0x00,0x00,0x00,0x00,0x00,0x00,0x00,0x00,0x7f,0xff,
  0xff,0xff,0xb2,0x00,0x00,0x00,0x00,0x00,0x00,0x00,0x00,0x6f,0xff,0xff,0xfd,0x00,0x00,0x00,0x00,0x00,0x00,0x00,0x00,0x00,
  0x00,0x00,0x00,0x00,0x00,0x00,0x03,0xdf,0xff,0xff,0xff,0x80,0x00,0x00,0x00,0x00,0x00,0x00,0x00,0x07,0xff,0xff,0xe1,0x00,
  0x00,0x00,0x00,0x00,0x00,0x00,0x00,0x00,0x00,0x00,0x00,0x00,0x00,0x00,0x00,0x09,0xff,0xff,0xff,0xfe,0x70,0x00,0x00,0x00,
  0x00,0x00,0x00,0x00,0x7f,0xff,0x30,0x00,0x00,0x00,0x00,0x00,0x00,0x00,0x00,0x00,0x00,0x00,0x00,0x00,0x00,0x00,0x00,0x00,
  0x4e,0xff,0xff,0xff,0xfe,0x60,0x00,0x00,0x00,0x00,0x00,0x00,0x08,0xf4,0x00,0x00,0x00,0x00,0x00,0x00,0x00,0x00,0x00,0x00,
  0x00,0x00,0x00,0x00,0x00,0x00,0x00,0x00,0x01,0x9f,0xff,0xff,0xff,0xfe,0x70,0x00,0x00,0x00,0x00,0x00,0x00,0x30,0x00,0x00,
  0x00,0x00,0x00,0x00,0x00,0x00,0x00,0x00,0x00,0x00,0x00,0x00,0x00,0x00,0x00,0x00,0x00,0x04,0xdf,0xff,0xff,0xff,0xff,0x81,
  0x00,0x00,0x00,0x00,0x00,0x00,0x00,0x00,0x00,0x00,0x00,0x00,0x00,0x00,0x00,0x00,0x00,0x00,0x00,0x00,0x00,0x00,0x00,0x00,
  0x00,0x00,0x08,0xff,0xff,0xff,0xff,0xff,0xa4,0x00,0x00,0x00,0x00,0x00,0x00,0x00,0x00,0x00,0x00,0x00,0x00,0x00,0x00,0x00,
  0x00,0x00,0x00,0x00,0x00,0x00,0x00,0x00,0x00,0x00,0x00,0x2b,0xff,0xff,0xff,0xff,0xff,0xe8,0x20,0x00,0x00,0x00,0x00,0x00,
  0x00,0x00,0x00,0x00,0x00,0x00,0x00,0x00,0x00,0x00,0x00,0x00,0x00,0x00,0x00,0x00,0x00,0x00,0x00,0x00,0x5e,0xff,0xff,0xff,
  0xff,0xff,0xa0,0x00,0x00,0x00,0x00,0x00,0x00,0x00,0x00,0x00,0x00,0x00,0x00,0x00,0x00,0x00,0x00,0x00,0x00,0x00,0x00,0x00,
  0x00,0x00,0x00,0x00,0x00,0x7e,0xff,0xff,0xff,0xfe,0x10,0x00,0x00,0x00,0x00,0x00,0x00,0x00,0x00,0x00,0x00,0x00,0x00,0x00,
  0x00,0x00,0x00,0x00,0x00,0x00,0x00,0x00,0x00,0x00,0x00,0x00,0x00,0x01,0x8f,0xff,0xff,0xf3,0x00,0x00,0x00,0x00,0x00,0x00,
  0x00,0x00,0x00,0x00,0x00,0x00,0x00,0x00,0x00,0x00,0x00,0x00,0x00,0x00,0x00,0x00,0x00,0x00,0x00,0x00,0x00,0x00,0x01,0x8e,
  0xff,0x70,0x00,0x00,0x00,0x00,0x00,0x00,0x00,0x00,0x00,0x00,0x00,0x00,0x00,0x00,0x00,0x00,0x00,0x00,0x00,0x00,0x00,0x00,
  0x00,0x00,0x00,0x00,0x00,0x00,0x00,0x00,0x6a,0x00,0x00,0x00,0x00,0x00,0x00,0x00,0x00,0x00,0x00,0x00,0x00,0x00,0x00,0x00,
  0x00,0x00,0x9a,0xaa,0xaa,0xa6,0x00,0x00,0x00,0x00,0x00,0x00,0x00,0x00,0x00,0x00,0x00,0x00,0x00,0x00,0x00,0x00,0x00,0x00,
  0x07,0xff,0xff,0xff,0xf1,0x00,0x00,0x00,0x00,0x00,0x00,0x00,0x00,0x00,0x00,0x00,0x00,0x00,0x00,0x00,0x00,0x00,0x00,0x2f,
  0xff,0xff,0xff,0x70,0x00,0x00,0x00,0x00,0x00,0x00,0x00,0x00,0x00,0x00,0x00,0x00,0x00,0x00,0x00,0x00,0x00,0x00,0xcf,0xff,
  0xff,0xfc,0x00,0x00,0x00,0x00,0x00,0x00,0x00,0x00,0x00,0x00,0x00,0x00,0x00,0x00,0x00,0x00,0x00,0x00,0x06,0xff,0xff,0xff,
  0xf2,0x00,0x00,0x00,0x00,0x00,0x00,0x00,0x00,0x00,0x00,0x00,0x00,0x00,0x00,0x00,0x00,0x00,0x00,0x1f,0xff,0xff,0xff,0x80,
  0x00,0x00,0x00,0x00,0x00,0x00,0x00,0x00,0x00,0x00,0x00,0x00,0x00,0x00,0x00,0x00,0x00,0x00,0xaf,0xff,0xff,0xfd,0x00,0x00,
  0x00,0x00,0x00,0x00,0x00,0x00,0x00,0x00,0x00,0x00,0x00,0x00,0x00,0x00,0x00,0x00,0x05,0xff,0xff,0xff,0xf4,0x00,0x00,0x00,
  0x00,0x00,0x00,0x00,0x00,0x00,0x00,0x00,0x00,0x00,0x00,0x00,0x00,0x00,0x00,0x0e,0xff,0xff,0xff,0x90,0x00,0x00,0x00,0x00,
  0x00,0x00,0x00,0x00,0x00,0x00,0x00,0x00,0x00,0x00,0x00,0x00,0x00,0x00,0x9f,0xff,0xff,0xfe,0x10,0x00,0x00,0x00,0x00,0x00,
  0x00,0x00,0x00,0x00,0x00,0x00,0x00,0x00,0x00,0x00,0x00,0x00,0x03,0xff,0xff,0xff,0xf5,0x00,0x00,0x00,0x00,0x00,0x00,0x00,
  0x00,0x00,0x00,0x00,0x00,0x00,0x00,0x00,0x00,0x00,0x00,0x0d,0xff,0xff,0xff,0xb0,0x00,0x00,0x00,0x00,0x00,0x00,0x00,0x00,
  0x00,0x00,0x00,0x00,0x00,0x00,0x00,0x00,0x00,0x00,0x8f,0xff,0xff,0xff,0x20,0x00,0x00,0x00,0x00,0x00,0x00,0x00,0x00,0x00,
  0x00,0x00,0x00,0x00,0x00,0x00,0x00,0x00,0x02,0xff,0xff,0xff,0xf7,0x00,0x00,0x00,0x00,0x00,0x00,0x00,0x00,0x00,0x00,0x00,
  0x00,0x00,0x00,0x00,0x00,0x00,0x00,0x0c,0xff,0xff,0xff,0xc0,0x00,0x00,0x00,0x00,0x00,0x00,0x00,0x00,0x00,0x00,0x00,0x00,
  0x00,0x00,0x00,0x00,0x00,0x00,0x6f,0xff,0xff,0xff,0x30,0x00,0x00,0x00,0x00,0x00,0x00,0x00,0x00,0x00,0x00,0x00,0x00,0x00,
  0x00,0x00,0x00,0x00,0x01,0xff,0xff,0xff,0xf8,0x00,0x00,0x00,0x00,0x00,0x00,0x00,0x00,0x00,0x00,0x00,0x00,0x00,0x00,0x00,
  0x00,0x00,0x00,0x0b,0xff,0xff,0xff,0xd0,0x00,0x00,0x00,0x00,0x00,0x00,0x00,0x00,0x00,0x00,0x00,0x00,0x00,0x00,0x00,0x00,
  0x00,0x00,0x5f,0xff,0xff,0xff,0x40,0x00,0x00,0x00,0x00,0x00,0x00,0x00,0x00,0x00,0x00,0x00,0x00,0x00,0x00,0x00,0x00,0x00,
  0x01,0xef,0xff,0xff,0xfa,0x00,0x00,0x00,0x00,0x00,0x00,0x00,0x00,0x00,0x00,0x00,0x00,0x00,0x00,0x00,0x00,0x00,0x00,0x09,
  0xff,0xff,0xff,0xe1,0x00,0x00,0x00,0x00,0x00,0x00,0x00,0x00,0x00,0x00,0x00,0x00,0x00,0x00,0x00,0x00,0x00,0x00,0x4f,0xff,
  0xff,0xff,0x50,0x00,0x00,0x00,0x00,0x00,0x00,0x00,0x00,0x00,0x00,0x00,0x00,0x00,0x00,0x00,0x00,0x00,0x00,0xdf,0xff,0xff,
  0xfb,0x00,0x00,0x00,0x00,0x00,0x00,0x00,0x00,0x00,0x00,0x00,0x00,0x00,0x00,0x00,0x00,0x00,0x00,0x08,0xff,0xff,0xff,0xf2,
  0x00,0x00,0x00,0x00,0x00,0x00,0x00,0x00,0x00,0x00,0x00,0x00,0x00,0x00,0x00,0x00,0x00,0x00,0x2f,0xff,0xff,0xff,0x70,0x00,
  0x00,0x00,0x00,0x00,0x00,0x00,0x00,0x00,0x00,0x00,0x00,0x00,0x00,0x00,0x00,0x00,0x00,0xcf,0xff,0xff,0xfc,0x00,0x00,0x00,
  0x00,0x00,0x00,0x00,0x00,0x00,0x00,0x00,0x00,0x00,0x00,0x00,0x00,0x00,0x00,0x07,0xff,0xff,0xff,0xf3,0x00,0x00,0x00,0x00,
  0x00,0x00,0x00,0x00,0x00,0x00,0x00,0x00,0x00,0x00,0x00,0x00,0x00,0x00,0x2f,0xff,0xff,0xff,0x80,0x00,0x00,0x00,0x00,0x00,
  0x00,0x00,0x00,0x00,0x00,0x00,0x00,0x00,0x00,0x00,0x00,0x00,0x00,0xbf,0xff,0xff,0xfd,0x00,0x00,0x00,0x00,0x00,0x00,0x00,
  0x00,0x00,0x00,0x00,0x00,0x00,0x00,0x00,0x00,0x00,0x00,0x05,0xff,0xff,0xff,0xf4,0x00,0x00,0x00,0x00,0x00,0x00,0x00,0x00,
  0x00,0x00,0x00,0x00,0x00,0x00,0x00,0x00,0x00,0x00,0x1e,0xff,0xff,0xff,0xa0,0x00,0x00,0x00,0x00,0x00,0x00,0x00,0x00,0x00,
  0x00,0x00,0x00,0x00,0x00,0x00,0x00,0x00,0x00,0xaf,0xff,0xff,0xfe,0x10,0x00,0x00,0x00,0x00,0x00,0x00,0x00,0x00,0x00,0x00,
  0x00,0x00,0x00,0x00,0x00,0x00,0x00,0x04,0xff,0xff,0xff,0xf5,0x00,0x00,0x00,0x00,0x00,0x00,0x00,0x00,0x00,0x00,0x00,0x00,
  0x00,0x00,0x00,0x00,0x00,0x00,0x0d,0xff,0xff,0xff,0xb0,0x00,0x00,0x00,0x00,0x00,0x00,0x00,0x00,0x00,0x00,0x00,0x00,0x00,
  0x00,0x00,0x00,0x00,0x00,0x8f,0xff,0xff,0xff,0x20,0x00,0x00,0x00,0x00,0x00,0x00,0x00,0x00,0x00,0x00,0x00,0x00,0x00,0x00,
  0x00,0x00,0x00,0x03,0xff,0xff,0xff,0xf7,0x00,0x00,0x00,0x00,0x00,0x00,0x00,0x00,0x00,0x00,0x00,0x00,0x00,0x00,0x00,0x00,
  0x00,0x00,0x0c,0xff,0xff,0xff,0xc0,0x00,0x00,0x00,0x00,0x00,0x00,0x00,0x00,0x00,0x00,0x00,0x00,0x00,0x00,0x00,0x00,0x00,
  0x00,0x7f,0xff,0xff,0xff,0x30,0x00,0x00,0x00,0x00,0x00,0x00,0x00,0x00,0x00,0x00,0x00,0x00,0x00,0x00,0x00,0x00,0x00,0x02,
  0xff,0xff,0xff,0xf8,0x00,0x00,0x00,0x00,0x00,0x00,0x00,0x00,0x00,0x00,0x00,0x00,0x00,0x00,0x00,0x00,0x00,0x00,0x0b,0xff,
  0xff,0xff,0xd0,0x00,0x00,0x00,0x00,0x00,0x00,0x00,0x00,0x00,0x00,0x00,0x00,0x00,0x00,0x00,0x00,0x00,0x00,0x6f,0xff,0xff,
  0xff,0x95,0x55,0x55,0x55,0x55,0x55,0x55,0x55,0x55,0x55,0x55,0x55,0x55,0x55,0x55,0x55,0x51,0x00,0x01,0xef,0xff,0xff,0xff,
  0xff,0xff,0xff,0xff,0xff,0xff,0xff,0xff,0xff,0xff,0xff,0xff,0xff,0xff,0xff,0xff,0xf4,0x00,0x0a,0xff,0xff,0xff,0xff,0xff,
  0xff,0xff,0xff,0xff,0xff,0xff,0xff,0xff,0xff,0xff,0xff,0xff,0xff,0xff,0xff,0xf4,0x00,0x4f,0xff,0xff,0xff,0xff,0xff,0xff,
  0xff,0xff,0xff,0xff,0xff,0xff,0xff,0xff,0xff,0xff,0xff,0xff,0xff,0xff,0xf4,0x00,0xef,0xff,0xff,0xff,0xff,0xff,0xff,0xff,
  0xff,0xff,0xff,0xff,0xff,0xff,0xff,0xff,0xff,0xff,0xff,0xff,0xff,0xf4,0x09,0xff,0xff,0xff,0xff,0xff,0xff,0xff,0xff,0xff,
  0xff,0xff,0xff,0xff,0xff,0xff,0xff,0xff,0xff,0xff,0xff,0xff,0xf4,0x3f,0xff,0xff,0xff,0xff,0xff,0xff,0xff,0xff,0xff,0xff,
  0xff,0xff,0xff,0xff,0xff,0xff,0xff,0xff,0xff,0xff,0xff,0xf4,0x00,0x00,0x00,0x00,0x00,0x00,0x00,0x00,0x00,0x00,0x00,0x00,
  0x00,0x00,0x00,0x15,0x66,0x66,0x66,0x66,0x66,0x66,0x30,0x00,0x00,0x00,0x00,0x00,0x00,0x00,0x00,0x00,0x00,0x00,0x00,0x00,
  0x00,0x00,0x04,0xff,0xff,0xff,0xff,0xff,0xff,0xff,0xfa,0x00,0x00,0x02,0x33,0x33,0x33,0x33,0x33,0x33,0x33,0x33,0x33,0x33,
  0x33,0x33,0x3e,0x92,0x11,0x11,0x11,0x11,0x11,0x12,0xaf,0x70,0x07,0xff,0xdd,0xdd,0xdd,0xdd,0xdd,0xdd,0xdd,0xdd,0xdd,0xdd,
  0xdd,0xdd,0xda,0x00,0x00,0x00,0x00,0x00,0x00,0x00,0x0d,0xc0,0x2f,0x60,0x00,0x00,0x00,0x00,0x00,0x00,0x00,0x00,0x00,0x00,
  0x00,0x00,0x00,0x00,0x00,0x00,0x00,0x00,0x00,0x00,0x08,0xc0,0x5d,0x00,0x00,0x00,0x00,0x00,0x00,0x00,0x00,0x00,0x00,0x00,
  0x00,0x00,0x00,0x00,0x00,0x00,0x00,0x00,0x00,0x00,0x08,0xb0,0x6c,0x00,0x00,0x00,0x00,0x00,0x00,0x00,0x00,0x00,0x00,0x00,
  0x00,0x00,0x00,0x00,0x00,0x00,0x00,0x00,0x00,0x00,0x0a,0x90,0x2f,0x30,0x00,0x00,0x00,0x00,0x00,0x00,0x00,0x00,0x00,0x00,
  0x00,0x00,0x00,0x00,0x00,0x00,0x00,0x00,0x00,0x00,0x0b,0x80,0x08,0xfb,0x99,0x99,0x99,0x99,0x99,0x99,0x99,0x99,0x99,0x99,
  0x99,0x99,0x20,0x00,0x00,0x00,0x00,0x00,0x00,0x00,0x0d,0x70,0x00,0x24,0x55,0x55,0x55,0x55,0x55,0x57,0x88,0x88,0x88,0x88,
  0x88,0x8d,0x10,0x00,0x00,0x00,0x00,0x00,0x00,0x00,0x0e,0x50,0x00,0x00,0x00,0x00,0x00,0x00,0x02,0xdf,0xdc,0xcc,0xcc,0xcc,
  0xcc,0xcc,0x00,0x00,0x00,0x00,0x00,0x00,0x00,0x00,0x0f,0x40,0x00,0x00,0x00,0x00,0x00,0x00,0x0a,0xc1,0x00,0x00,0x00,0x00,
  0x00,0x00,0x00,0x00,0x00,0x00,0x00,0x00,0x00,0x00,0x1f,0x20,0x00,0x00,0x00,0x00,0x00,0x00,0x0e,0x50,0x00,0x00,0x00,0x00,
  0x00,0x00,0x00,0x00,0x00,0x00,0x00,0x00,0x00,0x00,0x2f,0x10,0x00,0x00,0x00,0x00,0x00,0x00,0x0e,0x40,0x00,0x00,0x00,0x00,
  0x00,0x00,0x00,0x00,0x00,0x00,0x00,0x00,0x00,0x00,0x4f,0x00,0x00,0x00,0x00,0x00,0x00,0x00,0x0b,0xa0,0x00,0x00,0x00,0x00,
  0x00,0x00,0x00,0x00,0x00,0x00,0x00,0x00,0x00,0x00,0x5e,0x00,0x00,0x00,0x00,0x00,0x00,0x00,0x02,0xed,0xa9,0x99,0x99,0x99,
  0x99,0x50,0x00,0x00,0x00,0x00,0x00,0x00,0x00,0x00,0x7d,0x00,0x00,0x00,0x00,0x00,0x00,0x00,0x00,0x03,0x44,0x66,0x66,0x66,
  0x68,0x80,0x00,0x00,0x00,0x00,0x00,0x00,0x00,0x00,0x8b,0x00,0x00,0x00,0x00,0x00,0x00,0x00,0x00,0x00,0x5e,0xfe,0xee,0xee,
  0xee,0x50,0x00,0x00,0x00,0x00,0x00,0x00,0x00,0x00,0xaa,0x00,0x00,0x00,0x00,0x00,0x00,0x00,0x00,0x01,0xf9,0x00,0x00,0x00,
  0x00,0x00,0x00,0x00,0x00,0x00,0x00,0x00,0x00,0x00,0xb8,0x00,0x00,0x00,0x00,0x00,0x00,0x00,0x00,0x04,0xf0,0x00,0x00,0x00,
  0x00,0x00,0x00,0x00,0x00,0x00,0x00,0x00,0x00,0x00,0xd7,0x00,0x00,0x00,0x00,0x00,0x00,0x00,0x00,0x04,0xe0,0x00,0x00,0x00,
  0x00,0x00,0x00,0x00,0x00,0x00,0x00,0x00,0x00,0x00,0xe6,0x00,0x00,0x00,0x00,0x00,0x00,0x00,0x00,0x01,0xf4,0x00,0x00,0x00,
  0x00,0x00,0x00,0x00,0x00,0x00,0x00,0x00,0x00,0x00,0xf4,0x00,0x00,0x00,0x00,0x00,0x00,0x00,0x00,0x00,0x8f,0xa8,0x88,0x88,
  0x70,0x00,0x00,0x00,0x00,0x00,0x00,0x00,0x00,0x01,0xf3,0x00,0x00,0x00,0x00,0x00,0x00,0x00,0x00,0x00,0x03,0x66,0x68,0x99,
  0xa0,0x00,0x00,0x00,0x00,0x00,0x00,0x00,0x00,0x03,0xf1,0x00,0x00,0x00,0x00,0x00,0x00,0x00,0x00,0x00,0x00,0x06,0xff,0xdd,
  0x50,0x00,0x00,0x00,0x00,0x00,0x00,0x00,0x00,0x04,0xf0,0x00,0x00,0x00,0x00,0x00,0x00,0x00,0x00,0x00,0x00,0x2f,0x70,0x00,
  0x00,0x00,0x00,0x00,0x00,0x00,0x00,0x00,0x00,0x06,0xe0,0x00,0x00,0x00,0x00,0x00,0x00,0x00,0x00,0x00,0x00,0x5e,0x00,0x00,
  0x00,0x00,0x00,0x00,0x00,0x00,0x00,0x00,0x00,0x07,0xd0,0x00,0x00,0x00,0x00,0x00,0x00,0x00,0x00,0x00,0x00,0x6d,0x00,0x00,
  0x00,0x00,0x00,0x00,0x00,0x00,0x00,0x00,0x00,0x09,0xc0,0x00,0x00,0x00,0x00,0x00,0x00,0x00,0x00,0x00,0x00,0x3f,0x20,0x00,
  0x00,0x00,0x00,0x00,0x00,0x00,0x00,0x00,0x00,0x0a,0xa0,0x00,0x00,0x00,0x00,0x00,0x00,0x00,0x00,0x00,0x00,0x09,0xfa,0x88,
  0x88,0x88,0x88,0x88,0x88,0x88,0x88,0x88,0x88,0x8d,0x90,0x00,0x00,0x00,0x00,0x00,0x00,0x00,0x00,0x00,0x00,0x00,0x35,0x66,
  0x66,0x66,0x66,0x66,0x66,0x66,0x66,0x66,0x66,0x66,0x30,0x00,0x00,0x15,0x66,0x66,0x66,0x66,0x66,0x66,0x20,0x00,0x00,0x00,
  0x00,0x00,0x00,0x00,0x00,0x00,0x00,0x00,0x00,0x00,0x00,0x00,0x05,0xff,0xff,0xff,0xff,0xff,0xff,0xff,0xf8,0x00,0x00,0x00,
  0x00,0x00,0x00,0x00,0x00,0x00,0x00,0x00,0x00,0x00,0x00,0x00,0x1f,0xd4,0x11,0x11,0x11,0x11,0x11,0x11,0x5f,0x63,0x33,0x33,
  0x33,0x33,0x33,0x33,0x33,0x33,0x33,0x33,0x33,0x32,0x10,0x00,0x6f,0x20,0x00,0x00,0x00,0x00,0x00,0x00,0x05,0xdd,0xdd,0xdd,
  0xdd,0xdd,0xdd,0xdd,0xdd,0xdd,0xdd,0xdd,0xdd,0xde,0xfc,0x10,0x6d,0x00,0x00,0x00,0x00,0x00,0x00,0x00,0x00,0x00,0x00,0x00,
  0x00,0x00,0x00,0x00,0x00,0x00,0x00,0x00,0x00,0x00,0x2e,0x80,0x5e,0x00,0x00,0x00,0x00,0x00,0x00,0x00,0x00,0x00,0x00,0x00,
  0x00,0x00,0x00,0x00,0x00,0x00,0x00,0x00,0x00,0x00,0x08,0xc0,0x3f,0x00,0x00,0x00,0x00,0x00,0x00,0x00,0x00,0x00,0x00,0x00,
  0x00,0x00,0x00,0x00,0x00,0x00,0x00,0x00,0x00,0x00,0x07,0xc0,0x2f,0x10,0x00,0x00,0x00,0x00,0x00,0x00,0x00,0x00,0x00,0x00,
  0x00,0x00,0x00,0x00,0x00,0x00,0x00,0x00,0x00,0x00,0x0c,0x90,0x1f,0x20,0x00,0x00,0x00,0x00,0x00,0x00,0x00,0x08,0x99,0x99,
  0x99,0x99,0x99,0x99,0x99,0x99,0x99,0x99,0x99,0x9a,0xed,0x10,0x0f,0x40,0x00,0x00,0x00,0x00,0x00,0x00,0x00,0x0c,0x88,0x88,
  0x88,0x88,0x88,0x88,0x55,0x55,0x55,0x55,0x55,0x54,0x30,0x00,0x0e,0x50,0x00,0x00,0x00,0x00,0x00,0x00,0x00,0x07,0xcc,0xcc,
  0xcc,0xcc,0xcc,0xce,0xf6,0x00,0x00,0x00,0x00,0x00,0x00,0x00,0x0c,0x70,0x00,0x00,0x00,0x00,0x00,0x00,0x00,0x00,0x00,0x00,
  0x00,0x00,0x00,0x00,0x8f,0x10,0x00,0x00,0x00,0x00,0x00,0x00,0x0b,0x80,0x00,0x00,0x00,0x00,0x00,0x00,0x00,0x00,0x00,0x00,
  0x00,0x00,0x00,0x00,0x0f,0x40,0x00,0x00,0x00,0x00,0x00,0x00,0x0a,0xa0,0x00,0x00,0x00,0x00,0x00,0x00,0x00,0x00,0x00,0x00,
  0x00,0x00,0x00,0x00,0x0e,0x40,0x00,0x00,0x00,0x00,0x00,0x00,0x08,0xb0,0x00,0x00,0x00,0x00,0x00,0x00,0x00,0x00,0x00,0x00,
  0x00,0x00,0x00,0x00,0x4f,0x10,0x00,0x00,0x00,0x00,0x00,0x00,0x07,0xd0,0x00,0x00,0x00,0x00,0x00,0x00,0x00,0x00,0x29,0x99,
  0x99,0x99,0x99,0x9b,0xf7,0x00,0x00,0x00,0x00,0x00,0x00,0x00,0x05,0xe0,0x00,0x00,0x00,0x00,0x00,0x00,0x00,0x00,0x3c,0x66,
  0x66,0x66,0x64,0x44,0x10,0x00,0x00,0x00,0x00,0x00,0x00,0x00,0x04,0xf0,0x00,0x00,0x00,0x00,0x00,0x00,0x00,0x00,0x1e,0xee,
  0xee,0xee,0xff,0x90,0x00,0x00,0x00,0x00,0x00,0x00,0x00,0x00,0x02,0xf1,0x00,0x00,0x00,0x00,0x00,0x00,0x00,0x00,0x00,0x00,
  0x00,0x00,0x04,0xf6,0x00,0x00,0x00,0x00,0x00,0x00,0x00,0x00,0x01,0xf3,0x00,0x00,0x00,0x00,0x00,0x00,0x00,0x00,0x00,0x00,
  0x00,0x00,0x00,0x9a,0x00,0x00,0x00,0x00,0x00,0x00,0x00,0x00,0x00,0xf4,0x00,0x00,0x00,0x00,0x00,0x00,0x00,0x00,0x00,0x00,
  0x00,0x00,0x00,0x8a,0x00,0x00,0x00,0x00,0x00,0x00,0x00,0x00,0x00,0xe6,0x00,0x00,0x00,0x00,0x00,0x00,0x00,0x00,0x00,0x00,
  0x00,0x00,0x00,0xd7,0x00,0x00,0x00,0x00,0x00,0x00,0x00,0x00,0x00,0xd7,0x00,0x00,0x00,0x00,0x00,0x00,0x00,0x00,0x00,0x38,
  0x88,0x88,0x9d,0xd1,0x00,0x00,0x00,0x00,0x00,0x00,0x00,0x00,0x00,0xb9,0x00,0x00,0x00,0x00,0x00,0x00,0x00,0x00,0x00,0x4c,
  0x98,0x76,0x64,0x00,0x00,0x00,0x00,0x00,0x00,0x00,0x00,0x00,0x00,0xaa,0x00,0x00,0x00,0x00,0x00,0x00,0x00,0x00,0x00,0x0d,
  0xde,0xfb,0x00,0x00,0x00,0x00,0x00,0x00,0x00,0x00,0x00,0x00,0x00,0x9c,0x00,0x00,0x00,0x00,0x00,0x00,0x00,0x00,0x00,0x00,
  0x00,0x2e,0x70,0x00,0x00,0x00,0x00,0x00,0x00,0x00,0x00,0x00,0x00,0x7d,0x00,0x00,0x00,0x00,0x00,0x00,0x00,0x00,0x00,0x00,
  0x00,0x07,0xb0,0x00,0x00,0x00,0x00,0x00,0x00,0x00,0x00,0x00,0x00,0x6f,0x00,0x00,0x00,0x00,0x00,0x00,0x00,0x00,0x00,0x00,
  0x00,0x06,0xc0,0x00,0x00,0x00,0x00,0x00,0x00,0x00,0x00,0x00,0x00,0x4f,0x00,0x00,0x00,0x00,0x00,0x00,0x00,0x00,0x00,0x00,
  0x00,0x0c,0x90,0x00,0x00,0x00,0x00,0x00,0x00,0x00,0x00,0x00,0x00,0x3f,0x98,0x88,0x88,0x88,0x88,0x88,0x88,0x88,0x88,0x88,
  0x89,0xde,0x10,0x00,0x00,0x00,0x00,0x00,0x00,0x00,0x00,0x00,0x00,0x06,0x66,0x66,0x66,0x66,0x66,0x66,0x66,0x66,0x66,0x66,
  0x66,0x40,0x00,0x00,0x00,0x00,0x00,0x00,0x00,0x00,0x00,0x00,0x00,0x00,0x00,0x02,0x6a,0xce,0xfe,0xc8,0x20,0x00,0x00,0x00,
  0x00,0x01,0x8c,0xef,0xec,0xb7,0x30,0x00,0x00,0x00,0x00,0x00,0x00,0x02,0xbf,0xff,0xff,0xff,0xff,0xfa,0x10,0x00,0x00,0x00,
  0x8f,0xff,0xff,0xff,0xff,0xfc,0x40,0x00,0x00,0x00,0x00,0x00,0x6f,0xff,0xff,0xff,0xff,0xff,0xff,0xe2,0x00,0x00,0x0b,0xff,
  0xff,0xff,0xff,0xff,0xff,0xfa,0x00,0x00,0x00,0x00,0x07,0xff,0xff,0xff,0xff,0xff,0xff,0xff,0xfe,0x10,0x00,0xaf,0xff,0xff,
  0xff,0xff,0xff,0xff,0xff,0xc0,0x00,0x00,0x00,0x3f,0xff,0xff,0xff,0xa7,0x56,0x9d,0xff,0xff,0xc0,0x05,0xff,0xff,0xea,0x75,
  0x69,0xef,0xff,0xff,0xf9,0x00,0x00,0x00,0xdf,0xff,0xff,0xc2,0x00,0x00,0x00,0x6f,0xff,0xf6,0x0e,0xff,0xf9,0x00,0x00,0x00,
  0x08,0xff,0xff,0xff,0x40,0x00,0x05,0xff,0xff,0xfd,0x00,0x00,0x00,0x00,0x04,0xff,0xfd,0x6f,0xff,0x80,0x00,0x00,0x00,0x00,
  0x7f,0xff,0xff,0xb0,0x00,0x0b,0xff,0xff,0xf3,0x00,0x00,0x00,0x00,0x00,0x9f,0xff,0xff,0xfd,0x00,0x00,0x00,0x00,0x00,0x0c,
  0xff,0xff,0xf2,0x00,0x1f,0xff,0xff,0xc0,0x00,0x00,0x00,0x00,0x00,0x2f,0xff,0xff,0xf7,0x00,0x00,0x00,0x00,0x00,0x04,0xff,
  0xff,0xf7,0x00,0x4f,0xff,0xff,0x60,0x00,0x00,0x00,0x00,0x00,0x0d,0xff,0xff,0xf2,0x00,0x00,0x00,0x00,0x00,0x00,0xff,0xff,
  0xfa,0x00,0x7f,0xff,0xff,0x20,0x00,0x00,0x00,0x00,0x00,0x0a,0xff,0xff,0xf0,0x00,0x00,0x00,0x00,0x00,0x00,0xbf,0xff,0xfe,
  0x00,0xaf,0xff,0xff,0x00,0x00,0x00,0x00,0x00,0x00,0x08,0xff,0xff,0xd0,0x00,0x00,0x00,0x00,0x00,0x00,0x8f,0xff,0xff,0x00,
  0xbf,0xff,0xfe,0x00,0x00,0x00,0x00,0x00,0x00,0x07,0xff,0xff,0xc0,0x00,0x00,0x00,0x00,0x00,0x00,0x7f,0xff,0xff,0x10,0xcf,
  0xff,0xfd,0x00,0x00,0x00,0x00,0x00,0x00,0x06,0xff,0xff,0xb0,0x00,0x00,0x00,0x00,0x00,0x00,0x6f,0xff,0xff,0x20,0xdf,0xff,
  0xfc,0x00,0x00,0x00,0x00,0x00,0x00,0x06,0xff,0xff,0xb0,0x00,0x00,0x00,0x00,0x00,0x00,0x5f,0xff,0xff,0x20,0xdf,0xff,0xfc,
  0x00,0x00,0x00,0x00,0x00,0x00,0x06,0xff,0xff,0xb0,0x00,0x00,0x00,0x00,0x00,0x00,0x6f,0xff,0xff,0x20,0xcf,0xff,0xfd,0x00,
  0x00,0x00,0x00,0x00,0x00,0x05,0xff,0xff,0xb0,0x00,0x00,0x00,0x00,0x00,0x00,0x8f,0xff,0xff,0x00,0xbf,0xff,0xfe,0x00,0x00,
  0x00,0x00,0x00,0x00,0x05,0xff,0xff,0xa0,0x00,0x00,0x00,0x00,0x00,0x00,0xaf,0xff,0xfe,0x00,0x9f,0xff,0xff,0x00,0x00,0x00,
  0x00,0x00,0x00,0x04,0xff,0xff,0xa0,0x00,0x00,0x00,0x00,0x00,0x00,0xef,0xff,0xfb,0x00,0x6f,0xff,0xff,0x20,0x00,0x00,0x00,
  0x00,0x00,0x00,0x33,0x33,0x10,0x00,0x00,0x00,0x00,0x00,0x03,0xff,0xff,0xf7,0x00,0x3f,0xff,0xff,0x60,0x00,0x00,0x00,0x00,
  0x00,0x00,0x00,0x00,0x00,0x00,0x00,0x00,0x00,0x00,0x09,0xff,0xff,0xf2,0x00,0x0e,0xff,0xff,0xa0,0x00,0x00,0x00,0x00,0x00,
  0x00,0x00,0x00,0x00,0x00,0x00,0x00,0x00,0x00,0x0e,0xff,0xff,0xd0,0x00,0x09,0xff,0xff,0xe0,0x00,0x00,0x00,0x00,0x00,0x00,
  0x00,0x00,0x00,0x00,0x00,0x00,0x00,0x00,0x6f,0xff,0xff,0x70,0x00,0x03,0xff,0xff,0xf5,0x00,0x00,0x00,0x00,0x00,0x00,0x00,
  0x00,0x00,0x00,0x00,0x00,0x00,0x00,0xdf,0xff,0xff,0x10,0x00,0x00,0xcf,0xff,0xfc,0x00,0x00,0x00,0x00,0x00,0x00,0x00,0x00,
  0x00,0x00,0x00,0x00,0x00,0x06,0xff,0xff,0xf8,0x00,0x00,0x00,0x4f,0xff,0xff,0x40,0x00,0x00,0x00,0x00,0x00,0x00,0x00,0x00,
  0x00,0x00,0x00,0x00,0x1e,0xff,0xff,0xf1,0x00,0x00,0x00,0x0b,0xff,0xff,0xd0,0x00,0x00,0x00,0x00,0x00,0x00,0x00,0x00,0x00,
  0x00,0x00,0x00,0xaf,0xff,0xff,0x70,0x00,0x00,0x00,0x02,0xff,0xff,0xf8,0x00,0x00,0x00,0x00,0x00,0x00,0x00,0x00,0x00,0x00,
  0x00,0x04,0xff,0xff,0xfd,0x00,0x00,0x00,0x00,0x00,0x6f,0xff,0xff,0x40,0x00,0x00,0x00,0x00,0x00,0x00,0x00,0x00,0x00,0x00,
  0x1e,0xff,0xff,0xf3,0x00,0x00,0x00,0x00,0x00,0x0b,0xff,0xff,0xf2,0x00,0x00,0x00,0x00,0x00,0x00,0x00,0x00,0x00,0x00,0x00,
  0x00,0x00,0x00,0x00,0x00,0x00,0x00,0x00,0x00,0xcf,0xff,0xfe,0x20,0x00,0x00,0x00,0x00,0x00,0x00,0x00,0x00,0x00,0x00,0x00,
  0x00,0x00,0x00,0x00,0x00,0x00,0x00,0x00,0x1d,0xff,0xff,0xe3,0x00,0x00,0x00,0x00,0x00,0x00,0x00,0x00,0x00,0x00,0x00,0x00,
  0x00,0x00,0x00,0x00,0x00,0x00,0x00,0x01,0xdf,0xff,0xff,0x50,0x00,0x00,0x00,0x00,0x00,0x00,0x00,0x00,0x00,0x00,0x00,0x00,
  0x00,0x00,0x00,0x00,0x00,0x00,0x00,0x1c,0xff,0xff,0xfa,0x10,0x00,0x00,0x00,0x00,0x00,0x00,0x00,0x00,0x00,0x00,0x00,0x00,
  0x00,0x00,0x00,0x00,0x00,0x00,0x00,0xbf,0xff,0xff,0xe5,0x00,0x00,0x00,0x00,0x00,0x00,0x00,0x00,0x00,0x00,0x00,0x00,0x00,
  0x00,0x00,0x00,0x00,0x00,0x00,0x07,0xff,0xff,0xff,0xc4,0x00,0x00,0x00,0x00,0x00,0x00,0x00,0x00,0x00,0x00,0x00,0x00,0x00,
  0x00,0x00,0x00,0x00,0x00,0x00,0x4e,0xff,0xff,0xff,0xc4,0x00,0x00,0x00,0x00,0x00,0x00,0x00,0x00,0x00,0x00,0x00,0x00,0x00,
  0x00,0x00,0x00,0x00,0x04,0x9e,0xff,0xff,0xff,0xff,0xc4,0x00,0x00,0x00,0x00,0x00,0x00,0x00,0x00,0x00,0x00,0x00,0x00,0x00,
  0x00,0x00,0x18,0xef,0xff,0xff,0xff,0xff,0xff,0xff,0xb2,0x00,0x00,0x00,0x00,0x00,0x00,0x00,0x00,0x00,0x00,0x00,0x00,0x00,
  0x19,0xff,0xff,0xff,0xff,0xff,0xff,0xff,0xff,0xff,0x80,0x00,0x00,0x00,0x00,0x00,0x00,0x00,0x00,0x00,0x00,0x00,0x03,0xff,
  0xff,0xff,0xff,0xff,0xdb,0xbd,0xff,0xff,0xff,0xfc,0x10,0x00,0x00,0x00,0x00,0x00,0x00,0x00,0x00,0x00,0x00,0x00,0xdf,0xff,
  0xff,0xfb,0x50,0x00,0x00,0x08,0xff,0xff,0xff,0xe3,0x00,0x00,0x00,0x00,0x00,0x00,0x00,0x00,0x00,0x00,0x00,0x3f,0xff,0xfb,
  0x30,0x00,0x00,0x00,0x00,0x2c,0xff,0xff,0xfe,0x30,0x00,0x00,0x00,0x00,0x00,0x00,0x00,0x00,0x00,0x00,0x09,0xff,0x60,0x00,
  0x00,0x00,0x00,0x00,0x00,0x9f,0xff,0xff,0xe1,0x00,0x00,0x00,0x00,0x00,0x00,0x00,0x00,0x00,0x00,0x00,0xc3,0x00,0x00,0x00,
  0x00,0x00,0x00,0x00,0x08,0xff,0xff,0xfa,0x00,0x00,0x00,0x00,0x00,0x00,0x00,0x00,0x00,0x00,0x00,0x00,0x00,0x00,0x00,0x00,
  0x00,0x00,0x00,0x00,0xbf,0xff,0xff,0x30,0x00,0x00,0x00,0x00,0x00,0x00,0x00,0x00,0x00,0x00,0x00,0x00,0x00,0x00,0x00,0x00,
  0x00,0x00,0x00,0x2f,0xff,0xff,0xa0,0x00,0x00,0x00,0x00,0x00,0x00,0x00,0x00,0x00,0x00,0x00,0x00,0x00,0x00,0x00,0x00,0x00,
  0x00,0x00,0x0b,0xff,0xff,0xe0,0x00,0x00,0x00,0x00,0x00,0x00,0x00,0x00,0x00,0x00,0x00,0x00,0x00,0x00,0x00,0x00,0x00,0x00,
  0x00,0x07,0xff,0xff,0xf2,0x00,0x00,0x00,0x00,0x00,0x00,0x00,0x00,0x00,0x00,0x00,0x00,0x00,0x00,0x00,0x00,0x00,0x00,0x00,
  0x04,0xbb,0xbb,0xb2,0x00,0x00,0x00,0x00,0x00,0x00,0x04,0xff,0xff,0xff,0xff,0xff,0xff,0xff,0xff,0xff,0xff,0xff,0xff,0xff,
  0xff,0xff,0xff,0xff,0xff,0xff,0xf0,0x04,0xff,0xff,0xff,0xff,0xff,0xff,0xff,0xff,0xff,0xff,0xff,0xff,0xff,0xff,0xff,0xff,
  0xff,0xff,0xff,0xf0,0x04,0xff,0xff,0xff,0xff,0xff,0xff,0xff,0xff,0xff,0xff,0xff,0xff,0xff,0xff,0xff,0xff,0xff,0xff,0xff,
  0xf0,0x04,0xff,0xff,0xff,0xff,0xff,0xff,0xff,0xff,0xff,0xff,0xff,0xff,0xff,0xff,0xff,0xff,0xff,0xff,0xff,0xf0,0x04,0xff,
  0xff,0xff,0xff,0xff,0xff,0xff,0xff,0xff,0xff,0xff,0xff,0xff,0xff,0xff,0xff,0xff,0xff,0xff,0xf0,0x03,0xff,0xff,0xff,0xff,
  0xff,0xff,0xff,0xff,0xff,0xff,0xff,0xff,0xff,0xff,0xff,0xff,0xff,0xff,0xff,0xf0,0x00,0x6f,0xff,0xff,0xff,0xf8,0x00,0x00,
  0x00,0x00,0x00,0x00,0x00,0x00,0x00,0x00,0x00,0x00,0x00,0x00,0x00,0x00,0x06,0xff,0xff,0xff,0xff,0x70,0x00,0x00,0x00,0x00,
  0x00,0x00,0x00,0x00,0x00,0x00,0x00,0x00,0x00,0x00,0x00,0x00,0x7f,0xff,0xff,0xff,0xf6,0x00,0x00,0x00,0x00,0x00,0x00,0x00,
  0x00,0x00,0x00,0x00,0x00,0x00,0x00,0x00,0x00,0x08,0xff,0xff,0xff,0xff,0x50,0x00,0x00,0x00,0x00,0x00,0x00,0x00,0x00,0x00,
  0x00,0x00,0x00,0x00,0x00,0x00,0x00,0x9f,0xff,0xff,0xff,0xf4,0x00,0x00,0x00,0x00,0x00,0x00,0x00,0x00,0x00,0x00,0x00,0x00,
  0x00,0x00,0x00,0x00,0x0a,0xff,0xff,0xff,0xff,0x30,0x00,0x00,0x00,0x00,0x00,0x00,0x00,0x00,0x00,0x00,0x00,0x00,0x00,0x00,
  0x00,0x00,0xbf,0xff,0xff,0xff,0xf3,0x00,0x00,0x00,0x00,0x00,0x00,0x00,0x00,0x00,0x00,0x00,0x00,0x00,0x00,0x00,0x00,0x0b,
  0xff,0xff,0xff,0xfe,0x20,0x00,0x00,0x00,0x00,0x00,0x00,0x00,0x00,0x00,0x00,0x00,0x00,0x00,0x00,0x00,0x00,0xcf,0xff,0xff,
  0xff,0xe2,0x00,0x00,0x00,0x00,0x00,0x00,0x00,0x00,0x00,0x00,0x00,0x00,0x00,0x00,0x00,0x00,0x1d,0xff,0xff,0xff,0xfd,0x10,
  0x00,0x00,0x00,0x00,0x00,0x00,0x00,0x00,0x00,0x00,0x00,0x00,0x00,0x00,0x00,0x01,0xdf,0xff,0xff,0xff,0xd1,0x00,0x00,0x00,
  0x00,0x00,0x00,0x00,0x00,0x00,0x00,0x00,0x00,0x00,0x00,0x00,0x00,0x1e,0xff,0xff,0xff,0xfc,0x00,0x00,0x00,0x00,0x00,0x00,
  0x00,0x00,0x00,0x00,0x00,0x00,0x00,0x00,0x00,0x00,0x02,0xef,0xff,0xff,0xff,0xb0,0x00,0x00,0x00,0x00,0x00,0x00,0x00,0x00,
  0x00,0x00,0x00,0x00,0x00,0x00,0x00,0x00,0x3f,0xff,0xff,0xff,0xfb,0x00,0x00,0x00,0x00,0x00,0x00,0x00,0x00,0x00,0x00,0x00,
  0x00,0x00,0x00,0x00,0x00,0x03,0xff,0xff,0xff,0xff,0xa0,0x00,0x00,0x00,0x00,0x00,0x00,0x00,0x00,0x00,0x00,0x00,0x00,0x00,
  0x00,0x00,0x00,0x4f,0xff,0xff,0xff,0xf9,0x00,0x00,0x00,0x00,0x00,0x00,0x00,0x00,0x00,0x00,0x00,0x00,0x00,0x00,0x00,0x00,
  0x05,0xff,0xff,0xff,0xff,0x80,0x00,0x00,0x00,0x00,0x00,0x00,0x00,0x00,0x00,0x00,0x00,0x00,0x00,0x00,0x00,0x00,0x5f,0xff,
  0xff,0xff,0xf7,0x00,0x00,0x00,0x00,0x00,0x00,0x00,0x00,0x00,0x00,0x00,0x00,0x00,0x00,0x00,0x00,0x06,0xff,0xff,0xff,0xff,
  0x60,0x00,0x00,0x00,0x00,0x00,0x00,0x00,0x00,0x00,0x00,0x00,0x00,0x00,0x00,0x00,0x00,0x7f,0xff,0xff,0xff,0xf5,0x00,0x00,
  0x00,0x00,0x00,0x00,0x00,0x00,0x00,0x00,0x00,0x00,0x00,0x00,0x00,0x00,0x08,0xff,0xff,0xff,0xff,0x40,0x00,0x00,0x00,0x00,
  0x00,0x00,0x00,0x00,0x00,0x00,0x00,0x00,0x00,0x00,0x00,0x00,0x9f,0xff,0xff,0xff,0xf3,0x00,0x00,0x00,0x00,0x00,0x00,0x00,
  0x00,0x00,0x00,0x00,0x00,0x00,0x00,0x00,0x00,0x0c,0xff,0xff,0xff,0xfd,0x00,0x00,0x00,0x00,0x00,0x00,0x00,0x00,0x00,0x00,
  0x00,0x00,0x00,0x00,0x00,0x00,0x6f,0xff,0xff,0xff,0xe2,0x00,0x00,0x00,0x00,0x00,0x00,0x00,0x00,0x00,0x00,0x00,0x00,0x00,
  0x00,0x00,0x05,0xff,0xff,0xff,0xff,0x30,0x00,0x00,0x00,0x00,0x00,0x00,0x00,0x00,0x00,0x00,0x00,0x00,0x00,0x00,0x00,0x3f,
  0xff,0xff,0xff,0xf3,0x00,0x00,0x00,0x00,0x00,0x00,0x00,0x00,0x00,0x00,0x00,0x00,0x00,0x00,0x00,0x03,0xff,0xff,0xff,0xff,
  0x50,0x00,0x00,0x00,0x00,0x00,0x00,0x00,0x00,0x00,0x00,0x00,0x00,0x00,0x00,0x00,0x2e,0xff,0xff,0xff,0xf6,0x00,0x00,0x00,
  0x00,0x00,0x00,0x00,0x00,0x00,0x00,0x00,0x00,0x00,0x00,0x00,0x01,0xdf,0xff,0xff,0xff,0x70,0x00,0x00,0x00,0x00,0x00,0x00,
  0x00,0x00,0x00,0x00,0x00,0x00,0x00,0x00,0x00,0x0d,0xff,0xff,0xff,0xf8,0x00,0x00,0x00,0x00,0x00,0x00,0x00,0x00,0x00,0x00,
  0x00,0x00,0x00,0x00,0x00,0x00,0xcf,0xff,0xff,0xff,0x90,0x00,0x00,0x00,0x00,0x00,0x00,0x00,0x00,0x00,0x00,0x00,0x00,0x00,
  0x00,0x00,0x0a,0xff,0xff,0xff,0xfb,0x00,0x00,0x00,0x00,0x00,0x00,0x00,0x00,0x00,0x00,0x00,0x00,0x00,0x00,0x00,0x00,0x9f,
  0xff,0xff,0xff,0xc0,0x00,0x00,0x00,0x00,0x00,0x00,0x00,0x00,0x00,0x00,0x00,0x00,0x00,0x00,0x00,0x08,0xff,0xff,0xff,0xfc,
  0x00,0x00,0x00,0x00,0x00,0x00,0x00,0x00,0x00,0x00,0x00,0x00,0x00,0x00,0x00,0x00,0x7f,0xff,0xff,0xff,0xd1,0x00,0x00,0x00,
  0x00,0x00,0x00,0x00,0x00,0x00,0x00,0x00,0x00,0x00,0x00,0x00,0x05,0xff,0xff,0xff,0xfe,0x20,0x00,0x00,0x00,0x00,0x00,0x00,
  0x00,0x00,0x00,0x00,0x00,0x00,0x00,0x00,0x00,0x4f,0xff,0xff,0xff,0xe2,0x00,0x00,0x00,0x00,0x00,0x00,0x00,0x00,0x00,0x00,
  0x00,0x00,0x00,0x00,0x00,0x03,0xff,0xff,0xff,0xff,0x30,0x00,0x00,0x00,0x00,0x00,0x00,0x00,0x00,0x00,0x00,0x00,0x00,0x00,
  0x00,0x00,0x2e,0xff,0xff,0xff,0xf4,0x00,0x00,0x00,0x00,0x00,0x00,0x00,0x00,0x00,0x00,0x00,0x00,0x00,0x00,0x00,0x01,0xef,
  0xff,0xff,0xff,0x50,0x00,0x00,0x00,0x00,0x00,0x00,0x00,0x00,0x00,0x00,0x00,0x00,0x00,0x00,0x00,0x1d,0xff,0xff,0xff,0xf6,
  0x00,0x00,0x00,0x00,0x00,0x00,0x00,0x00,0x00,0x00,0x00,0x00,0x00,0x00,0x00,0x00,0xcf,0xff,0xff,0xff,0x80,0x00,0x00,0x00,
  0x00,0x00,0x00,0x00,0x00,0x00,0x00,0x00,0x00,0x00,0x00,0x00,0x0b,0xff,0xff,0xff,0xf9,0x00,0x00,0x00,0x00,0x00,0x00,0x00,
  0x00,0x00,0x00,0x00,0x00,0x00,0x00,0x00,0x00,0xaf,0xff,0xff,0xff,0xa0,0x00,0x00,0x00,0x00,0x00,0x00,0x00,0x00,0x00,0x00,
  0x00,0x00,0x00,0x00,0x00,0x09,0xff,0xff,0xff,0xfb,0x00,0x00,0x00,0x00,0x00,0x00,0x00,0x00,0x00,0x00,0x00,0x00,0x00,0x00,
  0x00,0x00,0x7f,0xff,0xff,0xff,0xc0,0x00,0x00,0x00,0x00,0x00,0x00,0x00,0x00,0x00,0x00,0x00,0x00,0x00,0x00,0x00,0x06,0xff,
  0xff,0xff,0xff,0xff,0xff,0xff,0xff,0xff,0xff,0xff,0xff,0xff,0xff,0xff,0xff,0xff,0xff,0xff,0xfd,0x2f,0xff,0xff,0xff,0xff,
  0xff,0xff,0xff,0xff,0xff,0xff,0xff,0xff,0xff,0xff,0xff,0xff,0xff,0xff,0xff,0xfd,0x3f,0xff,0xff,0xff,0xff,0xff,0xff,0xff,
  0xff,0xff,0xff,0xff,0xff,0xff,0xff,0xff,0xff,0xff,0xff,0xff,0xfd,0x3f,0xff,0xff,0xff,0xff,0xff,0xff,0xff,0xff,0xff,0xff,
  0xff,0xff,0xff,0xff,0xff,0xff,0xff,0xff,0xff,0xfd,0x3f,0xff,0xff,0xff,0xff,0xff,0xff,0xff,0xff,0xff,0xff,0xff,0xff,0xff,
  0xff,0xff,0xff,0xff,0xff,0xff,0xfd,0x3f,0xff,0xff,0xff,0xff,0xff,0xff,0xff,0xff,0xff,0xff,0xff,0xff,0xff,0xff,0xff,0xff,
  0xff,0xff,0xff,0xfd,0x00,0x00,0x00,0x00,0x00,0x00,0x00,0x00,0x00,0x00,0x00,0x00,0x01,0xcb,0xab,0xc0,0x00,0x00,0x00,0x00,
  0x00,0x00,0x00,0x00,0x00,0x00,0x00,0x00,0x00,0x00,0x00,0x00,0x00,0x00,0x00,0x00,0x00,0x00,0x00,0x00,0x01,0xff,0xff,0xf0,
  0x00,0x00,0x00,0x00,0x00,0x00,0x00,0x00,0x00,0x00,0x00,0x00,0x00,0x00,0x00,0x00,0x00,0x00,0x00,0x00,0x00,0x00,0x00,0x00,
  0x01,0xff,0xff,0xf0,0x00,0x00,0x00,0x00,0x00,0x00,0x00,0x00,0x00,0x00,0x00,0x00,0x00,0x00,0x00,0x00,0x00,0x00,0x00,0x00,
  0x00,0x00,0x00,0x00,0x00,0xff,0xff,0xf0,0x00,0x00,0x00,0x00,0x00,0x00,0x00,0x00,0x00,0x00,0x00,0x00,0x00,0x00,0x00,0x00,
  0x00,0x00,0x00,0x00,0x00,0x00,0x00,0x00,0x00,0xff,0xff,0xf0,0x00,0x00,0x00,0x00,0x00,0x00,0x00,0x00,0x00,0x00,0x00,0x00,
  0x00,0x00,0x00,0x00,0x00,0x00,0x00,0x00,0x00,0x00,0x00,0x00,0x00,0xff,0xff,0xe0,0x00,0x00,0x00,0x00,0x00,0x00,0x00,0x00,
  0x00,0x00,0x00,0x00,0x00,0x00,0x00,0x00,0x00,0x00,0x00,0x00,0x00,0x00,0x00,0x00,0x00,0xff,0xff,0xe0,0x00,0x00,0x00,0x00,
  0x00,0x00,0x00,0x00,0x00,0x00,0x00,0x00,0x00,0x00,0x00,0x00,0x00,0x00,0x00,0x00,0x00,0x00,0x00,0x00,0x00,0xff,0xff,0xd0,
  0x00,0x00,0x00,0x00,0x00,0x00,0x00,0x00,0x00,0x00,0x00,0x00,0x1e,0xdc,0xde,0x00,0x00,0x00,0x00,0x00,0x00,0x00,0x00,0x00,
  0x00,0xef,0xff,0xd0,0x00,0x00,0x00,0x00,0x00,0x00,0x00,0x00,0x00,0xed,0xcd,0xe1,0x1f,0xff,0xff,0x00,0x00,0x00,0x00,0x00,
  0x00,0x00,0x00,0x00,0x00,0xef,0xff,0xd0,0x00,0x00,0x00,0x00,0x00,0x00,0x00,0x00,0x00,0xff,0xff,0xf1,0x1f,0xff,0xff,0x00,
  0x00,0x00,0x00,0x00,0x00,0x00,0x00,0x00,0x00,0xef,0xff,0xd0,0x00,0x00,0x00,0x00,0x00,0x00,0x00,0x00,0x00,0xff,0xff,0xf1,
  0x0f,0xff,0xff,0x00,0x00,0x00,0x00,0x00,0x00,0x00,0x00,0x00,0x00,0xef,0xff,0xd0,0x00,0x00,0x00,0x00,0x00,0x00,0x00,0x00,
  0x00,0xff,0xff,0xf0,0x0f,0xff,0xff,0x00,0x00,0x00,0x00,0x00,0x00,0x00,0x00,0x00,0x00,0xef,0xff,0xd0,0x00,0x00,0x00,0x00,
  0x00,0x00,0x00,0x00,0x00,0xff,0xff,0xf0,0x0f,0xff,0xfe,0x00,0x00,0x00,0x00,0x00,0x00,0x00,0x00,0x00,0x00,0xef,0xff,0xd0,
  0x00,0x00,0x00,0x00,0x00,0x00,0x00,0x00,0x00,0xef,0xff,0xf0,0x0f,0xff,0xfe,0x00,0x00,0x00,0x00,0x00,0x00,0x00,0x00,0x00,
  0x00,0xef,0xff,0xd0,0x00,0x00,0x00,0x00,0x00,0x00,0x00,0x00,0x00,0xef,0xff,0xf0,0x0e,0xff,0xfd,0x00,0x00,0x00,0x00,0x00,
  0x00,0x00,0x00,0x00,0x00,0xef,0xff,0xd0,0x00,0x00,0x00,0x00,0x00,0x00,0x00,0x00,0x00,0xdf,0xff,0xf0,0x0e,0xff,0xfd,0x00,
  0x00,0x00,0x00,0x00,0x00,0x00,0x00,0x00,0x00,0xef,0xff,0xd0,0x00,0x00,0x00,0x00,0x00,0x00,0x00,0x00,0x00,0xdf,0xff,0xf0,
  0x0e,0xff,0xfd,0x00,0x00,0x00,0x00,0x00,0x00,0x00,0x00,0x00,0x00,0xef,0xff,0xd0,0x00,0x00,0x00,0x00,0x00,0x00,0x00,0x00,
  0x00,0xdf,0xff,0xf0,0x0e,0xff,0xfd,0x00,0x00,0x00,0x00,0x00,0x00,0x00,0x00,0x00,0x00,0xef,0xff,0xd0,0x00,0x00,0x00,0x00,
  0x00,0x00,0x00,0x00,0x00,0xdf,0xff,0xf0,0x0e,0xff,0xfd,0x00,0x00,0x00,0x00,0x00,0x00,0x00,0x00,0x00,0x00,0xef,0xff,0xd0,
  0x00,0x00,0x00,0x00,0x00,0x00,0x00,0x00,0x00,0xdf,0xff,0xf0,0x0e,0xff,0xfd,0x00,0x00,0x00,0x00,0x00,0x00,0x00,0x00,0x00,
  0x00,0xef,0xff,0xd0,0x00,0x00,0x00,0x00,0x00,0x00,0x00,0x00,0x00,0xdf,0xff,0xf0,0x0e,0xff,0xfd,0x00,0x00,0x00,0x00,0x00,
  0x00,0x00,0x00,0x00,0x00,0xef,0xff,0xd0,0x00,0x00,0x00,0x00,0x00,0x00,0x00,0x00,0x00,0xdf,0xff,0xf0,0x0e,0xff,0xfd,0x00,
  0x00,0x00,0x00,0x00,0x00,0x00,0x00,0x00,0x00,0xef,0xff,0xd0,0x00,0x00,0x00,0x00,0x00,0x00,0x00,0x00,0x00,0xdf,0xff,0xf0,
  0x0e,0xff,0xfd,0x00,0x00,0x00,0x00,0x00,0x00,0x00,0x00,0x00,0x00,0xef,0xff,0xd0,0x00,0x00,0x00,0x00,0x00,0x00,0x00,0x00,
  0x00,0xdf,0xff,0xf0,0x0e,0xff,0xfd,0x00,0x00,0x00,0x00,0x00,0x00,0x00,0x00,0x00,0x00,0xef,0xff,0xd0,0x00,0x00,0x00,0x00,
  0x00,0x00,0x00,0x00,0x00,0xdf,0xff,0xf0,0x0e,0xff,0xfd,0x00,0x00,0x00,0x00,0x00,0x00,0x00,0x00,0x00,0x00,0xef,0xff,0xd0,
  0x00,0x00,0x00,0x00,0x00,0x00,0x00,0x00,0x00,0xdf,0xff,0xf0,0x0e,0xff,0xfd,0x00,0x00,0x00,0x00,0x00,0x00,0x00,0x00,0x00,
  0x00,0xef,0xff,0xd0,0x00,0x00,0x00,0x00,0x00,0x00,0x00,0x00,0x00,0xdf,0xff,0xf0,0x0e,0xff,0xfd,0x00,0x00,0x00,0x00,0x00,
  0x00,0x00,0x00,0x00,0x00,0xef,0xff,0xd0,0x00,0x00,0x00,0x00,0x00,0x00,0x00,0x00,0x00,0xdf,0xff,0xf0,0x0e,0xff,0xfd,0x00,
  0x00,0x00,0x00,0x00,0x00,0x00,0x00,0x00,0x00,0xef,0xff,0xd0,0x00,0x00,0x00,0x00,0x00,0x00,0x00,0x00,0x00,0xdf,0xff,0xf0,
  0x0e,0xff,0xfd,0x00,0x00,0x00,0x00,0x00,0x00,0x00,0x00,0x00,0x00,0xef,0xff,0xd0,0x00,0x00,0x00,0x00,0x00,0x00,0x00,0x00,
  0x00,0xdf,0xff,0xf0,0x0e,0xff,0xfd,0x00,0x00,0x00,0x00,0x00,0x00,0x00,0x00,0x00,0x00,0xef,0xff,0xd0,0x00,0x00,0x00,0x00,
  0x00,0x00,0x00,0x00,0x00,0xdf,0xff,0xf0,0x0e,0xff,0xff,0xff,0xff,0xff,0xff,0xff,0xff,0xff,0xff,0xff,0xff,0xff,0xff,0xff,
  0xff,0xff,0xff,0xff,0xff,0xff,0xff,0xff,0xff,0xff,0xff,0xf0,0x0e,0xff,0xff,0xff,0xff,0xff,0xff,0xff,0xff,0xff,0xff,0xff,
  0xff,0xff,0xff,0xff,0xff,0xff,0xff,0xff,0xff,0xff,0xff,0xff,0xff,0xff,0xff,0xf0,0x0e,0xff,0xff,0xff,0xff,0xff,0xff,0xff,
  0xff,0xff,0xff,0xff,0xff,0xff,0xff,0xff,0xff,0xff,0xff,0xff,0xff,0xff,0xff,0xff,0xff,0xff,0xff,0xf0,0x0e,0xff,0xff,0xff,
  0xff,0xff,0xff,0xff,0xff,0xff,0xff,0xff,0xff,0xff,0xff,0xff,0xff,0xff,0xff,0xff,0xff,0xff,0xff,0xff,0xff,0xff,0xff,0xf1,
  0x01,0x22,0x22,0x22,0x22,0x22,0x22,0x22,0x22,0x22,0x22,0x22,0x22,0xef,0xff,0xd2,0x22,0x22,0x22,0x22,0x22,0x22,0x22,0x22,
  0x22,0xff,0xff,0xf1,0x00,0x00,0x00,0x00,0x00,0x00,0x00,0x00,0x00,0x00,0x00,0x00,0x00,0xef,0xff,0xd0,0x00,0x00,0x00,0x00,
  0x00,0x00,0x00,0x00,0x00,0xff,0xff,0xf1,0x00,0x00,0x00,0x00,0x00,0x00,0x00,0x00,0x00,0x00,0x00,0x00,0x00,0xef,0xff,0xd0,
  0x00,0x00,0x00,0x00,0x00,0x00,0x00,0x00,0x00,0x54,0x34,0x50,0x00,0x00,0x00,0x00,0x00,0x00,0x00,0x00,0x00,0x00,0x00,0x00,
  0x00,0xef,0xff,0xd0,0x00,0x00,0x00,0x00,0x00,0x00,0x00,0x00,0x00,0x00,0x00,0x00,0x00,0x00,0x00,0x00,0x00,0x00,0x00,0x00,
  0x00,0x00,0x00,0x00,0x00,0xef,0xff,0xd0,0x00,0x00,0x00,0x00,0x00,0x00,0x00,0x00,0x00,0x00,0x00,0x00,0x00,0x00,0x00,0x00,
  0x00,0x00,0x00,0x00,0x00,0x00,0x00,0x00,0x00,0xef,0xff,0xd0,0x00,0x00,0x00,0x00,0x00,0x00,0x00,0x00,0x00,0x00,0x00,0x00,
  0x00,0x00,0x00,0x00,0x00,0x00,0x00,0x00,0x00,0x00,0x00,0x00,0x00,0xef,0xff,0xd0,0x00,0x00,0x00,0x00,0x00,0x00,0x00,0x00,
  0x00,0x00,0x00,0x00,0x00,0x00,0x00,0x00,0x00,0x00,0x00,0x00,0x00,0x00,0x00,0x00,0x00,0xef,0xff,0xd0,0x00,0x00,0x00,0x00,
  0x00,0x00,0x00,0x00,0x00,0x00,0x00,0x00,0x00,0x00,0x00,0x00,0x00,0x00,0x00,0x00,0x00,0x00,0x00,0x00,0x00,0xef,0xff,0xd0,
  0x00,0x00,0x00,0x00,0x00,0x00,0x00,0x00,0x00,0x00,0x00,0x00,0x00,0x00,0x00,0x00,0x00,0x00,0x00,0x00,0x00,0x00,0x00,0x00,
  0x00,0xef,0xff,0xd0,0x00,0x00,0x00,0x00,0x00,0x00,0x00,0x00,0x00,0x00,0x00,0x00,0x00,0x00,0x00,0x00,0x00,0x00,0x00,0x00,
  0x00,0x00,0x00,0x00,0x00,0xef,0xff,0xd0,0x00,0x00,0x00,0x00,0x00,0x00,0x00,0x00,0x00,0x00,0x00,0x00,0x00,0x00,0x00,0x00,
  0x00,0x00,0x00,0x00,0x00,0x00,0x00,0x00,0x00,0xef,0xff,0xd0,0x00,0x00,0x00,0x00,0x00,0x00,0x00,0x00,0x00,0x00,0x00,0x00,
  0x00,0x00,0x00,0x00,0x00,0x00,0x00,0x00,0x00,0x00,0x00,0x00,0x00,0xef,0xff,0xd0,0x00,0x00,0x00,0x00,0x00,0x00,0x00,0x00,
  0x00,0x00,0x00,0x00,0x00,0x00,0x00,0x00,0x00,0x00,0x00,0x00,0x00,0x00,0x00,0x00,0x00,0xef,0xff,0xd0,0x00,0x00,0x00,0x00,
  0x00,0x00,0x00,0x00,0x00,0x00,0x00,0x00,0x00,0x00,0x00,0x00,0x00,0x00,0x00,0x00,0x00,0x00,0x00,0x00,0x00,0xef,0xff,0xd0,
  0x00,0x00,0x00,0x00,0x00,0x00,0x00,0x00,0x00,0x00,0x00,0x00,0x00,0x00,0x00,0x00,0x00,0x00,0x00,0x00,0x00,0x00,0x00,0x00,
  0x00,0xef,0xff,0xd0,0x00,0x00,0x00,0x00,0x00,0x00,0x00,0x00,0x00,0x00,0x00,0x00,0x00,0x00,0x00,0x00,0x00,0x00,0x00,0x00,
  0x00,0x00,0x00,0x00,0x00,0xef,0xff,0xd0,0x00,0x00,0x00,0x00,0x00,0x00,0x00,0x00,0x00,0x00,0x00,0x00,0x00,0x00,0x00,0x00,
  0x00,0x00,0x00,0x00,0x00,0x00,0x00,0x00,0x00,0xef,0xff,0xd0,0x00,0x00,0x00,0x00,0x00,0x00,0x00,0x00,0x00,0x00,0x00,0x00,
  0x00,0x00,0x00,0x00,0x00,0x00,0x00,0x00,0x00,0x00,0x00,0x00,0x00,0xff,0xff,0xe0,0x00,0x00,0x00,0x00,0x00,0x00,0x00,0x00,
  0x00,0x00,0x00,0x00,0x00,0x00,0x00,0x00,0x00,0x00,0x00,0x00,0x00,0x00,0x00,0x00,0x00,0xff,0xff,0xe0,0x00,0x00,0x00,0x00,
  0x00,0x00,0x00,0x00,0x00,0x00,0x00,0x00,0x00,0x00,0x00,0x00,0x00,0x00,0x00,0x00,0x00,0x00,0x00,0x00,0x00,0xff,0xff,0xe0,
  0x00,0x00,0x00,0x00,0x00,0x00,0x00,0x00,0x00,0x00,0x00,0x00,0x00,0x00,0x00,0x00,0x00,0x00,0x00,0x00,0x00,0x00,0x00,0x00,
  0x00,0xff,0xff,0xf0,0x00,0x00,0x00,0x00,0x00,0x00,0x00,0x00,0x00,0x00,0x00,0x00,0x00,0x00,0x00,0x00,0x00,0x00,0x00,0x00,
  0x00,0x00,0x00,0x00,0x00,0xff,0xff,0xf0,0x00,0x00,0x00,0x00,0x00,0x00,0x00,0x00,0x00,0x00,0x00,0x00,0x00,0x00,0x00,0x00,
  0x00,0x00,0x00,0x00,0x00,0x00,0x00,0x00,0x01,0xff,0xff,0xf0,0x00,0x00,0x00,0x00,0x00,0x00,0x00,0x00,0x00,0x00,0x00,0x00,
  0x00,0x00,0x00,0x00,0x00,0x00,0x00,0x00,0x00,0x00,0x00,0x00,0x01,0xff,0xff,0xf0,0x00,0x00,0x00,0x00,0x00,0x00,0x00,0x00,
  0x00,0x00,0x00,0x00,0x00,0x00,0x00,0x00,0x00,0x00,0x00,0x00,0x00,0x00,0x00,0x00,0x00,0x76,0x56,0x70,0x00,0x00,0x00,0x00,
  0x00,0x00,0x00,0x00,0x00,0x00,0x00,0x00,0x00,0x00,0x00,0x00,0x00,0x00,0x00,0x0b,0xff,0xff,0xff,0xff,0xff,0xff,0xff,0xff,
  0xff,0xff,0xff,0xfa,0x00,0x00,0x00,0x00,0x00,0x00,0x00,0x00,0x00,0x00,0x00,0x00,0x00,0x00,0x00,0x0b,0xff,0xff,0xff,0xff,
  0xff,0xff,0xff,0xff,0xff,0xff,0xff,0xfa,0x00,0x00,0x00,0x00,0x00,0x00,0x00,0x00,0x00,0x00,0x00,0x00,0x00,0x00,0x00,0x0b,
  0xff,0xff,0xff,0xff,0xff,0xff,0xff,0xff,0xff,0xff,0xff,0xfa,0x00,0x00,0x00,0x00,0x00,0x00,0x00,0x00,0x00,0x00,0x00,0x00,
  0x00,0x00,0x00,0x0b,0xff,0xff,0xdd,0xdd,0xdd,0xdd,0xdd,0xdd,0xdd,0xdf,0xff,0xfa,0x00,0x00,0x00,0x00,0x00,0x00,0x00,0x00,
  0x00,0x00,0x00,0x00,0x00,0x00,0x00,0x0b,0xff,0xfe,0x00,0x00,0x00,0x00,0x00,0x00,0x00,0x0f,0xff,0xfa,0x00,0x00,0x00,0x00,
  0x00,0x00,0x00,0x00,0x00,0x00,0x00,0x00,0x00,0x00,0x00,0x0b,0xff,0xfe,0x00,0x00,0x00,0x00,0x00,0x00,0x00,0x0f,0xff,0xfa,
  0x00,0x00,0x00,0x00,0x00,0x00,0x00,0x00,0x00,0x00,0x00,0x00,0x00,0x00,0x00,0x0b,0xff,0xfe,0x00,0x00,0x00,0x00,0x00,0x00,
  0x00,0x0f,0xff,0xfa,0x00,0x00,0x00,0x00,0x00,0x00,0x00,0x00,0x00,0x00,0x00,0x00,0x00,0x00,0x00,0x0b,0xff,0xfe,0x00,0x00,
  0x00,0x00,0x00,0x00,0x00,0x0f,0xff,0xfa,0x00,0x00,0x00,0x00,0x00,0x00,0x00,0x00,0x00,0x00,0x00,0x00,0x00,0x00,0x00,0x0b,
  0xff,0xfe,0x00,0x00,0x00,0x00,0x00,0x00,0x00,0x0f,0xff,0xfa,0x00,0x00,0x00,0x00,0x00,0x00,0x00,0x00,0x00,0x00,0x00,0x00,
  0x00,0x00,0x00,0x0b,0xff,0xfe,0x00,0x00,0x00,0x00,0x00,0x00,0x00,0x0f,0xff,0xfa,0x00,0x00,0x00,0x00,0x00,0x00,0x00,0x00,
  0x00,0x00,0x00,0x00,0x00,0x00,0x00,0x0b,0xff,0xfe,0x00,0x00,0x00,0x00,0x00,0x00,0x00,0x0f,0xff,0xfa,0x00,0x00,0x00,0x00,
  0x00,0x00,0x00,0x00,0x00,0x00,0x00,0x00,0x00,0x00,0x00,0x0b,0xff,0xfe,0x00,0x00,0x00,0x00,0x00,0x00,0x00,0x0f,0xff,0xfa,
  0x00,0x00,0x00,0x00,0x00,0x00,0x00,0x00,0x00,0x00,0x00,0x00,0x00,0x00,0x00,0x0b,0xff,0xfe,0x00,0x00,0x00,0x00,0x00,0x00,
  0x00,0x0f,0xff,0xfa,0x00,0x00,0x00,0x00,0x00,0x00,0x00,0x00,0x00,0x00,0x00,0x00,0x00,0x00,0x00,0x0b,0xff,0xfe,0x00,0x00,
  0x00,0x00,0x00,0x00,0x00,0x0f,0xff,0xfa,0x00,0x00,0x00,0x00,0x00,0x00,0x00,0x00,0x00,0x00,0x00,0x00,0x00,0x00,0x00,0x0b,
  0xff,0xfe,0x00,0x00,0x00,0x00,0x00,0x00,0x00,0x0f,0xff,0xfa,0x00,0x00,0x00,0x00,0x00,0x00,0x00,0x00,0x00,0x00,0x00,0x00,
  0x00,0x00,0x00,0x0b,0xff,0xfe,0x00,0x00,0x00,0x00,0x00,0x00,0x00,0x0f,0xff,0xfa,0x00,0x00,0x00,0x00,0x00,0x00,0x00,0x00,
  0x00,0x00,0x00,0x00,0x00,0x00,0x00,0x0b,0xff,0xfe,0x00,0x00,0x00,0x00,0x00,0x00,0x00,0x0f,0xff,0xfa,0x00,0x00,0x00,0x00,
  0x00,0x00,0x00,0x00,0x00,0x00,0x00,0x00,0x00,0x00,0x00,0x0b,0xff,0xfe,0x00,0x00,0x00,0x00,0x00,0x00,0x00,0x0f,0xff,0xfa,
  0x00,0x00,0x00,0x00,0x00,0x00,0x00,0x00,0x00,0x00,0x00,0x00,0x00,0x00,0x00,0x0b,0xff,0xfe,0x00,0x00,0x00,0x00,0x00,0x00,
  0x00,0x0f,0xff,0xfa,0x00,0x00,0x00,0x00,0x00,0x00,0x00,0x00,0x00,0x00,0x00,0x00,0x00,0x00,0x00,0x0b,0xff,0xff,0x00,0x00,
  0x00,0x00,0x00,0x00,0x00,0x0f,0xff,0xfa,0x00,0x00,0x00,0x00,0x00,0x00,0x00,0x00,0x00,0x00,0x00,0x00,0x00,0x00,0x00,0x0b,
  0xff,0xff,0x00,0x00,0x00,0x00,0x00,0x00,0x00,0x0f,0xff,0xfa,0x00,0x00,0x00,0x00,0x00,0x00,0x00,0x00,0x00,0x00,0x00,0x00,
  0x00,0x00,0x00,0x0b,0xff,0xff,0x00,0x00,0x00,0x00,0x00,0x00,0x00,0x0f,0xff,0xfa,0x00,0x00,0x00,0x00,0x00,0x00,0x00,0x00,
  0x00,0x00,0x00,0x00,0x00,0x00,0x00,0x0b,0xff,0xff,0x00,0x00,0x00,0x00,0x00,0x00,0x00,0x0f,0xff,0xfa,0x00,0x00,0x00,0x00,
  0x00,0x00,0x00,0x00,0x8c,0xcc,0xcc,0xcc,0xcc,0xcc,0xcc,0xce,0xff,0xff,0x10,0x00,0x00,0x00,0x00,0x00,0x00,0x0f,0xff,0xff,
  0xee,0xee,0xee,0xee,0xee,0xee,0xec,0x00,0xbf,0xff,0xff,0xff,0xff,0xff,0xff,0xff,0xff,0xff,0x10,0x00,0x00,0x00,0x00,0x00,
  0x00,0x0f,0xff,0xff,0xff,0xff,0xff,0xff,0xff,0xff,0xfe,0x00,0xbf,0xff,0xff,0xff,0xff,0xff,0xff,0xff,0xff,0xff,0x10,0x00,
  0x00,0x00,0x00,0x00,0x00,0x0f,0xff,0xff,0xff,0xff,0xff,0xff,0xff,0xff,0xfe,0x00,0xbf,0xff,0xff,0xff,0xff,0xff,0xff,0xff,
  0xff,0xff,0x20,0x00,0x00,0x00,0x00,0x00,0x00,0x0e,0xee,0xee,0xee,0xee,0xee,0xee,0xef,0xff,0xfe,0x00,0xbf,0xff,0xf0,0x00,
  0x00,0x00,0x00,0x0b,0xcc,0xcd,0x20,0x00,0x00,0x00,0x00,0x00,0x00,0x00,0x00,0x00,0x00,0x00,0x00,0x00,0x0b,0xff,0xfe,0x00,
  0xbf,0xff,0xf0,0x00,0x00,0x00,0x00,0x00,0x00,0x00,0x00,0x00,0x00,0x00,0x00,0x00,0x00,0x00,0x00,0x00,0x00,0x00,0x00,0x00,
  0x0b,0xff,0xfe,0x00,0xbf,0xff,0xf0,0x00,0x00,0x00,0x00,0x00,0x00,0x00,0x00,0x00,0x00,0x00,0x00,0x00,0x00,0x00,0x00,0x00,
  0x00,0x00,0x00,0x00,0x0b,0xff,0xfe,0x00,0xbf,0xff,0xf0,0x00,0x00,0x00,0x00,0x00,0x00,0x00,0x00,0x00,0x00,0x00,0x00,0x00,
  0x00,0x00,0x00,0x00,0x00,0x00,0x00,0x00,0x0b,0xff,0xfe,0x00,0xbf,0xff,0xf0,0x00,0x00,0x00,0x00,0x00,0x00,0x00,0x00,0x00,
  0x00,0x00,0x00,0x00,0x00,0x00,0x00,0x00,0x00,0x00,0x00,0x00,0x0b,0xff,0xfe,0x00,0xbf,0xff,0xf0,0x00,0x00,0x00,0x00,0x00,
  0x00,0x00,0x00,0x00,0x00,0x00,0x00,0x00,0x00,0x00,0x00,0x00,0x00,0x00,0x00,0x00,0x0b,0xff,0xfe,0x00,0xbf,0xff,0xf0,0x00,
  0x00,0x00,0x00,0x00,0x00,0x00,0x00,0x00,0x00,0x00,0x00,0x00,0x00,0x00,0x00,0x00,0x00,0x00,0x00,0x00,0x0b,0xff,0xfe,0x00,
  0xbf,0xff,0xf0,0x00,0x00,0x00,0x00,0x00,0x00,0x00,0x00,0x00,0x00,0x00,0x00,0x00,0x00,0x00,0x00,0x00,0x00,0x00,0x00,0x00,
  0x0b,0xff,0xfe,0x00,0xbf,0xff,0xf0,0x00,0x00,0x00,0x00,0x00,0x00,0x00,0x00,0x00,0x00,0x00,0x00,0x00,0x00,0x00,0x00,0x00,
  0x00,0x00,0x00,0x00,0x0b,0xff,0xfe,0x00,0xbf,0xff,0xf0,0x00,0x00,0x00,0x00,0x00,0x00,0x00,0x00,0x00,0x00,0x00,0x00,0x00,
  0x00,0x00,0x00,0x00,0x00,0x00,0x00,0x00,0x0b,0xff,0xfe,0x00,0xbf,0xff,0xf0,0x00,0x00,0x00,0x00,0x00,0x00,0x00,0x00,0x00,
  0x00,0x00,0x00,0x00,0x00,0x00,0x00,0x00,0x00,0x00,0x00,0x00,0x0b,0xff,0xfe,0x00,0xbf,0xff,0xf0,0x00,0x00,0x00,0x00,0x00,
  0x00,0x00,0x00,0x00,0x00,0x00,0x00,0x00,0x00,0x00,0x00,0x00,0x00,0x00,0x00,0x00,0x0b,0xff,0xfe,0x00,0xbf,0xff,0xf0,0x00,
  0x00,0x00,0x00,0x00,0x00,0x00,0x00,0x00,0x00,0x00,0x00,0x00,0x00,0x00,0x00,0x00,0x00,0x00,0x00,0x00,0x0b,0xff,0xfe,0x00,
  0xbf,0xff,0xf0,0x00,0x00,0x00,0x00,0x00,0x00,0x00,0x00,0x00,0x00,0x00,0x00,0x00,0x00,0x00,0x00,0x00,0x00,0x00,0x00,0x00,
  0x0b,0xff,0xfe,0x00,0xbf,0xff,0xf0,0x00,0x00,0x00,0x00,0x00,0x00,0x00,0x00,0x00,0x00,0x00,0x00,0x00,0x00,0x00,0x00,0x00,
  0x00,0x00,0x00,0x00,0x0b,0xff,0xfe,0x00,0xbf,0xff,0xf0,0x00,0x00,0x00,0x00,0x00,0x00,0x00,0x00,0x00,0x00,0x00,0x00,0x00,
  0x00,0x00,0x00,0x00,0x00,0x00,0x00,0x00,0x0b,0xff,0xfe,0x00,0xbf,0xff,0xf0,0x00,0x00,0x00,0x00,0x00,0x00,0x00,0x00,0x00,
  0x00,0x00,0x00,0x00,0x00,0x00,0x00,0x00,0x00,0x00,0x00,0x00,0x0b,0xff,0xfe,0x00,0xbf,0xff,0xf0,0x00,0x00,0x00,0x00,0x00,
  0x00,0x00,0x00,0x00,0x00,0x00,0x00,0x00,0x00,0x00,0x00,0x00,0x00,0x00,0x00,0x00,0x0b,0xff,0xfe,0x00,0xbf,0xff,0xf0,0x00,
  0x00,0x00,0x00,0x00,0x00,0x00,0x00,0x00,0x00,0x00,0x00,0x00,0x00,0x00,0x00,0x00,0x00,0x00,0x00,0x00,0x0b,0xff,0xfe,0x00,
  0xbf,0xff,0xf0,0x00,0x00,0x00,0x00,0x00,0x00,0x00,0x00,0x00,0x00,0x00,0x00,0x00,0x00,0x00,0x00,0x00,0x00,0x00,0x00,0x00,
  0x0b,0xff,0xfe,0x00,0xbf,0xff,0xf0,0x00,0x00,0x00,0x00,0x00,0x00,0x00,0x00,0x00,0x00,0x00,0x00,0x00,0x00,0x00,0x00,0x00,
  0x00,0x00,0x00,0x00,0x0b,0xff,0xfe,0x00,0xbf,0xff,0xf0,0x00,0x00,0x00,0x00,0x00,0x00,0x00,0x00,0x00,0x00,0x00,0x00,0x00,
  0x00,0x00,0x00,0x00,0x00,0x00,0x00,0x00,0x0b,0xff,0xfe,0x00,0xbf,0xff,0xfc,0xcc,0xcc,0xcc,0xcc,0xcc,0xcc,0xcc,0xcc,0xcc,
  0xcc,0xcc,0xcc,0xcc,0xcc,0xcc,0xcc,0xcc,0xcc,0xcc,0xcc,0xcc,0xce,0xff,0xfe,0x00,0xbf,0xff,0xff,0xff,0xff,0xff,0xff,0xff,
  0xff,0xff,0xff,0xff,0xff,0xff,0xff,0xff,0xff,0xff,0xff,0xff,0xff,0xff,0xff,0xff,0xff,0xff,0xfe,0x00,0xbf,0xff,0xff,0xff,
  0xff,0xff,0xff,0xff,0xff,0xff,0xff,0xff,0xff,0xff,0xff,0xff,0xff,0xff,0xff,0xff,0xff,0xff,0xff,0xff,0xff,0xff,0xff,0x00,
  0xcf,0xff,0xff,0xff,0xff,0xff,0xff,0xff,0xff,0xff,0xff,0xff,0xff,0xff,0xff,0xff,0xff,0xff,0xff,0xff,0xff,0xff,0xff,0xff,
  0xff,0xff,0xff,0x00,0xcf,0xff,0xf0,0x00,0x00,0x00,0x00,0x00,0x00,0x00,0x00,0x00,0x00,0x00,0x00,0x00,0x00,0x00,0x00,0x00,
  0x00,0x00,0x00,0x00,0x0c,0xff,0xff,0x00,0xcf,0xff,0xf0,0x00,0x00,0x00,0x00,0x00,0x00,0x00,0x00,0x00,0x00,0x00,0x00,0x00,
  0x00,0x00,0x00,0x00,0x00,0x00,0x00,0x00,0x0c,0xff,0xff,0x00,0xdf,0xff,0xf0,0x00,0x00,0x00,0x00,0x00,0x00,0x00,0x00,0x00,
  0x00,0x00,0x00,0x00,0x00,0x00,0x00,0x00,0x00,0x00,0x00,0x00,0x0d,0xff,0xff,0x00,0xdf,0xff,0xf1,0x00,0x00,0x00,0x00,0x00,
  0x00,0x00,0x00,0x00,0x00,0x00,0x00,0x00,0x00,0x00,0x00,0x00,0x00,0x00,0x00,0x00,0x0d,0xff,0xff,0x10,0xcd,0xcd,0xe1,0x00,
  0x00,0x00,0x00,0x00,0x00,0x00,0x00,0x00,0x00,0x00,0x00,0x00,0x00,0x00,0x00,0x00,0x00,0x00,0x00,0x00,0x0e,0xff,0xff,0x10,
  0x00,0x00,0x00,0x00,0x00,0x00,0x00,0x00,0x00,0x00,0x00,0x00,0x00,0x00,0x00,0x00,0x00,0x00,0x00,0x00,0x00,0x00,0x00,0x00,
  0x05,0x44,0x45,0x00,0x2b,0xbb,0xbb,0xbb,0xbb,0xbb,0xbb,0xbb,0xbb,0xbb,0xbb,0xb1,0x4f,0xff,0xff,0xff,0xff,0xff,0xff,0xff,
  0xff,0xff,0xff,0xf2,0x4f,0xff,0xff,0xff,0xff,0xff,0xff,0xff,0xff,0xff,0xff,0xf2,0x4f,0xff,0xff,0xff,0xff,0xff,0xff,0xff,
  0xff,0xff,0xff,0xf2,0x4f,0xff,0xff,0xff,0xff,0xff,0xff,0xff,0xff,0xff,0xff,0xf2,0x4f,0xff,0xfe,0xbb,0xbb,0xbb,0xbb,0xbb,
  0xbb,0xbb,0xbb,0xb1,0x4f,0xff,0xfc,0x00,0x00,0x00,0x00,0x00,0x00,0x00,0x00,0x00,0x4f,0xff,0xfc,0x00,0x00,0x00,0x00,0x00,
  0x00,0x00,0x00,0x00,0x4f,0xff,0xfc,0x00,0x00,0x00,0x00,0x00,0x00,0x00,0x00,0x00,0x4f,0xff,0xfc,0x00,0x00,0x00,0x00,0x00,
  0x00,0x00,0x00,0x00,0x4f,0xff,0xfc,0x00,0x00,0x00,0x00,0x00,0x00,0x00,0x00,0x00,0x4f,0xff,0xfc,0x00,0x00,0x00,0x00,0x00,
  0x00,0x00,0x00,0x00,0x4f,0xff,0xfc,0x00,0x00,0x00,0x00,0x00,0x00,0x00,0x00,0x00,0x4f,0xff,0xfc,0x00,0x00,0x00,0x00,0x00,
  0x00,0x00,0x00,0x00,0x4f,0xff,0xfc,0x00,0x00,0x00,0x00,0x00,0x00,0x00,0x00,0x00,0x4f,0xff,0xfc,0x00,0x00,0x00,0x00,0x00,
  0x00,0x00,0x00,0x00,0x4f,0xff,0xfc,0x00,0x00,0x00,0x00,0x00,0x00,0x00,0x00,0x00,0x4f,0xff,0xfc,0x00,0x00,0x00,0x00,0x00,
  0x00,0x00,0x00,0x00,0x4f,0xff,0xfc,0x00,0x00,0x00,0x00,0x00,0x00,0x00,0x00,0x00,0x4f,0xff,0xfc,0x00,0x00,0x00,0x00,0x00,
  0x00,0x00,0x00,0x00,0x4f,0xff,0xfc,0x00,0x00,0x00,0x00,0x00,0x00,0x00,0x00,0x00,0x4f,0xff,0xfc,0x00,0x00,0x00,0x00,0x00,
  0x00,0x00,0x00,0x00,0x4f,0xff,0xfc,0x00,0x00,0x00,0x00,0x00,0x00,0x00,0x00,0x00,0x4f,0xff,0xfc,0x00,0x00,0x00,0x00,0x00,
  0x00,0x00,0x00,0x00,0x4f,0xff,0xfc,0x00,0x00,0x00,0x00,0x00,0x00,0x00,0x00,0x00,0x4f,0xff,0xfc,0x00,0x00,0x00,0x00,0x00,
  0x00,0x00,0x00,0x00,0x4f,0xff,0xfc,0x00,0x00,0x00,0x00,0x00,0x00,0x00,0x00,0x00,0x4f,0xff,0xfc,0x00,0x00,0x00,0x00,0x00,
  0x00,0x00,0x00,0x00,0x4f,0xff,0xfc,0x00,0x00,0x00,0x00,0x00,0x00,0x00,0x00,0x00,0x4f,0xff,0xfc,0x00,0x00,0x00,0x00,0x00,
  0x00,0x00,0x00,0x00,0x4f,0xff,0xfc,0x00,0x00,0x00,0x00,0x00,0x00,0x00,0x00,0x00,0x4f,0xff,0xfc,0x00,0x00,0x00,0x00,0x00,
  0x00,0x00,0x00,0x00,0x4f,0xff,0xfc,0x00,0x00,0x00,0x00,0x00,0x00,0x00,0x00,0x00,0x4f,0xff,0xfc,0x00,0x00,0x00,0x00,0x00,
  0x00,0x00,0x00,0x00,0x4f,0xff,0xfc,0x00,0x00,0x00,0x00,0x00,0x00,0x00,0x00,0x00,0x4f,0xff,0xfc,0x00,0x00,0x00,0x00,0x00,
  0x00,0x00,0x00,0x00,0x4f,0xff,0xfc,0x00,0x00,0x00,0x00,0x00,0x00,0x00,0x00,0x00,0x4f,0xff,0xfc,0x00,0x00,0x00,0x00,0x00,
  0x00,0x00,0x00,0x00,0x4f,0xff,0xfc,0x00,0x00,0x00,0x00,0x00,0x00,0x00,0x00,0x00,0x4f,0xff,0xfc,0x00,0x00,0x00,0x00,0x00,
  0x00,0x00,0x00,0x00,0x4f,0xff,0xfc,0x00,0x00,0x00,0x00,0x00,0x00,0x00,0x00,0x00,0x6b,0xbb,0xbb,0xbb,0xbb,0xbb,0xbb,0xbb,
  0xbb,0xbb,0xbb,0x80,0xaf,0xff,0xff,0xff,0xff,0xff,0xff,0xff,0xff,0xff,0xff,0xc0,0xaf,0xff,0xff,0xff,0xff,0xff,0xff,0xff,
  0xff,0xff,0xff,0xc0,0xaf,0xff,0xff,0xff,0xff,0xff,0xff,0xff,0xff,0xff,0xff,0xc0,0xaf,0xff,0xff,0xff,0xff,0xff,0xff,0xff,
  0xff,0xff,0xff,0xc0,0x6b,0xbb,0xbb,0xbb,0xbb,0xbb,0xbb,0xbb,0xbc,0xff,0xff,0xc0,0x00,0x00,0x00,0x00,0x00,0x00,0x00,0x00,
  0x04,0xff,0xff,0xc0,0x00,0x00,0x00,0x00,0x00,0x00,0x00,0x00,0x04,0xff,0xff,0xc0,0x00,0x00,0x00,0x00,0x00,0x00,0x00,0x00,
  0x04,0xff,0xff,0xc0,0x00,0x00,0x00,0x00,0x00,0x00,0x00,0x00,0x04,0xff,0xff,0xc0,0x00,0x00,0x00,0x00,0x00,0x00,0x00,0x00,
  0x04,0xff,0xff,0xc0,0x00,0x00,0x00,0x00,0x00,0x00,0x00,0x00,0x04,0xff,0xff,0xc0,0x00,0x00,0x00,0x00,0x00,0x00,0x00,0x00,
  0x04,0xff,0xff,0xc0,0x00,0x00,0x00,0x00,0x00,0x00,0x00,0x00,0x04,0xff,0xff,0xc0,0x00,0x00,0x00,0x00,0x00,0x00,0x00,0x00,
  0x04,0xff,0xff,0xc0,0x00,0x00,0x00,0x00,0x00,0x00,0x00,0x00,0x04,0xff,0xff,0xc0,0x00,0x00,0x00,0x00,0x00,0x00,0x00,0x00,
  0x04,0xff,0xff,0xc0,0x00,0x00,0x00,0x00,0x00,0x00,0x00,0x00,0x04,0xff,0xff,0xc0,0x00,0x00,0x00,0x00,0x00,0x00,0x00,0x00,
  0x04,0xff,0xff,0xc0,0x00,0x00,0x00,0x00,0x00,0x00,0x00,0x00,0x04,0xff,0xff,0xc0,0x00,0x00,0x00,0x00,0x00,0x00,0x00,0x00,
  0x04,0xff,0xff,0xc0,0x00,0x00,0x00,0x00,0x00,0x00,0x00,0x00,0x04,0xff,0xff,0xc0,0x00,0x00,0x00,0x00,0x00,0x00,0x00,0x00,
  0x04,0xff,0xff,0xc0,0x00,0x00,0x00,0x00,0x00,0x00,0x00,0x00,0x04,0xff,0xff,0xc0,0x00,0x00,0x00,0x00,0x00,0x00,0x00,0x00,
  0x04,0xff,0xff,0xc0,0x00,0x00,0x00,0x00,0x00,0x00,0x00,0x00,0x04,0xff,0xff,0xc0,0x00,0x00,0x00,0x00,0x00,0x00,0x00,0x00,
  0x04,0xff,0xff,0xc0,0x00,0x00,0x00,0x00,0x00,0x00,0x00,0x00,0x04,0xff,0xff,0xc0,0x00,0x00,0x00,0x00,0x00,0x00,0x00,0x00,
  0x04,0xff,0xff,0xc0,0x00,0x00,0x00,0x00,0x00,0x00,0x00,0x00,0x04,0xff,0xff,0xc0,0x00,0x00,0x00,0x00,0x00,0x00,0x00,0x00,
  0x04,0xff,0xff,0xc0,0x00,0x00,0x00,0x00,0x00,0x00,0x00,0x00,0x04,0xff,0xff,0xc0,0x00,0x00,0x00,0x00,0x00,0x00,0x00,0x00,
  0x04,0xff,0xff,0xc0,0x00,0x00,0x00,0x00,0x00,0x00,0x00,0x00,0x04,0xff,0xff,0xc0,0x00,0x00,0x00,0x00,0x00,0x00,0x00,0x00,
  0x04,0xff,0xff,0xc0,0x00,0x00,0x00,0x00,0x00,0x00,0x00,0x00,0x04,0xff,0xff,0xc0,0x00,0x00,0x00,0x00,0x00,0x00,0x00,0x00,
  0x04,0xff,0xff,0xc0,0x00,0x00,0x00,0x00,0x00,0x00,0x00,0x00,0x04,0xff,0xff,0xc0,0x00,0x00,0x00,0x00,0x00,0x00,0x00,0x00,
  0x04,0xff,0xff,0xc0,0x00,0x00,0x00,0x00,0x00,0x00,0x00,0x00,0x04,0xff,0xff,0xc0,0x00,0x00,0x00,0x00,0x00,0x00,0x00,0x00,
  0x04,0xff,0xff,0xc0,0x00,0x00,0x00,0x00,0x00,0x00,0x00,0x00,0x00,0x00,0x00,0x00,0x4f,0xff,0xfc,0x00,0x00,0x00,0x00,0x00,
  0x00,0x00,0x00,0x00,0x4f,0xff,0xfc,0x00,0x00,0x00,0x00,0x00,0x00,0x00,0x00,0x00,0x4f,0xff,0xfc,0x00,0x00,0x00,0x00,0x00,
  0x00,0x00,0x00,0x00,0x4f,0xff,0xfc,0x00,0x00,0x00,0x00,0x00,0x00,0x00,0x00,0x00,0x4f,0xff,0xfc,0x00,0x00,0x00,0x00,0x00,
  0x00,0x00,0x00,0x00,0x4f,0xff,0xfc,0x00,0x00,0x00,0x00,0x00,0x00,0x00,0x00,0x00,0x4f,0xff,0xfc,0x00,0x00,0x00,0x00,0x00,
  0x00,0x00,0x00,0x00,0x4f,0xff,0xfc,0x00,0x00,0x00,0x00,0x00,0x00,0x00,0x00,0x00,0x4f,0xff,0xfc,0x00,0x00,0x00,0x00,0x00,
  0x00,0x00,0x00,0x00,0x4f,0xff,0xfc,0x00,0x00,0x00,0x00,0x00,0x00,0x00,0x00,0x00,0x4f,0xff,0xfc,0x00,0x00,0x00,0x00,0x00,
  0x00,0x00,0x00,0x00,0x4f,0xff,0xfc,0x00,0x00,0x00,0x00,0x00,0x00,0x00,0x00,0x00,0x4f,0xff,0xfc,0x00,0x00,0x00,0x00,0x00,
  0x00,0x00,0x00,0x00,0x4f,0xff,0xfc,0x00,0x00,0x00,0x00,0x00,0x00,0x00,0x00,0x00,0x4f,0xff,0xfc,0x00,0x00,0x00,0x00,0x00,
  0x00,0x00,0x00,0x00,0x4f,0xff,0xfc,0x00,0x00,0x00,0x00,0x00,0x00,0x00,0x00,0x00,0x4f,0xff,0xfc,0x00,0x00,0x00,0x00,0x00,
  0x00,0x00,0x00,0x00,0x4f,0xff,0xfc,0x00,0x00,0x00,0x00,0x00,0x00,0x00,0x00,0x00,0x4f,0xff,0xfc,0x00,0x00,0x00,0x00,0x00,
  0x00,0x00,0x00,0x00,0x4f,0xff,0xfc,0x00,0x00,0x00,0x00,0x00,0x00,0x00,0x00,0x00,0x4f,0xff,0xfc,0x00,0x00,0x00,0x00,0x00,
  0x00,0x00,0x00,0x00,0x4f,0xff,0xfc,0x00,0x00,0x00,0x00,0x00,0x00,0x00,0x00,0x00,0x4f,0xff,0xfc,0x00,0x00,0x00,0x00,0x00,
  0x00,0x00,0x00,0x00,0x4f,0xff,0xfc,0x00,0x00,0x00,0x00,0x00,0x00,0x00,0x00,0x00,0x4f,0xff,0xfc,0x00,0x00,0x00,0x00,0x00,
  0x00,0x00,0x00,0x00,0x4f,0xff,0xfc,0x00,0x00,0x00,0x00,0x00,0x00,0x00,0x00,0x00,0x4f,0xff,0xfc,0x00,0x00,0x00,0x00,0x00,
  0x00,0x00,0x00,0x00,0x4f,0xff,0xfc,0x00,0x00,0x00,0x00,0x00,0x00,0x00,0x00,0x00,0x4f,0xff,0xfc,0x00,0x00,0x00,0x00,0x00,
  0x00,0x00,0x00,0x00,0x4f,0xff,0xfc,0x00,0x00,0x00,0x00,0x00,0x00,0x00,0x00,0x00,0x4f,0xff,0xfc,0x00,0x00,0x00,0x00,0x00,
  0x00,0x00,0x00,0x00,0x4f,0xff,0xfc,0x00,0x00,0x00,0x00,0x00,0x00,0x00,0x00,0x00,0x4f,0xff,0xfc,0x00,0x00,0x00,0x00,0x00,
  0x00,0x00,0x00,0x00,0x4f,0xff,0xfc,0x00,0x00,0x00,0x00,0x00,0x00,0x00,0x00,0x00,0x4f,0xff,0xfc,0x00,0x00,0x00,0x00,0x00,
  0x00,0x00,0x00,0x00,0x4f,0xff,0xfe,0xbb,0xbb,0xbb,0xbb,0xbb,0xbb,0xbb,0xbb,0xb1,0x4f,0xff,0xff,0xff,0xff,0xff,0xff,0xff,
  0xff,0xff,0xff,0xf2,0x4f,0xff,0xff,0xff,0xff,0xff,0xff,0xff,0xff,0xff,0xff,0xf2,0x4f,0xff,0xff,0xff,0xff,0xff,0xff,0xff,
  0xff,0xff,0xff,0xf2,0x4f,0xff,0xff,0xff,0xff,0xff,0xff,0xff,0xff,0xff,0xff,0xf2,0x2b,0xbb,0xbb,0xbb,0xbb,0xbb,0xbb,0xbb,
  0xbb,0xbb,0xbb,0xb1,0x00,0x00,0x00,0x00,0x00,0x00,0x00,0x00,0x00,0x00,0x00,0x00,0x00,0x00,0x00,0x00,0x00,0x00,0x00,0x00,
  0x04,0xff,0xff,0xc0,0x00,0x00,0x00,0x00,0x00,0x00,0x00,0x00,0x04,0xff,0xff,0xc0,0x00,0x00,0x00,0x00,0x00,0x00,0x00,0x00,
  0x04,0xff,0xff,0xc0,0x00,0x00,0x00,0x00,0x00,0x00,0x00,0x00,0x04,0xff,0xff,0xc0,0x00,0x00,0x00,0x00,0x00,0x00,0x00,0x00,
  0x04,0xff,0xff,0xc0,0x00,0x00,0x00,0x00,0x00,0x00,0x00,0x00,0x04,0xff,0xff,0xc0,0x00,0x00,0x00,0x00,0x00,0x00,0x00,0x00,
  0x04,0xff,0xff,0xc0,0x00,0x00,0x00,0x00,0x00,0x00,0x00,0x00,0x04,0xff,0xff,0xc0,0x00,0x00,0x00,0x00,0x00,0x00,0x00,0x00,
  0x04,0xff,0xff,0xc0,0x00,0x00,0x00,0x00,0x00,0x00,0x00,0x00,0x04,0xff,0xff,0xc0,0x00,0x00,0x00,0x00,0x00,0x00,0x00,0x00,
  0x04,0xff,0xff,0xc0,0x00,0x00,0x00,0x00,0x00,0x00,0x00,0x00,0x04,0xff,0xff,0xc0,0x00,0x00,0x00,0x00,0x00,0x00,0x00,0x00,
  0x04,0xff,0xff,0xc0,0x00,0x00,0x00,0x00,0x00,0x00,0x00,0x00,0x04,0xff,0xff,0xc0,0x00,0x00,0x00,0x00,0x00,0x00,0x00,0x00,
  0x04,0xff,0xff,0xc0,0x00,0x00,0x00,0x00,0x00,0x00,0x00,0x00,0x04,0xff,0xff,0xc0,0x00,0x00,0x00,0x00,0x00,0x00,0x00,0x00,
  0x04,0xff,0xff,0xc0,0x00,0x00,0x00,0x00,0x00,0x00,0x00,0x00,0x04,0xff,0xff,0xc0,0x00,0x00,0x00,0x00,0x00,0x00,0x00,0x00,
  0x04,0xff,0xff,0xc0,0x00,0x00,0x00,0x00,0x00,0x00,0x00,0x00,0x04,0xff,0xff,0xc0,0x00,0x00,0x00,0x00,0x00,0x00,0x00,0x00,
  0x04,0xff,0xff,0xc0,0x00,0x00,0x00,0x00,0x00,0x00,0x00,0x00,0x04,0xff,0xff,0xc0,0x00,0x00,0x00,0x00,0x00,0x00,0x00,0x00,
  0x04,0xff,0xff,0xc0,0x00,0x00,0x00,0x00,0x00,0x00,0x00,0x00,0x04,0xff,0xff,0xc0,0x00,0x00,0x00,0x00,0x00,0x00,0x00,0x00,
  0x04,0xff,0xff,0xc0,0x00,0x00,0x00,0x00,0x00,0x00,0x00,0x00,0x04,0xff,0xff,0xc0,0x00,0x00,0x00,0x00,0x00,0x00,0x00,0x00,
  0x04,0xff,0xff,0xc0,0x00,0x00,0x00,0x00,0x00,0x00,0x00,0x00,0x04,0xff,0xff,0xc0,0x00,0x00,0x00,0x00,0x00,0x00,0x00,0x00,
  0x04,0xff,0xff,0xc0,0x00,0x00,0x00,0x00,0x00,0x00,0x00,0x00,0x04,0xff,0xff,0xc0,0x00,0x00,0x00,0x00,0x00,0x00,0x00,0x00,
  0x04,0xff,0xff,0xc0,0x00,0x00,0x00,0x00,0x00,0x00,0x00,0x00,0x04,0xff,0xff,0xc0,0x00,0x00,0x00,0x00,0x00,0x00,0x00,0x00,
  0x04,0xff,0xff,0xc0,0x00,0x00,0x00,0x00,0x00,0x00,0x00,0x00,0x04,0xff,0xff,0xc0,0x00,0x00,0x00,0x00,0x00,0x00,0x00,0x00,
  0x04,0xff,0xff,0xc0,0x6b,0xbb,0xbb,0xbb,0xbb,0xbb,0xbb,0xbb,0xbc,0xff,0xff,0xc0,0xaf,0xff,0xff,0xff,0xff,0xff,0xff,0xff,
  0xff,0xff,0xff,0xc0,0xaf,0xff,0xff,0xff,0xff,0xff,0xff,0xff,0xff,0xff,0xff,0xc0,0xaf,0xff,0xff,0xff,0xff,0xff,0xff,0xff,
  0xff,0xff,0xff,0xc0,0xaf,0xff,0xff,0xff,0xff,0xff,0xff,0xff,0xff,0xff,0xff,0xc0,0x6b,0xbb,0xbb,0xbb,0xbb,0xbb,0xbb,0xbb,
  0xbb,0xbb,0xbb,0x80,0x6b,0xbb,0xbb,0xbb,0xbb,0xbb,0xbb,0xbb,0xbb,0xbb,0xbb,0xbb,0xbb,0xbb,0xbb,0xbb,0xbb,0xbb,0xbb,0xbb,
  0x10,0xaf,0xff,0xff,0xff,0xff,0xff,0xff,0xff,0xff,0xff,0xff,0xff,0xff,0xff,0xff,0xff,0xff,0xff,0xff,0xff,0x20,0xaf,0xff,
  0xff,0xff,0xff,0xff,0xff,0xff,0xff,0xff,0xff,0xff,0xff,0xff,0xff,0xff,0xff,0xff,0xff,0xff,0x20,0xaf,0xff,0xff,0xff,0xff,
  0xff,0xff,0xff,0xff,0xff,0xff,0xff,0xff,0xff,0xff,0xff,0xff,0xff,0xff,0xff,0x20,0xaf,0xff,0xff,0xff,0xff,0xff,0xff,0xff,
  0xff,0xff,0xff,0xff,0xff,0xff,0xff,0xff,0xff,0xff,0xff,0xff,0x20,0x6b,0xbb,0xbb,0xbb,0xbb,0xbb,0xbb,0xbb,0xbb,0xbb,0xbb,
  0xbb,0xbb,0xbb,0xbb,0xbb,0xbb,0xbb,0xbb,0xbb,0x10,0x00,0x00,0x00,0x4f,0xff,0xfc,0x4f,0xff,0xfc,0x4f,0xff,0xfc,0x4f,0xff,
  0xfc,0x4f,0xff,0xfc,0x4f,0xff,0xfc,0x4f,0xff,0xfc,0x4f,0xff,0xfc,0x4f,0xff,0xfc,0x4f,0xff,0xfc,0x4f,0xff,0xfc,0x4f,0xff,
  0xfc,0x4f,0xff,0xfc,0x4f,0xff,0xfc,0x4f,0xff,0xfc,0x4f,0xff,0xfc,0x4f,0xff,0xfc,0x4f,0xff,0xfc,0x4f,0xff,0xfc,0x4f,0xff,
  0xfc,0x4f,0xff,0xfc,0x4f,0xff,0xfc,0x4f,0xff,0xfc,0x4f,0xff,0xfc,0x4f,0xff,0xfc,0x4f,0xff,0xfc,0x4f,0xff,0xfc,0x4f,0xff,
  0xfc,0x4f,0xff,0xfc,0x4f,0xff,0xfc,0x4f,0xff,0xfc,0x4f,0xff,0xfc,0x4f,0xff,0xfc,0x4f,0xff,0xfc,0x4f,0xff,0xfc,0x4f,0xff,
  0xfc,0x4f,0xff,0xfc,0x4f,0xff,0xfc,0x4f,0xff,0xfc,0x4f,0xff,0xfc,0x4f,0xff,0xfc,0x4f,0xff,0xfc,0x4f,0xff,0xfc,0x4f,0xff,
  0xfc,0x4f,0xff,0xfc,0x4f,0xff,0xfc,0x4f,0xff,0xfc,0x4f,0xff,0xfc,0x4f,0xff,0xfc,0x4f,0xff,0xfc,0x4f,0xff,0xfc,0x4f,0xff,
  0xfc,0x4f,0xff,0xfc,0x4f,0xff,0xfc,0x4f,0xff,0xfc,0x4f,0xff,0xfc,0x4f,0xff,0xfc,0x4f,0xff,0xfc,0x4f,0xff,0xfc,0x4f,0xff,
  0xfc,0x4f,0xff,0xfc,0x4f,0xff,0xfc,0x4f,0xff,0xfc,0x4f,0xff,0xfc,0x4f,0xff,0xfc,0x4f,0xff,0xfc,0x4f,0xff,0xfc,0x4f,0xff,
  0xfc,0x4f,0xff,0xfc,0x4f,0xff,0xfc,0x4f,0xff,0xfc,0x4f,0xff,0xfc,0x4f,0xff,0xfc,0x4f,0xff,0xfc,0x4f,0xff,0xfc,0x4f,0xff,
  0xfc,0x6b,0xbb,0xbb,0xbb,0xbb,0xbb,0xbb,0xbb,0xbb,0xbb,0xbb,0xbb,0xbb,0xbb,0xbb,0xbb,0xbb,0xbb,0xbb,0xbb,0x10,0xaf,0xff,
  0xff,0xff,0xff,0xff,0xff,0xff,0xff,0xff,0xff,0xff,0xff,0xff,0xff,0xff,0xff,0xff,0xff,0xff,0x20,0xaf,0xff,0xff,0xff,0xff,
  0xff,0xff,0xff,0xff,0xff,0xff,0xff,0xff,0xff,0xff,0xff,0xff,0xff,0xff,0xff,0x20,0xaf,0xff,0xff,0xff,0xff,0xff,0xff,0xff,
  0xff,0xff,0xff,0xff,0xff,0xff,0xff,0xff,0xff,0xff,0xff,0xff,0x20,0xaf,0xff,0xff,0xff,0xff,0xff,0xff,0xff,0xff,0xff,0xff,
  0xff,0xff,0xff,0xff,0xff,0xff,0xff,0xff,0xff,0x20,0x6b,0xbb,0xbb,0xbb,0xbb,0xbb,0xbb,0xbb,0xbc,0xff,0xff,0xeb,0xbb,0xbb,
  0xbb,0xbb,0xbb,0xbb,0xbb,0xbb,0x10,0x00,0x00,0x00,0x00,0x00,0x00,0x00,0x00,0x04,0xff,0xff,0xc0,0x00,0x00,0x00,0x00,0x00,
  0x00,0x00,0x00,0x00,0x00,0x00,0x00,0x00,0x00,0x00,0x00,0x00,0x04,0xff,0xff,0xc0,0x00,0x00,0x00,0x00,0x00,0x00,0x00,0x00,
  0x00,0x00,0x00,0x00,0x00,0x00,0x00,0x00,0x00,0x04,0xff,0xff,0xc0,0x00,0x00,0x00,0x00,0x00,0x00,0x00,0x00,0x00,0x00,0x00,
  0x00,0x00,0x00,0x00,0x00,0x00,0x04,0xff,0xff,0xc0,0x00,0x00,0x00,0x00,0x00,0x00,0x00,0x00,0x00,0x00,0x00,0x00,0x00,0x00,
  0x00,0x00,0x00,0x04,0xff,0xff,0xc0,0x00,0x00,0x00,0x00,0x00,0x00,0x00,0x00,0x00,0x00,0x00,0x00,0x00,0x00,0x00,0x00,0x00,
  0x04,0xff,0xff,0xc0,0x00,0x00,0x00,0x00,0x00,0x00,0x00,0x00,0x00,0x00,0x00,0x00,0x00,0x00,0x00,0x00,0x00,0x04,0xff,0xff,
  0xc0,0x00,0x00,0x00,0x00,0x00,0x00,0x00,0x00,0x00,0x00,0x00,0x00,0x00,0x00,0x00,0x00,0x00,0x04,0xff,0xff,0xc0,0x00,0x00,
  0x00,0x00,0x00,0x00,0x00,0x00,0x00,0x00,0x00,0x00,0x00,0x00,0x00,0x00,0x00,0x04,0xff,0xff,0xc0,0x00,0x00,0x00,0x00,0x00,
  0x00,0x00,0x00,0x00,0x00,0x00,0x00,0x00,0x00,0x00,0x00,0x00,0x04,0xff,0xff,0xc0,0x00,0x00,0x00,0x00,0x00,0x00,0x00,0x00,
  0x00,0x00,0x00,0x00,0x00,0x00,0x00,0x00,0x00,0x04,0xff,0xff,0xc0,0x00,0x00,0x00,0x00,0x00,0x00,0x00,0x00,0x00,0x00,0x00,
  0x00,0x00,0x00,0x00,0x00,0x00,0x04,0xff,0xff,0xc0,0x00,0x00,0x00,0x00,0x00,0x00,0x00,0x00,0x00,0x00,0x00,0x00,0x00,0x00,
  0x00,0x00,0x00,0x04,0xff,0xff,0xc0,0x00,0x00,0x00,0x00,0x00,0x00,0x00,0x00,0x00,0x00,0x00,0x00,0x00,0x00,0x00,0x00,0x00,
  0x04,0xff,0xff,0xc0,0x00,0x00,0x00,0x00,0x00,0x00,0x00,0x00,0x00,0x00,0x00,0x00,0x00,0x00,0x00,0x00,0x00,0x04,0xff,0xff,
  0xc0,0x00,0x00,0x00,0x00,0x00,0x00,0x00,0x00,0x00,0x00,0x00,0x00,0x00,0x00,0x00,0x00,0x00,0x04,0xff,0xff,0xc0,0x00,0x00,
  0x00,0x00,0x00,0x00,0x00,0x00,0x00,0x00,0x00,0x00,0x00,0x00,0x00,0x00,0x00,0x04,0xff,0xff,0xc0,0x00,0x00,0x00,0x00,0x00,
  0x00,0x00,0x00,0x00,0x00,0x00,0x00,0x00,0x00,0x00,0x00,0x00,0x04,0xff,0xff,0xc0,0x00,0x00,0x00,0x00,0x00,0x00,0x00,0x00,
  0x00,0x00,0x00,0x00,0x00,0x00,0x00,0x00,0x00,0x04,0xff,0xff,0xc0,0x00,0x00,0x00,0x00,0x00,0x00,0x00,0x00,0x00,0x00,0x00,
  0x00,0x00,0x00,0x00,0x00,0x00,0x04,0xff,0xff,0xc0,0x00,0x00,0x00,0x00,0x00,0x00,0x00,0x00,0x00,0x00,0x00,0x00,0x00,0x00,
  0x00,0x00,0x00,0x04,0xff,0xff,0xc0,0x00,0x00,0x00,0x00,0x00,0x00,0x00,0x00,0x00,0x00,0x00,0x00,0x00,0x00,0x00,0x00,0x00,
  0x04,0xff,0xff,0xc0,0x00,0x00,0x00,0x00,0x00,0x00,0x00,0x00,0x00,0x00,0x00,0x00,0x00,0x00,0x00,0x00,0x00,0x04,0xff,0xff,
  0xc0,0x00,0x00,0x00,0x00,0x00,0x00,0x00,0x00,0x00,0x00,0x00,0x00,0x00,0x00,0x00,0x00,0x00,0x04,0xff,0xff,0xc0,0x00,0x00,
  0x00,0x00,0x00,0x00,0x00,0x00,0x00,0x00,0x00,0x00,0x00,0x00,0x00,0x00,0x00,0x04,0xff,0xff,0xc0,0x00,0x00,0x00,0x00,0x00,
  0x00,0x00,0x00,0x00,0x00,0x00,0x00,0x00,0x00,0x00,0x00,0x00,0x04,0xff,0xff,0xc0,0x00,0x00,0x00,0x00,0x00,0x00,0x00,0x00,
  0x00,0x00,0x00,0x00,0x00,0x00,0x00,0x00,0x00,0x04,0xff,0xff,0xc0,0x00,0x00,0x00,0x00,0x00,0x00,0x00,0x00,0x00,0x00,0x00,
  0x00,0x00,0x00,0x00,0x00,0x00,0x04,0xff,0xff,0xc0,0x00,0x00,0x00,0x00,0x00,0x00,0x00,0x00,0x00,0x00,0x00,0x00,0x00,0x00,
  0x00,0x00,0x00,0x04,0xff,0xff,0xc0,0x00,0x00,0x00,0x00,0x00,0x00,0x00,0x00,0x00,0x00,0x00,0x00,0x00,0x00,0x00,0x00,0x00,
  0x04,0xff,0xff,0xc0,0x00,0x00,0x00,0x00,0x00,0x00,0x00,0x00,0x00,0x00,0x00,0x00,0x00,0x00,0x00,0x00,0x00,0x04,0xff,0xff,
  0xc0,0x00,0x00,0x00,0x00,0x00,0x00,0x00,0x00,0x00,0x00,0x00,0x00,0x00,0x00,0x00,0x00,0x00,0x04,0xff,0xff,0xc0,0x00,0x00,
  0x00,0x00,0x00,0x00,0x00,0x00,0x00,0x00,0x00,0x00,0x00,0x00,0x00,0x00,0x00,0x04,0xff,0xff,0xc0,0x00,0x00,0x00,0x00,0x00,
  0x00,0x00,0x00,0x00,0x00,0x00,0x00,0x00,0x00,0x00,0x00,0x00,0x04,0xff,0xff,0xc0,0x00,0x00,0x00,0x00,0x00,0x00,0x00,0x00,
  0x00,0x00,0x00,0x00,0x00,0x00,0x00,0x00,0x00,0x04,0xff,0xff,0xc0,0x00,0x00,0x00,0x00,0x00,0x00,0x00,0x00,0x00,0x00,0x00,
  0x00,0x00,0x00,0x00,0x00,0x00,0x00,0x00,0x00,0x00,0x00,0x00,0x00,0x00,0x00,0x00,0x00,0x00,0x00,0x00,0x00,0x00,0x00,0x00,
  0x00,0x00,0x00,0x04,0xff,0xff,0xc0,0x00,0x00,0x00,0x00,0x00,0x00,0x00,0x00,0x00,0x00,0x00,0x00,0x00,0x00,0x00,0x00,0x00,
  0x04,0xff,0xff,0xc0,0x00,0x00,0x00,0x00,0x00,0x00,0x00,0x00,0x00,0x00,0x00,0x00,0x00,0x00,0x00,0x00,0x00,0x04,0xff,0xff,
  0xc0,0x00,0x00,0x00,0x00,0x00,0x00,0x00,0x00,0x00,0x00,0x00,0x00,0x00,0x00,0x00,0x00,0x00,0x04,0xff,0xff,0xc0,0x00,0x00,
  0x00,0x00,0x00,0x00,0x00,0x00,0x00,0x00,0x00,0x00,0x00,0x00,0x00,0x00,0x00,0x04,0xff,0xff,0xc0,0x00,0x00,0x00,0x00,0x00,
  0x00,0x00,0x00,0x00,0x00,0x00,0x00,0x00,0x00,0x00,0x00,0x00,0x04,0xff,0xff,0xc0,0x00,0x00,0x00,0x00,0x00,0x00,0x00,0x00,
  0x00,0x00,0x00,0x00,0x00,0x00,0x00,0x00,0x00,0x04,0xff,0xff,0xc0,0x00,0x00,0x00,0x00,0x00,0x00,0x00,0x00,0x00,0x00,0x00,
  0x00,0x00,0x00,0x00,0x00,0x00,0x04,0xff,0xff,0xc0,0x00,0x00,0x00,0x00,0x00,0x00,0x00,0x00,0x00,0x00,0x00,0x00,0x00,0x00,
  0x00,0x00,0x00,0x04,0xff,0xff,0xc0,0x00,0x00,0x00,0x00,0x00,0x00,0x00,0x00,0x00,0x00,0x00,0x00,0x00,0x00,0x00,0x00,0x00,
  0x04,0xff,0xff,0xc0,0x00,0x00,0x00,0x00,0x00,0x00,0x00,0x00,0x00,0x00,0x00,0x00,0x00,0x00,0x00,0x00,0x00,0x04,0xff,0xff,
  0xc0,0x00,0x00,0x00,0x00,0x00,0x00,0x00,0x00,0x00,0x00,0x00,0x00,0x00,0x00,0x00,0x00,0x00,0x04,0xff,0xff,0xc0,0x00,0x00,
  0x00,0x00,0x00,0x00,0x00,0x00,0x00,0x00,0x00,0x00,0x00,0x00,0x00,0x00,0x00,0x04,0xff,0xff,0xc0,0x00,0x00,0x00,0x00,0x00,
  0x00,0x00,0x00,0x00,0x00,0x00,0x00,0x00,0x00,0x00,0x00,0x00,0x04,0xff,0xff,0xc0,0x00,0x00,0x00,0x00,0x00,0x00,0x00,0x00,
  0x00,0x00,0x00,0x00,0x00,0x00,0x00,0x00,0x00,0x04,0xff,0xff,0xc0,0x00,0x00,0x00,0x00,0x00,0x00,0x00,0x00,0x00,0x00,0x00,
  0x00,0x00,0x00,0x00,0x00,0x00,0x04,0xff,0xff,0xc0,0x00,0x00,0x00,0x00,0x00,0x00,0x00,0x00,0x00,0x00,0x00,0x00,0x00,0x00,
  0x00,0x00,0x00,0x04,0xff,0xff,0xc0,0x00,0x00,0x00,0x00,0x00,0x00,0x00,0x00,0x00,0x00,0x00,0x00,0x00,0x00,0x00,0x00,0x00,
  0x04,0xff,0xff,0xc0,0x00,0x00,0x00,0x00,0x00,0x00,0x00,0x00,0x00,0x00,0x00,0x00,0x00,0x00,0x00,0x00,0x00,0x04,0xff,0xff,
  0xc0,0x00,0x00,0x00,0x00,0x00,0x00,0x00,0x00,0x00,0x00,0x00,0x00,0x00,0x00,0x00,0x00,0x00,0x04,0xff,0xff,0xc0,0x00,0x00,
  0x00,0x00,0x00,0x00,0x00,0x00,0x00,0x00,0x00,0x00,0x00,0x00,0x00,0x00,0x00,0x04,0xff,0xff,0xc0,0x00,0x00,0x00,0x00,0x00,
  0x00,0x00,0x00,0x00,0x00,0x00,0x00,0x00,0x00,0x00,0x00,0x00,0x04,0xff,0xff,0xc0,0x00,0x00,0x00,0x00,0x00,0x00,0x00,0x00,
  0x00,0x00,0x00,0x00,0x00,0x00,0x00,0x00,0x00,0x04,0xff,0xff,0xc0,0x00,0x00,0x00,0x00,0x00,0x00,0x00,0x00,0x00,0x00,0x00,
  0x00,0x00,0x00,0x00,0x00,0x00,0x04,0xff,0xff,0xc0,0x00,0x00,0x00,0x00,0x00,0x00,0x00,0x00,0x00,0x00,0x00,0x00,0x00,0x00,
  0x00,0x00,0x00,0x04,0xff,0xff,0xc0,0x00,0x00,0x00,0x00,0x00,0x00,0x00,0x00,0x00,0x00,0x00,0x00,0x00,0x00,0x00,0x00,0x00,
  0x04,0xff,0xff,0xc0,0x00,0x00,0x00,0x00,0x00,0x00,0x00,0x00,0x00,0x00,0x00,0x00,0x00,0x00,0x00,0x00,0x00,0x04,0xff,0xff,
  0xc0,0x00,0x00,0x00,0x00,0x00,0x00,0x00,0x00,0x00,0x00,0x00,0x00,0x00,0x00,0x00,0x00,0x00,0x04,0xff,0xff,0xc0,0x00,0x00,
  0x00,0x00,0x00,0x00,0x00,0x00,0x00,0x00,0x00,0x00,0x00,0x00,0x00,0x00,0x00,0x04,0xff,0xff,0xc0,0x00,0x00,0x00,0x00,0x00,
  0x00,0x00,0x00,0x00,0x00,0x00,0x00,0x00,0x00,0x00,0x00,0x00,0x04,0xff,0xff,0xc0,0x00,0x00,0x00,0x00,0x00,0x00,0x00,0x00,
  0x00,0x00,0x00,0x00,0x00,0x00,0x00,0x00,0x00,0x04,0xff,0xff,0xc0,0x00,0x00,0x00,0x00,0x00,0x00,0x00,0x00,0x00,0x00,0x00,
  0x00,0x00,0x00,0x00,0x00,0x00,0x04,0xff,0xff,0xc0,0x00,0x00,0x00,0x00,0x00,0x00,0x00,0x00,0x00,0x00,0x00,0x00,0x00,0x00,
  0x00,0x00,0x00,0x04,0xff,0xff,0xc0,0x00,0x00,0x00,0x00,0x00,0x00,0x00,0x00,0x00,0x00,0x00,0x00,0x00,0x00,0x00,0x00,0x00,
  0x04,0xff,0xff,0xc0,0x00,0x00,0x00,0x00,0x00,0x00,0x00,0x00,0x00,0x00,0x00,0x00,0x00,0x00,0x00,0x00,0x00,0x04,0xff,0xff,
  0xc0,0x00,0x00,0x00,0x00,0x00,0x00,0x00,0x00,0x00,0x6b,0xbb,0xbb,0xbb,0xbb,0xbb,0xbb,0xbb,0xbc,0xff,0xff,0xeb,0xbb,0xbb,
  0xbb,0xbb,0xbb,0xbb,0xbb,0xbb,0x10,0xaf,0xff,0xff,0xff,0xff,0xff,0xff,0xff,0xff,0xff,0xff,0xff,0xff,0xff,0xff,0xff,0xff,
  0xff,0xff,0xff,0x20,0xaf,0xff,0xff,0xff,0xff,0xff,0xff,0xff,0xff,0xff,0xff,0xff,0xff,0xff,0xff,0xff,0xff,0xff,0xff,0xff,
  0x20,0xaf,0xff,0xff,0xff,0xff,0xff,0xff,0xff,0xff,0xff,0xff,0xff,0xff,0xff,0xff,0xff,0xff,0xff,0xff,0xff,0x20,0xaf,0xff,
  0xff,0xff,0xff,0xff,0xff,0xff,0xff,0xff,0xff,0xff,0xff,0xff,0xff,0xff,0xff,0xff,0xff,0xff,0x20,0x6b,0xbb,0xbb,0xbb,0xbb,
  0xbb,0xbb,0xbb,0xbb,0xbb,0xbb,0xbb,0xbb,0xbb,0xbb,0xbb,0xbb,0xbb,0xbb,0xbb,0x10,0x00,0x00,0x00,0x00,0x00,0x00,0x00,0x00,
  0x00,0x00,0x00,0x00,0x00,0x00,0x00,0x00,0x00,0x00,0x00,0x00,0x00,0x00,0x00,0x00,0x00,0x00,0x00,0x00,0x0c,0xff,0xff,0xff,
  0xff,0xf4,0x00,0x00,0x00,0x00,0x00,0x00,0x00,0x00,0x00,0x00,0x00,0x00,0x00,0x00,0x00,0x0c,0xff,0xff,0xff,0xff,0xf4,0x00,
  0x00,0x00,0x00,0x00,0x00,0x00,0x00,0x00,0x00,0x00,0x00,0x00,0x00,0x00,0x0c,0xff,0xff,0xff,0xff,0xf4,0x00,0x00,0x00,0x00,
  0x00,0x00,0x00,0x00,0x00,0x00,0x00,0x00,0x00,0x00,0x00,0x0c,0xff,0xff,0xff,0xff,0xf4,0x00,0x00,0x00,0x00,0x00,0x00,0x00,
  0x00,0x00,0x00,0x00,0x00,0x00,0x00,0x00,0x0c,0xff,0xff,0xff,0xff,0xf4,0x00,0x00,0x00,0x00,0x00,0x00,0x00,0x00,0x00,0x00,
  0x00,0x00,0x00,0x00,0x00,0x0c,0xff,0xff,0xff,0xff,0xf4,0x00,0x00,0x00,0x00,0x00,0x00,0x00,0x00,0x00,0x00,0x00,0x00,0x00,
  0x00,0x00,0x0c,0xff,0xff,0xff,0xff,0xf4,0x00,0x00,0x00,0x00,0x00,0x00,0x00,0x00,0x00,0x00,0x00,0x00,0x00,0x00,0x00,0x0c,
  0xff,0xff,0xff,0xff,0xf4,0x00,0x00,0x00,0x00,0x00,0x00,0x00,0x00,0x00,0x00,0x00,0x00,0x00,0x00,0x00,0x0c,0xff,0xff,0xff,
  0xff,0xf4,0x00,0x00,0x00,0x00,0x00,0x00,0x00,0x00,0x00,0x00,0x00,0x00,0x00,0x00,0x00,0x0c,0xff,0xff,0xff,0xff,0xf4,0x00,
  0x00,0x00,0x00,0x00,0x00,0x00,0x00,0x00,0x00,0x00,0x00,0x00,0x00,0x00,0x0c,0xff,0xff,0xff,0xff,0xf4,0x00,0x00,0x00,0x00,
  0x00,0x00,0x00,0x00,0x00,0x00,0x00,0x00,0x00,0x00,0x00,0x0c,0xff,0xff,0xff,0xff,0xf4,0x00,0x00,0x00,0x00,0x00,0x00,0x00,
  0x00,0x00,0x00,0x00,0x00,0x00,0x00,0x00,0x0c,0xff,0xff,0xff,0xff,0xf4,0x00,0x00,0x00,0x00,0x00,0x00,0x00,0x00,0x00,0x00,
  0x00,0x00,0x00,0x00,0x00,0x0c,0xff,0xff,0xff,0xff,0xf4,0x00,0x00,0x00,0x00,0x00,0x00,0x00,0x00,0x00,0x00,0x00,0x00,0x00,
  0x00,0x00,0x0c,0xff,0xff,0xff,0xff,0xf4,0x00,0x00,0x00,0x00,0x00,0x00,0x00,0x00,0x00,0x00,0x00,0x00,0x00,0x00,0x00,0x0c,
  0xff,0xff,0xff,0xff,0xf4,0x00,0x00,0x00,0x00,0x00,0x00,0x00,0x00,0x00,0x00,0x00,0x00,0x00,0x00,0x00,0x0c,0xff,0xff,0xff,
  0xff,0xf4,0x00,0x00,0x00,0x00,0x00,0x00,0x00,0x00,0x00,0x00,0x00,0x00,0x00,0x00,0x00,0x0c,0xff,0xff,0xff,0xff,0xf4,0x00,
  0x00,0x00,0x00,0x00,0x00,0x00,0x00,0x00,0x00,0x00,0x00,0x00,0x00,0x00,0x0c,0xff,0xff,0xff,0xff,0xf4,0x00,0x00,0x00,0x00,
  0x00,0x00,0x00,0x00,0x00,0x00,0x00,0x00,0x00,0x00,0x00,0x0c,0xff,0xff,0xff,0xff,0xf4,0x00,0x00,0x00,0x00,0x00,0x00,0x00,
  0x00,0x00,0x00,0x00,0x00,0x00,0x00,0x00,0x0c,0xff,0xff,0xff,0xff,0xf4,0x00,0x00,0x00,0x00,0x00,0x00,0x00,0x00,0x00,0x00,
  0x00,0x00,0x00,0x00,0x00,0x0c,0xff,0xff,0xff,0xff,0xf4,0x00,0x00,0x00,0x00,0x00,0x00,0x00,0x00,0x00,0x00,0x00,0x00,0x00,
  0x00,0x00,0x0c,0xff,0xff,0xff,0xff,0xf4,0x00,0x00,0x00,0x00,0x00,0x00,0x00,0x00,0x00,0x00,0x00,0x00,0x00,0x00,0x00,0x0c,
  0xff,0xff,0xff,0xff,0xf4,0x00,0x00,0x00,0x00,0x00,0x00,0x00,0x00,0x00,0x00,0x00,0x00,0x00,0x00,0x00,0x0c,0xff,0xff,0xff,
  0xff,0xf4,0x00,0x00,0x00,0x00,0x00,0x00,0x00,0x00,0x00,0x00,0x00,0x00,0x00,0x00,0x00,0x0c,0xff,0xff,0xff,0xff,0xf4,0x00,
  0x00,0x00,0x00,0x00,0x00,0x00,0x00,0x00,0x00,0x00,0x00,0x00,0x00,0x00,0x0c,0xff,0xff,0xff,0xff,0xf4,0x00,0x00,0x00,0x00,
  0x00,0x00,0x00,0x00,0x00,0x00,0x00,0x00,0x00,0x00,0x00,0x0c,0xff,0xff,0xff,0xff,0xf4,0x00,0x00,0x00,0x00,0x00,0x00,0x00,
  0x00,0x00,0x00,0x00,0x00,0x00,0x00,0x00,0x0c,0xff,0xff,0xff,0xff,0xf4,0x00,0x00,0x00,0x00,0x00,0x00,0x00,0x00,0x00,0x00,
  0x00,0x00,0x00,0x00,0x00,0x0c,0xff,0xff,0xff,0xff,0xf4,0x00,0x00,0x00,0x00,0x00,0x00,0x00,0x00,0x00,0x00,0x00,0x00,0x00,
  0x00,0x00,0x0c,0xff,0xff,0xff,0xff,0xf4,0x00,0x00,0x00,0x00,0x00,0x00,0x00,0x00,0x00,0x00,0x00,0x00,0x00,0x00,0x00,0x0c,
  0xff,0xff,0xff,0xff,0xf4,0x00,0x00,0x00,0x00,0x00,0x00,0x00,0x00,0x36,0x66,0x66,0x66,0x66,0x66,0x66,0x6d,0xff,0xff,0xff,
  0xff,0xf8,0x66,0x66,0x66,0x66,0x66,0x66,0x66,0x00,0xaf,0xff,0xff,0xff,0xff,0xff,0xff,0xff,0xff,0xff,0xff,0xff,0xff,0xff,
  0xff,0xff,0xff,0xff,0xff,0xff,0x20,0xaf,0xff,0xff,0xff,0xff,0xff,0xff,0xff,0xff,0xff,0xff,0xff,0xff,0xff,0xff,0xff,0xff,
  0xff,0xff,0xff,0x20,0xaf,0xff,0xff,0xff,0xff,0xff,0xff,0xff,0xff,0xff,0xff,0xff,0xff,0xff,0xff,0xff,0xff,0xff,0xff,0xff,
  0x20,0xaf,0xff,0xff,0xff,0xff,0xff,0xff,0xff,0xff,0xff,0xff,0xff,0xff,0xff,0xff,0xff,0xff,0xff,0xff,0xff,0x20,0xaf,0xff,
  0xff,0xff,0xff,0xff,0xff,0xff,0xff,0xff,0xff,0xff,0xff,0xff,0xff,0xff,0xff,0xff,0xff,0xff,0x20,0xaf,0xff,0xff,0xff,0xff,
  0xff,0xff,0xff,0xff,0xff,0xff,0xff,0xff,0xff,0xff,0xff,0xff,0xff,0xff,0xff,0x20,0xaf,0xff,0xff,0xff,0xff,0xff,0xff,0xff,
  0xff,0xff,0xff,0xff,0xff,0xff,0xff,0xff,0xff,0xff,0xff,0xff,0x20,0xaf,0xff,0xff,0xff,0xff,0xff,0xff,0xff,0xff,0xff,0xff,
  0xff,0xff,0xff,0xff,0xff,0xff,0xff,0xff,0xff,0x20,0xaf,0xff,0xff,0xff,0xff,0xff,0xff,0xff,0xff,0xff,0xff,0xff,0xff,0xff,
  0xff,0xff,0xff,0xff,0xff,0xff,0x20,0xaf,0xff,0xff,0xff,0xff,0xff,0xff,0xff,0xff,0xff,0xff,0xff,0xff,0xff,0xff,0xff,0xff,
  0xff,0xff,0xff,0x20,0x36,0x66,0x66,0x66,0x66,0x66,0x66,0x66,0x66,0x66,0x66,0x66,0x66,0x66,0x66,0x66,0x66,0x66,0x66,0x66,
  0x00,0x36,0x66,0x66,0x66,0x66,0x66,0x66,0x66,0x66,0x66,0x66,0x66,0x66,0x66,0x66,0x66,0x66,0x66,0x66,0x66,0x00,0xaf,0xff,
  0xff,0xff,0xff,0xff,0xff,0xff,0xff,0xff,0xff,0xff,0xff,0xff,0xff,0xff,0xff,0xff,0xff,0xff,0x20,0xaf,0xff,0xff,0xff,0xff,
  0xff,0xff,0xff,0xff,0xff,0xff,0xff,0xff,0xff,0xff,0xff,0xff,0xff,0xff,0xff,0x20,0xaf,0xff,0xff,0xff,0xff,0xff,0xff,0xff,
  0xff,0xff,0xff,0xff,0xff,0xff,0xff,0xff,0xff,0xff,0xff,0xff,0x20,0xaf,0xff,0xff,0xff,0xff,0xff,0xff,0xff,0xff,0xff,0xff,
  0xff,0xff,0xff,0xff,0xff,0xff,0xff,0xff,0xff,0x20,0xaf,0xff,0xff,0xff,0xff,0xff,0xff,0xff,0xff,0xff,0xff,0xff,0xff,0xff,
  0xff,0xff,0xff,0xff,0xff,0xff,0x20,0xaf,0xff,0xff,0xff,0xff,0xff,0xff,0xff,0xff,0xff,0xff,0xff,0xff,0xff,0xff,0xff,0xff,
  0xff,0xff,0xff,0x20,0xaf,0xff,0xff,0xff,0xff,0xff,0xff,0xff,0xff,0xff,0xff,0xff,0xff,0xff,0xff,0xff,0xff,0xff,0xff,0xff,
  0x20,0xaf,0xff,0xff,0xff,0xff,0xff,0xff,0xff,0xff,0xff,0xff,0xff,0xff,0xff,0xff,0xff,0xff,0xff,0xff,0xff,0x20,0xaf,0xff,
  0xff,0xff,0xff,0xff,0xff,0xff,0xff,0xff,0xff,0xff,0xff,0xff,0xff,0xff,0xff,0xff,0xff,0xff,0x20,0xaf,0xff,0xff,0xff,0xff,
  0xff,0xff,0xff,0xff,0xff,0xff,0xff,0xff,0xff,0xff,0xff,0xff,0xff,0xff,0xff,0x20,0x36,0x66,0x66,0x66,0x66,0x66,0x66,0x66,
  0x66,0x66,0x66,0x66,0x66,0x66,0x66,0x66,0x66,0x66,0x66,0x66,0x00,0x00,0x00,0x00,0x00,0x00,0x00,0x00,0x00,0x00,0x00,0x00,
  0x00,0x00,0x00,0x00,0x00,0x00,0x00,0x00,0x00,0x04,0xff,0xff,0xc0,0x00,0x00,0x00,0x00,0x00,0x00,0x00,0x00,0x04,0xff,0xff,
  0xc0,0x00,0x00,0x00,0x00,0x00,0x00,0x00,0x00,0x04,0xff,0xff,0xc0,0x00,0x00,0x00,0x00,0x00,0x00,0x00,0x00,0x04,0xff,0xff,
  0xc0,0x00,0x00,0x00,0x00,0x00,0x00,0x00,0x00,0x04,0xff,0xff,0xc0,0x00,0x00,0x00,0x00,0x00,0x00,0x00,0x00,0x04,0xff,0xff,
  0xc0,0x00,0x00,0x00,0x00,0x00,0x00,0x00,0x00,0x04,0xff,0xff,0xc0,0x00,0x00,0x00,0x00,0x00,0x00,0x00,0x00,0x04,0xff,0xff,
  0xc0,0x00,0x00,0x00,0x00,0x00,0x00,0x00,0x00,0x04,0xff,0xff,0xc0,0x00,0x00,0x00,0x00,0x00,0x00,0x00,0x00,0x04,0xff,0xff,
  0xc0,0x00,0x00,0x00,0x00,0x00,0x00,0x00,0x00,0x04,0xff,0xff,0xc0,0x00,0x00,0x00,0x00,0x00,0x00,0x00,0x00,0x04,0xff,0xff,
  0xc0,0x00,0x00,0x00,0x00,0x00,0x00,0x00,0x00,0x04,0xff,0xff,0xc0,0x00,0x00,0x00,0x00,0x00,0x00,0x00,0x00,0x04,0xff,0xff,
  0xc0,0x00,0x00,0x00,0x00,0x00,0x00,0x00,0x00,0x04,0xff,0xff,0xc0,0x00,0x00,0x00,0x00,0x00,0x00,0x00,0x00,0x04,0xff,0xff,
  0xc0,0x00,0x00,0x00,0x00,0x00,0x00,0x00,0x00,0x04,0xff,0xff,0xc0,0x00,0x00,0x00,0x00,0x00,0x00,0x00,0x00,0x04,0xff,0xff,
  0xc0,0x00,0x00,0x00,0x00,0x00,0x00,0x00,0x00,0x04,0xff,0xff,0xc0,0x00,0x00,0x00,0x00,0x00,0x00,0x00,0x00,0x04,0xff,0xff,
  0xc0,0x00,0x00,0x00,0x00,0x00,0x00,0x00,0x00,0x04,0xff,0xff,0xc0,0x00,0x00,0x00,0x00,0x00,0x00,0x00,0x00,0x04,0xff,0xff,
  0xc0,0x00,0x00,0x00,0x00,0x00,0x00,0x00,0x00,0x04,0xff,0xff,0xc0,0x00,0x00,0x00,0x00,0x00,0x00,0x00,0x00,0x04,0xff,0xff,
  0xc0,0x00,0x00,0x00,0x00,0x00,0x00,0x00,0x00,0x04,0xff,0xff,0xc0,0x00,0x00,0x00,0x00,0x00,0x00,0x00,0x00,0x04,0xff,0xff,
  0xc0,0x00,0x00,0x00,0x00,0x00,0x00,0x00,0x00,0x04,0xff,0xff,0xc0,0x00,0x00,0x00,0x00,0x00,0x00,0x00,0x00,0x04,0xff,0xff,
  0xb0,0x00,0x00,0x00,0x00,0x00,0x00,0x00,0x00,0x04,0xff,0xff,0xa0,0x00,0x00,0x00,0x00,0x00,0x00,0x00,0x00,0x06,0xff,0xff,
  0x90,0x00,0x00,0x00,0x00,0x00,0x00,0x00,0x00,0x08,0xff,0xff,0x70,0x00,0x00,0x00,0x00,0x00,0x00,0x00,0x00,0x0c,0xff,0xff,
  0x40,0x00,0x00,0x00,0x00,0x00,0x00,0x00,0x00,0x3f,0xff,0xff,0x00,0x00,0x00,0x00,0x00,0x00,0x00,0x00,0x00,0xcf,0xff,0xfa,
  0x00,0x00,0x00,0x00,0x00,0x00,0x00,0x00,0x2c,0xff,0xff,0xf4,0x00,0x6b,0xbb,0xbb,0xbb,0xbb,0xbb,0xbd,0xff,0xff,0xff,0xc0,
  0x00,0xaf,0xff,0xff,0xff,0xff,0xff,0xff,0xff,0xff,0xff,0x30,0x00,0xaf,0xff,0xff,0xff,0xff,0xff,0xff,0xff,0xff,0xf6,0x00,
  0x00,0xaf,0xff,0xff,0xff,0xff,0xff,0xff,0xff,0xff,0x70,0x00,0x00,0xaf,0xff,0xff,0xff,0xff,0xff,0xff,0xff,0xc3,0x00,0x00,
  0x00,0x6b,0xbb,0xbb,0xbb,0xbb,0xbb,0xa8,0x62,0x00,0x00,0x00,0x00,0x00,0x00,0x00,0x00,0x00,0x00,0x00,0x00,0x00,0x00,0x00,
  0x00,0x4f,0xff,0xfc,0x00,0x00,0x00,0x00,0x00,0x00,0x00,0x00,0x00,0x4f,0xff,0xfc,0x00,0x00,0x00,0x00,0x00,0x00,0x00,0x00,
  0x00,0x4f,0xff,0xfc,0x00,0x00,0x00,0x00,0x00,0x00,0x00,0x00,0x00,0x4f,0xff,0xfc,0x00,0x00,0x00,0x00,0x00,0x00,0x00,0x00,
  0x00,0x4f,0xff,0xfc,0x00,0x00,0x00,0x00,0x00,0x00,0x00,0x00,0x00,0x4f,0xff,0xfc,0x00,0x00,0x00,0x00,0x00,0x00,0x00,0x00,
  0x00,0x4f,0xff,0xfc,0x00,0x00,0x00,0x00,0x00,0x00,0x00,0x00,0x00,0x4f,0xff,0xfc,0x00,0x00,0x00,0x00,0x00,0x00,0x00,0x00,
  0x00,0x4f,0xff,0xfc,0x00,0x00,0x00,0x00,0x00,0x00,0x00,0x00,0x00,0x4f,0xff,0xfc,0x00,0x00,0x00,0x00,0x00,0x00,0x00,0x00,
  0x00,0x4f,0xff,0xfc,0x00,0x00,0x00,0x00,0x00,0x00,0x00,0x00,0x00,0x4f,0xff,0xfc,0x00,0x00,0x00,0x00,0x00,0x00,0x00,0x00,
  0x00,0x4f,0xff,0xfc,0x00,0x00,0x00,0x00,0x00,0x00,0x00,0x00,0x00,0x4f,0xff,0xfc,0x00,0x00,0x00,0x00,0x00,0x00,0x00,0x00,
  0x00,0x4f,0xff,0xfc,0x00,0x00,0x00,0x00,0x00,0x00,0x00,0x00,0x00,0x4f,0xff,0xfc,0x00,0x00,0x00,0x00,0x00,0x00,0x00,0x00,
  0x00,0x4f,0xff,0xfc,0x00,0x00,0x00,0x00,0x00,0x00,0x00,0x00,0x00,0x4f,0xff,0xfc,0x00,0x00,0x00,0x00,0x00,0x00,0x00,0x00,
  0x00,0x4f,0xff,0xfc,0x00,0x00,0x00,0x00,0x00,0x00,0x00,0x00,0x00,0x4f,0xff,0xfc,0x00,0x00,0x00,0x00,0x00,0x00,0x00,0x00,
  0x00,0x4f,0xff,0xfc,0x00,0x00,0x00,0x00,0x00,0x00,0x00,0x00,0x00,0x4f,0xff,0xfc,0x00,0x00,0x00,0x00,0x00,0x00,0x00,0x00,
  0x00,0x4f,0xff,0xfc,0x00,0x00,0x00,0x00,0x00,0x00,0x00,0x00,0x00,0x4f,0xff,0xfc,0x00,0x00,0x00,0x00,0x00,0x00,0x00,0x00,
  0x00,0x4f,0xff,0xfc,0x00,0x00,0x00,0x00,0x00,0x00,0x00,0x00,0x00,0x4f,0xff,0xfc,0x00,0x00,0x00,0x00,0x00,0x00,0x00,0x00,
  0x00,0x4f,0xff,0xfc,0x00,0x00,0x00,0x00,0x00,0x00,0x00,0x00,0x00,0x3f,0xff,0xfc,0x00,0x00,0x00,0x00,0x00,0x00,0x00,0x00,
  0x00,0x2f,0xff,0xfc,0x00,0x00,0x00,0x00,0x00,0x00,0x00,0x00,0x00,0x1f,0xff,0xfd,0x00,0x00,0x00,0x00,0x00,0x00,0x00,0x00,
  0x00,0x0f,0xff,0xff,0x00,0x00,0x00,0x00,0x00,0x00,0x00,0x00,0x00,0x0c,0xff,0xff,0x40,0x00,0x00,0x00,0x00,0x00,0x00,0x00,
  0x00,0x08,0xff,0xff,0xb0,0x00,0x00,0x00,0x00,0x00,0x00,0x00,0x00,0x02,0xff,0xff,0xf5,0x00,0x00,0x00,0x00,0x00,0x00,0x00,
  0x00,0x00,0xcf,0xff,0xff,0x70,0x00,0x00,0x00,0x00,0x00,0x00,0x00,0x00,0x4f,0xff,0xff,0xff,0xcb,0xbb,0xbb,0xbb,0xbb,0xbb,
  0xb1,0x00,0x0a,0xff,0xff,0xff,0xff,0xff,0xff,0xff,0xff,0xff,0xf2,0x00,0x00,0xdf,0xff,0xff,0xff,0xff,0xff,0xff,0xff,0xff,
  0xf2,0x00,0x00,0x1d,0xff,0xff,0xff,0xff,0xff,0xff,0xff,0xff,0xf2,0x00,0x00,0x00,0x8e,0xff,0xff,0xff,0xff,0xff,0xff,0xff,
  0xf2,0x00,0x00,0x00,0x00,0x48,0x9a,0xbb,0xbb,0xbb,0xbb,0xbb,0xb1,0x00,0x00,0x00,0x00,0x47,0x9a,0xbb,0xbb,0xbb,0xbb,0xbb,
  0xb1,0x00,0x00,0x00,0x8e,0xff,0xff,0xff,0xff,0xff,0xff,0xff,0xf2,0x00,0x00,0x1d,0xff,0xff,0xff,0xff,0xff,0xff,0xff,0xff,
  0xf2,0x00,0x00,0xdf,0xff,0xff,0xff,0xff,0xff,0xff,0xff,0xff,0xf2,0x00,0x0a,0xff,0xff,0xff,0xff,0xff,0xff,0xff,0xff,0xff,
  0xf2,0x00,0x4f,0xff,0xff,0xff,0xcb,0xbb,0xbb,0xbb,0xbb,0xbb,0xb1,0x00,0xcf,0xff,0xff,0x70,0x00,0x00,0x00,0x00,0x00,0x00,
  0x00,0x02,0xff,0xff,0xf5,0x00,0x00,0x00,0x00,0x00,0x00,0x00,0x00,0x08,0xff,0xff,0xb0,0x00,0x00,0x00,0x00,0x00,0x00,0x00,
  0x00,0x0c,0xff,0xff,0x40,0x00,0x00,0x00,0x00,0x00,0x00,0x00,0x00,0x0f,0xff,0xff,0x00,0x00,0x00,0x00,0x00,0x00,0x00,0x00,
  0x00,0x1f,0xff,0xfd,0x00,0x00,0x00,0x00,0x00,0x00,0x00,0x00,0x00,0x2f,0xff,0xfc,0x00,0x00,0x00,0x00,0x00,0x00,0x00,0x00,
  0x00,0x3f,0xff,0xfc,0x00,0x00,0x00,0x00,0x00,0x00,0x00,0x00,0x00,0x4f,0xff,0xfc,0x00,0x00,0x00,0x00,0x00,0x00,0x00,0x00,
  0x00,0x4f,0xff,0xfc,0x00,0x00,0x00,0x00,0x00,0x00,0x00,0x00,0x00,0x4f,0xff,0xfc,0x00,0x00,0x00,0x00,0x00,0x00,0x00,0x00,
  0x00,0x4f,0xff,0xfc,0x00,0x00,0x00,0x00,0x00,0x00,0x00,0x00,0x00,0x4f,0xff,0xfc,0x00,0x00,0x00,0x00,0x00,0x00,0x00,0x00,
  0x00,0x4f,0xff,0xfc,0x00,0x00,0x00,0x00,0x00,0x00,0x00,0x00,0x00,0x4f,0xff,0xfc,0x00,0x00,0x00,0x00,0x00,0x00,0x00,0x00,
  0x00,0x4f,0xff,0xfc,0x00,0x00,0x00,0x00,0x00,0x00,0x00,0x00,0x00,0x4f,0xff,0xfc,0x00,0x00,0x00,0x00,0x00,0x00,0x00,0x00,
  0x00,0x4f,0xff,0xfc,0x00,0x00,0x00,0x00,0x00,0x00,0x00,0x00,0x00,0x4f,0xff,0xfc,0x00,0x00,0x00,0x00,0x00,0x00,0x00,0x00,
  0x00,0x4f,0xff,0xfc,0x00,0x00,0x00,0x00,0x00,0x00,0x00,0x00,0x00,0x4f,0xff,0xfc,0x00,0x00,0x00,0x00,0x00,0x00,0x00,0x00,
  0x00,0x4f,0xff,0xfc,0x00,0x00,0x00,0x00,0x00,0x00,0x00,0x00,0x00,0x4f,0xff,0xfc,0x00,0x00,0x00,0x00,0x00,0x00,0x00,0x00,
  0x00,0x4f,0xff,0xfc,0x00,0x00,0x00,0x00,0x00,0x00,0x00,0x00,0x00,0x4f,0xff,0xfc,0x00,0x00,0x00,0x00,0x00,0x00,0x00,0x00,
  0x00,0x4f,0xff,0xfc,0x00,0x00,0x00,0x00,0x00,0x00,0x00,0x00,0x00,0x4f,0xff,0xfc,0x00,0x00,0x00,0x00,0x00,0x00,0x00,0x00,
  0x00,0x4f,0xff,0xfc,0x00,0x00,0x00,0x00,0x00,0x00,0x00,0x00,0x00,0x4f,0xff,0xfc,0x00,0x00,0x00,0x00,0x00,0x00,0x00,0x00,
  0x00,0x4f,0xff,0xfc,0x00,0x00,0x00,0x00,0x00,0x00,0x00,0x00,0x00,0x4f,0xff,0xfc,0x00,0x00,0x00,0x00,0x00,0x00,0x00,0x00,
  0x00,0x4f,0xff,0xfc,0x00,0x00,0x00,0x00,0x00,0x00,0x00,0x00,0x00,0x4f,0xff,0xfc,0x00,0x00,0x00,0x00,0x00,0x00,0x00,0x00,
  0x00,0x4f,0xff,0xfc,0x00,0x00,0x00,0x00,0x00,0x00,0x00,0x00,0x00,0x4f,0xff,0xfc,0x00,0x00,0x00,0x00,0x00,0x00,0x00,0x00,
  0x00,0x6b,0xbb,0xbb,0xbb,0xbb,0xbb,0xa8,0x61,0x00,0x00,0x00,0x00,0xaf,0xff,0xff,0xff,0xff,0xff,0xff,0xff,0xc3,0x00,0x00,
  0x00,0xaf,0xff,0xff,0xff,0xff,0xff,0xff,0xff,0xff,0x70,0x00,0x00,0xaf,0xff,0xff,0xff,0xff,0xff,0xff,0xff,0xff,0xf6,0x00,
  0x00,0xaf,0xff,0xff,0xff,0xff,0xff,0xff,0xff,0xff,0xff,0x30,0x00,0x6b,0xbb,0xbb,0xbb,0xbb,0xbb,0xbd,0xff,0xff,0xff,0xc0,
  0x00,0x00,0x00,0x00,0x00,0x00,0x00,0x00,0x2c,0xff,0xff,0xf4,0x00,0x00,0x00,0x00,0x00,0x00,0x00,0x00,0x00,0xcf,0xff,0xfa,
  0x00,0x00,0x00,0x00,0x00,0x00,0x00,0x00,0x00,0x3f,0xff,0xff,0x00,0x00,0x00,0x00,0x00,0x00,0x00,0x00,0x00,0x0c,0xff,0xff,
  0x40,0x00,0x00,0x00,0x00,0x00,0x00,0x00,0x00,0x08,0xff,0xff,0x70,0x00,0x00,0x00,0x00,0x00,0x00,0x00,0x00,0x05,0xff,0xff,
  0x90,0x00,0x00,0x00,0x00,0x00,0x00,0x00,0x00,0x04,0xff,0xff,0xa0,0x00,0x00,0x00,0x00,0x00,0x00,0x00,0x00,0x04,0xff,0xff,
  0xb0,0x00,0x00,0x00,0x00,0x00,0x00,0x00,0x00,0x04,0xff,0xff,0xc0,0x00,0x00,0x00,0x00,0x00,0x00,0x00,0x00,0x04,0xff,0xff,
  0xc0,0x00,0x00,0x00,0x00,0x00,0x00,0x00,0x00,0x04,0xff,0xff,0xc0,0x00,0x00,0x00,0x00,0x00,0x00,0x00,0x00,0x04,0xff,0xff,
  0xc0,0x00,0x00,0x00,0x00,0x00,0x00,0x00,0x00,0x04,0xff,0xff,0xc0,0x00,0x00,0x00,0x00,0x00,0x00,0x00,0x00,0x04,0xff,0xff,
  0xc0,0x00,0x00,0x00,0x00,0x00,0x00,0x00,0x00,0x04,0xff,0xff,0xc0,0x00,0x00,0x00,0x00,0x00,0x00,0x00,0x00,0x04,0xff,0xff,
  0xc0,0x00,0x00,0x00,0x00,0x00,0x00,0x00,0x00,0x04,0xff,0xff,0xc0,0x00,0x00,0x00,0x00,0x00,0x00,0x00,0x00,0x04,0xff,0xff,
  0xc0,0x00,0x00,0x00,0x00,0x00,0x00,0x00,0x00,0x04,0xff,0xff,0xc0,0x00,0x00,0x00,0x00,0x00,0x00,0x00,0x00,0x04,0xff,0xff,
  0xc0,0x00,0x00,0x00,0x00,0x00,0x00,0x00,0x00,0x04,0xff,0xff,0xc0,0x00,0x00,0x00,0x00,0x00,0x00,0x00,0x00,0x04,0xff,0xff,
  0xc0,0x00,0x00,0x00,0x00,0x00,0x00,0x00,0x00,0x04,0xff,0xff,0xc0,0x00,0x00,0x00,0x00,0x00,0x00,0x00,0x00,0x04,0xff,0xff,
  0xc0,0x00,0x00,0x00,0x00,0x00,0x00,0x00,0x00,0x04,0xff,0xff,0xc0,0x00,0x00,0x00,0x00,0x00,0x00,0x00,0x00,0x04,0xff,0xff,
  0xc0,0x00,0x00,0x00,0x00,0x00,0x00,0x00,0x00,0x04,0xff,0xff,0xc0,0x00,0x00,0x00,0x00,0x00,0x00,0x00,0x00,0x04,0xff,0xff,
  0xc0,0x00,0x00,0x00,0x00,0x00,0x00,0x00,0x00,0x04,0xff,0xff,0xc0,0x00,0x00,0x00,0x00,0x00,0x00,0x00,0x00,0x04,0xff,0xff,
  0xc0,0x00,0x00,0x00,0x00,0x00,0x00,0x00,0x00,0x04,0xff,0xff,0xc0,0x00,0x00,0x00,0x00,0x00,0x00,0x00,0x00,0x04,0xff,0xff,
  0xc0,0x00,0x00,0x00,0x00,0x00,0x00,0x00,0x00,0x04,0xff,0xff,0xc0,0x00,0x00,0x00,0x00,0x00,0x00,0x00,0x00,0x04,0xff,0xff,
  0xc0,0x00,0x00,0x00,0x00,0x00,0x00,0x00,0x00,0x04,0xff,0xff,0xc0,0x00,0x00,0x00,0x2b,0xde,0xee,0xee,0xee,0xee,0xee,0xee,
  0xee,0xee,0xee,0xee,0xee,0xee,0xee,0xee,0xee,0xee,0xee,0xee,0xd9,0x00,0x00,0x00,0x00,0x00,0x00,0x00,0xcf,0xff,0xff,0xff,
  0xff,0xff,0xff,0xff,0xff,0xff,0xff,0xff,0xff,0xff,0xff,0xff,0xff,0xff,0xff,0xff,0xff,0x70,0x00,0x00,0x00,0x00,0x00,0x04,
  0xff,0xff,0xff,0xff,0xff,0xff,0xff,0xff,0xff,0xff,0xff,0xff,0xff,0xff,0xff,0xff,0xff,0xff,0xff,0xff,0xff,0xe0,0x00,0x00,
  0x00,0x00,0x00,0x0b,0xff,0x40,0x00,0x00,0x00,0x00,0x00,0x00,0x00,0x00,0x00,0x00,0x00,0x00,0x00,0x00,0x00,0x00,0x00,0x00,
  0xaf,0xf7,0x00,0x00,0x00,0x00,0x00,0x3f,0xf9,0x00,0x00,0x00,0x00,0x00,0x00,0x00,0x00,0x00,0x00,0x00,0x00,0x00,0x00,0x00,
  0x00,0x00,0x00,0x00,0x1f,0xfe,0x00,0x00,0x00,0x00,0x00,0xbf,0xf2,0x00,0x00,0x00,0x00,0x00,0x00,0x00,0x00,0x00,0x00,0x00,
  0x00,0x00,0x00,0x00,0x00,0x00,0x00,0x00,0x08,0xff,0x70,0x00,0x00,0x00,0x02,0xff,0xa0,0x00,0x00,0x00,0x00,0x00,0x00,0x00,
  0x00,0x00,0x00,0x00,0x00,0x00,0x00,0x00,0x00,0x00,0x00,0x00,0x01,0xff,0xe0,0x00,0x00,0x00,0x0a,0xff,0x30,0x00,0x00,0x00,
  0x00,0x00,0x00,0x00,0x00,0x00,0x00,0x00,0x00,0x00,0x00,0x00,0x00,0x00,0x00,0x00,0x00,0x8f,0xf7,0x00,0x00,0x00,0x2f,0xfc,
  0x00,0x00,0x00,0x00,0x00,0x00,0x00,0x00,0x00,0x00,0x00,0x00,0x00,0x00,0x00,0x00,0x00,0x00,0x00,0x00,0x00,0x1f,0xfe,0x00,
  0x00,0x00,0x9f,0xf4,0x00,0x00,0x00,0x00,0x00,0x00,0x00,0x00,0x00,0x00,0x00,0x00,0x00,0x00,0x00,0x00,0x00,0x00,0x00,0x00,
  0x00,0x09,0xff,0x70,0x00,0x01,0xff,0xd0,0x00,0x00,0x00,0x00,0x00,0x00,0x00,0x00,0x00,0x00,0x00,0x00,0x00,0x00,0x00,0x00,
  0x00,0x00,0x00,0x00,0x00,0x01,0xff,0xe0,0x00,0x09,0xff,0x50,0x00,0x00,0x00,0x00,0x00,0x00,0x00,0x00,0x00,0x00,0x00,0x00,
  0x00,0x00,0x00,0x00,0x00,0x00,0x00,0x00,0x00,0x00,0x9f,0xf7,0x00,0x1f,0xfe,0x00,0x00,0x00,0x00,0x00,0x00,0x00,0x00,0x00,
  0x00,0x00,0x00,0x00,0x00,0x00,0x00,0x00,0x00,0x00,0x00,0x00,0x00,0x00,0x1f,0xfe,0x00,0x7f,0xf6,0x00,0x00,0x00,0x00,0x00,
  0x00,0x00,0x00,0x00,0x00,0x00,0x00,0x00,0x00,0x00,0x00,0x00,0x00,0x00,0x00,0x00,0x00,0x00,0x09,0xff,0x60,0x5f,0xe0,0x00,
  0x00,0x00,0x00,0x00,0x00,0x00,0x00,0x00,0x00,0x00,0x00,0x00,0x00,0x00,0x00,0x00,0x00,0x00,0x00,0x00,0x00,0x00,0x01,0xff,
  0x40,0x02,0x10,0x00,0x00,0x00,0x00,0x00,0x00,0x00,0x00,0x00,0x00,0x00,0x00,0x00,0x00,0x00,0x00,0x00,0x00,0x00,0x00,0x00,
  0x00,0x00,0x00,0x11,0x00,0x05,0x40,0x00,0x00,0x00,0x00,0x00,0x00,0x00,0x00,0x00,0x00,0x00,0x00,0x00,0x00,0x00,0x00,0x00,
  0x00,0x00,0x00,0x00,0x00,0x00,0x00,0x33,0x00,0x8f,0xf2,0x00,0x00,0x00,0x00,0x00,0x00,0x00,0x00,0x00,0x00,0x00,0x00,0x00,
  0x00,0x00,0x00,0x00,0x00,0x00,0x00,0x00,0x00,0x00,0x03,0xff,0x50,0x7f,0xfa,0x00,0x00,0x00,0x00,0x00,0x00,0x00,0x00,0x00,
  0x00,0x00,0x00,0x00,0x00,0x00,0x00,0x00,0x00,0x00,0x00,0x00,0x00,0x00,0x0c,0xff,0x50,0x0e,0xff,0x20,0x00,0x00,0x00,0x00,
  0x00,0x00,0x00,0x00,0x00,0x00,0x00,0x00,0x00,0x00,0x00,0x00,0x00,0x00,0x00,0x00,0x00,0x00,0x4f,0xfd,0x00,0x07,0xff,0x90,
  0x00,0x00,0x00,0x00,0x00,0x00,0x00,0x00,0x00,0x00,0x00,0x00,0x00,0x00,0x00,0x00,0x00,0x00,0x00,0x00,0x00,0x00,0xcf,0xf5,
  0x00,0x00,0xef,0xf1,0x00,0x00,0x00,0x00,0x00,0x00,0x00,0x00,0x00,0x00,0x00,0x00,0x00,0x00,0x00,0x00,0x00,0x00,0x00,0x00,
  0x00,0x04,0xff,0xc0,0x00,0x00,0x7f,0xf8,0x00,0x00,0x00,0x00,0x00,0x00,0x00,0x00,0x00,0x00,0x00,0x00,0x00,0x00,0x00,0x00,
  0x00,0x00,0x00,0x00,0x00,0x0c,0xff,0x40,0x00,0x00,0x0e,0xff,0x10,0x00,0x00,0x00,0x00,0x00,0x00,0x00,0x00,0x00,0x00,0x00,
  0x00,0x00,0x00,0x00,0x00,0x00,0x00,0x00,0x00,0x5f,0xfc,0x00,0x00,0x00,0x06,0xff,0x80,0x00,0x00,0x00,0x00,0x00,0x00,0x00,
  0x00,0x00,0x00,0x00,0x00,0x00,0x00,0x00,0x00,0x00,0x00,0x00,0x00,0xdf,0xf3,0x00,0x00,0x00,0x00,0xef,0xe0,0x00,0x00,0x00,
  0x00,0x00,0x00,0x00,0x00,0x00,0x00,0x00,0x00,0x00,0x00,0x00,0x00,0x00,0x00,0x00,0x05,0xff,0xb0,0x00,0x00,0x00,0x00,0x6f,
  0xf7,0x00,0x00,0x00,0x00,0x00,0x00,0x00,0x00,0x00,0x00,0x00,0x00,0x00,0x00,0x00,0x00,0x00,0x00,0x00,0x0d,0xff,0x30,0x00,
  0x00,0x00,0x00,0x0d,0xfe,0x20,0x00,0x00,0x00,0x00,0x00,0x00,0x00,0x00,0x00,0x00,0x00,0x00,0x00,0x00,0x00,0x00,0x00,0x00,
  0x7f,0xfa,0x00,0x00,0x00,0x00,0x00,0x06,0xff,0xfd,0xdd,0xdd,0xdd,0xdd,0xdd,0xdd,0xdd,0xdd,0xdd,0xdd,0xdd,0xdd,0xdd,0xdd,
  0xdd,0xdd,0xdd,0xde,0xff,0xf2,0x00,0x00,0x00,0x00,0x00,0x00,0xdf,0xff,0xff,0xff,0xff,0xff,0xff,0xff,0xff,0xff,0xff,0xff,
  0xff,0xff,0xff,0xff,0xff,0xff,0xff,0xff,0xff,0x90,0x00,0x00,0x00,0x00,0x00,0x00,0x3e,0xff,0xff,0xff,0xff,0xff,0xff,0xff,
  0xff,0xff,0xff,0xff,0xff,0xff,0xff,0xff,0xff,0xff,0xff,0xff,0xfc,0x10,0x00,0x00,0x00,0x04,0x70,0x00,0x00,0x00,0x00,0x00,
  0x00,0x00,0x00,0x00,0x00,0x00,0x00,0x00,0x00,0x00,0x00,0x00,0x00,0x00,0x00,0x00,0x00,0x00,0x00,0x63,0x00,0x2f,0xfe,0x70,
  0x00,0x00,0x00,0x00,0x00,0x00,0x00,0x00,0x00,0x00,0x00,0x00,0x00,0x00,0x00,0x00,0x00,0x00,0x00,0x00,0x00,0x00,0x7e,0xfe,
  0x00,0x6f,0xff,0xfe,0x60,0x00,0x00,0x00,0x00,0x00,0x00,0x00,0x00,0x00,0x00,0x00,0x00,0x00,0x00,0x00,0x00,0x00,0x00,0x00,
  0x00,0x6e,0xff,0xff,0x40,0x0a,0xff,0xff,0xfd,0x50,0x00,0x00,0x00,0x00,0x00,0x00,0x00,0x00,0x00,0x00,0x00,0x00,0x00,0x00,
  0x00,0x00,0x00,0x00,0x5d,0xff,0xff,0xf9,0x00,0x00,0x2a,0xff,0xff,0xfd,0x40,0x00,0x00,0x00,0x00,0x00,0x00,0x00,0x00,0x00,
  0x00,0x00,0x00,0x00,0x00,0x00,0x00,0x4c,0xff,0xff,0xfa,0x20,0x00,0x00,0x00,0x2a,0xff,0xff,0xfc,0x30,0x00,0x00,0x00,0x00,
  0x00,0x00,0x00,0x00,0x00,0x00,0x00,0x00,0x00,0x00,0x3b,0xff,0xff,0xfa,0x20,0x00,0x00,0x00,0x00,0x00,0x3b,0xff,0xff,0xfb,
  0x30,0x00,0x00,0x00,0x00,0x00,0x00,0x00,0x00,0x00,0x00,0x00,0x00,0x2b,0xff,0xff,0xfb,0x30,0x00,0x00,0x00,0x00,0x00,0x00,
  0x00,0x3b,0xff,0xff,0xfa,0x20,0x00,0x00,0x00,0x00,0x00,0x00,0x00,0x00,0x00,0x00,0x2a,0xff,0xff,0xfb,0x30,0x00,0x00,0x00,
  0x00,0x00,0x00,0x00,0x00,0x00,0x3b,0xff,0xff,0xf9,0x10,0x00,0x00,0x00,0x00,0x00,0x00,0x00,0x00,0x19,0xff,0xff,0xfc,0x40,
  0x00,0x00,0x00,0x00,0x00,0x00,0x00,0x00,0x00,0x00,0x00,0x3b,0xff,0xff,0xf8,0x10,0x00,0x00,0x00,0x00,0x00,0x00,0x08,0xff,
  0xff,0xfc,0x40,0x00,0x00,0x00,0x00,0x00,0x00,0x00,0x00,0x00,0x00,0x00,0x00,0x00,0x3b,0xff,0xff,0xf8,0x00,0x00,0x00,0x00,
  0x00,0x07,0xef,0xff,0xfd,0x40,0x00,0x00,0x00,0x00,0x00,0x00,0x00,0x00,0x00,0x00,0x00,0x00,0x00,0x00,0x00,0x4c,0xff,0xff,
  0xe7,0x00,0x00,0x00,0x06,0xef,0xff,0xfd,0x50,0x00,0x00,0x00,0x00,0x00,0x00,0x00,0x00,0x00,0x00,0x00,0x00,0x00,0x00,0x00,
  0x00,0x00,0x4c,0xff,0xff,0xe6,0x00,0x05,0xdf,0xff,0xfd,0x50,0x00,0x00,0x00,0x00,0x00,0x00,0x00,0x00,0x00,0x00,0x00,0x00,
  0x00,0x00,0x00,0x00,0x00,0x00,0x00,0x4c,0xff,0xff,0xd9,0xdf,0xff,0xfe,0x60,0x00,0x00,0x00,0x00,0x00,0x00,0x00,0x00,0x00,
  0x00,0x00,0x00,0x00,0x00,0x00,0x00,0x00,0x00,0x00,0x00,0x00,0x4c,0xff,0xff,0xff,0xfe,0x60,0x00,0x00,0x00,0x00,0x00,0x00,
  0x00,0x00,0x00,0x00,0x00,0x00,0x00,0x00,0x00,0x00,0x00,0x00,0x00,0x00,0x00,0x00,0x00,0x4c,0xff,0xfe,0x70,0x00,0x00,0x00,
  0x00,0x00,0x00,0x00,0x00,0x00,0x00,0x00,0x00,0x00,0x00,0x00,0x00,0x00,0x00,0x00,0x00,0x00,0x00,0x00,0x00,0x00,0x48,0x60,
  0x00,0x00,0x00,0x00,0x00,0x00,0x00,0x00,0x00,0x00,0x00,0x00,0x00,0x00,0x00,0x00,0x00,0xff,0xff,0x00,0x00,0x00,0x00,0x00,
  0x00,0x00,0x00,0xff,0xff,0x00,0x00,0x00,0x00,0x00,0x00,0x00,0x00,0xff,0xff,0x00,0x00,0x00,0x00,0x00,0x00,0x00,0x00,0xff,
  0xff,0x00,0x00,0x00,0x00,0xff,0xff,0x00,0x00,0x00,0x00,0xff,0xff,0x00,0x00,0xff,0xff,0x00,0x00,0x00,0x00,0xff,0xff,0x00,
  0x00,0xff,0xff,0x00,0x00,0x00,0x00,0xff,0xff,0x00,0x00,0xff,0xff,0x00,0x00,0x00,0x00,0xff,0xff,0x00,0x00,0x00,0x00,0xff,
  0xff,0x00,0x00,0x00,0x00,0xff,0xff,0x00,0x00,0xff,0xff,0x00,0x00,0x00,0x00,0xff,0xff,0x00,0x00,0xff,0xff,0x00,0x00,0x00,
  0x00,0xff,0xff,0x00,0x00,0xff,0xff,0x00,0x00,0x00,0x00,0xff,0xff,0x00,0x00,0x00,0x00,0xff,0xff,0x00,0x00,0x00,0x00,0x00,
  0x00,0x00,0x00,0xff,0xff,0x00,0x00,0x00,0x00,0x00,0x00,0x00,0x00,0xff,0xff,0x00,0x00,0x00,0x00,0x00,0x00,0x00,0x00,0xff,
  0xff,0x00,0x00,0x00,0x00,0xff,0xff,0xff,0xff,0xff,0xff,0xff,0xff,0xff,0xff,0xff,0xff,0xff,0xff,0xff,0xff,0xff,0xff,0xff,
  0xff,0xff,0xff,0xff,0xff,0xff,0xff,0xff,0xff,0xff,0xff,0xff,0xff,0x00,0x00,0x00,0x00,0x00,0x00,0x00,0x00,0x00,0x00,0x00,
  0x00,0x01,0x00,0x00,0x00,0x00,0x00,0x00,0x00,0x00,0x00,0x00,0x00,0x00,0x00,0x00,0x00,0x00,0x00,0x00,0x00,0x00,0x00,0x00,
  0x00,0x00,0x00,0x04,0x50,0x00,0x00,0x00,0x00,0x00,0x00,0x00,0x00,0x00,0x00,0x00,0x00,0x00,0x00,0x00,0x00,0x00,0x00,0x00,
  0x00,0x00,0x00,0x00,0x00,0x72,0x72,0x00,0x00,0x00,0x00,0x00,0x00,0x00,0x00,0x00,0x00,0x00,0x00,0x00,0x00,0x00,0x00,0x00,
  0x00,0x00,0x00,0x00,0x00,0x00,0x02,0xc0,0x3b,0x00,0x00,0x00,0x00,0x00,0x00,0x00,0x00,0x00,0x00,0x00,0x00,0x00,0x00,0x00,
  0x00,0x00,0x00,0x00,0x00,0x00,0x00,0x00,0x0b,0x70,0x0d,0x50,0x00,0x00,0x00,0x00,0x00,0x00,0x00,0x00,0x00,0x00,0x00,0x00,
  0x00,0x00,0x00,0x00,0x00,0x00,0x00,0x00,0x00,0x00,0x5f,0x20,0x08,0xe1,0x00,0x00,0x00,0x00,0x00,0x00,0x00,0x00,0x00,0x00,
  0x00,0x00,0x00,0x00,0x00,0x00,0x00,0x00,0x00,0x00,0x00,0x01,0xed,0x00,0x03,0xf9,0x00,0x00,0x00,0x00,0x00,0x00,0x00,0x00,
  0x00,0x00,0x00,0x00,0x00,0x00,0x00,0x00,0x00,0x00,0x00,0x00,0x00,0x09,0xf8,0x00,0x00,0xef,0x30,0x00,0x00,0x00,0x00,0x00,
  0x00,0x00,0x00,0x00,0x00,0x00,0x00,0x00,0x00,0x00,0x00,0x00,0x00,0x00,0x00,0x3f,0xf3,0x00,0x00,0x9f,0xd0,0x00,0x00,0x00,
  0x00,0x00,0x00,0x00,0x00,0x00,0x00,0x00,0x00,0x00,0x00,0x00,0x00,0x00,0x00,0x00,0x00,0xdf,0xd0,0x00,0x00,0x4f,0xf7,0x00,
  0x00,0x00,0x00,0x00,0x00,0x00,0x00,0x00,0x00,0x00,0x00,0x00,0x00,0x00,0x00,0x00,0x00,0x00,0x07,0xff,0x80,0x00,0x00,0x0e,
  0xff,0x20,0x00,0x00,0x00,0x00,0x00,0x00,0x00,0x00,0x00,0x00,0x00,0x00,0x00,0x00,0x00,0x00,0x00,0x00,0x2f,0xff,0x30,0x00,
  0x00,0x09,0xff,0xb0,0x00,0x00,0x00,0x00,0x00,0x00,0x00,0x00,0x00,0x00,0x00,0x00,0x00,0x00,0x00,0x00,0x00,0x00,0xbf,0xfe,
  0x00,0x00,0x00,0x04,0xff,0xf5,0x00,0x00,0x00,0x00,0x00,0x00,0x00,0x00,0x00,0x00,0x00,0x00,0x00,0x00,0x00,0x00,0x00,0x05,
  0xff,0xf9,0x00,0x00,0x00,0x00,0xef,0xfe,0x10,0x00,0x00,0x00,0x00,0x00,0x00,0x00,0x00,0x00,0x00,0x00,0x00,0x00,0x00,0x00,
  0x00,0x2e,0xff,0xf4,0x00,0x00,0x00,0x00,0xaf,0xff,0xa1,0x00,0x00,0x00,0x00,0x00,0x00,0x00,0x00,0x00,0x00,0x00,0x00,0x00,
  0x00,0x26,0xae,0xff,0xff,0xe0,0x00,0x00,0x00,0x00,0x4f,0xff,0xff,0xc8,0x41,0x00,0x00,0x00,0x00,0x00,0x00,0x00,0x00,0x00,
  0x00,0x26,0xae,0xff,0xff,0xff,0xff,0x90,0x00,0x00,0x00,0x00,0x0f,0xff,0xff,0xff,0xff,0xc8,0x51,0x00,0x00,0x00,0x00,0x00,
  0x00,0x26,0xae,0xff,0xff,0xff,0xff,0xff,0xff,0x40,0x00,0x00,0x00,0x00,0x0a,0xff,0xff,0xff,0xff,0xff,0xff,0xd9,0x51,0x00,
  0x00,0x04,0x8c,0xdd,0xdd,0xdd,0xdd,0xdd,0xdd,0xdd,0xdc,0x00,0x00,0x00,0x00,0x00,0x04,0xdd,0xdd,0xdd,0xdd,0xdd,0xdd,0xdd,
  0xdd,0xa6,0x20,0x15,0x00,0x00,0x00,0x00,0x00,0x00,0x00,0x00,0x00,0x00,0x00,0x00,0x00,0x00,0x00,0x00,0x00,0x00,0x00,0x00,
  0x00,0x00,0x00,0x01,0x40,0x03,0xa1,0x00,0x00,0x00,0x00,0x00,0x00,0x00,0x00,0x00,0x00,0x00,0x00,0x00,0x00,0x00,0x00,0x00,
  0x00,0x00,0x00,0x00,0x00,0x4a,0x00,0x00,0x5e,0x40,0x00,0x00,0x00,0x00,0x00,0x00,0x00,0x00,0x00,0x00,0x00,0x00,0x00,0x00,
  0x00,0x00,0x00,0x00,0x00,0x00,0x08,0xd1,0x00,0x00,0x07,0xf8,0x00,0x00,0x00,0x00,0x00,0x00,0x00,0x00,0x00,0x00,0x00,0x00,
  0x00,0x00,0x00,0x00,0x00,0x00,0x00,0x01,0xcf,0x20,0x00,0x00,0x00,0xaf,0xc1,0x00,0x00,0x00,0x00,0x00,0x00,0x00,0x00,0x00,
  0x00,0x00,0x00,0x00,0x00,0x00,0x00,0x00,0x00,0x5e,0xf4,0x00,0x00,0x00,0x00,0x0c,0xfe,0x50,0x00,0x00,0x00,0x00,0x00,0x00,
  0x00,0x00,0x00,0x00,0x00,0x00,0x00,0x00,0x00,0x00,0x09,0xff,0x60,0x00,0x00,0x00,0x00,0x01,0xef,0xf9,0x00,0x00,0x00,0x00,
  0x00,0x00,0x00,0x00,0x00,0x00,0x00,0x00,0x00,0x00,0x00,0x02,0xdf,0xf9,0x00,0x00,0x00,0x00,0x00,0x00,0x3f,0xff,0xd2,0x00,
  0x00,0x00,0x00,0x00,0x00,0x00,0x00,0x00,0x00,0x00,0x00,0x00,0x00,0x6f,0xff,0xc0,0x00,0x00,0x00,0x00,0x00,0x00,0x05,0xff,
  0xff,0x60,0x00,0x00,0x00,0x00,0x00,0x00,0x00,0x00,0x00,0x00,0x00,0x00,0x1b,0xff,0xfd,0x10,0x00,0x00,0x00,0x00,0x00,0x00,
  0x00,0x7f,0xff,0xfb,0x10,0x00,0x00,0x00,0x00,0x00,0x00,0x00,0x00,0x00,0x00,0x03,0xef,0xff,0xf2,0x00,0x00,0x00,0x00,0x00,
  0x00,0x00,0x00,0x0a,0xff,0xff,0xe3,0x00,0x00,0x00,0x00,0x00,0x00,0x00,0x00,0x00,0x00,0x8f,0xff,0xff,0x40,0x00,0x00,0x00,
  0x00,0x00,0x00,0x00,0x00,0x00,0xcf,0xff,0xff,0x00,0x00,0x00,0x00,0x00,0x00,0x00,0x00,0x00,0x05,0xff,0xff,0xf6,0x00,0x00,
  0x00,0x00,0x00,0x00,0x00,0x00,0x00,0x00,0x1e,0xff,0xfb,0x00,0x00,0x00,0x00,0x00,0x00,0x00,0x00,0x00,0x01,0xff,0xff,0x90,
  0x00,0x00,0x00,0x00,0x00,0x00,0x00,0x00,0x00,0x00,0x0c,0xff,0xf6,0x00,0x00,0x00,0x00,0x00,0x00,0x00,0x00,0x00,0x00,0xcf,
  0xff,0x60,0x00,0x00,0x00,0x00,0x00,0x00,0x00,0x00,0x00,0x00,0x0d,0xff,0xf1,0x00,0x00,0x00,0x00,0x00,0x00,0x00,0x00,0x00,
  0x00,0x6f,0xff,0x70,0x00,0x00,0x00,0x00,0x00,0x00,0x00,0x00,0x00,0x00,0x0e,0xff,0xb0,0x00,0x00,0x00,0x00,0x00,0x00,0x00,
  0x00,0x00,0x00,0x1f,0xff,0x80,0x00,0x00,0x00,0x00,0x00,0x00,0x00,0x00,0x00,0x00,0x0f,0xff,0x60,0x00,0x00,0x00,0x00,0x00,
  0x00,0x00,0x00,0x00,0x00,0x0c,0xff,0x90,0x00,0x00,0x00,0x00,0x00,0x00,0x00,0x00,0x00,0x00,0x0f,0xff,0x10,0x00,0x00,0x00,
  0x00,0x00,0x00,0x00,0x00,0x00,0x00,0x07,0xff,0xa0,0x00,0x00,0x00,0x00,0x00,0x00,0x00,0x00,0x00,0x00,0x1f,0xfc,0x00,0x00,
  0x00,0x00,0x00,0x08,0x40,0x00,0x00,0x00,0x00,0x02,0xff,0xb0,0x00,0x00,0x00,0x00,0x00,0x00,0x00,0x00,0x00,0x00,0x2f,0xf6,
  0x00,0x00,0x00,0x00,0x02,0xcf,0xf8,0x00,0x00,0x00,0x00,0x00,0xcf,0xc0,0x00,0x00,0x00,0x00,0x00,0x00,0x00,0x00,0x00,0x00,
  0x4f,0xf1,0x00,0x00,0x00,0x00,0x5f,0xff,0xff,0xc2,0x00,0x00,0x00,0x00,0x7f,0xd0,0x00,0x00,0x00,0x00,0x00,0x00,0x00,0x00,
  0x00,0x00,0x5f,0xc0,0x00,0x00,0x00,0x0a,0xff,0xff,0xff,0xff,0x60,0x00,0x00,0x00,0x2f,0xf0,0x00,0x00,0x00,0x00,0x00,0x00,
  0x00,0x00,0x00,0x00,0x6f,0x70,0x00,0x00,0x03,0xdf,0xff,0xff,0xff,0xff,0xfa,0x00,0x00,0x00,0x0d,0xf0,0x00,0x00,0x00,0x00,
  0x00,0x00,0x00,0x00,0x00,0x00,0x7f,0x20,0x00,0x00,0x7f,0xff,0xff,0xd7,0x9f,0xff,0xff,0xd3,0x00,0x00,0x08,0xf1,0x00,0x00,
  0x00,0x00,0x00,0x00,0x00,0x00,0x00,0x00,0x8c,0x00,0x00,0x1b,0xff,0xff,0xa3,0x00,0x00,0x6c,0xff,0xff,0x70,0x00,0x03,0xf2,
  0x00,0x00,0x00,0x00,0x00,0x00,0x00,0x00,0x00,0x00,0x97,0x00,0x04,0xef,0xfd,0x71,0x00,0x00,0x00,0x00,0x39,0xff,0xfb,0x10,
  0x00,0xd3,0x00,0x00,0x00,0x00,0x00,0x00,0x00,0x00,0x00,0x00,0xa2,0x00,0x8f,0xfa,0x40,0x00,0x00,0x00,0x00,0x00,0x00,0x06,
  0xcf,0xe4,0x00,0x84,0x00,0x00,0x00,0x00,0x00,0x00,0x00,0x00,0x00,0x00,0x90,0x2c,0xd7,0x10,0x00,0x00,0x00,0x00,0x00,0x00,
  0x00,0x00,0x03,0x9f,0x90,0x35,0x00,0x00,0x00,0x00,0x00,0x00,0x00,0x00,0x00,0x00,0x45,0xa4,0x00,0x00,0x00,0x00,0x00,0x00,
  0x00,0x00,0x00,0x00,0x00,0x00,0x6a,0x24,0x00,0x00,0x00,0x00,0x00,0x00,0x00,0x00,0x00,0x00,0x31,0x00,0x00,0x00,0x00,0x00,
  0x00,0x00,0x00,0x00,0x00,0x00,0x00,0x00,0x00,0x21,0x00,0x00,0x00,0x00,0x00,0x00,0x00,0x00,0x00,0x00,0x00,0x02,0x69,0xbc,
  0xcc,0xb8,0x51,0x00,0x00,0x00,0x00,0x00,0x00,0x00,0x00,0x00,0x00,0x00,0x00,0x17,0xdf,0xff,0xff,0xff,0xff,0xff,0xc6,0x00,
  0x00,0x00,0x00,0x00,0x00,0x00,0x00,0x00,0x00,0x08,0xff,0xff,0xff,0xff,0xff,0xff,0xff,0xff,0xe6,0x00,0x00,0x00,0x00,0x00,
  0x00,0x00,0x00,0x03,0xdf,0xff,0xff,0xff,0xff,0xff,0xff,0xff,0xff,0xff,0xc1,0x00,0x00,0x00,0x00,0x00,0x00,0x00,0x5f,0xff,
  0xff,0xff,0xff,0xff,0xff,0xff,0xff,0xff,0xff,0xfe,0x30,0x00,0x00,0x00,0x00,0x00,0x06,0xff,0xff,0xff,0xff,0xff,0xfd,0xce,
  0xff,0xff,0xff,0xff,0xff,0xf4,0x00,0x00,0x00,0x00,0x00,0x5f,0xff,0xff,0xff,0xfc,0x62,0x00,0x00,0x03,0x7d,0xff,0xff,0xff,
  0xff,0x30,0x00,0x00,0x00,0x02,0xff,0xff,0xff,0xfd,0x40,0x00,0x00,0x00,0x00,0x00,0x6e,0xff,0xff,0xff,0xe1,0x00,0x00,0x00,
  0x0c,0xff,0xff,0xff,0xa0,0x00,0x00,0x00,0x00,0x00,0x00,0x01,0xcf,0xff,0xff,0xfa,0x00,0x00,0x00,0x6f,0xff,0xff,0xf9,0x00,
  0x00,0x00,0x00,0x00,0x00,0x00,0x00,0x0b,0xff,0xff,0xff,0x40,0x00,0x00,0xef,0xff,0xff,0xb0,0x00,0x00,0x00,0x00,0x00,0x00,
  0x00,0x00,0x00,0xdf,0xff,0xff,0xc0,0x00,0x05,0xff,0xff,0xfe,0x00,0x00,0x00,0x00,0x00,0x00,0x00,0x00,0x00,0x00,0x2f,0xff,
  0xff,0xf3,0x00,0x0b,0xff,0xff,0xf6,0x00,0x00,0x00,0x00,0x00,0x00,0x00,0x00,0x00,0x00,0x09,0xff,0xff,0xf9,0x00,0x0f,0xff,
  0xff,0xe0,0x00,0x00,0x00,0x00,0x00,0x00,0x00,0x00,0x00,0x00,0x01,0xff,0xff,0xfd,0x00,0x3f,0xff,0xff,0xa0,0x00,0x00,0x00,
  0x00,0x00,0x00,0x00,0x00,0x00,0x00,0x00,0xcf,0xff,0xff,0x10,0x5f,0xff,0xff,0x50,0x00,0x00,0x00,0x00,0x00,0x00,0x00,0x00,
  0x00,0x00,0x00,0x7f,0xff,0xff,0x30,0x7f,0xff,0xff,0x30,0x00,0x00,0x00,0x00,0x00,0x00,0x00,0x00,0x00,0x00,0x00,0x5f,0xff,
  0xff,0x50,0x8f,0xff,0xff,0x20,0x00,0x00,0x00,0x00,0x00,0x00,0x00,0x00,0x00,0x00,0x00,0x4f,0xff,0xff,0x60,0x8f,0xff,0xff,
  0x20,0x00,0x00,0x00,0x00,0x00,0x00,0x00,0x00,0x00,0x00,0x00,0x4f,0xff,0xff,0x60,0x7f,0xff,0xff,0x30,0x00,0x00,0x00,0x00,
  0x00,0x00,0x00,0x00,0x00,0x00,0x00,0x5f,0xff,0xff,0x50,0x5f,0xff,0xff,0x50,0x00,0x00,0x00,0x00,0x00,0x00,0x00,0x00,0x00,
  0x00,0x00,0x7f,0xff,0xff,0x30,0x3f,0xff,0xff,0xa0,0x00,0x00,0x00,0x00,0x00,0x00,0x00,0x00,0x00,0x00,0x00,0xcf,0xff,0xff,
  0x10,0x0f,0xff,0xff,0xe0,0x00,0x00,0x00,0x00,0x00,0x00,0x00,0x00,0x00,0x00,0x01,0xff,0xff,0xfd,0x00,0x0b,0xff,0xff,0xf7,
  0x00,0x00,0x00,0x00,0x00,0x00,0x00,0x00,0x00,0x00,0x09,0xff,0xff,0xf9,0x00,0x05,0xff,0xff,0xfe,0x10,0x00,0x00,0x00,0x00,
  0x00,0x00,0x00,0x00,0x00,0x2f,0xff,0xff,0xf3,0x00,0x00,0xdf,0xff,0xff,0xc0,0x00,0x00,0x00,0x00,0x00,0x00,0x00,0x00,0x01,
  0xef,0xff,0xff,0xc0,0x00,0x00,0x5f,0xff,0xff,0xfb,0x00,0x00,0x00,0x00,0x00,0x00,0x00,0x00,0x1d,0xff,0xff,0xff,0x30,0x00,
  0x00,0x0b,0xff,0xff,0xff,0xd2,0x00,0x00,0x00,0x00,0x00,0x00,0x04,0xef,0xff,0xff,0xf9,0x00,0x00,0x00,0x01,0xef,0xff,0xff,
  0xff,0x91,0x00,0x00,0x00,0x00,0x02,0xaf,0xff,0xff,0xff,0xd0,0x00,0x00,0x00,0x00,0x2e,0xff,0xff,0xff,0xff,0xb7,0x43,0x23,
  0x48,0xcf,0xff,0xff,0xff,0xfd,0x10,0x00,0x00,0x00,0x00,0x03,0xef,0xff,0xff,0xff,0xff,0xff,0xff,0xff,0xff,0xff,0xff,0xff,
  0xd1,0x00,0x00,0x00,0x00,0x00,0x00,0x1c,0xff,0xff,0xff,0xff,0xff,0xff,0xff,0xff,0xff,0xff,0xfa,0x00,0x00,0x00,0x00,0x00,
  0x00,0x00,0x00,0x7e,0xff,0xff,0xff,0xff,0xff,0xff,0xff,0xff,0xfe,0x50,0x00,0x00,0x00,0x00,0x00,0x00,0x00,0x00,0x01,0x8d,
  0xff,0xff,0xff,0xff,0xff,0xff,0xfd,0x70,0x00,0x00,0x00,0x00,0x00,0x00,0x00,0x00,0x00,0x00,0x00,0x37,0xad,0xff,0xff,0xfd,
  0xa7,0x30,0x00,0x00,0x00,0x00,0x00,0x00,0x00,0x00,0x00,0x00,0x00,0x00,0x00,0x06,0xff,0xff,0xf4,0x00,0x00,0x00,0x00,0x00,
  0x00,0x00,0x00,0x00,0x00,0x00,0x00,0x00,0x00,0x00,0x06,0xff,0xff,0xf4,0x00,0x00,0x00,0x00,0x00,0x00,0x00,0x00,0x00,0x00,
  0x00,0x00,0x00,0x00,0x00,0x06,0xff,0xff,0xf4,0x00,0x00,0x00,0x00,0x00,0x00,0x00,0x00,0x00,0x00,0x00,0x00,0x00,0x00,0x00,
  0x06,0xff,0xff,0xf4,0x00,0x00,0x00,0x00,0x00,0x00,0x00,0x00,0x00,0x00,0x00,0x00,0x00,0x00,0x00,0x06,0xff,0xff,0xf4,0x00,
  0x00,0x00,0x00,0x00,0x00,0x00,0x00,0x00,0x00,0x00,0x00,0x00,0x00,0x00,0x06,0xff,0xff,0xf4,0x00,0x00,0x00,0x00,0x00,0x00,
  0x00,0x00,0x00,0x00,0x00,0x00,0x00,0x00,0x00,0x06,0xff,0xff,0xf4,0x00,0x00,0x00,0x00,0x00,0x00,0x00,0x00,0x00,0x00,0x00,
  0x00,0x00,0x00,0x00,0x06,0xff,0xff,0xf4,0x00,0x00,0x00,0x00,0x00,0x00,0x00,0x00,0x00,0x00,0x00,0x0c,0xee,0xee,0xee,0xee,
  0xff,0xff,0xfe,0xee,0xee,0xee,0xea,0x00,0x00,0x00,0x00,0x00,0x00,0x00,0x0e,0xff,0xff,0xff,0xff,0xff,0xff,0xff,0xff,0xff,
  0xff,0xfc,0x00,0x00,0x00,0x00,0x00,0x00,0x00,0x0e,0xff,0xff,0xff,0xff,0xff,0xff,0xff,0xff,0xff,0xff,0xfc,0x00,0x00,0x00,
  0x00,0x00,0x00,0x00,0x0e,0xff,0xff,0xff,0xff,0xff,0xff,0xff,0xff,0xff,0xff,0xfc,0x00,0x00,0x00,0x00,0x00,0x00,0x00,0x00,
  0x00,0x00,0x00,0x06,0xff,0xff,0xf4,0x00,0x00,0x00,0x00,0x00,0x00,0x00,0x00,0x00,0x00,0x00,0x00,0x00,0x00,0x00,0x06,0xff,
  0xff,0xf4,0x00,0x00,0x00,0x00,0x00,0x00,0x00,0x00,0x00,0x00,0x00,0x00,0x00,0x00,0x00,0x06,0xff,0xff,0xf4,0x00,0x00,0x00,
  0x00,0x00,0x00,0x00,0x00,0x00,0x00,0x00,0x00,0x00,0x00,0x00,0x06,0xff,0xff,0xf4,0x00,0x00,0x00,0x00,0x00,0x00,0x00,0x00,
  0x00,0x00,0x00,0x00,0x00,0x00,0x00,0x06,0xff,0xff,0xf4,0x00,0x00,0x00,0x00,0x00,0x00,0x00,0x00,0x00,0x00,0x00,0x00,0x00,
  0x00,0x00,0x06,0xff,0xff,0xf4,0x00,0x00,0x00,0x00,0x00,0x00,0x00,0x00,0x00,0x00,0x00,0x00,0x00,0x00,0x00,0x06,0xff,0xff,
  0xf4,0x00,0x00,0x00,0x00,0x00,0x00,0x00,0x00,0x00,0x00,0x00,0x00,0x00,0x00,0x00,0x06,0xff,0xff,0xf4,0x00,0x00,0x00,0x00,
  0x00,0x00,0x00,0x00,0x00,0x00,0x00,0x00,0x00,0x00,0x00,0x00,0x00,0x00,0x00,0x00,0x00,0x00,0x00,0x00,0x00,0x00,0x00,0x00,
  0x00,0x00,0x00,0x00,0x00,0x00,0x00,0x00,0x00,0x00,0x00,0x00,0x00,0x00,0x00,0x01,0x11,0x11,0x11,0x11,0x11,0x11,0x11,0x00,
  0x00,0x00,0x00,0x00,0x00,0x00,0x00,0x00,0x00,0x00,0x00,0x00,0x00,0x00,0x00,0x01,0xcf,0xff,0xff,0xff,0xff,0xff,0xff,0xff,
  0x20,0x00,0x00,0x00,0x00,0x00,0x00,0x00,0x00,0x00,0x00,0x00,0x00,0x00,0x00,0x00,0x0c,0xff,0xff,0xff,0xff,0xff,0xff,0xff,
  0xff,0x20,0x00,0x00,0x00,0x00,0x00,0x00,0x00,0x00,0x00,0x00,0x00,0x00,0x00,0x00,0x00,0xcf,0xff,0xff,0xff,0xff,0xff,0xff,
  0xff,0xff,0x20,0x00,0x00,0x00,0x00,0x00,0x00,0x00,0x00,0x00,0x00,0x00,0x00,0x00,0x00,0x0c,0xff,0xff,0xff,0xff,0xff,0xff,
  0xff,0xff,0xff,0x20,0x00,0x00,0x00,0x00,0x00,0x00,0x00,0x00,0x00,0x00,0x00,0x00,0x00,0x00,0x25,0x55,0x55,0x55,0x55,0x59,
  0xff,0xff,0xff,0xff,0x20,0x00,0x00,0x00,0x00,0x00,0x00,0x00,0x00,0x00,0x00,0x00,0x00,0x00,0x00,0x00,0x00,0x00,0x00,0x00,
  0x4f,0xff,0xff,0xff,0xff,0x20,0x00,0x00,0x00,0x00,0x00,0x00,0x00,0x00,0x00,0x00,0x00,0x00,0x00,0x00,0x00,0x00,0x00,0x00,
  0x05,0xff,0xff,0xff,0xff,0xff,0x20,0x00,0x00,0x00,0x00,0x00,0x00,0x00,0x00,0x00,0x00,0x00,0x00,0x00,0x00,0x00,0x00,0x00,
  0x00,0x5f,0xff,0xff,0xff,0xff,0xff,0x20,0x00,0x00,0x00,0x00,0x00,0x00,0x00,0x00,0x00,0x00,0x00,0x00,0x00,0x00,0x00,0x00,
  0x00,0x06,0xff,0xff,0xff,0xf9,0xff,0xff,0x20,0x00,0x00,0x00,0x00,0x00,0x00,0x00,0x00,0x00,0x00,0x00,0x00,0x00,0x00,0x00,
  0x00,0x00,0x6f,0xff,0xff,0xff,0x45,0xff,0xff,0x20,0x00,0x00,0x00,0x00,0x00,0x00,0x00,0x00,0x00,0x00,0x00,0x00,0x00,0x00,
  0x00,0x00,0x07,0xff,0xff,0xff,0xf4,0x05,0xff,0xff,0x20,0x00,0x00,0x00,0x00,0x00,0x00,0x00,0x02,0x33,0x31,0x00,0x00,0x00,
  0x00,0x00,0x00,0x7f,0xff,0xff,0xff,0x30,0x05,0xff,0xff,0x20,0x00,0x00,0x00,0x00,0x00,0x03,0x8c,0xff,0xff,0xff,0xfe,0xa6,
  0x20,0x00,0x00,0x08,0xff,0xff,0xff,0xe3,0x00,0x05,0xff,0xff,0x20,0x00,0x00,0x00,0x00,0x04,0xcf,0xff,0xff,0xff,0xff,0xff,
  0xff,0xfb,0x40,0x00,0x8f,0xff,0xff,0xfe,0x30,0x00,0x05,0xff,0xff,0x20,0x00,0x00,0x00,0x01,0xaf,0xff,0xff,0xff,0xff,0xff,
  0xff,0xff,0xff,0xf9,0x09,0xff,0xff,0xff,0xe2,0x00,0x00,0x05,0xff,0xff,0x20,0x00,0x00,0x00,0x3e,0xff,0xff,0xff,0xff,0xff,
  0xff,0xff,0xff,0xff,0xff,0xff,0xff,0xff,0xfe,0x20,0x00,0x00,0x05,0xff,0xfd,0x00,0x00,0x00,0x04,0xff,0xff,0xff,0xff,0xff,
  0xff,0xff,0xff,0xff,0xff,0xff,0xff,0xff,0xff,0xe2,0x00,0x00,0x00,0x05,0xff,0xd1,0x00,0x00,0x00,0x3f,0xff,0xff,0xff,0xff,
  0xd9,0x75,0x57,0x9d,0xff,0xff,0xff,0xff,0xff,0xfe,0x20,0x00,0x00,0x00,0x05,0xfd,0x10,0x00,0x00,0x02,0xef,0xff,0xff,0xff,
  0x92,0x00,0x00,0x00,0x00,0x29,0xff,0xff,0xff,0xff,0xd1,0x00,0x00,0x00,0x00,0x05,0xd1,0x00,0x00,0x00,0x0c,0xff,0xff,0xff,
  0xd2,0x00,0x00,0x00,0x00,0x00,0x00,0x2d,0xff,0xff,0xff,0xd0,0x00,0x00,0x00,0x00,0x02,0x10,0x00,0x00,0x00,0x7f,0xff,0xff,
  0xfb,0x00,0x00,0x00,0x00,0x00,0x00,0x00,0x00,0xbf,0xff,0xff,0xf7,0x00,0x00,0x00,0x00,0x00,0x00,0x00,0x00,0x01,0xff,0xff,
  0xff,0xb0,0x00,0x00,0x00,0x00,0x00,0x00,0x00,0x00,0x0b,0xff,0xff,0xff,0x10,0x00,0x00,0x00,0x00,0x00,0x00,0x00,0x08,0xff,
  0xff,0xfd,0x10,0x00,0x00,0x00,0x00,0x00,0x00,0x00,0x00,0x01,0xdf,0xff,0xff,0x80,0x00,0x00,0x00,0x00,0x00,0x00,0x00,0x0e,
  0xff,0xff,0xf4,0x00,0x00,0x00,0x00,0x00,0x00,0x00,0x00,0x00,0x00,0x4f,0xff,0xff,0xe0,0x00,0x00,0x00,0x00,0x00,0x00,0x00,
  0x3f,0xff,0xff,0xc0,0x00,0x00,0x00,0x00,0x00,0x00,0x00,0x00,0x00,0x00,0x0b,0xff,0xff,0xf4,0x00,0x00,0x00,0x00,0x00,0x00,
  0x00,0x7f,0xff,0xff,0x60,0x00,0x00,0x00,0x00,0x00,0x00,0x00,0x00,0x00,0x00,0x05,0xff,0xff,0xf8,0x00,0x00,0x00,0x00,0x00,
  0x00,0x00,0xaf,0xff,0xff,0x10,0x00,0x00,0x00,0x00,0x00,0x00,0x00,0x00,0x00,0x00,0x00,0xff,0xff,0xfb,0x00,0x00,0x00,0x00,
  0x00,0x00,0x00,0xdf,0xff,0xfd,0x00,0x00,0x00,0x00,0x00,0x00,0x00,0x00,0x00,0x00,0x00,0x00,0xdf,0xff,0xfd,0x00,0x00,0x00,
  0x00,0x00,0x00,0x00,0xef,0xff,0xfc,0x00,0x00,0x00,0x00,0x00,0x00,0x00,0x00,0x00,0x00,0x00,0x00,0xbf,0xff,0xfe,0x00,0x00,
  0x00,0x00,0x00,0x00,0x00,0xef,0xff,0xfb,0x00,0x00,0x00,0x00,0x00,0x00,0x00,0x00,0x00,0x00,0x00,0x00,0xaf,0xff,0xff,0x00,
  0x00,0x00,0x00,0x00,0x00,0x00,0xef,0xff,0xfc,0x00,0x00,0x00,0x00,0x00,0x00,0x00,0x00,0x00,0x00,0x00,0x00,0xbf,0xff,0xff,
  0x00,0x00,0x00,0x00,0x00,0x00,0x00,0xdf,0xff,0xfd,0x00,0x00,0x00,0x00,0x00,0x00,0x00,0x00,0x00,0x00,0x00,0x00,0xcf,0xff,
  0xfe,0x00,0x00,0x00,0x00,0x00,0x00,0x00,0xbf,0xff,0xff,0x10,0x00,0x00,0x00,0x00,0x00,0x00,0x00,0x00,0x00,0x00,0x00,0xff,
  0xff,0xfc,0x00,0x00,0x00,0x00,0x00,0x00,0x00,0x8f,0xff,0xff,0x50,0x00,0x00,0x00,0x00,0x00,0x00,0x00,0x00,0x00,0x00,0x05,
  0xff,0xff,0xf9,0x00,0x00,0x00,0x00,0x00,0x00,0x00,0x4f,0xff,0xff,0xb0,0x00,0x00,0x00,0x00,0x00,0x00,0x00,0x00,0x00,0x00,
  0x0b,0xff,0xff,0xf5,0x00,0x00,0x00,0x00,0x00,0x00,0x00,0x0e,0xff,0xff,0xf4,0x00,0x00,0x00,0x00,0x00,0x00,0x00,0x00,0x00,
  0x00,0x4f,0xff,0xff,0xf0,0x00,0x00,0x00,0x00,0x00,0x00,0x00,0x08,0xff,0xff,0xfd,0x10,0x00,0x00,0x00,0x00,0x00,0x00,0x00,
  0x00,0x01,0xdf,0xff,0xff,0x90,0x00,0x00,0x00,0x00,0x00,0x00,0x00,0x01,0xff,0xff,0xff,0xc0,0x00,0x00,0x00,0x00,0x00,0x00,
  0x00,0x00,0x0c,0xff,0xff,0xff,0x20,0x00,0x00,0x00,0x00,0x00,0x00,0x00,0x00,0x7f,0xff,0xff,0xfc,0x10,0x00,0x00,0x00,0x00,
  0x00,0x00,0x01,0xcf,0xff,0xff,0xf8,0x00,0x00,0x00,0x00,0x00,0x00,0x00,0x00,0x00,0x0c,0xff,0xff,0xff,0xe4,0x00,0x00,0x00,
  0x00,0x00,0x00,0x4e,0xff,0xff,0xff,0xd0,0x00,0x00,0x00,0x00,0x00,0x00,0x00,0x00,0x00,0x01,0xef,0xff,0xff,0xff,0xc5,0x10,
  0x00,0x00,0x01,0x5c,0xff,0xff,0xff,0xfe,0x20,0x00,0x00,0x00,0x00,0x00,0x00,0x00,0x00,0x00,0x00,0x2e,0xff,0xff,0xff,0xff,
  0xfc,0xb9,0x9b,0xcf,0xff,0xff,0xff,0xff,0xf3,0x00,0x00,0x00,0x00,0x00,0x00,0x00,0x00,0x00,0x00,0x00,0x02,0xdf,0xff,0xff,
  0xff,0xff,0xff,0xff,0xff,0xff,0xff,0xff,0xfe,0x30,0x00,0x00,0x00,0x00,0x00,0x00,0x00,0x00,0x00,0x00,0x00,0x00,0x1a,0xff,
  0xff,0xff,0xff,0xff,0xff,0xff,0xff,0xff,0xff,0xb1,0x00,0x00,0x00,0x00,0x00,0x00,0x00,0x00,0x00,0x00,0x00,0x00,0x00,0x00,
  0x5d,0xff,0xff,0xff,0xff,0xff,0xff,0xff,0xff,0xe6,0x00,0x00,0x00,0x00,0x00,0x00,0x00,0x00,0x00,0x00,0x00,0x00,0x00,0x00,
  0x00,0x00,0x5c,0xff,0xff,0xff,0xff,0xff,0xff,0xd6,0x00,0x00,0x00,0x00,0x00,0x00,0x00,0x00,0x00,0x00,0x00,0x00,0x00,0x00,
  0x00,0x00,0x00,0x00,0x15,0x9b,0xde,0xed,0xb9,0x62,0x00,0x00,0x00,0x00,0x00,0x00,0x00,0x00,0x00,0x00,0x00,0x00,0x00,0x00,
  0x00,0x21,0x00,0x00,0x00,0x00,0x00,0x00,0x36,0x30,0x00,0x00,0x1d,0xff,0xc2,0x00,0x00,0x00,0x00,0x09,0xff,0xf8,0x00,0x00,
  0xbf,0xed,0xfe,0x10,0x00,0x00,0x00,0x4f,0xe7,0xdf,0x20,0x00,0xff,0x10,0x9f,0x90,0x00,0x00,0x00,0x8f,0x70,0x5f,0x80,0x00,
  0xdf,0x30,0x0e,0xf3,0x00,0x00,0x00,0x8f,0x40,0x2f,0x90,0x00,0x7f,0x90,0x06,0xfb,0x00,0x00,0x00,0x9f,0x30,0x2f,0xb0,0x00,
  0x0e,0xf1,0x00,0xdf,0x30,0x00,0x00,0xaf,0x30,0x1f,0xc0,0x00,0x07,0xf7,0x00,0x6f,0xb0,0x00,0x00,0xcf,0x20,0x0f,0xc0,0x00,
  0x01,0xfd,0x00,0x0e,0xf3,0x00,0x00,0xdf,0x10,0x0f,0xd0,0x00,0x00,0xbf,0x30,0x06,0xf9,0x00,0x00,0xff,0x00,0x0f,0xd0,0x00,
  0x00,0x5f,0x90,0x00,0xef,0x10,0x01,0xfc,0x00,0x0f,0xd0,0x00,0x00,0x0f,0xf0,0x00,0x8f,0x70,0x04,0xf9,0x00,0x0f,0xd0,0x00,
  0x00,0x0a,0xf5,0x00,0x1f,0xd0,0x07,0xf7,0x00,0x1f,0xc0,0x00,0x00,0x04,0xfb,0x00,0x0a,0xf4,0x0a,0xf4,0x00,0x1f,0xc0,0x00,
  0x00,0x00,0xef,0x10,0x03,0xfa,0x0c,0xf1,0x00,0x2f,0xb0,0x00,0x00,0x00,0x8f,0x70,0x00,0xcf,0x3f,0xe0,0x00,0x3f,0xb0,0x00,
  0x00,0x08,0xff,0xd0,0x00,0x5f,0xff,0xb0,0x00,0x3f,0xa0,0x00,0x00,0x7f,0xff,0xfd,0x30,0x0d,0xfd,0x40,0x00,0x4f,0xa0,0x00,
  0x01,0xff,0x63,0xbf,0xf6,0x00,0x20,0x00,0x00,0x4f,0x90,0x00,0x09,0xff,0x80,0x07,0xff,0xa0,0x00,0x00,0x00,0x5f,0x90,0x00,
  0x3f,0xde,0xf8,0x00,0x2d,0xfd,0x20,0x00,0x00,0x5f,0x90,0x04,0xff,0xb2,0xdf,0xa0,0x00,0x9f,0xf5,0x00,0x00,0x4f,0x90,0x0e,
  0xff,0xfa,0x1c,0xfa,0x00,0x05,0xff,0x70,0x00,0x3f,0x90,0x4f,0xa3,0xef,0xb1,0xcf,0x80,0x00,0x3e,0xf8,0x00,0x1f,0xb0,0x6f,
  0x70,0x1c,0xfc,0x1c,0xf7,0x00,0x02,0xdf,0x90,0x0f,0xc0,0x5f,0xf4,0x00,0xbf,0xa0,0xcf,0x30,0x00,0x2e,0xf1,0x0f,0xc0,0x2f,
  0xff,0x50,0x0a,0xf3,0x2f,0xb0,0x00,0x01,0x30,0x0f,0xc0,0x0e,0xff,0xf5,0x02,0xf9,0x0f,0xd0,0x00,0x00,0x00,0x0e,0xc0,0x0a,
  0xf7,0xff,0x47,0xff,0x9f,0xb0,0x00,0x00,0x00,0x0e,0xc0,0x06,0xf6,0x6f,0xff,0xff,0xff,0x70,0x00,0x00,0x00,0x0f,0xc0,0x03,
  0xf8,0x04,0x9a,0x51,0xef,0x30,0x00,0x00,0x00,0x0f,0xc0,0x02,0xfa,0x00,0x00,0x00,0xee,0x00,0x00,0x00,0x00,0x0f,0xd0,0x00,
  0xfc,0x00,0x00,0x00,0xfc,0x00,0x00,0x00,0x00,0x0f,0xd0,0x00,0xef,0x00,0x00,0x00,0xfc,0x00,0x00,0x00,0x00,0x0f,0xd0,0x00,
  0xaf,0x60,0x00,0x00,0xef,0x10,0x00,0x00,0x00,0x0f,0xd0,0x00,0x3f,0xc0,0x00,0x00,0x6f,0xa0,0x00,0x00,0x00,0x1f,0xb0,0x00,
  0x0b,0xf3,0x00,0x00,0x0d,0xf6,0x00,0x00,0x00,0x3f,0x80,0x00,0x03,0xfa,0x00,0x00,0x04,0xff,0x60,0x00,0x00,0x6f,0x60,0x00,
  0x00,0xcf,0x10,0x00,0x00,0x5f,0xfa,0x00,0x00,0x9f,0x40,0x00,0x00,0x6f,0x80,0x00,0x00,0x03,0xef,0xb0,0x00,0xaf,0x20,0x00,
  0x00,0x2f,0xe0,0x00,0x00,0x00,0x06,0x70,0x00,0xbf,0x20,0x00,0x00,0x0f,0xf0,0x00,0x00,0x00,0x00,0x00,0x00,0xbf,0x20,0x00,
  0x00,0x0e,0xf0,0x00,0x00,0x00,0x00,0x00,0x00,0xbf,0x20,0x00,0x00,0x0e,0xf0,0x00,0x00,0x00,0x00,0x00,0x00,0xbf,0x20,0x00,
  0x00,0x0e,0xf0,0x00,0x00,0x00,0x00,0x00,0x00,0xbf,0x20,0x00,0x00,0x0e,0xf0,0x00,0x00,0x00,0x00,0x00,0x00,0xbf,0x20,0x00,
  0x00,0x0e,0xfe,0xee,0xee,0xee,0xee,0xee,0xee,0xff,0x20,0x00,0x00,0x0e,0xff,0xff,0xff,0xff,0xff,0xff,0xff,0xff,0x20,0x00,
  0x00,0x00,0x00,0x00,0x00,0x00,0x00,0x00,0x00,0x00,0x01,0x33,0x10,0x00,0x00,0x00,0x00,0x00,0x00,0x00,0x00,0x00,0x00,0x00,
  0x00,0x00,0x6f,0xff,0xf5,0x00,0x00,0x00,0x00,0x00,0x00,0x00,0x00,0x00,0x00,0x00,0x00,0x01,0xf6,0x00,0x9f,0x00,0x00,0x00,
  0x00,0x00,0x00,0x00,0x00,0x00,0x00,0x00,0x00,0x04,0xc0,0x00,0x0f,0x20,0x00,0x00,0x00,0x00,0x00,0x00,0x00,0x00,0x00,0x00,
  0x00,0x05,0x90,0x00,0x0e,0x30,0x00,0x00,0x00,0x00,0x00,0x00,0x00,0x00,0x00,0x00,0x00,0x05,0x90,0x00,0x0e,0x30,0x00,0x00,
  0x00,0x00,0x00,0x00,0x00,0x00,0x00,0x00,0x00,0x05,0x90,0x00,0x0e,0x30,0x00,0x00,0x00,0x00,0x00,0x00,0x00,0x00,0x00,0x00,
  0x00,0x05,0x90,0x00,0x0e,0x30,0x00,0x00,0x00,0x00,0x00,0x00,0x00,0x00,0x00,0x00,0x00,0x05,0x90,0x00,0x0e,0x30,0x00,0x00,
  0x00,0x00,0x00,0x00,0x00,0x00,0x00,0x00,0x00,0x05,0x90,0x00,0x0e,0x30,0x00,0x00,0x00,0x00,0x00,0x00,0x00,0x00,0x00,0x00,
  0x00,0x05,0x90,0x00,0x0e,0x30,0x00,0x00,0x00,0x00,0x00,0x00,0x00,0x00,0x00,0x00,0x00,0x05,0x90,0x00,0x0e,0x30,0x00,0x00,
  0x00,0x00,0x00,0x00,0x00,0x00,0x00,0x00,0x00,0x05,0x90,0x00,0x0e,0x30,0x00,0x00,0x00,0x00,0x00,0x00,0x00,0x00,0x01,0x8b,
  0xb8,0x15,0x90,0x00,0x0e,0x30,0x00,0x00,0x00,0x00,0x00,0x00,0x00,0x00,0x0d,0xc7,0x8e,0xc5,0x90,0x00,0x0e,0x30,0x00,0x00,
  0x00,0x00,0x00,0x00,0x21,0x00,0x3e,0x00,0x02,0xf6,0x90,0x00,0x0e,0x30,0x00,0x00,0x00,0x00,0x00,0x6f,0xff,0xd3,0x4a,0x00,
  0x00,0xd8,0x90,0x00,0x0e,0x30,0x00,0x00,0x00,0x00,0x02,0xf6,0x01,0xad,0x59,0x00,0x00,0xc8,0x90,0x00,0x0e,0x30,0x00,0x00,
  0x13,0x30,0x05,0xb0,0x00,0x1f,0x69,0x00,0x00,0xc8,0x90,0x00,0x0e,0x30,0x00,0x07,0xff,0xfe,0x46,0x80,0x00,0x0e,0x79,0x00,
  0x00,0xc8,0x90,0x00,0x0e,0x30,0x00,0x2f,0x40,0x09,0xe6,0x80,0x00,0x0e,0x79,0x00,0x00,0xc8,0x90,0x00,0x0e,0x30,0x00,0x5a,
  0x00,0x00,0xf8,0x80,0x00,0x0e,0x79,0x00,0x00,0xc8,0x90,0x00,0x0e,0x30,0x00,0x68,0x00,0x00,0xd9,0x80,0x00,0x0e,0x79,0x00,
  0x00,0xc8,0x90,0x00,0x0e,0x30,0x00,0x68,0x00,0x00,0xd9,0x80,0x00,0x0e,0x79,0x00,0x00,0xc8,0x90,0x00,0x0e,0x30,0x00,0x68,
  0x00,0x00,0x7c,0x80,0x00,0x0e,0x79,0x00,0x00,0xc8,0x90,0x00,0x0e,0x30,0x00,0x68,0x00,0x00,0x00,0x00,0x00,0x0e,0x79,0x00,
  0x00,0xc8,0x90,0x00,0x0e,0x30,0x00,0x68,0x00,0x00,0x00,0x00,0x00,0x08,0xb7,0x00,0x00,0xc8,0x90,0x00,0x0e,0x30,0x00,0x68,
  0x00,0x00,0x00,0x00,0x00,0x00,0x00,0x00,0x00,0xcc,0x90,0x00,0x0e,0x30,0x00,0x68,0x00,0x00,0x00,0x00,0x00,0x00,0x00,0x00,
  0x00,0x14,0x30,0x00,0x0e,0x30,0x00,0x68,0x00,0x00,0x00,0x00,0x00,0x00,0x00,0x00,0x00,0x00,0x00,0x00,0x0d,0xc2,0x00,0x68,
  0x00,0x00,0x00,0x00,0x00,0x00,0x00,0x00,0x00,0x00,0x00,0x00,0x00,0xbd,0x00,0x68,0x00,0x00,0x00,0x00,0x00,0x00,0x00,0x00,
  0x00,0x00,0x00,0x00,0x00,0x2f,0x40,0x68,0x00,0x00,0x00,0x00,0x00,0x00,0x00,0x00,0x00,0x00,0x00,0x00,0x00,0x1f,0x50,0x68,
  0x00,0x00,0x00,0x00,0x00,0x00,0x00,0x00,0x00,0x00,0x00,0x00,0x00,0x1f,0x60,0x68,0x00,0x00,0x00,0x00,0x00,0x00,0x00,0x00,
  0x00,0x00,0x00,0x00,0x00,0x1f,0x60,0x68,0x00,0x00,0x00,0x00,0x00,0x00,0x00,0x00,0x00,0x00,0x00,0x00,0x00,0x1f,0x60,0x68,
  0x00,0x00,0x00,0x00,0x00,0x00,0x00,0x00,0x00,0x00,0x00,0x00,0x00,0x1f,0x60,0x68,0x00,0x00,0x00,0x00,0x00,0x00,0x00,0x00,
  0x00,0x00,0x00,0x00,0x00,0x1f,0x60,0x68,0x00,0x00,0x00,0x00,0x00,0x00,0x00,0x00,0x00,0x00,0x00,0x00,0x00,0x1f,0x60,0x68,
  0x00,0x00,0x00,0x00,0x00,0x00,0x00,0x00,0x00,0x00,0x00,0x00,0x00,0x1f,0x60,0x68,0x00,0x00,0x00,0x00,0x00,0x00,0x00,0x00,
  0x00,0x00,0x00,0x00,0x00,0x1f,0x60,0x68,0x00,0x00,0x00,0x00,0x00,0x00,0x00,0x00,0x00,0x00,0x00,0x00,0x00,0x1f,0x60,0x68,
  0x00,0x00,0x00,0x00,0x00,0x00,0x00,0x00,0x00,0x00,0x00,0x00,0x00,0x1f,0x60,0x6c,0x86,0x53,0x20,0x00,0x00,0x00,0x00,0x00,
  0x00,0x00,0x00,0x00,0x00,0x2f,0x50,0x4b,0xde,0xff,0xff,0xfd,0xca,0x97,0x64,0x31,0x00,0x00,0x00,0x00,0x00,0x8f,0x30,0x00,
  0x00,0x01,0x24,0x57,0x8a,0xbc,0xef,0xff,0xfe,0xdb,0xa8,0x75,0x5a,0xfc,0x00,0x00,0x00,0x00,0x00,0x00,0x00,0x00,0x00,0x12,
  0x35,0x68,0x9b,0xcd,0xfe,0x91,0x00,0x01,0x11,0x11,0x11,0x11,0x11,0x11,0x11,0x11,0x11,0x11,0x11,0x11,0x11,0x11,0x11,0x11,
  0x11,0x11,0x11,0x10,0xff,0xff,0xff,0xff,0xff,0xff,0xff,0xff,0xff,0xff,0xff,0xff,0xff,0xff,0xff,0xff,0xff,0xff,0xff,0xff,
  0xf0,0xff,0xff,0xff,0xff,0xff,0xff,0xff,0xff,0xff,0xff,0xff,0xff,0xff,0xff,0xff,0xff,0xff,0xff,0xff,0xff,0xf0,0xff,0xff,
  0xff,0xff,0xff,0xff,0xff,0xff,0xff,0xff,0xff,0xff,0xff,0xff,0xff,0xff,0xff,0xff,0xff,0xff,0xf0,0xff,0xff,0xff,0xff,0xff,
  0xff,0xff,0xff,0xff,0xff,0xff,0xff,0xff,0xff,0xff,0xff,0xff,0xff,0xff,0xff,0xf0,0x01,0x11,0x11,0x11,0x11,0x11,0x11,0x11,
  0x11,0x11,0x11,0x11,0x11,0x11,0x11,0x11,0x11,0x11,0x11,0x11,0x10,0x00,0x00,0x00,0x00,0x00,0x00,0x00,0x00,0x00,0x00,0x00,
  0x00,0x00,0x00,0x00,0x00,0x00,0x00,0x00,0x00,0x00,0x00,0x00,0x00,0x00,0x00,0x00,0x00,0x00,0x00,0x00,0x00,0x00,0x00,0x00,
  0x00,0x00,0x00,0x00,0x00,0x00,0x00,0x00,0x00,0x00,0x00,0x00,0x00,0x00,0x00,0x00,0x00,0x00,0x00,0x00,0x00,0x00,0x00,0x00,
  0x00,0x00,0x00,0x00,0x00,0x00,0x00,0x00,0x00,0x00,0x00,0x00,0x00,0x00,0x00,0x00,0x00,0x00,0x00,0x00,0x00,0x00,0x00,0x00,
  0x00,0x00,0x00,0x00,0x00,0x00,0x00,0x00,0x00,0x00,0x00,0x00,0x00,0x00,0x00,0x00,0x00,0x00,0x00,0x00,0x00,0x00,0x00,0x00,
  0x00,0x00,0x00,0x00,0x00,0x00,0x00,0x00,0x00,0x00,0x00,0x00,0x00,0x00,0x00,0x00,0x00,0x00,0x00,0xff,0xff,0xff,0xff,0xff,
  0xff,0xff,0xff,0xff,0xff,0xff,0xff,0xff,0xff,0xff,0xff,0xff,0xff,0xff,0xff,0xf0,0xff,0xff,0xff,0xff,0xff,0xff,0xff,0xff,
  0xff,0xff,0xff,0xff,0xff,0xff,0xff,0xff,0xff,0xff,0xff,0xff,0xf0,0xff,0xff,0xff,0xff,0xff,0xff,0xff,0xff,0xff,0xff,0xff,
  0xff,0xff,0xff,0xff,0xff,0xff,0xff,0xff,0xff,0xf0,0xff,0xff,0xff,0xff,0xff,0xff,0xff,0xff,0xff,0xff,0xff,0xff,0xff,0xff,
  0xff,0xff,0xff,0xff,0xff,0xff,0xf0,0x01,0x11,0x11,0x11,0x11,0x11,0x11,0x11,0x11,0x9f,0xff,0x91,0x11,0x11,0x11,0x11,0x11,
  0x11,0x11,0x11,0x10,0x00,0x00,0x00,0x00,0x00,0x00,0x00,0x00,0x00,0x9f,0xff,0x90,0x00,0x00,0x00,0x00,0x00,0x00,0x00,0x00,
  0x00,0x00,0x00,0x00,0x00,0x00,0x00,0x00,0x00,0x00,0x9f,0xff,0x90,0x00,0x00,0x00,0x00,0x00,0x00,0x00,0x00,0x00,0x00,0x00,
  0x00,0x00,0x00,0x00,0x00,0x00,0x00,0x9f,0xff,0x90,0x00,0x00,0x00,0x00,0x00,0x00,0x00,0x00,0x00,0x00,0x00,0x00,0x00,0x00,
  0x00,0x00,0x00,0x00,0x9f,0xff,0x90,0x00,0x00,0x00,0x00,0x00,0x00,0x00,0x00,0x00,0x00,0x00,0x00,0x00,0x00,0x00,0x00,0x00,
  0x00,0x9f,0xff,0x90,0x00,0x00,0x00,0x00,0x00,0x00,0x00,0x00,0x00,0x00,0x00,0x00,0x00,0x00,0x00,0x00,0x00,0x00,0x9f,0xff,
  0x90,0x00,0x00,0x00,0x00,0x00,0x00,0x00,0x00,0x00,0x00,0x00,0x00,0x00,0x00,0x00,0x00,0x00,0x00,0x9f,0xff,0x90,0x00,0x00,
  0x00,0x00,0x00,0x00,0x00,0x00,0x00,0x00,0x00,0x00,0x00,0x00,0x00,0x00,0x00,0x00,0x9f,0xff,0x90,0x00,0x00,0x00,0x00,0x00,
  0x00,0x00,0x00,0x00,0x00,0x00,0x00,0x00,0x00,0x00,0x00,0x00,0x00,0x9f,0xff,0x90,0x00,0x00,0x00,0x00,0x00,0x00,0x00,0x00,
  0x00,0x00,0x00,0x00,0x00,0x00,0x00,0x00,0x00,0x00,0x9f,0xff,0x90,0x00,0x00,0x00,0x00,0x00,0x00,0x00,0x00,0x00,0x00,0x00,
  0x00,0x00,0x00,0x00,0x00,0x00,0x00,0x9f,0xff,0x90,0x00,0x00,0x00,0x00,0x00,0x00,0x00,0x00,0x00,0x00,0x00,0x00,0x00,0x00,
  0x00,0x00,0x00,0x00,0x9f,0xff,0x90,0x00,0x00,0x00,0x00,0x00,0x00,0x00,0x00,0x00,0x00,0x00,0x00,0x00,0x00,0x00,0x00,0x00,
  0x00,0x9f,0xff,0x90,0x00,0x00,0x00,0x00,0x00,0x00,0x00,0x00,0x00,0x00,0x00,0x00,0x00,0x00,0x00,0x00,0x00,0x00,0x9f,0xff,
  0x90,0x00,0x00,0x00,0x00,0x00,0x00,0x00,0x00,0x00,0x00,0x00,0x00,0x00,0x00,0x00,0x00,0x00,0x00,0x9f,0xff,0x90,0x00,0x00,
  0x00,0x00,0x00,0x00,0x00,0x00,0x00,0x00,0x00,0x00,0x00,0x00,0x00,0x00,0x00,0x00,0x9f,0xff,0x90,0x00,0x00,0x00,0x00,0x00,
  0x00,0x00,0x00,0x00,0x00,0x00,0x00,0x00,0x00,0x00,0x00,0x00,0x00,0x9f,0xff,0x90,0x00,0x00,0x00,0x00,0x00,0x00,0x00,0x00,
  0x00,0x00,0x00,0x00,0x00,0x00,0x00,0x00,0x00,0x00,0x9f,0xff,0x90,0x00,0x00,0x00,0x00,0x00,0x00,0x00,0x00,0x00,0x00,0x00,
  0x00,0x00,0x00,0x00,0x00,0x00,0x00,0x9f,0xff,0x90,0x00,0x00,0x00,0x00,0x00,0x00,0x00,0x00,0x00,0x00,0x00,0x00,0x00,0x00,
  0x00,0x00,0x00,0x00,0x9f,0xff,0x90,0x00,0x00,0x00,0x00,0x00,0x00,0x00,0x00,0x00,0x00,0x00,0x00,0x00,0x00,0x00,0x00,0x00,
  0x00,0x9f,0xff,0x90,0x00,0x00,0x00,0x00,0x00,0x00,0x00,0x00,0x00,0x00,0x00,0x00,0x00,0x00,0x00,0x00,0x00,0x00,0x9f,0xff,
  0x90,0x00,0x00,0x00,0x00,0x00,0x00,0x00,0x00,0x00,0x00,0x00,0x00,0x00,0x00,0x00,0x00,0x00,0x00,0x9f,0xff,0x90,0x00,0x00,
  0x00,0x00,0x00,0x00,0x00,0x00,0x00,0x00,0x00,0x00,0x00,0x00,0x00,0x00,0x00,0x00,0x9f,0xff,0x90,0x00,0x00,0x00,0x00,0x00,
  0x00,0x00,0x00,0x00,0x00,0x00,0x00,0x00,0x00,0x00,0x00,0x00,0x00,0x9f,0xff,0x90,0x00,0x00,0x00,0x00,0x00,0x00,0x00,0x00,
  0x00,0x00,0x00,0x00,0x00,0x00,0x00,0x00,0x00,0x00,0x9f,0xff,0x90,0x00,0x00,0x00,0x00,0x00,0x00,0x00,0x00,0x00,0x00,0x00,
  0x00,0x00,0x00,0x00,0x00,0x00,0x00,0x9f,0xff,0x90,0x00,0x00,0x00,0x00,0x00,0x00,0x00,0x00,0x00,0x00,0x00,0x00,0x00,0x00,
  0x00,0x00,0x00,0x00,0x9f,0xff,0x90,0x00,0x00,0x00,0x00,0x00,0x00,0x00,0x00,0x00,0x00,0x00,0x00,0x00,0x00,0x00,0x00,0x00,
  0x00,0x6c,0xcc,0x60,0x00,0x00,0x00,0x00,0x00,0x00,0x00,0x00,0x00,0x00,0x00,0x00,0x00,0xa9,0x52,0x00,0x00,0x00,0x00,0x00,
  0x00,0x00,0x00,0x00,0x00,0x00,0x00,0x00,0x07,0xff,0xff,0xe9,0x50,0x00,0x00,0x00,0x00,0x00,0x00,0x00,0x00,0x00,0x00,0x00,
  0x2f,0xff,0xff,0xff,0xff,0xb5,0x00,0x00,0x00,0x00,0x00,0x00,0x00,0x00,0x00,0x00,0xcf,0xff,0xff,0xff,0xff,0xff,0xe9,0x30,
  0x00,0x00,0x00,0x00,0x00,0x00,0x00,0x00,0x48,0xdf,0xff,0xff,0xff,0xff,0xff,0xfc,0x40,0x00,0x00,0x00,0x00,0x00,0x00,0x00,
  0x00,0x01,0x6b,0xff,0xff,0xff,0xff,0xff,0xfd,0x60,0x00,0x00,0x00,0x00,0x00,0x00,0x00,0x00,0x00,0x05,0xbf,0xff,0xff,0xff,
  0xff,0xfe,0x60,0x00,0x00,0x00,0x00,0x00,0x00,0x00,0x00,0x00,0x01,0x6d,0xff,0xff,0xff,0xff,0xfd,0x30,0x00,0x00,0x00,0x00,
  0x00,0x00,0x00,0x00,0x00,0x00,0x39,0xff,0xff,0xff,0xff,0xa0,0x00,0x00,0x00,0x00,0x00,0x00,0x00,0x00,0x00,0x00,0x00,0x17,
  0xef,0xff,0xff,0x10,0x00,0x00,0x00,0x00,0x00,0x00,0x00,0x00,0x00,0x00,0x00,0x00,0x07,0xef,0xf7,0x00,0x00,0x00,0x00,0x00,
  0x00,0x00,0x00,0x00,0x00,0x00,0x00,0x00,0x00,0x08,0xd0,0x00,0x00,0x00,0x00,0x00,0x00,0x00,0x00,0x00,0x00,0x00,0x00,0x00,
  0x00,0x00,0x00,0x00,0x00,0x00,0x00,0x00,0x00,0x00,0x00,0x00,0x00,0x00,0x00,0x00,0x00,0x00,0x00,0x00,0x00,0x00,0x00,0x00,
  0x00,0x00,0x00,0x00,0x00,0x00,0x00,0x00,0x00,0x00,0x00,0x00,0x00,0x00,0x00,0x00,0x00,0x00,0x00,0x00,0x00,0x00,0x00,0x00,
  0x00,0x00,0x00,0x00,0x00,0x00,0x06,0xb8,0x52,0x00,0x00,0x00,0x00,0x00,0x00,0x00,0x00,0x00,0x00,0x00,0x00,0x00,0x1e,0xff,
  0xff,0xea,0x62,0x00,0x00,0x00,0x00,0x00,0x00,0x00,0x00,0x00,0x00,0x00,0x9f,0xff,0xff,0xff,0xff,0xd7,0x20,0x00,0x00,0x00,
  0x00,0x00,0x00,0x00,0x00,0x02,0xff,0xff,0xff,0xff,0xff,0xff,0xfd,0x71,0x00,0x00,0x00,0x00,0x00,0x00,0x00,0x01,0x47,0xbf,
  0xff,0xff,0xff,0xff,0xff,0xff,0xa4,0x00,0x00,0x00,0x00,0x00,0x00,0x00,0x00,0x00,0x48,0xdf,0xff,0xff,0xff,0xff,0xff,0xd6,
  0x00,0x00,0x00,0x00,0x00,0x00,0x00,0x00,0x00,0x03,0x8d,0xff,0xff,0xff,0xff,0xff,0xe7,0x00,0x00,0x00,0x00,0x00,0x00,0x00,
  0x00,0x00,0x00,0x39,0xff,0xff,0xff,0xff,0xff,0xe5,0x00,0x00,0x00,0x00,0x00,0x00,0x00,0x00,0x00,0x00,0x06,0xcf,0xff,0xff,
  0xff,0xf7,0x00,0x00,0x00,0x00,0x00,0x00,0x00,0x00,0x00,0x00,0x00,0x04,0xbf,0xff,0xff,0xc0,0x00,0x00,0x00,0x00,0x00,0x00,
  0x00,0x00,0x00,0x00,0x00,0x00,0x03,0xbf,0xff,0x20,0x00,0x00,0x00,0x00,0x00,0x00,0x00,0x00,0x00,0x00,0x00,0x00,0x00,0x04,
  0xd8,0x00,0x00,0x00,0x00,0x00,0x00,0x00,0x00,0x00,0x00,0x00,0x00,0x00,0x00,0x00,0x00,0x00,0x00,0x00,0x00,0x00,0x00,0x00,
  0x00,0x00,0x00,0x00,0x00,0x00,0x00,0x00,0x00,0x00,0x00,0x00,0x00,0x00,0x00,0x00,0x00,0x00,0x00,0x00,0x00,0x00,0x00,0x00,
  0x00,0x00,0x00,0x00,0x00,0x00,0x00,0x00,0x00,0x00,0x00,0x00,0x00,0x00,0x00,0x00,0x00,0x00,0x00,0x00,0x00,0x00,0x00,0x00,
  0x00,0x00,0x00,0x00,0x00,0x00,0x00,0x00,0x00,0x00,0x00,0x00,0x00,0x00,0x00,0x00,0x00,0x00,0x00,0x00,0x00,0x00,0x00,0x00,
  0x00,0x00,0x00,0x00,0x00,0x00,0x00,0x00,0x00,0x00,0x00,0x00,0x00,0x00,0x00,0x00,0x00,0x00,0x00,0x00,0x00,0x00,0xef,0xc9,
  0x62,0x00,0x00,0x00,0x00,0x00,0x00,0x00,0x00,0x00,0x00,0x00,0x00,0x07,0xff,0xff,0xff,0xd9,0x40,0x00,0x00,0x00,0x00,0x00,
  0x00,0x00,0x00,0x00,0x00,0x1f,0xff,0xff,0xff,0xff,0xff,0xa5,0x00,0x00,0x00,0x00,0x00,0x00,0x00,0x00,0x00,0x8f,0xff,0xff,
  0xff,0xff,0xff,0xff,0xfa,0x50,0x00,0x00,0x00,0x00,0x00,0x00,0x00,0x02,0x6a,0xef,0xff,0xff,0xff,0xff,0xff,0xfe,0x93,0x00,
  0x00,0x00,0x00,0x00,0x00,0x00,0x00,0x02,0x7c,0xff,0xff,0xff,0xff,0xff,0xff,0xd6,0x10,0x00,0x00,0x00,0x00,0x00,0x00,0x00,
  0x00,0x15,0xbf,0xff,0xff,0xff,0xff,0xff,0xf9,0x30,0x00,0x00,0x00,0x00,0x00,0x00,0x00,0x00,0x00,0x5b,0xff,0xff,0xff,0xff,
  0xff,0xfc,0x40,0x00,0x00,0x00,0x00,0x00,0x00,0x00,0x00,0x00,0x16,0xcf,0xff,0xff,0xff,0xff,0xfd,0x50,0x00,0x00,0x00,0x00,
  0x00,0x00,0x00,0x00,0x00,0x02,0x9f,0xff,0xff,0xff,0xff,0xfd,0x50,0x00,0x00,0x00,0x00,0x00,0x00,0x00,0x00,0x00,0x00,0x6d,
  0xff,0xff,0xff,0xff,0xfa,0x00,0x00,0x00,0x00,0x00,0x00,0x00,0x00,0x00,0x00,0x00,0x4c,0xff,0xff,0xff,0xf6,0x00,0x00,0x00,
  0x00,0x00,0x00,0x00,0x00,0x00,0x00,0x00,0x00,0x4c,0xff,0xff,0xc0,0x00,0x00,0x00,0x00,0x00,0x00,0x00,0x00,0x00,0x00,0x00,
  0x00,0x00,0x5e,0xff,0x20,0x00,0x00,0x00,0x00,0x00,0x00,0x00,0x00,0x00,0x00,0x00,0x00,0x00,0x00,0x98,0x00,0x00,0x00,0x00,
  0x00,0x00,0x00,0x00,0x00,0x00,0x00,0x00,0x00,0x00,0x00,0x00,0x00,0x00,0x00,0x00,0x00,0x00,0x00,0x00,0x00,0x00,0x00,0x00,
  0x00,0x00,0x00,0x00,0x00,0x00,0x00,0x00,0x00,0x00,0x01,0x60,0x00,0x00,0x00,0x00,0x00,0x00,0x00,0x00,0x00,0x00,0x00,0x00,
  0x00,0x00,0x00,0x00,0x00,0x00,0x00,0x00,0x00,0x00,0x00,0x00,0x00,0x00,0x00,0x00,0x00,0x2e,0xf5,0x00,0x00,0x00,0x00,0x00,
  0x00,0x00,0x00,0x00,0x00,0x00,0x00,0x00,0x00,0x00,0x00,0x00,0x00,0x00,0x00,0x00,0x00,0x00,0x00,0x00,0x00,0x00,0x00,0x02,
  0xef,0xff,0x30,0x00,0x00,0x00,0x00,0x00,0x00,0x00,0x00,0x00,0x00,0x00,0x00,0x00,0x00,0x00,0x00,0x00,0x00,0x00,0x00,0x00,
  0x00,0x00,0x00,0x00,0x00,0x00,0x3e,0xff,0xff,0xf3,0x00,0x00,0x00,0x00,0x00,0x00,0x00,0x00,0x00,0x00,0x00,0x00,0x00,0x00,
  0x00,0x00,0x00,0x00,0x00,0x00,0x00,0x00,0x00,0x00,0x00,0x00,0x05,0xff,0xff,0xff,0xfd,0x00,0x00,0x00,0x00,0x00,0x00,0x00,
  0x00,0x00,0x00,0x00,0x00,0x00,0x00,0x00,0x00,0x00,0x00,0x00,0x00,0x00,0x00,0x00,0x00,0x00,0x00,0x7f,0xff,0xff,0xff,0xb1,
  0x00,0x00,0x00,0x00,0x00,0x00,0x00,0x00,0x00,0x00,0x00,0x00,0x00,0x00,0x00,0x00,0x00,0x00,0x00,0x00,0x00,0x00,0x00,0x00,
  0x00,0x09,0xff,0xff,0xff,0xf8,0x00,0x00,0x00,0x00,0x00,0x00,0x00,0x00,0x00,0x00,0x00,0x00,0x00,0x00,0x00,0x00,0x00,0x00,
  0x00,0x00,0x00,0x00,0x00,0x00,0x00,0x01,0xbf,0xff,0xff,0xfe,0x40,0x00,0x00,0x00,0x00,0x00,0x00,0x00,0x00,0x00,0x00,0x00,
  0x00,0x00,0x00,0x00,0x00,0x00,0x00,0x00,0x00,0x00,0x00,0x00,0x00,0x00,0x3e,0xff,0xff,0xff,0xb1,0x00,0x00,0x00,0x00,0x00,
  0x00,0x00,0x00,0x00,0x00,0x00,0x00,0x00,0x00,0x00,0x00,0x00,0x00,0x00,0x00,0x00,0x00,0x00,0x00,0x00,0x06,0xff,0xff,0xff,
  0xf7,0x00,0x00,0x00,0x00,0x00,0x00,0x00,0x00,0x00,0x00,0x00,0x00,0x00,0x00,0x00,0x00,0x00,0x00,0x00,0x00,0x00,0x00,0x00,
  0x00,0x00,0x01,0xbf,0xff,0xff,0xfe,0x30,0x00,0x00,0x00,0x00,0x00,0x00,0x00,0x00,0x00,0x00,0x00,0x00,0x00,0x00,0x00,0x00,
  0x00,0x00,0x00,0x00,0x00,0x00,0x00,0x00,0x00,0x6f,0xff,0xff,0xff,0xb1,0x00,0x00,0x00,0x00,0x00,0x00,0x00,0x00,0x00,0x00,
  0x00,0x00,0x00,0x00,0x00,0x00,0x00,0x00,0x00,0x00,0x00,0x00,0x00,0x00,0x00,0x3c,0xff,0xff,0xff,0xf6,0x00,0x00,0x00,0x00,
  0x00,0x00,0x00,0x00,0x00,0x00,0x00,0x00,0x00,0x00,0x00,0x00,0x00,0x00,0x00,0x00,0x00,0x00,0x00,0x00,0x00,0x2a,0xff,0xff,
  0xff,0xfd,0x20,0x00,0x00,0x00,0x00,0x00,0x02,0xa0,0x00,0x00,0x00,0x00,0x00,0x00,0x00,0x00,0x00,0x00,0x00,0x00,0x00,0x00,
  0x00,0x00,0x00,0x18,0xff,0xff,0xff,0xff,0x80,0x00,0x00,0x00,0x00,0x00,0x00,0x3e,0xf9,0x00,0x00,0x00,0x00,0x00,0x00,0x00,
  0x00,0x00,0x00,0x00,0x00,0x00,0x00,0x00,0x00,0x18,0xff,0xff,0xff,0xff,0xd3,0x00,0x00,0x00,0x00,0x00,0x00,0x05,0xff,0xff,
  0x60,0x00,0x00,0x00,0x00,0x00,0x00,0x00,0x00,0x00,0x00,0x00,0x00,0x00,0x00,0x19,0xff,0xff,0xff,0xff,0xf9,0x00,0x00,0x00,
  0x00,0x00,0x00,0x00,0x7f,0xff,0xff,0xf4,0x00,0x00,0x00,0x00,0x00,0x00,0x00,0x00,0x00,0x00,0x00,0x00,0x00,0x3a,0xff,0xff,
  0xff,0xff,0xfd,0x30,0x00,0x00,0x00,0x00,0x00,0x00,0x0b,0xff,0xff,0xff,0xfd,0x00,0x00,0x00,0x00,0x00,0x00,0x00,0x00,0x00,
  0x00,0x00,0x00,0x5c,0xff,0xff,0xff,0xff,0xff,0x70,0x00,0x00,0x00,0x00,0x00,0x00,0x02,0xdf,0xff,0xff,0xff,0xa1,0x00,0x00,
  0x00,0x00,0x00,0x00,0x00,0x00,0x00,0x00,0x02,0x8e,0xff,0xff,0xff,0xff,0xff,0xa1,0x00,0x00,0x00,0x00,0x00,0x00,0x00,0x5f,
  0xff,0xff,0xff,0xe5,0x00,0x00,0x00,0x00,0x00,0x00,0x00,0x00,0x00,0x00,0x04,0xcf,0xff,0xff,0xff,0xff,0xff,0xb3,0x00,0x00,
  0x00,0x00,0x00,0x00,0x00,0x09,0xff,0xff,0xff,0xfb,0x10,0x00,0x00,0x00,0x00,0x00,0x00,0x00,0x00,0x00,0x00,0x02,0xef,0xff,
  0xff,0xff,0xff,0xc4,0x00,0x00,0x00,0x00,0x00,0x00,0x00,0x03,0xdf,0xff,0xff,0xff,0x60,0x00,0x00,0x00,0x00,0x00,0x00,0x00,
  0x00,0x00,0x00,0x00,0x00,0x4f,0xff,0xff,0xff,0xd4,0x00,0x00,0x00,0x00,0x00,0x00,0x00,0x00,0x7f,0xff,0xff,0xff,0xb1,0x00,
  0x00,0x00,0x00,0x00,0x00,0x00,0x00,0x00,0x00,0x00,0x00,0x00,0x0a,0xff,0xff,0xb4,0x00,0x00,0x00,0x00,0x00,0x00,0x00,0x00,
  0x3d,0xff,0xff,0xff,0xf7,0x00,0x00,0x00,0x00,0x00,0x00,0x00,0x00,0x00,0x00,0x00,0x00,0x00,0x00,0x03,0xfe,0x82,0x00,0x00,
  0x00,0x00,0x00,0x00,0x00,0x00,0x1a,0xff,0xff,0xff,0xfc,0x20,0x00,0x00,0x00,0x00,0x00,0x00,0x00,0x00,0x00,0x00,0x00,0x00,
  0x00,0x00,0x00,0x60,0x00,0x00,0x00,0x00,0x00,0x00,0x00,0x00,0x08,0xff,0xff,0xff,0xff,0x60,0x00,0x00,0x00,0x00,0x00,0x00,
  0x00,0x00,0x00,0x00,0x00,0x00,0x00,0x00,0x00,0x00,0x00,0x00,0x00,0x00,0x00,0x00,0x00,0x00,0x06,0xef,0xff,0xff,0xff,0xb1,
  0x00,0x00,0x00,0x00,0x00,0x00,0x00,0x00,0x00,0x00,0x00,0x00,0x00,0x00,0x00,0x00,0x00,0x00,0x00,0x00,0x00,0x00,0x00,0x00,
  0x06,0xef,0xff,0xff,0xff,0xe5,0x00,0x00,0x00,0x00,0x00,0x00,0x00,0x00,0x00,0x00,0x00,0x00,0x00,0x00,0x00,0x00,0x00,0x00,
  0x00,0x00,0x00,0x00,0x00,0x00,0x17,0xef,0xff,0xff,0xff,0xf8,0x00,0x00,0x00,0x00,0x00,0x00,0x00,0x00,0x00,0x20,0x00,0x00,
  0x00,0x00,0x00,0x00,0x00,0x00,0x00,0x00,0x00,0x00,0x00,0x00,0x29,0xff,0xff,0xff,0xff,0xfb,0x20,0x00,0x00,0x00,0x00,0x00,
  0x00,0x00,0x00,0x07,0xf4,0x00,0x00,0x00,0x00,0x00,0x00,0x00,0x00,0x00,0x00,0x00,0x00,0x00,0x5b,0xff,0xff,0xff,0xff,0xfd,
  0x50,0x00,0x00,0x00,0x00,0x00,0x00,0x00,0x00,0x00,0x8f,0xff,0x30,0x00,0x00,0x00,0x00,0x00,0x00,0x00,0x00,0x00,0x00,0x02,
  0x8e,0xff,0xff,0xff,0xff,0xff,0x70,0x00,0x00,0x00,0x00,0x00,0x00,0x00,0x00,0x00,0x09,0xff,0xff,0xe3,0x00,0x00,0x00,0x00,
  0x00,0x00,0x00,0x00,0x00,0x06,0xcf,0xff,0xff,0xff,0xff,0xff,0x91,0x00,0x00,0x00,0x00,0x00,0x00,0x00,0x00,0x00,0x00,0xbf,
  0xff,0xff,0xff,0x20,0x00,0x00,0x00,0x00,0x00,0x00,0x00,0x5a,0xff,0xff,0xff,0xff,0xff,0xff,0xa2,0x00,0x00,0x00,0x00,0x00,
  0x00,0x00,0x00,0x00,0x00,0x1c,0xff,0xff,0xff,0xf7,0x00,0x00,0x00,0x00,0x00,0x00,0x01,0xaf,0xff,0xff,0xff,0xff,0xff,0xff,
  0xa2,0x00,0x00,0x00,0x00,0x00,0x00,0x00,0x00,0x00,0x00,0x02,0xdf,0xff,0xff,0xff,0x50,0x00,0x00,0x00,0x00,0x00,0x00,0x00,
  0xbf,0xff,0xff,0xff,0xff,0xff,0x92,0x00,0x00,0x00,0x00,0x00,0x00,0x00,0x00,0x00,0x00,0x00,0x3e,0xff,0xff,0xff,0xe3,0x00,
  0x00,0x00,0x00,0x00,0x00,0x00,0x00,0x1e,0xff,0xff,0xff,0xfd,0x70,0x00,0x00,0x00,0x00,0x00,0x00,0x00,0x00,0x00,0x00,0x00,
  0x05,0xff,0xff,0xff,0xfc,0x10,0x00,0x00,0x00,0x00,0x00,0x00,0x00,0x00,0x07,0xff,0xff,0xfa,0x40,0x00,0x00,0x00,0x00,0x00,
  0x00,0x00,0x00,0x00,0x00,0x00,0x00,0x8f,0xff,0xff,0xff,0x90,0x00,0x00,0x00,0x00,0x00,0x00,0x00,0x00,0x00,0x00,0xff,0xc6,
  0x10,0x00,0x00,0x00,0x00,0x00,0x00,0x00,0x00,0x00,0x00,0x00,0x00,0x0b,0xff,0xff,0xff,0xf6,0x00,0x00,0x00,0x00,0x00,0x00,
  0x00,0x00,0x00,0x00,0x00,0x52,0x00,0x00,0x00,0x00,0x00,0x00,0x00,0x00,0x00,0x00,0x00,0x00,0x00,0x02,0xdf,0xff,0xff,0xfe,
  0x30,0x00,0x00,0x00,0x00,0x00,0x00,0x00,0x00,0x00,0x00,0x00,0x00,0x00,0x00,0x00,0x00,0x00,0x00,0x00,0x00,0x00,0x00,0x00,
  0x00,0x00,0x4f,0xff,0xff,0xff,0xb1,0x00,0x00,0x00,0x00,0x00,0x00,0x00,0x00,0x00,0x00,0x00,0x00,0x00,0x00,0x00,0x00,0x00,
  0x00,0x00,0x00,0x00,0x00,0x00,0x00,0x00,0x09,0xff,0xff,0xff,0xf7,0x00,0x00,0x00,0x00,0x00,0x00,0x00,0x00,0x00,0x00,0x00,
  0x00,0x00,0x00,0x00,0x00,0x00,0x00,0x00,0x00,0x00,0x00,0x00,0x00,0x00,0x03,0xdf,0xff,0xff,0xfd,0x30,0x00,0x00,0x00,0x00,
  0x00,0x00,0x00,0x00,0x00,0x00,0x00,0x00,0x00,0x00,0x00,0x00,0x00,0x00,0x00,0x00,0x00,0x00,0x00,0x00,0x00,0x8f,0xff,0xff,
  0xff,0x90,0x00,0x00,0x00,0x00,0x00,0x00,0x00,0x00,0x00,0x00,0x00,0x00,0x00,0x00,0x00,0x00,0x00,0x00,0x00,0x00,0x00,0x00,
  0x00,0x00,0x00,0x5e,0xff,0xff,0xff,0xe4,0x00,0x00,0x00,0x00,0x00,0x00,0x00,0x00,0x00,0x00,0x00,0x00,0x00,0x00,0x00,0x00,
  0x00,0x00,0x00,0x00,0x00,0x00,0x00,0x00,0x00,0x2b,0xff,0xff,0xff,0xfa,0x10,0x00,0x00,0x00,0x00,0x00,0x00,0x00,0x00,0x00,
  0x00,0x00,0x00,0x00,0x00,0x00,0x00,0x00,0x00,0x00,0x00,0x00,0x00,0x00,0x00,0x19,0xff,0xff,0xff,0xfe,0x40,0x00,0x00,0x00,
  0x00,0x00,0x00,0x00,0x00,0x00,0x00,0x00,0x00,0x00,0x00,0x00,0x00,0x00,0x00,0x00,0x00,0x00,0x00,0x00,0x00,0x19,0xff,0xff,
  0xff,0xff,0x90,0x00,0x00,0x00,0x00,0x00,0x00,0x00,0x00,0x00,0x00,0x00,0x00,0x00,0x00,0x00,0x00,0x00,0x00,0x00,0x00,0x00,
  0x00,0x00,0x00,0x19,0xff,0xff,0xff,0xff,0xc3,0x00,0x00,0x00,0x00,0x00,0x00,0x00,0x00,0x00,0x00,0x00,0x00,0x00,0x00,0x00,
  0x00,0x00,0x00,0x00,0x00,0x00,0x00,0x00,0x00,0x3a,0xff,0xff,0xff,0xff,0xe6,0x00,0x00,0x00,0x00,0x00,0x00,0x00,0x00,0x00,
  0x00,0x00,0x00,0x00,0x00,0x00,0x00,0x00,0x00,0x00,0x00,0x00,0x00,0x00,0x00,0x5c,0xff,0xff,0xff,0xff,0xf8,0x00,0x00,0x00,
  0x00,0x00,0x00,0x00,0x00,0x00,0x00,0x00,0x00,0x00,0x00,0x00,0x00,0x00,0x00,0x00,0x00,0x00,0x00,0x00,0x02,0x8e,0xff,0xff,
  0xff,0xff,0xfa,0x20,0x00,0x00,0x00,0x00,0x00,0x00,0x00,0x00,0x00,0x00,0x00,0x00,0x00,0x00,0x00,0x00,0x00,0x00,0x00,0x00,
  0x00,0x00,0x16,0xcf,0xff,0xff,0xff,0xff,0xfb,0x30,0x00,0x00,0x00,0x00,0x00,0x00,0x00,0x00,0x00,0x00,0x00,0x00,0x00,0x00,
  0x00,0x00,0x00,0x00,0x00,0x00,0x00,0x00,0x5a,0xff,0xff,0xff,0xff,0xff,0xfb,0x30,0x00,0x00,0x00,0x00,0x00,0x00,0x00,0x00,
  0x00,0x00,0x00,0x00,0x00,0x00,0x00,0x00,0x00,0x00,0x00,0x00,0x00,0x15,0xbf,0xff,0xff,0xff,0xff,0xff,0xfb,0x30,0x00,0x00,
  0x00,0x00,0x00,0x00,0x00,0x00,0x00,0x00,0x00,0x00,0x00,0x00,0x00,0x00,0x00,0x00,0x00,0x00,0x03,0x7c,0xff,0xff,0xff,0xff,
  0xff,0xff,0xfa,0x20,0x00,0x00,0x00,0x00,0x00,0x00,0x00,0x00,0x00,0x00,0x00,0x00,0x00,0x00,0x00,0x00,0x00,0x00,0x00,0x02,
  0x6b,0xef,0xff,0xff,0xff,0xff,0xff,0xff,0xe8,0x10,0x00,0x00,0x00,0x00,0x00,0x00,0x00,0x00,0x00,0x00,0x00,0x00,0x00,0x00,
  0x00,0x00,0x00,0x00,0x04,0x7b,0xef,0xff,0xff,0xff,0xff,0xff,0xff,0xff,0xc5,0x00,0x00,0x00,0x00,0x00,0x00,0x00,0x00,0x00,
  0x00,0x00,0x00,0x00,0x00,0x00,0x00,0x00,0x00,0x00,0x00,0x1e,0xff,0xff,0xff,0xff,0xff,0xff,0xff,0xfe,0x82,0x00,0x00,0x00,
  0x00,0x00,0x00,0x00,0x00,0x00,0x00,0x00,0x00,0x00,0x00,0x00,0x00,0x00,0x00,0x00,0x00,0x00,0x05,0xff,0xff,0xff,0xff,0xff,
  0xff,0xe9,0x40,0x00,0x00,0x00,0x00,0x00,0x00,0x00,0x00,0x00,0x00,0x00,0x00,0x00,0x00,0x00,0x00,0x00,0x00,0x00,0x00,0x00,
  0x00,0x00,0xef,0xff,0xff,0xff,0xfe,0x94,0x00,0x00,0x00,0x00,0x00,0x00,0x00,0x00,0x00,0x00,0x00,0x00,0x00,0x00,0x00,0x00,
  0x00,0x00,0x00,0x00,0x00,0x00,0x00,0x00,0x00,0x9f,0xff,0xff,0xb7,0x20,0x00,0x00,0x00,0x00,0x00,0x00,0x00,0x00,0x00,0x00,
  0x00,0x00,0x00,0x00,0x00,0x00,0x00,0x00,0x00,0x00,0x00,0x00,0x00,0x00,0x00,0x00,0x6e,0xb7,0x40,0x00,0x00,0x00,0x00,0x00,
  0x00,0x00,0x00,0x00,0x00,0x00,0x00,0x00,0x00,0x00,0x00,0x00,0x00,0x00,0x00,0x00,0x00,0x00,0x00,0x00,0x00,0x00,0x00,0x00,
  0x00,0x00,0x00,0x00,0x00,0x00,0x00,0x00,0x00,0x00,0x00,0x00,0x00,0x00,0x00,0x00,0x00,0x00,0x00,0x00,0x00,0x00,0x00,0x00,
  0x00,0x00,0x00,0x00,0x00,0x00,0x00,0x00,0x00,0x00,0x38,0xce,0xff,0xec,0x95,0x00,0x00,0x00,0x00,0x00,0x00,0x00,0x00,0x00,
  0x00,0x00,0x00,0x00,0x5d,0xff,0xff,0xff,0xff,0xff,0xe6,0x00,0x00,0x00,0x06,0xff,0xff,0xb0,0x00,0x00,0x00,0x00,0x1b,0xff,
  0xff,0xff,0xff,0xff,0xff,0xff,0xb0,0x00,0x00,0x0c,0xff,0xff,0x50,0x00,0x00,0x00,0x03,0xef,0xff,0xff,0xff,0xff,0xff,0xff,
  0xff,0xfb,0x00,0x00,0x1f,0xff,0xff,0x00,0x00,0x00,0x00,0x3e,0xff,0xff,0xff,0xff,0xff,0xff,0xff,0xff,0xff,0x80,0x00,0x7f,
  0xff,0xfb,0x00,0x00,0x00,0x01,0xef,0xff,0xff,0xfd,0x72,0x10,0x28,0xff,0xff,0xff,0xf2,0x00,0xcf,0xff,0xf5,0x00,0x00,0x00,
  0x0b,0xff,0xff,0xff,0xa0,0x00,0x00,0x00,0x2e,0xff,0xff,0xf9,0x02,0xff,0xff,0xf0,0x00,0x00,0x00,0x4f,0xff,0xff,0xfb,0x00,
  0x00,0x00,0x00,0x02,0xff,0xff,0xfe,0x07,0xff,0xff,0xa0,0x00,0x00,0x00,0xcf,0xff,0xff,0xe1,0x00,0x00,0x00,0x00,0x00,0x8f,
  0xff,0xff,0x4c,0xff,0xff,0x50,0x00,0x00,0x02,0xff,0xff,0xff,0x80,0x00,0x00,0x00,0x00,0x00,0x1f,0xff,0xff,0xaf,0xff,0xff,
  0x00,0x00,0x00,0x07,0xff,0xff,0xff,0x10,0x00,0x00,0x00,0x00,0x00,0x0a,0xff,0xff,0xff,0xff,0xfa,0x00,0x00,0x00,0x0b,0xff,
  0xff,0xfb,0x00,0x00,0x00,0x00,0x00,0x00,0x06,0xff,0xff,0xff,0xff,0xf5,0x00,0x00,0x00,0x0f,0xff,0xff,0xf6,0x00,0x00,0x00,
  0x00,0x00,0x00,0x02,0xff,0xff,0xff,0xff,0xf0,0x00,0x00,0x00,0x1f,0xff,0xff,0xf2,0x00,0x00,0x00,0x00,0x00,0x00,0x00,0xff,
  0xff,0xff,0xff,0xa0,0x00,0x00,0x00,0x4f,0xff,0xff,0xf0,0x00,0x00,0x00,0x00,0x00,0x00,0x00,0xcf,0xff,0xff,0xff,0x40,0x00,
  0x00,0x00,0x5f,0xff,0xff,0xc0,0x00,0x00,0x00,0x00,0x00,0x00,0x00,0x9f,0xff,0xff,0xfe,0x00,0x00,0x00,0x00,0x6f,0xff,0xff,
  0xb0,0x00,0x00,0x00,0x00,0x00,0x00,0x00,0x7f,0xff,0xff,0xf9,0x00,0x00,0x00,0x00,0x7f,0xff,0xff,0xa0,0x00,0x00,0x00,0x00,
  0x00,0x00,0x00,0x4f,0xff,0xff,0xf4,0x00,0x00,0x00,0x00,0x7f,0xff,0xff,0x90,0x00,0x00,0x00,0x00,0x00,0x00,0x00,0x1f,0xff,
  0xff,0xe0,0x00,0x00,0x00,0x00,0x6f,0xff,0xff,0xa0,0x00,0x00,0x00,0x00,0x00,0x00,0x00,0x0f,0xff,0xff,0x90,0x00,0x00,0x00,
  0x00,0x5f,0xff,0xff,0xa0,0x00,0x00,0x00,0x00,0x00,0x00,0x00,0x0c,0xff,0xff,0x90,0x00,0x00,0x00,0x00,0x4f,0xff,0xff,0xb0,
  0x00,0x00,0x00,0x00,0x00,0x00,0x00,0x0a,0xff,0xff,0xc0,0x00,0x00,0x00,0x00,0x3f,0xff,0xff,0xd0,0x00,0x00,0x00,0x00,0x00,
  0x00,0x00,0x0d,0xff,0xff,0xe0,0x00,0x00,0x00,0x00,0x1f,0xff,0xff,0xf0,0x00,0x00,0x00,0x00,0x00,0x00,0x00,0x3f,0xff,0xff,
  0xf1,0x00,0x00,0x00,0x00,0x0e,0xff,0xff,0xf3,0x00,0x00,0x00,0x00,0x00,0x00,0x00,0xaf,0xff,0xff,0xf4,0x00,0x00,0x00,0x00,
  0x0b,0xff,0xff,0xf8,0x00,0x00,0x00,0x00,0x00,0x00,0x01,0xff,0xff,0xff,0xf7,0x00,0x00,0x00,0x00,0x07,0xff,0xff,0xfd,0x00,
  0x00,0x00,0x00,0x00,0x00,0x07,0xff,0xff,0xff,0xfa,0x00,0x00,0x00,0x00,0x02,0xff,0xff,0xff,0x40,0x00,0x00,0x00,0x00,0x00,
  0x0e,0xff,0xff,0xff,0xff,0x00,0x00,0x00,0x00,0x00,0xcf,0xff,0xff,0xd0,0x00,0x00,0x00,0x00,0x00,0x7f,0xff,0xff,0xff,0xff,
  0x60,0x00,0x00,0x00,0x00,0x5f,0xff,0xff,0xfa,0x00,0x00,0x00,0x00,0x03,0xff,0xff,0xff,0xff,0xff,0xf2,0x00,0x00,0x00,0x00,
  0x0c,0xff,0xff,0xff,0xa1,0x00,0x00,0x00,0x3e,0xff,0xff,0xff,0xff,0xff,0xfe,0x40,0x00,0x00,0x00,0x03,0xff,0xff,0xff,0xfe,
  0x83,0x10,0x38,0xff,0xff,0xff,0xfe,0xff,0xff,0xff,0xff,0xff,0x20,0x00,0x00,0x8f,0xff,0xff,0xff,0xff,0xff,0xff,0xff,0xff,
  0xff,0xb4,0xff,0xff,0xff,0xff,0xff,0x20,0x00,0x00,0x0a,0xff,0xff,0xff,0xff,0xff,0xff,0xff,0xff,0xfd,0x10,0xaf,0xff,0xff,
  0xff,0xff,0x20,0x00,0x00,0x00,0x7f,0xff,0xff,0xff,0xff,0xff,0xff,0xff,0xd1,0x00,0x08,0xff,0xff,0xff,0xff,0x20,0x00,0x00,
  0x00,0x02,0xbf,0xff,0xff,0xff,0xff,0xff,0xfa,0x10,0x00,0x00,0x17,0xbe,0xff,0xff,0x20,0x00,0x00,0x00,0x00,0x01,0x6a,0xde,
  0xff,0xfe,0xc9,0x40,0x00,0x00,0x00,0x00,0x00,0x00,0x00,0x00,0x00,0x00,0x00,0x01,0x59,0xcd,0xff,0xed,0xc9,0x62,0x00,0x00,
  0x00,0x00,0x00,0x00,0x00,0x00,0x02,0xaf,0xff,0xff,0xff,0xff,0xff,0xff,0xb4,0x00,0x00,0x00,0x00,0x00,0x00,0x00,0x6f,0xff,
  0xff,0xff,0xff,0xff,0xff,0xff,0xff,0xa0,0x00,0x00,0x00,0x00,0x00,0x09,0xff,0xff,0xff,0xff,0xff,0xff,0xff,0xff,0xff,0xfd,
  0x00,0x00,0x00,0x00,0x00,0x5f,0xff,0xff,0xff,0xff,0xff,0xff,0xff,0xff,0xff,0xff,0xb0,0x00,0x00,0x00,0x01,0xff,0xff,0xff,
  0xff,0x94,0x10,0x01,0x49,0xff,0xff,0xff,0xf5,0x00,0x00,0x00,0x08,0xff,0xff,0xff,0xc1,0x00,0x00,0x00,0x00,0x1c,0xff,0xff,
  0xfd,0x00,0x00,0x00,0x0e,0xff,0xff,0xfc,0x00,0x00,0x00,0x00,0x00,0x01,0xef,0xff,0xff,0x30,0x00,0x00,0x4f,0xff,0xff,0xf2,
  0x00,0x00,0x00,0x00,0x00,0x00,0x6f,0xff,0xff,0x70,0x00,0x00,0x8f,0xff,0xff,0xa0,0x00,0x00,0x00,0x00,0x00,0x00,0x1f,0xff,
  0xff,0xa0,0x00,0x00,0xbf,0xff,0xff,0x40,0x00,0x00,0x00,0x00,0x00,0x00,0x0d,0xff,0xff,0xb0,0x00,0x00,0xdf,0xff,0xff,0x10,
  0x00,0x00,0x00,0x00,0x00,0x00,0x0c,0xff,0xff,0xd0,0x00,0x00,0xef,0xff,0xfe,0x00,0x00,0x00,0x00,0x00,0x00,0x00,0x0c,0xff,
  0xff,0xd0,0x00,0x00,0xff,0xff,0xfd,0x00,0x00,0x00,0x00,0x00,0x00,0x00,0x0d,0xff,0xff,0xd0,0x00,0x00,0xff,0xff,0xfc,0x00,
  0x00,0x00,0x00,0x00,0x00,0x00,0x0f,0xff,0xff,0xc0,0x00,0x00,0xff,0xff,0xfc,0x00,0x00,0x00,0x00,0x00,0x00,0x00,0x4f,0xff,
  0xff,0xa0,0x00,0x00,0xff,0xff,0xfc,0x00,0x00,0x00,0x00,0x00,0x00,0x00,0x9f,0xff,0xff,0x70,0x00,0x00,0xff,0xff,0xfc,0x00,
  0x00,0x00,0x00,0x00,0x00,0x01,0xff,0xff,0xff,0x30,0x00,0x00,0xff,0xff,0xfc,0x00,0x00,0x00,0x00,0x00,0x00,0x0b,0xff,0xff,
  0xfe,0x00,0x00,0x00,0xff,0xff,0xfc,0x00,0x00,0x00,0x00,0x00,0x00,0xaf,0xff,0xff,0xf8,0x00,0x00,0x00,0xff,0xff,0xfc,0x00,
  0x00,0x00,0x00,0x00,0x4d,0xff,0xff,0xff,0xe1,0x00,0x00,0x00,0xff,0xff,0xfc,0x00,0x00,0x01,0x25,0x8d,0xff,0xff,0xff,0xff,
  0x50,0x00,0x00,0x00,0xff,0xff,0xfc,0x00,0x01,0xff,0xff,0xff,0xff,0xff,0xff,0xf7,0x00,0x00,0x00,0x00,0xff,0xff,0xfc,0x00,
  0x01,0xff,0xff,0xff,0xff,0xff,0xff,0x50,0x00,0x00,0x00,0x00,0xff,0xff,0xfc,0x00,0x01,0xff,0xff,0xff,0xff,0xff,0xfe,0x82,
  0x00,0x00,0x00,0x00,0xff,0xff,0xfc,0x00,0x01,0xff,0xff,0xff,0xff,0xff,0xff,0xff,0xa1,0x00,0x00,0x00,0xff,0xff,0xfc,0x00,
  0x01,0xff,0xff,0xff,0xff,0xff,0xff,0xff,0xfe,0x40,0x00,0x00,0xff,0xff,0xfc,0x00,0x00,0x00,0x00,0x13,0x58,0xcf,0xff,0xff,
  0xff,0xf5,0x00,0x00,0xff,0xff,0xfc,0x00,0x00,0x00,0x00,0x00,0x00,0x02,0x9f,0xff,0xff,0xff,0x30,0x00,0xff,0xff,0xfc,0x00,
  0x00,0x00,0x00,0x00,0x00,0x00,0x03,0xef,0xff,0xff,0xd0,0x00,0xff,0xff,0xfc,0x00,0x00,0x00,0x00,0x00,0x00,0x00,0x00,0x2f,
  0xff,0xff,0xf5,0x00,0xff,0xff,0xfc,0x00,0x00,0x00,0x00,0x00,0x00,0x00,0x00,0x07,0xff,0xff,0xfb,0x00,0xff,0xff,0xfc,0x00,
  0x00,0x00,0x00,0x00,0x00,0x00,0x00,0x01,0xff,0xff,0xff,0x00,0xff,0xff,0xfc,0x00,0x00,0x00,0x00,0x00,0x00,0x00,0x00,0x00,
  0xcf,0xff,0xff,0x20,0xff,0xff,0xfc,0x00,0x00,0x00,0x00,0x00,0x00,0x00,0x00,0x00,0xaf,0xff,0xff,0x30,0xff,0xff,0xfc,0x00,
  0x00,0x00,0x00,0x00,0x00,0x00,0x00,0x00,0x9f,0xff,0xff,0x30,0xff,0xff,0xfc,0x00,0x00,0x00,0x00,0x00,0x00,0x00,0x00,0x00,
  0xaf,0xff,0xff,0x20,0xff,0xff,0xfc,0x00,0x00,0x00,0x00,0x00,0x00,0x00,0x00,0x00,0xcf,0xff,0xff,0x10,0xff,0xff,0xfc,0x00,
  0x00,0x00,0x00,0x00,0x00,0x00,0x00,0x00,0xff,0xff,0xff,0x00,0xff,0xff,0xfd,0x00,0x00,0x00,0x00,0x00,0x00,0x00,0x00,0x03,
  0xff,0xff,0xfd,0x00,0xff,0xff,0xff,0x60,0x00,0x00,0x00,0x00,0x00,0x00,0x00,0x09,0xff,0xff,0xf9,0x00,0xff,0xff,0xff,0xf4,
  0x00,0x00,0x00,0x00,0x00,0x00,0x00,0x2f,0xff,0xff,0xf5,0x00,0xff,0xff,0xff,0xff,0x50,0x00,0x00,0x00,0x00,0x00,0x01,0xcf,
  0xff,0xff,0xe0,0x00,0xff,0xff,0xff,0xff,0xf9,0x10,0x00,0x00,0x00,0x00,0x3d,0xff,0xff,0xff,0x70,0x00,0xff,0xff,0xff,0xff,
  0xff,0xfa,0x52,0x00,0x12,0x6b,0xff,0xff,0xff,0xfd,0x00,0x00,0xff,0xff,0xff,0xff,0xff,0xff,0xff,0xff,0xff,0xff,0xff,0xff,
  0xff,0xf2,0x00,0x00,0xff,0xff,0xff,0xff,0xff,0xff,0xff,0xff,0xff,0xff,0xff,0xff,0xfe,0x40,0x00,0x00,0xff,0xff,0xfd,0xbf,
  0xff,0xff,0xff,0xff,0xff,0xff,0xff,0xff,0xc1,0x00,0x00,0x00,0xff,0xff,0xfc,0x06,0xdf,0xff,0xff,0xff,0xff,0xff,0xff,0xc4,
  0x00,0x00,0x00,0x00,0xff,0xff,0xfc,0x00,0x04,0x7b,0xde,0xff,0xed,0xc9,0x52,0x00,0x00,0x00,0x00,0x00,0xff,0xff,0xfc,0x00,
  0x00,0x00,0x00,0x00,0x00,0x00,0x00,0x00,0x00,0x00,0x00,0x00,0xff,0xff,0xfc,0x00,0x00,0x00,0x00,0x00,0x00,0x00,0x00,0x00,
  0x00,0x00,0x00,0x00,0xff,0xff,0xfc,0x00,0x00,0x00,0x00,0x00,0x00,0x00,0x00,0x00,0x00,0x00,0x00,0x00,0xff,0xff,0xfc,0x00,
  0x00,0x00,0x00,0x00,0x00,0x00,0x00,0x00,0x00,0x00,0x00,0x00,0xff,0xff,0xfc,0x00,0x00,0x00,0x00,0x00,0x00,0x00,0x00,0x00,
  0x00,0x00,0x00,0x00,0xff,0xff,0xfc,0x00,0x00,0x00,0x00,0x00,0x00,0x00,0x00,0x00,0x00,0x00,0x00,0x00,0xff,0xff,0xfc,0x00,
  0x00,0x00,0x00,0x00,0x00,0x00,0x00,0x00,0x00,0x00,0x00,0x00,0xff,0xff,0xfc,0x00,0x00,0x00,0x00,0x00,0x00,0x00,0x00,0x00,
  0x00,0x00,0x00,0x00,0xff,0xff,0xfc,0x00,0x00,0x00,0x00,0x00,0x00,0x00,0x00,0x00,0x00,0x00,0x00,0x00,0xff,0xff,0xfc,0x00,
  0x00,0x00,0x00,0x00,0x00,0x00,0x00,0x00,0x00,0x00,0x00,0x00,0xff,0xff,0xfc,0x00,0x00,0x00,0x00,0x00,0x00,0x00,0x00,0x00,
  0x00,0x00,0x00,0x00,0xff,0xff,0xfc,0x00,0x00,0x00,0x00,0x00,0x00,0x00,0x00,0x00,0x00,0x00,0x00,0x00,0xff,0xfe,0xc7,0x10,
  0x00,0x00,0x00,0x00,0x00,0x00,0x00,0x00,0x00,0x00,0x5f,0xff,0xff,0xc0,0xff,0xff,0xff,0xf7,0x00,0x00,0x00,0x00,0x00,0x00,
  0x00,0x00,0x00,0x00,0xbf,0xff,0xff,0x50,0xff,0xff,0xff,0xff,0x80,0x00,0x00,0x00,0x00,0x00,0x00,0x00,0x00,0x02,0xff,0xff,
  0xfe,0x00,0xff,0xff,0xff,0xff,0xf4,0x00,0x00,0x00,0x00,0x00,0x00,0x00,0x00,0x08,0xff,0xff,0xf8,0x00,0xff,0xff,0xff,0xff,
  0xfd,0x00,0x00,0x00,0x00,0x00,0x00,0x00,0x00,0x0e,0xff,0xff,0xf2,0x00,0x00,0x18,0xff,0xff,0xff,0x40,0x00,0x00,0x00,0x00,
  0x00,0x00,0x00,0x5f,0xff,0xff,0xb0,0x00,0x00,0x00,0x7f,0xff,0xff,0xa0,0x00,0x00,0x00,0x00,0x00,0x00,0x00,0xbf,0xff,0xff,
  0x50,0x00,0x00,0x00,0x0c,0xff,0xff,0xf0,0x00,0x00,0x00,0x00,0x00,0x00,0x02,0xff,0xff,0xfe,0x00,0x00,0x00,0x00,0x04,0xff,
  0xff,0xf5,0x00,0x00,0x00,0x00,0x00,0x00,0x08,0xff,0xff,0xf8,0x00,0x00,0x00,0x00,0x00,0xef,0xff,0xfb,0x00,0x00,0x00,0x00,
  0x00,0x00,0x0e,0xff,0xff,0xf2,0x00,0x00,0x00,0x00,0x00,0x8f,0xff,0xff,0x10,0x00,0x00,0x00,0x00,0x00,0x5f,0xff,0xff,0xb0,
  0x00,0x00,0x00,0x00,0x00,0x3f,0xff,0xff,0x60,0x00,0x00,0x00,0x00,0x00,0xcf,0xff,0xff,0x50,0x00,0x00,0x00,0x00,0x00,0x0d,
  0xff,0xff,0xc0,0x00,0x00,0x00,0x00,0x02,0xff,0xff,0xfe,0x00,0x00,0x00,0x00,0x00,0x00,0x08,0xff,0xff,0xf1,0x00,0x00,0x00,
  0x00,0x09,0xff,0xff,0xf8,0x00,0x00,0x00,0x00,0x00,0x00,0x02,0xff,0xff,0xf7,0x00,0x00,0x00,0x00,0x0e,0xff,0xff,0xf1,0x00,
  0x00,0x00,0x00,0x00,0x00,0x00,0xcf,0xff,0xfd,0x00,0x00,0x00,0x00,0x6f,0xff,0xff,0xb0,0x00,0x00,0x00,0x00,0x00,0x00,0x00,
  0x7f,0xff,0xff,0x20,0x00,0x00,0x00,0xcf,0xff,0xff,0x40,0x00,0x00,0x00,0x00,0x00,0x00,0x00,0x1f,0xff,0xff,0x80,0x00,0x00,
  0x02,0xff,0xff,0xfe,0x00,0x00,0x00,0x00,0x00,0x00,0x00,0x00,0x0b,0xff,0xff,0xe0,0x00,0x00,0x09,0xff,0xff,0xf7,0x00,0x00,
  0x00,0x00,0x00,0x00,0x00,0x00,0x06,0xff,0xff,0xf3,0x00,0x00,0x0f,0xff,0xff,0xf1,0x00,0x00,0x00,0x00,0x00,0x00,0x00,0x00,
  0x01,0xff,0xff,0xf9,0x00,0x00,0x6f,0xff,0xff,0xa0,0x00,0x00,0x00,0x00,0x00,0x00,0x00,0x00,0x00,0xbf,0xff,0xfe,0x00,0x00,
  0xcf,0xff,0xff,0x40,0x00,0x00,0x00,0x00,0x00,0x00,0x00,0x00,0x00,0x5f,0xff,0xff,0x40,0x03,0xff,0xff,0xfd,0x00,0x00,0x00,
  0x00,0x00,0x00,0x00,0x00,0x00,0x00,0x0f,0xff,0xff,0xa0,0x09,0xff,0xff,0xf7,0x00,0x00,0x00,0x00,0x00,0x00,0x00,0x00,0x00,
  0x00,0x0a,0xff,0xff,0xf0,0x0f,0xff,0xff,0xf1,0x00,0x00,0x00,0x00,0x00,0x00,0x00,0x00,0x00,0x00,0x04,0xff,0xff,0xf5,0x6f,
  0xff,0xff,0xa0,0x00,0x00,0x00,0x00,0x00,0x00,0x00,0x00,0x00,0x00,0x00,0xef,0xff,0xfb,0xcf,0xff,0xff,0x30,0x00,0x00,0x00,
  0x00,0x00,0x00,0x00,0x00,0x00,0x00,0x00,0x9f,0xff,0xff,0xff,0xff,0xfd,0x00,0x00,0x00,0x00,0x00,0x00,0x00,0x00,0x00,0x00,
  0x00,0x00,0x3f,0xff,0xff,0xff,0xff,0xf7,0x00,0x00,0x00,0x00,0x00,0x00,0x00,0x00,0x00,0x00,0x00,0x00,0x0d,0xff,0xff,0xff,
  0xff,0xf1,0x00,0x00,0x00,0x00,0x00,0x00,0x00,0x00,0x00,0x00,0x00,0x00,0x08,0xff,0xff,0xff,0xff,0xa0,0x00,0x00,0x00,0x00,
  0x00,0x00,0x00,0x00,0x00,0x00,0x00,0x00,0x02,0xff,0xff,0xff,0xff,0x30,0x00,0x00,0x00,0x00,0x00,0x00,0x00,0x00,0x00,0x00,
  0x00,0x00,0x00,0xdf,0xff,0xff,0xfd,0x00,0x00,0x00,0x00,0x00,0x00,0x00,0x00,0x00,0x00,0x00,0x00,0x00,0x00,0x7f,0xff,0xff,
  0xf6,0x00,0x00,0x00,0x00,0x00,0x00,0x00,0x00,0x00,0x00,0x00,0x00,0x00,0x00,0x1f,0xff,0xff,0xf0,0x00,0x00,0x00,0x00,0x00,
  0x00,0x00,0x00,0x00,0x00,0x00,0x00,0x00,0x00,0x0f,0xff,0xff,0xd0,0x00,0x00,0x00,0x00,0x00,0x00,0x00,0x00,0x00,0x00,0x00,
  0x00,0x00,0x00,0x0f,0xff,0xff,0xd0,0x00,0x00,0x00,0x00,0x00,0x00,0x00,0x00,0x00,0x00,0x00,0x00,0x00,0x00,0x0f,0xff,0xff,
  0xd0,0x00,0x00,0x00,0x00,0x00,0x00,0x00,0x00,0x00,0x00,0x00,0x00,0x00,0x00,0x0f,0xff,0xff,0xd0,0x00,0x00,0x00,0x00,0x00,
  0x00,0x00,0x00,0x00,0x00,0x00,0x00,0x00,0x00,0x0f,0xff,0xff,0xd0,0x00,0x00,0x00,0x00,0x00,0x00,0x00,0x00,0x00,0x00,0x00,
  0x00,0x00,0x00,0x0f,0xff,0xff,0xd0,0x00,0x00,0x00,0x00,0x00,0x00,0x00,0x00,0x00,0x00,0x00,0x00,0x00,0x00,0x0f,0xff,0xff,
  0xd0,0x00,0x00,0x00,0x00,0x00,0x00,0x00,0x00,0x00,0x00,0x00,0x00,0x00,0x00,0x0f,0xff,0xff,0xd0,0x00,0x00,0x00,0x00,0x00,
  0x00,0x00,0x00,0x00,0x00,0x00,0x00,0x00,0x00,0x0f,0xff,0xff,0xd0,0x00,0x00,0x00,0x00,0x00,0x00,0x00,0x00,0x00,0x00,0x00,
  0x00,0x00,0x00,0x0f,0xff,0xff,0xd0,0x00,0x00,0x00,0x00,0x00,0x00,0x00,0x00,0x00,0x00,0x00,0x00,0x00,0x00,0x0f,0xff,0xff,
  0xd0,0x00,0x00,0x00,0x00,0x00,0x00,0x00,0x00,0x00,0x00,0x00,0x00,0x00,0x00,0x0f,0xff,0xff,0xd0,0x00,0x00,0x00,0x00,0x00,
  0x00,0x00,0x00,0x00,0x00,0x00,0x00,0x00,0x00,0x0f,0xff,0xff,0xd0,0x00,0x00,0x00,0x00,0x00,0x00,0x00,0x00,0x00,0x00,0x00,
  0x00,0x26,0x9b,0xde,0xff,0xfe,0xec,0xa8,0x51,0x00,0x00,0x00,0x00,0x00,0x00,0x00,0x00,0x6d,0xff,0xff,0xff,0xff,0xff,0xff,
  0xff,0xff,0xc5,0x00,0x00,0x00,0x00,0x00,0x00,0x3d,0xff,0xff,0xff,0xff,0xff,0xff,0xff,0xff,0xff,0xff,0x60,0x00,0x00,0x00,
  0x00,0x03,0xff,0xff,0xff,0xff,0xff,0xff,0xff,0xff,0xff,0xff,0xff,0x60,0x00,0x00,0x00,0x00,0x1e,0xff,0xff,0xff,0xff,0xff,
  0xff,0xff,0xff,0xff,0xff,0xff,0x60,0x00,0x00,0x00,0x00,0x7f,0xff,0xff,0xff,0xa6,0x31,0x00,0x00,0x12,0x46,0x9d,0xff,0x60,
  0x00,0x00,0x00,0x00,0xcf,0xff,0xff,0xc1,0x00,0x00,0x00,0x00,0x00,0x00,0x00,0x28,0x50,0x00,0x00,0x00,0x00,0xff,0xff,0xff,
  0x10,0x00,0x00,0x00,0x00,0x00,0x00,0x00,0x00,0x00,0x00,0x00,0x00,0x00,0xff,0xff,0xfd,0x00,0x00,0x00,0x00,0x00,0x00,0x00,
  0x00,0x00,0x00,0x00,0x00,0x00,0x00,0xff,0xff,0xff,0x10,0x00,0x00,0x00,0x00,0x00,0x00,0x00,0x00,0x00,0x00,0x00,0x00,0x00,
  0xcf,0xff,0xff,0xd2,0x00,0x00,0x00,0x00,0x00,0x00,0x00,0x00,0x00,0x00,0x00,0x00,0x00,0x6f,0xff,0xff,0xff,0xa4,0x00,0x00,
  0x00,0x00,0x00,0x00,0x00,0x00,0x00,0x00,0x00,0x00,0x0c,0xff,0xff,0xff,0xff,0xea,0x63,0x00,0x00,0x00,0x00,0x00,0x00,0x00,
  0x00,0x00,0x00,0x01,0xdf,0xff,0xff,0xff,0xff,0xff,0xfc,0x84,0x00,0x00,0x00,0x00,0x00,0x00,0x00,0x00,0x00,0x1a,0xff,0xff,
  0xff,0xff,0xff,0xff,0xff,0xe8,0x10,0x00,0x00,0x00,0x00,0x00,0x00,0x00,0x00,0x9f,0xff,0xff,0xff,0xff,0xff,0xff,0xff,0xf8,
  0x00,0x00,0x00,0x00,0x00,0x00,0x00,0x2b,0xff,0xff,0xff,0xff,0xff,0xff,0xff,0xff,0xff,0xd2,0x00,0x00,0x00,0x00,0x00,0x03,
  0xef,0xff,0xfe,0x52,0x57,0xac,0xff,0xff,0xff,0xff,0xff,0x40,0x00,0x00,0x00,0x00,0x3e,0xff,0xff,0xc1,0x00,0x00,0x00,0x05,
  0xbf,0xff,0xff,0xff,0xf3,0x00,0x00,0x00,0x01,0xdf,0xff,0xfc,0x00,0x00,0x00,0x00,0x00,0x05,0xef,0xff,0xff,0xfd,0x00,0x00,
  0x00,0x0a,0xff,0xff,0xf1,0x00,0x00,0x00,0x00,0x00,0x00,0x2d,0xff,0xff,0xff,0x80,0x00,0x00,0x4f,0xff,0xff,0x70,0x00,0x00,
  0x00,0x00,0x00,0x00,0x01,0xef,0xff,0xff,0xf1,0x00,0x00,0xcf,0xff,0xfe,0x00,0x00,0x00,0x00,0x00,0x00,0x00,0x00,0x4f,0xff,
  0xff,0xf7,0x00,0x03,0xff,0xff,0xf9,0x00,0x00,0x00,0x00,0x00,0x00,0x00,0x00,0x0b,0xff,0xff,0xfc,0x00,0x09,0xff,0xff,0xf3,
  0x00,0x00,0x00,0x00,0x00,0x00,0x00,0x00,0x04,0xff,0xff,0xff,0x00,0x0e,0xff,0xff,0xf0,0x00,0x00,0x00,0x00,0x00,0x00,0x00,
  0x00,0x00,0xff,0xff,0xff,0x30,0x2f,0xff,0xff,0xd0,0x00,0x00,0x00,0x00,0x00,0x00,0x00,0x00,0x00,0xcf,0xff,0xff,0x60,0x4f,
  0xff,0xff,0xb0,0x00,0x00,0x00,0x00,0x00,0x00,0x00,0x00,0x00,0x9f,0xff,0xff,0x80,0x6f,0xff,0xff,0xa0,0x00,0x00,0x00,0x00,
  0x00,0x00,0x00,0x00,0x00,0x8f,0xff,0xff,0x90,0x7f,0xff,0xff,0x90,0x00,0x00,0x00,0x00,0x00,0x00,0x00,0x00,0x00,0x7f,0xff,
  0xff,0xa0,0x7f,0xff,0xff,0xa0,0x00,0x00,0x00,0x00,0x00,0x00,0x00,0x00,0x00,0x7f,0xff,0xff,0xa0,0x6f,0xff,0xff,0xa0,0x00,
  0x00,0x00,0x00,0x00,0x00,0x00,0x00,0x00,0x8f,0xff,0xff,0x90,0x5f,0xff,0xff,0xb0,0x00,0x00,0x00,0x00,0x00,0x00,0x00,0x00,
  0x00,0x9f,0xff,0xff,0x80,0x3f,0xff,0xff,0xe0,0x00,0x00,0x00,0x00,0x00,0x00,0x00,0x00,0x00,0xbf,0xff,0xff,0x70,0x1f,0xff,
  0xff,0xf1,0x00,0x00,0x00,0x00,0x00,0x00,0x00,0x00,0x00,0xef,0xff,0xff,0x40,0x0e,0xff,0xff,0xf5,0x00,0x00,0x00,0x00,0x00,
  0x00,0x00,0x00,0x02,0xff,0xff,0xff,0x10,0x0a,0xff,0xff,0xfa,0x00,0x00,0x00,0x00,0x00,0x00,0x00,0x00,0x08,0xff,0xff,0xfd,
  0x00,0x05,0xff,0xff,0xff,0x10,0x00,0x00,0x00,0x00,0x00,0x00,0x00,0x0e,0xff,0xff,0xf9,0x00,0x00,0xff,0xff,0xff,0xa0,0x00,
  0x00,0x00,0x00,0x00,0x00,0x00,0x8f,0xff,0xff,0xf3,0x00,0x00,0x9f,0xff,0xff,0xf4,0x00,0x00,0x00,0x00,0x00,0x00,0x03,0xff,
  0xff,0xff,0xc0,0x00,0x00,0x1f,0xff,0xff,0xff,0x30,0x00,0x00,0x00,0x00,0x00,0x2e,0xff,0xff,0xff,0x40,0x00,0x00,0x07,0xff,
  0xff,0xff,0xf7,0x00,0x00,0x00,0x00,0x06,0xff,0xff,0xff,0xfa,0x00,0x00,0x00,0x00,0xbf,0xff,0xff,0xff,0xd8,0x31,0x01,0x37,
  0xdf,0xff,0xff,0xff,0xd0,0x00,0x00,0x00,0x00,0x0c,0xff,0xff,0xff,0xff,0xff,0xff,0xff,0xff,0xff,0xff,0xfe,0x20,0x00,0x00,
  0x00,0x00,0x01,0xbf,0xff,0xff,0xff,0xff,0xff,0xff,0xff,0xff,0xff,0xd2,0x00,0x00,0x00,0x00,0x00,0x00,0x07,0xff,0xff,0xff,
  0xff,0xff,0xff,0xff,0xff,0xf9,0x00,0x00,0x00,0x00,0x00,0x00,0x00,0x00,0x29,0xff,0xff,0xff,0xff,0xff,0xff,0xfa,0x30,0x00,
  0x00,0x00,0x00,0x00,0x00,0x00,0x00,0x00,0x05,0x9c,0xef,0xff,0xec,0x96,0x10,0x00,0x00,0x00,0x00,0x00,0x00,0x00,0x00,0x00,
  0x00,0x01,0x6a,0xde,0xff,0xdb,0x72,0x00,0x00,0x00,0x00,0x00,0x00,0x00,0x00,0x00,0x00,0x02,0xaf,0xff,0xff,0xff,0xff,0xff,
  0xb3,0x00,0x00,0x00,0x00,0x00,0x00,0x00,0x00,0x00,0x6f,0xff,0xff,0xff,0xff,0xff,0xff,0xff,0x80,0x00,0x00,0x00,0x00,0x00,
  0x00,0x00,0x09,0xff,0xff,0xff,0xff,0xff,0xff,0xff,0xff,0xfb,0x00,0x00,0x00,0x00,0x00,0x00,0x00,0x8f,0xff,0xff,0xff,0xff,
  0xff,0xff,0xff,0xff,0xff,0xb0,0x00,0x00,0x00,0x00,0x00,0x05,0xff,0xff,0xff,0xf9,0x41,0x01,0x39,0xff,0xff,0xff,0xf8,0x00,
  0x00,0x00,0x00,0x00,0x2f,0xff,0xff,0xfc,0x20,0x00,0x00,0x00,0x1c,0xff,0xff,0xff,0x40,0x00,0x00,0x00,0x00,0xaf,0xff,0xff,
  0xc0,0x00,0x00,0x00,0x00,0x00,0xbf,0xff,0xff,0xd0,0x00,0x00,0x00,0x03,0xff,0xff,0xfe,0x10,0x00,0x00,0x00,0x00,0x00,0x0d,
  0xff,0xff,0xf6,0x00,0x00,0x00,0x0b,0xff,0xff,0xf5,0x00,0x00,0x00,0x00,0x00,0x00,0x03,0xff,0xff,0xfd,0x00,0x00,0x00,0x2f,
  0xff,0xff,0xe0,0x00,0x00,0x00,0x00,0x00,0x00,0x00,0xbf,0xff,0xff,0x50,0x00,0x00,0x8f,0xff,0xff,0x70,0x00,0x00,0x00,0x00,
  0x00,0x00,0x00,0x5f,0xff,0xff,0xa0,0x00,0x00,0xdf,0xff,0xff,0x20,0x00,0x00,0x00,0x00,0x00,0x00,0x00,0x0f,0xff,0xff,0xf0,
  0x00,0x01,0xff,0xff,0xfd,0x00,0x00,0x00,0x00,0x00,0x00,0x00,0x00,0x0c,0xff,0xff,0xf4,0x00,0x06,0xff,0xff,0xf9,0x00,0x00,
  0x00,0x00,0x00,0x00,0x00,0x00,0x08,0xff,0xff,0xf9,0x00,0x09,0xff,0xff,0xf6,0x00,0x00,0x00,0x00,0x00,0x00,0x00,0x00,0x05,
  0xff,0xff,0xfc,0x00,0x0c,0xff,0xff,0xf3,0x00,0x00,0x00,0x00,0x00,0x00,0x00,0x00,0x02,0xff,0xff,0xff,0x00,0x0f,0xff,0xff,
  0xf1,0x00,0x00,0x00,0x00,0x00,0x00,0x00,0x00,0x00,0xff,0xff,0xff,0x20,0x1f,0xff,0xff,0xf0,0x00,0x00,0x00,0x00,0x00,0x00,
  0x00,0x00,0x00,0xdf,0xff,0xff,0x40,0x3f,0xff,0xff,0xd0,0x00,0x00,0x00,0x00,0x00,0x00,0x00,0x00,0x00,0xbf,0xff,0xff,0x60,
  0x4f,0xff,0xff,0xb0,0x00,0x00,0x00,0x00,0x00,0x00,0x00,0x00,0x00,0x9f,0xff,0xff,0x70,0x5f,0xff,0xff,0xff,0xff,0xff,0xff,
  0xff,0xff,0xff,0xff,0xff,0xff,0xff,0xff,0xff,0x80,0x6f,0xff,0xff,0xff,0xff,0xff,0xff,0xff,0xff,0xff,0xff,0xff,0xff,0xff,
  0xff,0xff,0x90,0x7f,0xff,0xff,0xff,0xff,0xff,0xff,0xff,0xff,0xff,0xff,0xff,0xff,0xff,0xff,0xff,0x90,0x7f,0xff,0xff,0xff,
  0xff,0xff,0xff,0xff,0xff,0xff,0xff,0xff,0xff,0xff,0xff,0xff,0xa0,0x7f,0xff,0xff,0xff,0xff,0xff,0xff,0xff,0xff,0xff,0xff,
  0xff,0xff,0xff,0xff,0xff,0xa0,0x6f,0xff,0xff,0xa0,0x00,0x00,0x00,0x00,0x00,0x00,0x00,0x00,0x00,0x8f,0xff,0xff,0x90,0x6f,
  0xff,0xff,0xb0,0x00,0x00,0x00,0x00,0x00,0x00,0x00,0x00,0x00,0x8f,0xff,0xff,0x90,0x5f,0xff,0xff,0xc0,0x00,0x00,0x00,0x00,
  0x00,0x00,0x00,0x00,0x00,0x9f,0xff,0xff,0x80,0x4f,0xff,0xff,0xd0,0x00,0x00,0x00,0x00,0x00,0x00,0x00,0x00,0x00,0xbf,0xff,
  0xff,0x70,0x3f,0xff,0xff,0xf0,0x00,0x00,0x00,0x00,0x00,0x00,0x00,0x00,0x00,0xcf,0xff,0xff,0x60,0x1f,0xff,0xff,0xf1,0x00,
  0x00,0x00,0x00,0x00,0x00,0x00,0x00,0x00,0xef,0xff,0xff,0x40,0x0f,0xff,0xff,0xf3,0x00,0x00,0x00,0x00,0x00,0x00,0x00,0x00,
  0x00,0xff,0xff,0xff,0x10,0x0c,0xff,0xff,0xf5,0x00,0x00,0x00,0x00,0x00,0x00,0x00,0x00,0x03,0xff,0xff,0xff,0x00,0x09,0xff,
  0xff,0xf8,0x00,0x00,0x00,0x00,0x00,0x00,0x00,0x00,0x06,0xff,0xff,0xfc,0x00,0x05,0xff,0xff,0xfc,0x00,0x00,0x00,0x00,0x00,
  0x00,0x00,0x00,0x09,0xff,0xff,0xf8,0x00,0x01,0xff,0xff,0xff,0x00,0x00,0x00,0x00,0x00,0x00,0x00,0x00,0x0e,0xff,0xff,0xf4,
  0x00,0x00,0xdf,0xff,0xff,0x40,0x00,0x00,0x00,0x00,0x00,0x00,0x00,0x2f,0xff,0xff,0xf0,0x00,0x00,0x7f,0xff,0xff,0xa0,0x00,
  0x00,0x00,0x00,0x00,0x00,0x00,0x8f,0xff,0xff,0xa0,0x00,0x00,0x2f,0xff,0xff,0xf1,0x00,0x00,0x00,0x00,0x00,0x00,0x00,0xef,
  0xff,0xff,0x40,0x00,0x00,0x0b,0xff,0xff,0xf9,0x00,0x00,0x00,0x00,0x00,0x00,0x07,0xff,0xff,0xfd,0x00,0x00,0x00,0x03,0xff,
  0xff,0xff,0x40,0x00,0x00,0x00,0x00,0x00,0x2f,0xff,0xff,0xf6,0x00,0x00,0x00,0x00,0xaf,0xff,0xff,0xe2,0x00,0x00,0x00,0x00,
  0x01,0xdf,0xff,0xff,0xd0,0x00,0x00,0x00,0x00,0x1f,0xff,0xff,0xfe,0x40,0x00,0x00,0x00,0x2d,0xff,0xff,0xff,0x40,0x00,0x00,
  0x00,0x00,0x05,0xff,0xff,0xff,0xfa,0x41,0x01,0x49,0xff,0xff,0xff,0xf8,0x00,0x00,0x00,0x00,0x00,0x00,0x8f,0xff,0xff,0xff,
  0xff,0xff,0xff,0xff,0xff,0xff,0xb0,0x00,0x00,0x00,0x00,0x00,0x00,0x08,0xff,0xff,0xff,0xff,0xff,0xff,0xff,0xff,0xfb,0x00,
  0x00,0x00,0x00,0x00,0x00,0x00,0x00,0x6f,0xff,0xff,0xff,0xff,0xff,0xff,0xff,0x80,0x00,0x00,0x00,0x00,0x00,0x00,0x00,0x00,
  0x02,0xaf,0xff,0xff,0xff,0xff,0xff,0xb3,0x00,0x00,0x00,0x00,0x00,0x00,0x00,0x00,0x00,0x00,0x01,0x6a,0xdf,0xff,0xdb,0x72,
  0x00,0x00,0x00,0x00,0x00,0x00,0x00,0x00,0x00,0xdf,0xff,0xec,0xa6,0x10,0x00,0x00,0x00,0x00,0x00,0x00,0x00,0x00,0x00,0x00,
  0x00,0x00,0x00,0xef,0xff,0xff,0xff,0xf8,0x00,0x00,0x00,0x00,0x00,0x00,0x00,0x00,0x00,0x00,0x00,0x00,0x00,0xef,0xff,0xff,
  0xff,0xff,0xc0,0x00,0x00,0x00,0x00,0x00,0x00,0x00,0x00,0x00,0x00,0x00,0x00,0xef,0xff,0xff,0xff,0xff,0xfb,0x00,0x00,0x00,
  0x00,0x00,0x00,0x00,0x00,0x00,0x00,0x00,0x00,0xef,0xff,0xff,0xff,0xff,0xff,0x50,0x00,0x00,0x00,0x00,0x00,0x00,0x00,0x00,
  0x00,0x00,0x00,0x00,0x01,0x3b,0xff,0xff,0xff,0xc0,0x00,0x00,0x00,0x00,0x00,0x00,0x00,0x00,0x00,0x00,0x00,0x00,0x00,0x00,
  0x8f,0xff,0xff,0xf2,0x00,0x00,0x00,0x00,0x00,0x00,0x00,0x00,0x00,0x00,0x00,0x00,0x00,0x00,0x0c,0xff,0xff,0xf8,0x00,0x00,
  0x00,0x00,0x00,0x00,0x00,0x00,0x00,0x00,0x00,0x00,0x00,0x00,0x04,0xff,0xff,0xfe,0x00,0x00,0x00,0x00,0x00,0x00,0x00,0x00,
  0x00,0x00,0x00,0x00,0x00,0x00,0x00,0xdf,0xff,0xff,0x40,0x00,0x00,0x00,0x00,0x00,0x00,0x00,0x00,0x00,0x00,0x00,0x00,0x00,
  0x00,0x7f,0xff,0xff,0xa0,0x00,0x00,0x00,0x00,0x00,0x00,0x00,0x00,0x00,0x00,0x00,0x00,0x00,0x00,0x2f,0xff,0xff,0xf1,0x00,
  0x00,0x00,0x00,0x00,0x00,0x00,0x00,0x00,0x00,0x00,0x00,0x00,0x00,0x0c,0xff,0xff,0xf6,0x00,0x00,0x00,0x00,0x00,0x00,0x00,
  0x00,0x00,0x00,0x00,0x00,0x00,0x00,0x06,0xff,0xff,0xfc,0x00,0x00,0x00,0x00,0x00,0x00,0x00,0x00,0x00,0x00,0x00,0x00,0x00,
  0x00,0x00,0xff,0xff,0xff,0x20,0x00,0x00,0x00,0x00,0x00,0x00,0x00,0x00,0x00,0x00,0x00,0x00,0x00,0x00,0xef,0xff,0xff,0x80,
  0x00,0x00,0x00,0x00,0x00,0x00,0x00,0x00,0x00,0x00,0x00,0x00,0x00,0x05,0xff,0xff,0xff,0xe0,0x00,0x00,0x00,0x00,0x00,0x00,
  0x00,0x00,0x00,0x00,0x00,0x00,0x00,0x0c,0xff,0xff,0xff,0xf4,0x00,0x00,0x00,0x00,0x00,0x00,0x00,0x00,0x00,0x00,0x00,0x00,
  0x00,0x4f,0xff,0xff,0xff,0xfa,0x00,0x00,0x00,0x00,0x00,0x00,0x00,0x00,0x00,0x00,0x00,0x00,0x00,0xbf,0xff,0xff,0xff,0xff,
  0x00,0x00,0x00,0x00,0x00,0x00,0x00,0x00,0x00,0x00,0x00,0x00,0x02,0xff,0xff,0xff,0xff,0xff,0x60,0x00,0x00,0x00,0x00,0x00,
  0x00,0x00,0x00,0x00,0x00,0x00,0x09,0xff,0xff,0xff,0xff,0xff,0xb0,0x00,0x00,0x00,0x00,0x00,0x00,0x00,0x00,0x00,0x00,0x00,
  0x1f,0xff,0xff,0xff,0xff,0xff,0xf2,0x00,0x00,0x00,0x00,0x00,0x00,0x00,0x00,0x00,0x00,0x00,0x8f,0xff,0xff,0xdc,0xff,0xff,
  0xf7,0x00,0x00,0x00,0x00,0x00,0x00,0x00,0x00,0x00,0x00,0x00,0xef,0xff,0xff,0x66,0xff,0xff,0xfd,0x00,0x00,0x00,0x00,0x00,
  0x00,0x00,0x00,0x00,0x00,0x06,0xff,0xff,0xfe,0x01,0xff,0xff,0xff,0x30,0x00,0x00,0x00,0x00,0x00,0x00,0x00,0x00,0x00,0x0d,
  0xff,0xff,0xf7,0x00,0xaf,0xff,0xff,0x90,0x00,0x00,0x00,0x00,0x00,0x00,0x00,0x00,0x00,0x5f,0xff,0xff,0xf1,0x00,0x4f,0xff,
  0xff,0xf0,0x00,0x00,0x00,0x00,0x00,0x00,0x00,0x00,0x00,0xcf,0xff,0xff,0x80,0x00,0x0e,0xff,0xff,0xf5,0x00,0x00,0x00,0x00,
  0x00,0x00,0x00,0x00,0x03,0xff,0xff,0xff,0x10,0x00,0x08,0xff,0xff,0xfb,0x00,0x00,0x00,0x00,0x00,0x00,0x00,0x00,0x0b,0xff,
  0xff,0xf9,0x00,0x00,0x02,0xff,0xff,0xff,0x10,0x00,0x00,0x00,0x00,0x00,0x00,0x00,0x2f,0xff,0xff,0xf2,0x00,0x00,0x00,0xcf,
  0xff,0xff,0x70,0x00,0x00,0x00,0x00,0x00,0x00,0x00,0x9f,0xff,0xff,0xb0,0x00,0x00,0x00,0x6f,0xff,0xff,0xd0,0x00,0x00,0x00,
  0x00,0x00,0x00,0x01,0xff,0xff,0xff,0x30,0x00,0x00,0x00,0x0f,0xff,0xff,0xf3,0x00,0x00,0x00,0x00,0x00,0x00,0x08,0xff,0xff,
  0xfc,0x00,0x00,0x00,0x00,0x0a,0xff,0xff,0xf9,0x00,0x00,0x00,0x00,0x00,0x00,0x0e,0xff,0xff,0xf4,0x00,0x00,0x00,0x00,0x03,
  0xff,0xff,0xfe,0x00,0x00,0x00,0x00,0x00,0x00,0x6f,0xff,0xff,0xd0,0x00,0x00,0x00,0x00,0x00,0xdf,0xff,0xff,0x50,0x00,0x00,
  0x00,0x00,0x00,0xdf,0xff,0xff,0x50,0x00,0x00,0x00,0x00,0x00,0x7f,0xff,0xff,0xb0,0x00,0x00,0x00,0x00,0x05,0xff,0xff,0xfe,
  0x00,0x00,0x00,0x00,0x00,0x00,0x1f,0xff,0xff,0xf1,0x00,0x00,0x00,0x00,0x0c,0xff,0xff,0xf6,0x00,0x00,0x00,0x00,0x00,0x00,
  0x0b,0xff,0xff,0xf6,0x00,0x00,0x00,0x00,0x3f,0xff,0xff,0xe0,0x00,0x00,0x00,0x00,0x00,0x00,0x05,0xff,0xff,0xfc,0x00,0x00,
  0x00,0x00,0xbf,0xff,0xff,0x70,0x00,0x00,0x00,0x00,0x00,0x00,0x00,0xef,0xff,0xff,0x20,0x00,0x00,0x02,0xff,0xff,0xff,0x10,
  0x00,0x00,0x00,0x00,0x00,0x00,0x00,0x9f,0xff,0xff,0x80,0x00,0x00,0x09,0xff,0xff,0xf9,0x00,0x00,0x00,0x00,0x00,0x00,0x00,
  0x00,0x3f,0xff,0xff,0xe0,0x00,0x00,0x1f,0xff,0xff,0xf1,0x00,0x00,0x00,0x00,0x00,0x00,0x00,0x00,0x0d,0xff,0xff,0xf4,0x00,
  0x00,0x8f,0xff,0xff,0xa0,0x00,0x00,0x00,0x00,0x00,0x00,0x00,0x00,0x07,0xff,0xff,0xfa,0x00,0x00,0xef,0xff,0xff,0x20,0x00,
  0x00,0x00,0x00,0x00,0x00,0x00,0x00,0x01,0xff,0xff,0xff,0x10,0x06,0xff,0xff,0xfb,0x00,0x00,0x00,0x00,0x00,0x00,0x00,0x00,
  0x00,0x00,0xbf,0xff,0xff,0x60,0x0d,0xff,0xff,0xf3,0x00,0x00,0x00,0x00,0x00,0x00,0x00,0x00,0x00,0x00,0x5f,0xff,0xff,0xc0,
  0x9f,0xff,0xff,0x30,0x00,0x00,0x00,0x00,0x00,0x00,0x00,0x00,0xff,0xff,0xfc,0x00,0x00,0x00,0x9f,0xff,0xff,0x30,0x00,0x00,
  0x00,0x00,0x00,0x00,0x00,0x00,0xff,0xff,0xfc,0x00,0x00,0x00,0x9f,0xff,0xff,0x30,0x00,0x00,0x00,0x00,0x00,0x00,0x00,0x00,
  0xff,0xff,0xfc,0x00,0x00,0x00,0x9f,0xff,0xff,0x30,0x00,0x00,0x00,0x00,0x00,0x00,0x00,0x00,0xff,0xff,0xfc,0x00,0x00,0x00,
  0x9f,0xff,0xff,0x30,0x00,0x00,0x00,0x00,0x00,0x00,0x00,0x00,0xff,0xff,0xfc,0x00,0x00,0x00,0x9f,0xff,0xff,0x30,0x00,0x00,
  0x00,0x00,0x00,0x00,0x00,0x00,0xff,0xff,0xfc,0x00,0x00,0x00,0x9f,0xff,0xff,0x30,0x00,0x00,0x00,0x00,0x00,0x00,0x00,0x00,
  0xff,0xff,0xfc,0x00,0x00,0x00,0x9f,0xff,0xff,0x30,0x00,0x00,0x00,0x00,0x00,0x00,0x00,0x00,0xff,0xff,0xfc,0x00,0x00,0x00,
  0x9f,0xff,0xff,0x30,0x00,0x00,0x00,0x00,0x00,0x00,0x00,0x00,0xff,0xff,0xfc,0x00,0x00,0x00,0x9f,0xff,0xff,0x30,0x00,0x00,
  0x00,0x00,0x00,0x00,0x00,0x00,0xff,0xff,0xfc,0x00,0x00,0x00,0x9f,0xff,0xff,0x30,0x00,0x00,0x00,0x00,0x00,0x00,0x00,0x00,
  0xff,0xff,0xfc,0x00,0x00,0x00,0x9f,0xff,0xff,0x30,0x00,0x00,0x00,0x00,0x00,0x00,0x00,0x00,0xff,0xff,0xfc,0x00,0x00,0x00,
  0x9f,0xff,0xff,0x30,0x00,0x00,0x00,0x00,0x00,0x00,0x00,0x00,0xff,0xff,0xfc,0x00,0x00,0x00,0x9f,0xff,0xff,0x30,0x00,0x00,
  0x00,0x00,0x00,0x00,0x00,0x00,0xff,0xff,0xfc,0x00,0x00,0x00,0x9f,0xff,0xff,0x30,0x00,0x00,0x00,0x00,0x00,0x00,0x00,0x00,
  0xff,0xff,0xfc,0x00,0x00,0x00,0x9f,0xff,0xff,0x30,0x00,0x00,0x00,0x00,0x00,0x00,0x00,0x00,0xff,0xff,0xfc,0x00,0x00,0x00,
  0x9f,0xff,0xff,0x30,0x00,0x00,0x00,0x00,0x00,0x00,0x00,0x00,0xff,0xff,0xfc,0x00,0x00,0x00,0x9f,0xff,0xff,0x30,0x00,0x00,
  0x00,0x00,0x00,0x00,0x00,0x00,0xff,0xff,0xfc,0x00,0x00,0x00,0x9f,0xff,0xff,0x30,0x00,0x00,0x00,0x00,0x00,0x00,0x00,0x00,
  0xff,0xff,0xfc,0x00,0x00,0x00,0x9f,0xff,0xff,0x30,0x00,0x00,0x00,0x00,0x00,0x00,0x00,0x00,0xff,0xff,0xfc,0x00,0x00,0x00,
  0x9f,0xff,0xff,0x30,0x00,0x00,0x00,0x00,0x00,0x00,0x00,0x00,0xff,0xff,0xfc,0x00,0x00,0x00,0x9f,0xff,0xff,0x30,0x00,0x00,
  0x00,0x00,0x00,0x00,0x00,0x01,0xff,0xff,0xfc,0x00,0x00,0x00,0x9f,0xff,0xff,0x30,0x00,0x00,0x00,0x00,0x00,0x00,0x00,0x01,
  0xff,0xff,0xfc,0x00,0x00,0x00,0x9f,0xff,0xff,0x40,0x00,0x00,0x00,0x00,0x00,0x00,0x00,0x04,0xff,0xff,0xfc,0x00,0x00,0x00,
  0x9f,0xff,0xff,0x60,0x00,0x00,0x00,0x00,0x00,0x00,0x00,0x07,0xff,0xff,0xfc,0x00,0x00,0x00,0x9f,0xff,0xff,0xa0,0x00,0x00,
  0x00,0x00,0x00,0x00,0x00,0x0c,0xff,0xff,0xfc,0x00,0x00,0x00,0x9f,0xff,0xff,0xf0,0x00,0x00,0x00,0x00,0x00,0x00,0x00,0x2f,
  0xff,0xff,0xfc,0x00,0x00,0x00,0x9f,0xff,0xff,0xf7,0x00,0x00,0x00,0x00,0x00,0x00,0x00,0xbf,0xff,0xff,0xfc,0x00,0x00,0x00,
  0x9f,0xff,0xff,0xff,0x30,0x00,0x00,0x00,0x00,0x00,0x08,0xff,0xff,0xff,0xfd,0x00,0x00,0x00,0x9f,0xff,0xff,0xff,0xf6,0x00,
  0x00,0x00,0x00,0x01,0x9f,0xff,0xff,0xff,0xff,0x10,0x00,0x00,0x9f,0xff,0xff,0xff,0xff,0xd7,0x31,0x00,0x25,0x9f,0xff,0xff,
  0xff,0xff,0xff,0xb1,0x29,0x20,0x9f,0xff,0xff,0xcf,0xff,0xff,0xff,0xff,0xff,0xff,0xff,0xfe,0xaf,0xff,0xff,0xff,0xff,0x20,
  0x9f,0xff,0xff,0x3d,0xff,0xff,0xff,0xff,0xff,0xff,0xff,0xf4,0x4f,0xff,0xff,0xff,0xff,0x20,0x9f,0xff,0xff,0x32,0xdf,0xff,
  0xff,0xff,0xff,0xff,0xff,0x40,0x0d,0xff,0xff,0xff,0xff,0x20,0x9f,0xff,0xff,0x30,0x1a,0xff,0xff,0xff,0xff,0xff,0xb2,0x00,
  0x03,0xff,0xff,0xff,0xfe,0x10,0x9f,0xff,0xff,0x30,0x00,0x27,0xbe,0xff,0xec,0x83,0x00,0x00,0x00,0x2a,0xef,0xeb,0x50,0x00,
  0x9f,0xff,0xff,0x30,0x00,0x00,0x00,0x00,0x00,0x00,0x00,0x00,0x00,0x00,0x00,0x00,0x00,0x00,0x9f,0xff,0xff,0x30,0x00,0x00,
  0x00,0x00,0x00,0x00,0x00,0x00,0x00,0x00,0x00,0x00,0x00,0x00,0x9f,0xff,0xff,0x30,0x00,0x00,0x00,0x00,0x00,0x00,0x00,0x00,
  0x00,0x00,0x00,0x00,0x00,0x00,0x9f,0xff,0xff,0x30,0x00,0x00,0x00,0x00,0x00,0x00,0x00,0x00,0x00,0x00,0x00,0x00,0x00,0x00,
  0x9f,0xff,0xff,0x30,0x00,0x00,0x00,0x00,0x00,0x00,0x00,0x00,0x00,0x00,0x00,0x00,0x00,0x00,0x9f,0xff,0xff,0x30,0x00,0x00,
  0x00,0x00,0x00,0x00,0x00,0x00,0x00,0x00,0x00,0x00,0x00,0x00,0x9f,0xff,0xff,0x30,0x00,0x00,0x00,0x00,0x00,0x00,0x00,0x00,
  0x00,0x00,0x00,0x00,0x00,0x00,0x9f,0xff,0xff,0x30,0x00,0x00,0x00,0x00,0x00,0x00,0x00,0x00,0x00,0x00,0x00,0x00,0x00,0x00,
  0x9f,0xff,0xff,0x30,0x00,0x00,0x00,0x00,0x00,0x00,0x00,0x00,0x00,0x00,0x00,0x00,0x00,0x00,0x9f,0xff,0xff,0x30,0x00,0x00,
  0x00,0x00,0x00,0x00,0x00,0x00,0x00,0x00,0x00,0x00,0x00,0x00,0x9f,0xff,0xff,0x30,0x00,0x00,0x00,0x00,0x00,0x00,0x00,0x00,
  0x00,0x00,0x00,0x00,0x00,0x00,0x9f,0xff,0xff,0x30,0x00,0x00,0x00,0x00,0x00,0x00,0x00,0x00,0x00,0x00,0x00,0x00,0x00,0x00,
  0xbf,0xff,0xff,0xff,0xff,0xff,0xff,0xff,0xff,0xff,0xff,0xff,0xff,0xff,0xff,0xff,0xfd,0x00,0xbf,0xff,0xff,0xff,0xff,0xff,
  0xff,0xff,0xff,0xff,0xff,0xff,0xff,0xff,0xff,0xff,0xfd,0x00,0xbf,0xff,0xff,0xff,0xff,0xff,0xff,0xff,0xff,0xff,0xff,0xff,
  0xff,0xff,0xff,0xff,0xfd,0x00,0xbf,0xff,0xff,0xff,0xff,0xff,0xff,0xff,0xff,0xff,0xff,0xff,0xff,0xff,0xff,0xff,0xfd,0x00,
  0xbf,0xff,0xff,0xff,0xff,0xff,0xff,0xff,0xff,0xff,0xff,0xff,0xff,0xff,0xff,0xff,0xfd,0x00,0x00,0x00,0x3f,0xff,0xff,0xa0,
  0x00,0x00,0x00,0x00,0x00,0x07,0xff,0xff,0xf7,0x00,0x00,0x00,0x00,0x00,0x3f,0xff,0xff,0xa0,0x00,0x00,0x00,0x00,0x00,0x07,
  0xff,0xff,0xf7,0x00,0x00,0x00,0x00,0x00,0x3f,0xff,0xff,0xa0,0x00,0x00,0x00,0x00,0x00,0x07,0xff,0xff,0xf7,0x00,0x00,0x00,
  0x00,0x00,0x3f,0xff,0xff,0xa0,0x00,0x00,0x00,0x00,0x00,0x07,0xff,0xff,0xf7,0x00,0x00,0x00,0x00,0x00,0x3f,0xff,0xff,0xa0,
  0x00,0x00,0x00,0x00,0x00,0x07,0xff,0xff,0xf7,0x00,0x00,0x00,0x00,0x00,0x3f,0xff,0xff,0xa0,0x00,0x00,0x00,0x00,0x00,0x07,
  0xff,0xff,0xf7,0x00,0x00,0x00,0x00,0x00,0x3f,0xff,0xff,0xa0,0x00,0x00,0x00,0x00,0x00,0x07,0xff,0xff,0xf7,0x00,0x00,0x00,
  0x00,0x00,0x3f,0xff,0xff,0xa0,0x00,0x00,0x00,0x00,0x00,0x07,0xff,0xff,0xf7,0x00,0x00,0x00,0x00,0x00,0x3f,0xff,0xff,0xa0,
  0x00,0x00,0x00,0x00,0x00,0x07,0xff,0xff,0xf7,0x00,0x00,0x00,0x00,0x00,0x3f,0xff,0xff,0xa0,0x00,0x00,0x00,0x00,0x00,0x07,
  0xff,0xff,0xf7,0x00,0x00,0x00,0x00,0x00,0x3f,0xff,0xff,0xa0,0x00,0x00,0x00,0x00,0x00,0x07,0xff,0xff,0xf7,0x00,0x00,0x00,
  0x00,0x00,0x3f,0xff,0xff,0xa0,0x00,0x00,0x00,0x00,0x00,0x07,0xff,0xff,0xf7,0x00,0x00,0x00,0x00,0x00,0x3f,0xff,0xff,0xa0,
  0x00,0x00,0x00,0x00,0x00,0x07,0xff,0xff,0xf7,0x00,0x00,0x00,0x00,0x00,0x3f,0xff,0xff,0xa0,0x00,0x00,0x00,0x00,0x00,0x07,
  0xff,0xff,0xf7,0x00,0x00,0x00,0x00,0x00,0x3f,0xff,0xff,0xa0,0x00,0x00,0x00,0x00,0x00,0x07,0xff,0xff,0xf7,0x00,0x00,0x00,
  0x00,0x00,0x3f,0xff,0xff,0xa0,0x00,0x00,0x00,0x00,0x00,0x07,0xff,0xff,0xf7,0x00,0x00,0x00,0x00,0x00,0x3f,0xff,0xff,0xa0,
  0x00,0x00,0x00,0x00,0x00,0x07,0xff,0xff,0xf7,0x00,0x00,0x00,0x00,0x00,0x3f,0xff,0xff,0xa0,0x00,0x00,0x00,0x00,0x00,0x07,
  0xff,0xff,0xf7,0x00,0x00,0x00,0x00,0x00,0x3f,0xff,0xff,0xa0,0x00,0x00,0x00,0x00,0x00,0x07,0xff,0xff,0xf7,0x00,0x00,0x00,
  0x00,0x00,0x3f,0xff,0xff,0xa0,0x00,0x00,0x00,0x00,0x00,0x07,0xff,0xff,0xf7,0x00,0x00,0x00,0x00,0x00,0x3f,0xff,0xff,0xa0,
  0x00,0x00,0x00,0x00,0x00,0x07,0xff,0xff,0xf7,0x00,0x00,0x00,0x00,0x00,0x3f,0xff,0xff,0xa0,0x00,0x00,0x00,0x00,0x00,0x06,
  0xff,0xff,0xf7,0x00,0x00,0x00,0x00,0x00,0x3f,0xff,0xff,0xa0,0x00,0x00,0x00,0x00,0x00,0x06,0xff,0xff,0xf7,0x00,0x00,0x00,
  0x00,0x00,0x3f,0xff,0xff,0xa0,0x00,0x00,0x00,0x00,0x00,0x05,0xff,0xff,0xf9,0x00,0x00,0x00,0x00,0x00,0x3f,0xff,0xff,0xa0,
  0x00,0x00,0x00,0x00,0x00,0x04,0xff,0xff,0xfe,0x00,0x00,0x00,0x00,0x00,0x3f,0xff,0xff,0xa0,0x00,0x00,0x00,0x00,0x00,0x02,
  0xff,0xff,0xff,0xc3,0x00,0x10,0x00,0x00,0x3f,0xff,0xff,0xa0,0x00,0x00,0x00,0x00,0x00,0x00,0xef,0xff,0xff,0xff,0xff,0xc0,
  0x00,0x00,0x3f,0xff,0xff,0xa0,0x00,0x00,0x00,0x00,0x00,0x00,0xaf,0xff,0xff,0xff,0xff,0xc0,0x00,0x00,0x3f,0xff,0xff,0xa0,
  0x00,0x00,0x00,0x00,0x00,0x00,0x3f,0xff,0xff,0xff,0xff,0xc0,0x00,0x00,0x3f,0xff,0xff,0xa0,0x00,0x00,0x00,0x00,0x00,0x00,
  0x07,0xff,0xff,0xff,0xff,0xc0,0x00,0x00,0x00,0x00,0x00,0x00,0x00,0x00,0x00,0x00,0x00,0x00,0x00,0x39,0xdf,0xfe,0xc8,0x30,
  0x00,0x00,0x00,0x00,0x00,0x48,0xbd,0xef,0xff,0xff,0xff,0xff,0xff,0xff,0xff,0xff,0xff,0xfb,0x00,0x00,0x00,0x01,0x9e,0xff,
  0xff,0xff,0xff,0xff,0xff,0xff,0xff,0xff,0xff,0xff,0xff,0xfb,0x00,0x00,0x00,0x7f,0xff,0xff,0xff,0xff,0xff,0xff,0xff,0xff,
  0xff,0xff,0xff,0xff,0xff,0xfb,0x00,0x00,0x09,0xff,0xff,0xff,0xff,0xff,0xff,0xff,0xff,0xff,0xff,0xff,0xff,0xff,0xff,0xfb,
  0x00,0x00,0x8f,0xff,0xff,0xff,0xff,0xff,0xff,0xff,0xff,0xff,0xff,0xff,0xff,0xff,0xff,0xfb,0x00,0x04,0xff,0xff,0xff,0xff,
  0xd7,0x31,0x01,0x26,0xbf,0xff,0xff,0xff,0xf8,0x00,0x00,0x00,0x00,0x0e,0xff,0xff,0xff,0xe6,0x00,0x00,0x00,0x00,0x04,0xdf,
  0xff,0xff,0xff,0x20,0x00,0x00,0x00,0x7f,0xff,0xff,0xfe,0x30,0x00,0x00,0x00,0x00,0x00,0x1d,0xff,0xff,0xff,0xa0,0x00,0x00,
  0x00,0xef,0xff,0xff,0xf3,0x00,0x00,0x00,0x00,0x00,0x00,0x02,0xff,0xff,0xff,0xf1,0x00,0x00,0x04,0xff,0xff,0xff,0x90,0x00,
  0x00,0x00,0x00,0x00,0x00,0x00,0x7f,0xff,0xff,0xf6,0x00,0x00,0x09,0xff,0xff,0xff,0x10,0x00,0x00,0x00,0x00,0x00,0x00,0x00,
  0x0e,0xff,0xff,0xfc,0x00,0x00,0x0d,0xff,0xff,0xfa,0x00,0x00,0x00,0x00,0x00,0x00,0x00,0x00,0x08,0xff,0xff,0xff,0x00,0x00,
  0x0f,0xff,0xff,0xf4,0x00,0x00,0x00,0x00,0x00,0x00,0x00,0x00,0x02,0xff,0xff,0xff,0x30,0x00,0x3f,0xff,0xff,0xf1,0x00,0x00,
  0x00,0x00,0x00,0x00,0x00,0x00,0x00,0xef,0xff,0xff,0x60,0x00,0x4f,0xff,0xff,0xd0,0x00,0x00,0x00,0x00,0x00,0x00,0x00,0x00,
  0x00,0xbf,0xff,0xff,0x70,0x00,0x6f,0xff,0xff,0xb0,0x00,0x00,0x00,0x00,0x00,0x00,0x00,0x00,0x00,0x9f,0xff,0xff,0x80,0x00,
  0x7f,0xff,0xff,0xa0,0x00,0x00,0x00,0x00,0x00,0x00,0x00,0x00,0x00,0x8f,0xff,0xff,0x90,0x00,0x7f,0xff,0xff,0x90,0x00,0x00,
  0x00,0x00,0x00,0x00,0x00,0x00,0x00,0x7f,0xff,0xff,0xa0,0x00,0x7f,0xff,0xff,0xa0,0x00,0x00,0x00,0x00,0x00,0x00,0x00,0x00,
  0x00,0x7f,0xff,0xff,0x90,0x00,0x6f,0xff,0xff,0xb0,0x00,0x00,0x00,0x00,0x00,0x00,0x00,0x00,0x00,0x8f,0xff,0xff,0x80,0x00,
  0x5f,0xff,0xff,0xc0,0x00,0x00,0x00,0x00,0x00,0x00,0x00,0x00,0x00,0x9f,0xff,0xff,0x70,0x00,0x3f,0xff,0xff,0xe0,0x00,0x00,
  0x00,0x00,0x00,0x00,0x00,0x00,0x00,0xcf,0xff,0xff,0x50,0x00,0x0f,0xff,0xff,0xf1,0x00,0x00,0x00,0x00,0x00,0x00,0x00,0x00,
  0x00,0xff,0xff,0xff,0x20,0x00,0x0d,0xff,0xff,0xf5,0x00,0x00,0x00,0x00,0x00,0x00,0x00,0x00,0x03,0xff,0xff,0xff,0x00,0x00,
  0x09,0xff,0xff,0xfb,0x00,0x00,0x00,0x00,0x00,0x00,0x00,0x00,0x09,0xff,0xff,0xfb,0x00,0x00,0x04,0xff,0xff,0xff,0x20,0x00,
  0x00,0x00,0x00,0x00,0x00,0x00,0x0e,0xff,0xff,0xf6,0x00,0x00,0x00,0xef,0xff,0xff,0xa0,0x00,0x00,0x00,0x00,0x00,0x00,0x00,
  0x8f,0xff,0xff,0xf1,0x00,0x00,0x00,0x8f,0xff,0xff,0xf5,0x00,0x00,0x00,0x00,0x00,0x00,0x03,0xff,0xff,0xff,0x90,0x00,0x00,
  0x00,0x1e,0xff,0xff,0xff,0x40,0x00,0x00,0x00,0x00,0x00,0x2e,0xff,0xff,0xff,0x10,0x00,0x00,0x00,0x06,0xff,0xff,0xff,0xf7,
  0x00,0x00,0x00,0x00,0x06,0xff,0xff,0xff,0xf7,0x00,0x00,0x00,0x00,0x00,0xaf,0xff,0xff,0xff,0xd8,0x31,0x01,0x37,0xdf,0xff,
  0xff,0xff,0xb0,0x00,0x00,0x00,0x00,0x00,0x0b,0xff,0xff,0xff,0xff,0xff,0xff,0xff,0xff,0xff,0xff,0xfc,0x00,0x00,0x00,0x00,
  0x00,0x00,0x00,0xbf,0xff,0xff,0xff,0xff,0xff,0xff,0xff,0xff,0xff,0xb1,0x00,0x00,0x00,0x00,0x00,0x00,0x00,0x07,0xff,0xff,
  0xff,0xff,0xff,0xff,0xff,0xff,0xf8,0x00,0x00,0x00,0x00,0x00,0x00,0x00,0x00,0x00,0x19,0xff,0xff,0xff,0xff,0xff,0xff,0xfa,
  0x20,0x00,0x00,0x00,0x00,0x00,0x00,0x00,0x00,0x00,0x00,0x05,0x9c,0xef,0xff,0xec,0x95,0x00,0x00,0x00,0x00,0x00,0x00,0x00,
  0xef,0xff,0xff,0xff,0xff,0xff,0xff,0xff,0xff,0xff,0xff,0xff,0xff,0xff,0xff,0xff,0x60,0xef,0xff,0xff,0xff,0xff,0xff,0xff,
  0xff,0xff,0xff,0xff,0xff,0xff,0xff,0xff,0xff,0x60,0xef,0xff,0xff,0xff,0xff,0xff,0xff,0xff,0xff,0xff,0xff,0xff,0xff,0xff,
  0xff,0xff,0x60,0xef,0xff,0xff,0xff,0xff,0xff,0xff,0xff,0xff,0xff,0xff,0xff,0xff,0xff,0xff,0xff,0x60,0xef,0xff,0xff,0xff,
  0xff,0xff,0xff,0xff,0xff,0xff,0xff,0xff,0xff,0xff,0xff,0xff,0x60,0x00,0x00,0x00,0x00,0x00,0x00,0x0c,0xff,0xff,0xf2,0x00,
  0x00,0x00,0x00,0x00,0x00,0x00,0x00,0x00,0x00,0x00,0x00,0x00,0x0c,0xff,0xff,0xf2,0x00,0x00,0x00,0x00,0x00,0x00,0x00,0x00,
  0x00,0x00,0x00,0x00,0x00,0x0c,0xff,0xff,0xf2,0x00,0x00,0x00,0x00,0x00,0x00,0x00,0x00,0x00,0x00,0x00,0x00,0x00,0x0c,0xff,
  0xff,0xf2,0x00,0x00,0x00,0x00,0x00,0x00,0x00,0x00,0x00,0x00,0x00,0x00,0x00,0x0c,0xff,0xff,0xf2,0x00,0x00,0x00,0x00,0x00,
  0x00,0x00,0x00,0x00,0x00,0x00,0x00,0x00,0x0c,0xff,0xff,0xf2,0x00,0x00,0x00,0x00,0x00,0x00,0x00,0x00,0x00,0x00,0x00,0x00,
  0x00,0x0c,0xff,0xff,0xf2,0x00,0x00,0x00,0x00,0x00,0x00,0x00,0x00,0x00,0x00,0x00,0x00,0x00,0x0c,0xff,0xff,0xf2,0x00,0x00,
  0x00,0x00,0x00,0x00,0x00,0x00,0x00,0x00,0x00,0x00,0x00,0x0c,0xff,0xff,0xf2,0x00,0x00,0x00,0x00,0x00,0x00,0x00,0x00,0x00,
  0x00,0x00,0x00,0x00,0x0c,0xff,0xff,0xf2,0x00,0x00,0x00,0x00,0x00,0x00,0x00,0x00,0x00,0x00,0x00,0x00,0x00,0x0c,0xff,0xff,
  0xf2,0x00,0x00,0x00,0x00,0x00,0x00,0x00,0x00,0x00,0x00,0x00,0x00,0x00,0x0c,0xff,0xff,0xf2,0x00,0x00,0x00,0x00,0x00,0x00,
  0x00,0x00,0x00,0x00,0x00,0x00,0x00,0x0c,0xff,0xff,0xf2,0x00,0x00,0x00,0x00,0x00,0x00,0x00,0x00,0x00,0x00,0x00,0x00,0x00,
  0x0c,0xff,0xff,0xf2,0x00,0x00,0x00,0x00,0x00,0x00,0x00,0x00,0x00,0x00,0x00,0x00,0x00,0x0c,0xff,0xff,0xf2,0x00,0x00,0x00,
  0x00,0x00,0x00,0x00,0x00,0x00,0x00,0x00,0x00,0x00,0x0c,0xff,0xff,0xf2,0x00,0x00,0x00,0x00,0x00,0x00,0x00,0x00,0x00,0x00,
  0x00,0x00,0x00,0x0c,0xff,0xff,0xf2,0x00,0x00,0x00,0x00,0x00,0x00,0x00,0x00,0x00,0x00,0x00,0x00,0x00,0x0b,0xff,0xff,0xf2,
  0x00,0x00,0x00,0x00,0x00,0x00,0x00,0x00,0x00,0x00,0x00,0x00,0x00,0x0a,0xff,0xff,0xf2,0x00,0x00,0x00,0x00,0x00,0x00,0x00,
  0x00,0x00,0x00,0x00,0x00,0x00,0x0a,0xff,0xff,0xf3,0x00,0x00,0x00,0x00,0x00,0x00,0x00,0x00,0x00,0x00,0x00,0x00,0x00,0x08,
  0xff,0xff,0xf4,0x00,0x00,0x00,0x00,0x00,0x00,0x00,0x00,0x00,0x00,0x00,0x00,0x00,0x05,0xff,0xff,0xf7,0x00,0x00,0x00,0x00,
  0x00,0x00,0x00,0x00,0x00,0x00,0x00,0x00,0x00,0x02,0xff,0xff,0xfb,0x00,0x00,0x00,0x00,0x00,0x00,0x00,0x00,0x00,0x00,0x00,
  0x00,0x00,0x00,0xef,0xff,0xff,0x40,0x00,0x00,0x00,0x00,0x00,0x00,0x00,0x00,0x00,0x00,0x00,0x00,0x00,0x8f,0xff,0xff,0xf9,
  0x31,0x00,0x00,0x00,0x00,0x00,0x00,0x00,0x00,0x00,0x00,0x00,0x00,0x1f,0xff,0xff,0xff,0xff,0xff,0xf7,0x00,0x00,0x00,0x00,
  0x00,0x00,0x00,0x00,0x00,0x00,0x07,0xff,0xff,0xff,0xff,0xff,0xf7,0x00,0x00,0x00,0x00,0x00,0x00,0x00,0x00,0x00,0x00,0x00,
  0x8f,0xff,0xff,0xff,0xff,0xf7,0x00,0x00,0x00,0x00,0x00,0x00,0x00,0x00,0x00,0x00,0x00,0x05,0xef,0xff,0xff,0xff,0xf7,0x00,
  0x00,0x00,0x00,0x00,0x00,0x00,0x00,0x00,0x00,0x00,0x00,0x05,0x9c,0xef,0xff,0xf7,0x00,0x00,0x00,0x00,0x00,0x00,0x00,0x00,
  0x49,0xd1,0x00,0x00,0x05,0xae,0xff,0xd9,0x30,0x00,0x00,0x00,0x00,0x00,0x00,0x00,0x00,0x7e,0xff,0xf2,0x00,0x01,0xcf,0xff,
  0xff,0xff,0xfc,0x20,0x00,0x00,0x00,0x00,0x00,0x00,0x3d,0xff,0xff,0xf2,0x00,0x0d,0xff,0xff,0xff,0xff,0xff,0xf6,0x00,0x00,
  0x00,0x00,0x00,0x04,0xff,0xff,0xff,0xf2,0x00,0x8f,0xff,0xff,0xff,0xff,0xff,0xff,0x80,0x00,0x00,0x00,0x00,0x5f,0xff,0xff,
  0xff,0xf2,0x00,0xff,0xff,0xff,0xee,0xff,0xff,0xff,0xf7,0x00,0x00,0x00,0x02,0xff,0xff,0xff,0xfd,0x40,0x05,0xff,0xff,0xfb,
  0x00,0x7f,0xff,0xff,0xff,0x40,0x00,0x00,0x0c,0xff,0xff,0xff,0xc0,0x00,0x08,0xff,0xff,0xf3,0x00,0x04,0xff,0xff,0xff,0xe0,
  0x00,0x00,0x5f,0xff,0xff,0xfd,0x00,0x00,0x0b,0xff,0xff,0xf0,0x00,0x00,0x7f,0xff,0xff,0xf7,0x00,0x00,0xcf,0xff,0xff,0xf2,
  0x00,0x00,0x0c,0xff,0xff,0xe0,0x00,0x00,0x0c,0xff,0xff,0xfe,0x00,0x03,0xff,0xff,0xff,0x80,0x00,0x00,0x0d,0xff,0xff,0xe0,
  0x00,0x00,0x03,0xff,0xff,0xff,0x40,0x08,0xff,0xff,0xff,0x10,0x00,0x00,0x0d,0xff,0xff,0xe0,0x00,0x00,0x00,0xcf,0xff,0xff,
  0x90,0x0c,0xff,0xff,0xfa,0x00,0x00,0x00,0x0d,0xff,0xff,0xe0,0x00,0x00,0x00,0x7f,0xff,0xff,0xd0,0x0f,0xff,0xff,0xf4,0x00,
  0x00,0x00,0x0d,0xff,0xff,0xe0,0x00,0x00,0x00,0x2f,0xff,0xff,0xf0,0x2f,0xff,0xff,0xf1,0x00,0x00,0x00,0x0d,0xff,0xff,0xe0,
  0x00,0x00,0x00,0x0f,0xff,0xff,0xf3,0x4f,0xff,0xff,0xe0,0x00,0x00,0x00,0x0d,0xff,0xff,0xe0,0x00,0x00,0x00,0x0c,0xff,0xff,
  0xf5,0x6f,0xff,0xff,0xb0,0x00,0x00,0x00,0x0d,0xff,0xff,0xe0,0x00,0x00,0x00,0x0a,0xff,0xff,0xf6,0x7f,0xff,0xff,0xa0,0x00,
  0x00,0x00,0x0d,0xff,0xff,0xe0,0x00,0x00,0x00,0x0a,0xff,0xff,0xf7,0x7f,0xff,0xff,0x90,0x00,0x00,0x00,0x0d,0xff,0xff,0xe0,
  0x00,0x00,0x00,0x09,0xff,0xff,0xf8,0x7f,0xff,0xff,0x90,0x00,0x00,0x00,0x0d,0xff,0xff,0xe0,0x00,0x00,0x00,0x08,0xff,0xff,
  0xf8,0x7f,0xff,0xff,0xa0,0x00,0x00,0x00,0x0d,0xff,0xff,0xe0,0x00,0x00,0x00,0x09,0xff,0xff,0xf7,0x6f,0xff,0xff,0xa0,0x00,
  0x00,0x00,0x0d,0xff,0xff,0xe0,0x00,0x00,0x00,0x09,0xff,0xff,0xf7,0x5f,0xff,0xff,0xc0,0x00,0x00,0x00,0x0d,0xff,0xff,0xe0,
  0x00,0x00,0x00,0x0b,0xff,0xff,0xf5,0x3f,0xff,0xff,0xe0,0x00,0x00,0x00,0x0d,0xff,0xff,0xe0,0x00,0x00,0x00,0x0d,0xff,0xff,
  0xf3,0x0f,0xff,0xff,0xf1,0x00,0x00,0x00,0x0d,0xff,0xff,0xe0,0x00,0x00,0x00,0x0f,0xff,0xff,0xf1,0x0d,0xff,0xff,0xf5,0x00,
  0x00,0x00,0x0d,0xff,0xff,0xe0,0x00,0x00,0x00,0x3f,0xff,0xff,0xd0,0x09,0xff,0xff,0xfb,0x00,0x00,0x00,0x0d,0xff,0xff,0xe0,
  0x00,0x00,0x00,0x8f,0xff,0xff,0x90,0x04,0xff,0xff,0xff,0x10,0x00,0x00,0x0d,0xff,0xff,0xe0,0x00,0x00,0x00,0xef,0xff,0xff,
  0x40,0x00,0xef,0xff,0xff,0x90,0x00,0x00,0x0d,0xff,0xff,0xe0,0x00,0x00,0x07,0xff,0xff,0xfe,0x00,0x00,0x8f,0xff,0xff,0xf3,
  0x00,0x00,0x0d,0xff,0xff,0xe0,0x00,0x00,0x3f,0xff,0xff,0xf8,0x00,0x00,0x1e,0xff,0xff,0xfe,0x10,0x00,0x0d,0xff,0xff,0xe0,
  0x00,0x03,0xef,0xff,0xff,0xe1,0x00,0x00,0x06,0xff,0xff,0xff,0xd2,0x00,0x0d,0xff,0xff,0xe0,0x00,0x5f,0xff,0xff,0xff,0x60,
  0x00,0x00,0x00,0xbf,0xff,0xff,0xff,0x93,0x1d,0xff,0xff,0xe1,0x5b,0xff,0xff,0xff,0xfb,0x00,0x00,0x00,0x00,0x0c,0xff,0xff,
  0xff,0xff,0xff,0xff,0xff,0xff,0xff,0xff,0xff,0xff,0xd1,0x00,0x00,0x00,0x00,0x01,0xcf,0xff,0xff,0xff,0xff,0xff,0xff,0xff,
  0xff,0xff,0xff,0xfd,0x10,0x00,0x00,0x00,0x00,0x00,0x09,0xff,0xff,0xff,0xff,0xff,0xff,0xff,0xff,0xff,0xff,0xa1,0x00,0x00,
  0x00,0x00,0x00,0x00,0x00,0x4c,0xff,0xff,0xff,0xff,0xff,0xff,0xff,0xff,0xd5,0x00,0x00,0x00,0x00,0x00,0x00,0x00,0x00,0x00,
  0x38,0xbe,0xff,0xff,0xff,0xff,0xec,0x83,0x00,0x00,0x00,0x00,0x00,0x00,0x00,0x00,0x00,0x00,0x00,0x00,0x0d,0xff,0xff,0xe0,
  0x00,0x00,0x00,0x00,0x00,0x00,0x00,0x00,0x00,0x00,0x00,0x00,0x00,0x00,0x0d,0xff,0xff,0xe0,0x00,0x00,0x00,0x00,0x00,0x00,
  0x00,0x00,0x00,0x00,0x00,0x00,0x00,0x00,0x0d,0xff,0xff,0xe0,0x00,0x00,0x00,0x00,0x00,0x00,0x00,0x00,0x00,0x00,0x00,0x00,
  0x00,0x00,0x0d,0xff,0xff,0xe0,0x00,0x00,0x00,0x00,0x00,0x00,0x00,0x00,0x00,0x00,0x00,0x00,0x00,0x00,0x0d,0xff,0xff,0xe0,
  0x00,0x00,0x00,0x00,0x00,0x00,0x00,0x00,0x00,0x00,0x00,0x00,0x00,0x00,0x0d,0xff,0xff,0xe0,0x00,0x00,0x00,0x00,0x00,0x00,
  0x00,0x00,0x00,0x00,0x00,0x00,0x00,0x00,0x0d,0xff,0xff,0xe0,0x00,0x00,0x00,0x00,0x00,0x00,0x00,0x00,0x00,0x00,0x00,0x00,
  0x00,0x00,0x0d,0xff,0xff,0xe0,0x00,0x00,0x00,0x00,0x00,0x00,0x00,0x00,0x00,0x00,0x00,0x00,0x00,0x00,0x0d,0xff,0xff,0xe0,
  0x00,0x00,0x00,0x00,0x00,0x00,0x00,0x00,0x00,0x00,0x00,0x00,0x00,0x00,0x0d,0xff,0xff,0xe0,0x00,0x00,0x00,0x00,0x00,0x00,
  0x00,0x00,0x00,0x00,0x00,0x00,0x00,0x00,0x0d,0xff,0xff,0xe0,0x00,0x00,0x00,0x00,0x00,0x00,0x00,0x00,0x00,0x00,0x00,0x00,
  0x00,0x00,0x0d,0xff,0xff,0xe0,0x00,0x00,0x00,0x00,0x00,0x00,0x00,0x8f,0xff,0xff,0x50,0x00,0x00,0x00,0x0d,0xff,0xff,0xe0,
  0x00,0x00,0x00,0x04,0xff,0xff,0xf8,0x8f,0xff,0xff,0x50,0x00,0x00,0x00,0x0d,0xff,0xff,0xe0,0x00,0x00,0x00,0x04,0xff,0xff,
  0xf8,0x8f,0xff,0xff,0x50,0x00,0x00,0x00,0x0d,0xff,0xff,0xe0,0x00,0x00,0x00,0x04,0xff,0xff,0xf8,0x8f,0xff,0xff,0x50,0x00,
  0x00,0x00,0x0d,0xff,0xff,0xe0,0x00,0x00,0x00,0x04,0xff,0xff,0xf8,0x8f,0xff,0xff,0x50,0x00,0x00,0x00,0x0d,0xff,0xff,0xe0,
  0x00,0x00,0x00,0x04,0xff,0xff,0xf8,0x8f,0xff,0xff,0x50,0x00,0x00,0x00,0x0d,0xff,0xff,0xe0,0x00,0x00,0x00,0x04,0xff,0xff,
  0xf8,0x8f,0xff,0xff,0x50,0x00,0x00,0x00,0x0d,0xff,0xff,0xe0,0x00,0x00,0x00,0x04,0xff,0xff,0xf8,0x8f,0xff,0xff,0x50,0x00,
  0x00,0x00,0x0d,0xff,0xff,0xe0,0x00,0x00,0x00,0x04,0xff,0xff,0xf8,0x8f,0xff,0xff,0x50,0x00,0x00,0x00,0x0d,0xff,0xff,0xe0,
  0x00,0x00,0x00,0x04,0xff,0xff,0xf8,0x8f,0xff,0xff,0x50,0x00,0x00,0x00,0x0d,0xff,0xff,0xe0,0x00,0x00,0x00,0x04,0xff,0xff,
  0xf8,0x8f,0xff,0xff,0x50,0x00,0x00,0x00,0x0d,0xff,0xff,0xe0,0x00,0x00,0x00,0x04,0xff,0xff,0xf8,0x8f,0xff,0xff,0x50,0x00,
  0x00,0x00,0x0d,0xff,0xff,0xe0,0x00,0x00,0x00,0x04,0xff,0xff,0xf8,0x8f,0xff,0xff,0x50,0x00,0x00,0x00,0x0d,0xff,0xff,0xe0,
  0x00,0x00,0x00,0x04,0xff,0xff,0xf8,0x8f,0xff,0xff,0x50,0x00,0x00,0x00,0x0d,0xff,0xff,0xe0,0x00,0x00,0x00,0x04,0xff,0xff,
  0xf8,0x8f,0xff,0xff,0x50,0x00,0x00,0x00,0x0d,0xff,0xff,0xe0,0x00,0x00,0x00,0x04,0xff,0xff,0xf8,0x8f,0xff,0xff,0x50,0x00,
  0x00,0x00,0x0d,0xff,0xff,0xe0,0x00,0x00,0x00,0x04,0xff,0xff,0xf8,0x8f,0xff,0xff,0x50,0x00,0x00,0x00,0x0d,0xff,0xff,0xe0,
  0x00,0x00,0x00,0x04,0xff,0xff,0xf8,0x8f,0xff,0xff,0x50,0x00,0x00,0x00,0x0d,0xff,0xff,0xe0,0x00,0x00,0x00,0x04,0xff,0xff,
  0xf8,0x8f,0xff,0xff,0x50,0x00,0x00,0x00,0x0d,0xff,0xff,0xe0,0x00,0x00,0x00,0x04,0xff,0xff,0xf8,0x8f,0xff,0xff,0x50,0x00,
  0x00,0x00,0x0d,0xff,0xff,0xe0,0x00,0x00,0x00,0x04,0xff,0xff,0xf8,0x7f,0xff,0xff,0x50,0x00,0x00,0x00,0x0d,0xff,0xff,0xe0,
  0x00,0x00,0x00,0x04,0xff,0xff,0xf8,0x7f,0xff,0xff,0x60,0x00,0x00,0x00,0x0d,0xff,0xff,0xe0,0x00,0x00,0x00,0x05,0xff,0xff,
  0xf7,0x6f,0xff,0xff,0x70,0x00,0x00,0x00,0x0d,0xff,0xff,0xe0,0x00,0x00,0x00,0x06,0xff,0xff,0xf7,0x4f,0xff,0xff,0x90,0x00,
  0x00,0x00,0x0d,0xff,0xff,0xe0,0x00,0x00,0x00,0x09,0xff,0xff,0xf5,0x2f,0xff,0xff,0xd0,0x00,0x00,0x00,0x0d,0xff,0xff,0xe0,
  0x00,0x00,0x00,0x0d,0xff,0xff,0xf3,0x0e,0xff,0xff,0xf1,0x00,0x00,0x00,0x0d,0xff,0xff,0xe0,0x00,0x00,0x00,0x2f,0xff,0xff,
  0xf0,0x0a,0xff,0xff,0xf8,0x00,0x00,0x00,0x0d,0xff,0xff,0xe0,0x00,0x00,0x00,0x9f,0xff,0xff,0xb0,0x04,0xff,0xff,0xff,0x30,
  0x00,0x00,0x0d,0xff,0xff,0xe0,0x00,0x00,0x03,0xff,0xff,0xff,0x60,0x00,0xdf,0xff,0xff,0xe2,0x00,0x00,0x0d,0xff,0xff,0xe0,
  0x00,0x00,0x2e,0xff,0xff,0xfe,0x00,0x00,0x4f,0xff,0xff,0xff,0x70,0x00,0x0d,0xff,0xff,0xe0,0x00,0x06,0xff,0xff,0xff,0xf6,
  0x00,0x00,0x09,0xff,0xff,0xff,0xfe,0x94,0x1d,0xff,0xff,0xe2,0x49,0xef,0xff,0xff,0xff,0xa0,0x00,0x00,0x00,0xaf,0xff,0xff,
  0xff,0xff,0xff,0xff,0xff,0xff,0xff,0xff,0xff,0xff,0xfb,0x00,0x00,0x00,0x00,0x07,0xff,0xff,0xff,0xff,0xff,0xff,0xff,0xff,
  0xff,0xff,0xff,0xff,0x70,0x00,0x00,0x00,0x00,0x00,0x2a,0xff,0xff,0xff,0xff,0xff,0xff,0xff,0xff,0xff,0xff,0xa2,0x00,0x00,
  0x00,0x00,0x00,0x00,0x00,0x29,0xef,0xff,0xff,0xff,0xff,0xff,0xff,0xfd,0x82,0x00,0x00,0x00,0x00,0x00,0x00,0x00,0x00,0x00,
  0x03,0x7a,0xdf,0xff,0xff,0xfd,0xa7,0x30,0x00,0x00,0x00,0x00,0x00,0x00,0x00,0x00,0x00,0x00,0x00,0x00,0x0d,0xff,0xff,0xe0,
  0x00,0x00,0x00,0x00,0x00,0x00,0x00,0x00,0x00,0x00,0x00,0x00,0x00,0x00,0x0d,0xff,0xff,0xe0,0x00,0x00,0x00,0x00,0x00,0x00,
  0x00,0x00,0x00,0x00,0x00,0x00,0x00,0x00,0x0d,0xff,0xff,0xe0,0x00,0x00,0x00,0x00,0x00,0x00,0x00,0x00,0x00,0x00,0x00,0x00,
  0x00,0x00,0x0d,0xff,0xff,0xe0,0x00,0x00,0x00,0x00,0x00,0x00,0x00,0x00,0x00,0x00,0x00,0x00,0x00,0x00,0x0d,0xff,0xff,0xe0,
  0x00,0x00,0x00,0x00,0x00,0x00,0x00,0x00,0x00,0x00,0x00,0x00,0x00,0x00,0x0d,0xff,0xff,0xe0,0x00,0x00,0x00,0x00,0x00,0x00,
  0x00,0x00,0x00,0x00,0x00,0x00,0x00,0x00,0x0d,0xff,0xff,0xe0,0x00,0x00,0x00,0x00,0x00,0x00,0x00,0x00,0x00,0x00,0x00,0x00,
  0x00,0x00,0x0d,0xff,0xff,0xe0,0x00,0x00,0x00,0x00,0x00,0x00,0x00,0x00,0x00,0x00,0x00,0x00,0x00,0x00,0x0d,0xff,0xff,0xe0,
  0x00,0x00,0x00,0x00,0x00,0x00,0x00,0x00,0x00,0x00,0x00,0x00,0x00,0x00,0x0d,0xff,0xff,0xe0,0x00,0x00,0x00,0x00,0x00,0x00,
  0x00,0x00,0x00,0x00,0x00,0x00,0x00,0x00,0x0d,0xff,0xff,0xe0,0x00,0x00,0x00,0x00,0x00,0x00,0x00,0x00,0x00,0x00,0x00,0x00,
  0x00,0x00,0x0d,0xff,0xff,0xe0,0x00,0x00,0x00,0x00,0x00,0x00,0x00,0x00,0x00,0x00,0x00,0x00,0x11,0x00,0x00,0x00,0x00,0x00,
  0x00,0x00,0x00,0x00,0x00,0x00,0x00,0x00,0x00,0x00,0x00,0x00,0x00,0x28,0xdf,0xff,0xfb,0x50,0x00,0x00,0x00,0x00,0x00,0x39,
  0xdf,0xff,0xd8,0x20,0x00,0x00,0x00,0x00,0x00,0x08,0xff,0xff,0xff,0xff,0xfc,0x20,0x00,0x00,0x00,0x1b,0xff,0xff,0xff,0xff,
  0xf9,0x00,0x00,0x00,0x00,0x00,0xaf,0xff,0xff,0xff,0xff,0xff,0xe3,0x00,0x00,0x01,0xdf,0xff,0xff,0xff,0xff,0xff,0xc1,0x00,
  0x00,0x00,0x08,0xff,0xff,0xff,0xff,0xff,0xff,0xfe,0x20,0x00,0x0c,0xff,0xff,0xff,0xff,0xff,0xff,0xfc,0x00,0x00,0x00,0x3f,
  0xff,0xfb,0x41,0x01,0x7f,0xff,0xff,0xc0,0x00,0x9f,0xff,0xff,0x93,0x11,0x49,0xff,0xff,0x80,0x00,0x00,0xbf,0xff,0x60,0x00,
  0x00,0x01,0xdf,0xff,0xf8,0x03,0xff,0xff,0xd2,0x00,0x00,0x00,0x3f,0xff,0xf1,0x00,0x02,0xff,0xf9,0x00,0x00,0x00,0x00,0x1d,
  0xff,0xff,0x2d,0xff,0xfd,0x10,0x00,0x00,0x00,0x04,0xff,0xf8,0x00,0x08,0xff,0xf1,0x00,0x00,0x00,0x00,0x02,0xff,0xff,0xef,
  0xff,0xe1,0x00,0x00,0x00,0x00,0x00,0xaf,0xfd,0x00,0x0c,0xff,0x90,0x00,0x00,0x00,0x00,0x00,0x5f,0xff,0xff,0xff,0x40,0x00,
  0x00,0x00,0x00,0x00,0x3f,0xff,0x10,0x0f,0xff,0x40,0x00,0x00,0x00,0x00,0x00,0x0b,0xff,0xff,0xfa,0x00,0x00,0x00,0x00,0x00,
  0x00,0x0f,0xff,0x40,0x0f,0xff,0x20,0x00,0x00,0x00,0x00,0x00,0x02,0xff,0xff,0xf2,0x00,0x00,0x00,0x00,0x00,0x00,0x0d,0xff,
  0x50,0x1f,0xff,0x00,0x00,0x00,0x00,0x00,0x00,0x00,0xaf,0xff,0xb0,0x00,0x00,0x00,0x00,0x00,0x00,0x0b,0xff,0x60,0x1f,0xff,
  0x10,0x00,0x00,0x00,0x00,0x00,0x00,0x7f,0xff,0xf1,0x00,0x00,0x00,0x00,0x00,0x00,0x0c,0xff,0x60,0x0f,0xff,0x20,0x00,0x00,
  0x00,0x00,0x00,0x00,0xef,0xff,0xf9,0x00,0x00,0x00,0x00,0x00,0x00,0x0d,0xff,0x50,0x0e,0xff,0x50,0x00,0x00,0x00,0x00,0x00,
  0x06,0xff,0xff,0xff,0x30,0x00,0x00,0x00,0x00,0x00,0x1f,0xff,0x30,0x0a,0xff,0xa0,0x00,0x00,0x00,0x00,0x00,0x1e,0xff,0xff,
  0xff,0xd0,0x00,0x00,0x00,0x00,0x00,0x6f,0xff,0x00,0x07,0xff,0xf2,0x00,0x00,0x00,0x00,0x00,0xbf,0xff,0xbf,0xff,0xf9,0x00,
  0x00,0x00,0x00,0x00,0xdf,0xfb,0x00,0x01,0xff,0xfc,0x00,0x00,0x00,0x00,0x09,0xff,0xfe,0x0a,0xff,0xff,0x70,0x00,0x00,0x00,
  0x08,0xff,0xf5,0x00,0x00,0x9f,0xff,0xc1,0x00,0x00,0x02,0xbf,0xff,0xf5,0x01,0xef,0xff,0xf9,0x00,0x00,0x00,0x7f,0xff,0xe0,
  0x00,0x00,0x1e,0xff,0xff,0xa6,0x57,0xbf,0xff,0xff,0xa0,0x00,0x4f,0xff,0xff,0xe8,0x55,0x7d,0xff,0xff,0x40,0x00,0x00,0x04,
  0xff,0xff,0xff,0xff,0xff,0xff,0xfd,0x00,0x00,0x07,0xff,0xff,0xff,0xff,0xff,0xff,0xf9,0x00,0x00,0x00,0x00,0x4f,0xff,0xff,
  0xff,0xff,0xff,0xd1,0x00,0x00,0x00,0x7f,0xff,0xff,0xff,0xff,0xff,0xa0,0x00,0x00,0x00,0x00,0x02,0xbf,0xff,0xff,0xff,0xf9,
  0x00,0x00,0x00,0x00,0x04,0xef,0xff,0xff,0xff,0xe6,0x00,0x00,0x00,0x00,0x00,0x00,0x02,0x7a,0xbb,0x96,0x10,0x00,0x00,0x00,
  0x00,0x00,0x04,0x9b,0xdb,0xa5,0x00,0x00,0x00,0x00,0x00,0x00,0x00,0x00,0x00,0x00,0x00,0x00,0x00,0x00,0x00,0x00,0x00,0x00,
  0x00,0x00,0x00,0x00,0x00,0x00,0x60,0x00,0x00,0x00,0x02,0x7b,0xdf,0xff,0xdb,0x84,0x00,0x00,0x00,0x00,0x00,0x00,0x00,0x00,
  0x00,0x00,0x2c,0xd0,0x00,0x00,0x06,0xdf,0xff,0xff,0xff,0xff,0xff,0xfa,0x50,0x00,0x00,0x00,0x00,0x00,0x00,0x00,0x06,0xff,
  0xd0,0x00,0x05,0xdf,0xff,0xff,0xff,0xff,0xff,0xff,0xff,0xfe,0x94,0x00,0x00,0x00,0x00,0x00,0x05,0xdf,0xff,0xd0,0x02,0xbf,
  0xff,0xff,0xff,0xff,0xff,0xff,0xff,0xff,0xff,0xff,0xea,0x63,0x10,0x02,0x59,0xef,0xff,0xff,0xd0,0x2f,0xff,0xff,0xff,0xff,
  0xff,0xff,0xff,0xff,0xff,0xff,0xff,0xff,0xff,0xff,0xff,0xff,0xff,0xff,0xff,0xb0,0x3f,0xff,0xff,0xfc,0x74,0x10,0x01,0x47,
  0xcf,0xff,0xff,0xff,0xff,0xff,0xff,0xff,0xff,0xff,0xff,0xf7,0x00,0x3f,0xff,0xfa,0x20,0x00,0x00,0x00,0x00,0x01,0x6b,0xff,
  0xff,0xff,0xff,0xff,0xff,0xff,0xff,0xfb,0x20,0x00,0x3f,0xfc,0x30,0x00,0x00,0x00,0x00,0x00,0x00,0x00,0x17,0xcf,0xff,0xff,
  0xff,0xff,0xff,0xfa,0x30,0x00,0x00,0x3f,0x80,0x00,0x00,0x00,0x00,0x00,0x00,0x00,0x00,0x00,0x01,0x69,0xce,0xff,0xec,0x95,
  0x10,0x00,0x00,0x00,0x24,0x00,0x00,0x00,0x00,0x00,0x00,0x00,0x00,0x00,0x00,0x00,0x00,0x00,0x00,0x00,0x00,0x00,0x00,0x00,
  0x00,0x00,0x00,0x00,0x00,0x00,0x00,0x00,0x00,0x00,0x00,0x00,0x00,0x00,0x00,0x00,0x00,0x00,0x00,0x00,0x00,0x00,0x00,0x00,
  0x00,0x00,0x00,0x00,0x00,0x00,0x00,0x00,0x00,0x00,0x00,0x00,0x00,0x00,0x00,0x00,0x00,0x00,0x70,0x00,0x00,0x00,0x02,0x7b,
  0xdf,0xff,0xdb,0x84,0x00,0x00,0x00,0x00,0x00,0x00,0x00,0x00,0x00,0x00,0x2c,0xd0,0x00,0x00,0x06,0xdf,0xff,0xff,0xff,0xff,
  0xff,0xfa,0x50,0x00,0x00,0x00,0x00,0x00,0x00,0x00,0x07,0xff,0xd0,0x00,0x05,0xdf,0xff,0xff,0xff,0xff,0xff,0xff,0xff,0xfe,
  0x94,0x00,0x00,0x00,0x00,0x00,0x06,0xdf,0xff,0xd0,0x02,0xbf,0xff,0xff,0xff,0xff,0xff,0xff,0xff,0xff,0xff,0xff,0xea,0x63,
  0x10,0x02,0x59,0xef,0xff,0xff,0xd0,0x2f,0xff,0xff,0xff,0xff,0xff,0xff,0xff,0xff,0xff,0xff,0xff,0xff,0xff,0xff,0xff,0xff,
  0xff,0xff,0xff,0xb0,0x3f,0xff,0xff,0xfd,0x84,0x10,0x01,0x47,0xcf,0xff,0xff,0xff,0xff,0xff,0xff,0xff,0xff,0xff,0xff,0xf8,
  0x00,0x3f,0xff,0xfb,0x30,0x00,0x00,0x00,0x00,0x01,0x6b,0xff,0xff,0xff,0xff,0xff,0xff,0xff,0xff,0xfb,0x20,0x00,0x3f,0xfd,
  0x40,0x00,0x00,0x00,0x00,0x00,0x00,0x00,0x17,0xcf,0xff,0xff,0xff,0xff,0xff,0xfa,0x30,0x00,0x00,0x3f,0xa0,0x00,0x00,0x00,
  0x00,0x00,0x00,0x00,0x00,0x00,0x01,0x69,0xce,0xff,0xec,0x95,0x10,0x00,0x00,0x00,0x36,0x00,0x00,0x00,0x00,0x00,0x00,0x00,
  0x00,0x00,0x00,0x00,0x00,0x00,0x00,0x00,0x00,0x00,0x00,0x00,0x00,0x00,0x00,0x00,0x00,0x00,0x00,0x00,0x00,0x00,0x00,0x00,
  0x00,0x00,0x00,0x00,0x00,0x78,0x00,0x00,0x00,0x00,0x00,0x00,0x00,0x00,0x00,0x00,0x00,0x00,0x00,0x00,0x00,0x00,0x00,0x00,
  0x00,0x04,0xff,0xa0,0x00,0x00,0x00,0x00,0x00,0x00,0x00,0x00,0x00,0x00,0x00,0x00,0x00,0x00,0x00,0x00,0x00,0x00,0x2f,0xff,
  0xfc,0x10,0x00,0x00,0x00,0x00,0x00,0x00,0x00,0x00,0x00,0x00,0x00,0x00,0x00,0x00,0x00,0x00,0x00,0xdf,0xff,0xff,0x80,0x00,
  0x00,0x00,0x00,0x00,0x00,0x00,0x00,0x00,0x00,0x00,0x00,0x00,0x00,0x00,0x00,0x0b,0xff,0xff,0xfc,0x00,0x00,0x00,0x00,0x00,
  0x00,0x00,0x00,0x00,0x00,0x00,0x00,0x00,0x00,0x00,0x00,0x00,0x7f,0xff,0xff,0xe1,0x00,0x00,0x00,0x00,0x00,0x00,0x00,0x00,
  0x00,0x00,0x00,0x00,0x00,0x00,0x00,0x00,0x04,0xff,0xff,0xff,0x30,0x00,0x00,0x00,0x00,0x00,0x00,0x00,0x00,0x00,0x00,0x00,
  0x00,0x00,0x00,0x00,0x00,0x2f,0xff,0xff,0xf6,0x00,0x00,0x00,0x00,0x00,0x00,0x00,0x00,0x00,0x00,0x00,0x00,0x00,0x00,0x00,
  0x00,0x00,0xdf,0xff,0xff,0x90,0x00,0x00,0x00,0x00,0x00,0x00,0x00,0x00,0x00,0x00,0x00,0x00,0x00,0x00,0x00,0x00,0x0b,0xff,
  0xff,0xfc,0x00,0x00,0x00,0x00,0x00,0x3f,0xff,0xff,0xff,0xff,0xff,0xff,0xff,0xff,0xff,0xff,0xff,0xff,0xff,0xff,0xff,0xff,
  0xff,0xff,0xff,0xd0,0x3f,0xff,0xff,0xff,0xff,0xff,0xff,0xff,0xff,0xff,0xff,0xff,0xff,0xff,0xff,0xff,0xff,0xff,0xff,0xff,
  0xd0,0x3f,0xff,0xff,0xff,0xff,0xff,0xff,0xff,0xff,0xff,0xff,0xff,0xff,0xff,0xff,0xff,0xff,0xff,0xff,0xff,0xd0,0x3f,0xff,
  0xff,0xff,0xff,0xff,0xff,0xff,0xff,0xff,0xff,0xff,0xff,0xff,0xff,0xff,0xff,0xff,0xff,0xff,0xd0,0x3f,0xff,0xff,0xff,0xff,
  0xff,0xff,0xff,0xff,0xff,0xff,0xff,0xff,0xff,0xff,0xff,0xff,0xff,0xff,0xff,0xd0,0x00,0x00,0x00,0x00,0x00,0x00,0x00,0x00,
  0x00,0x00,0xcf,0xff,0xff,0xb0,0x00,0x00,0x00,0x00,0x00,0x00,0x00,0x00,0x00,0x00,0x00,0x00,0x00,0x00,0x00,0x00,0x09,0xff,
  0xff,0xfe,0x10,0x00,0x00,0x00,0x00,0x00,0x00,0x00,0x00,0x00,0x00,0x00,0x00,0x00,0x00,0x00,0x00,0x5f,0xff,0xff,0xf3,0x00,
  0x00,0x00,0x00,0x00,0x00,0x00,0x00,0x00,0x00,0x00,0x00,0x00,0x00,0x00,0x00,0x02,0xff,0xff,0xff,0x60,0x00,0x00,0x00,0x00,
  0x00,0x00,0x00,0x00,0x00,0x00,0x00,0x00,0x00,0x00,0x00,0x00,0x0d,0xff,0xff,0xfa,0x00,0x00,0x00,0x00,0x00,0x00,0x00,0x00,
  0x00,0x00,0x00,0x00,0x00,0x00,0x00,0x00,0x00,0xaf,0xff,0xff,0xd0,0x00,0x00,0x00,0x00,0x00,0x00,0x00,0x00,0x00,0x00,0x00,
  0x00,0x00,0x00,0x00,0x00,0x06,0xff,0xff,0xff,0x20,0x00,0x00,0x00,0x00,0x00,0x00,0x00,0x00,0x00,0x00,0x00,0x00,0x00,0x00,
  0x00,0x00,0x2f,0xff,0xff,0xf6,0x00,0x00,0x00,0x00,0x00,0x00,0x00,0x00,0x00,0x00,0x3f,0xff,0xff,0xff,0xff,0xff,0xff,0xff,
  0xff,0xff,0xff,0xff,0xff,0xff,0xff,0xff,0xff,0xff,0xff,0xff,0xd0,0x3f,0xff,0xff,0xff,0xff,0xff,0xff,0xff,0xff,0xff,0xff,
  0xff,0xff,0xff,0xff,0xff,0xff,0xff,0xff,0xff,0xd0,0x3f,0xff,0xff,0xff,0xff,0xff,0xff,0xff,0xff,0xff,0xff,0xff,0xff,0xff,
  0xff,0xff,0xff,0xff,0xff,0xff,0xd0,0x3f,0xff,0xff,0xff,0xff,0xff,0xff,0xff,0xff,0xff,0xff,0xff,0xff,0xff,0xff,0xff,0xff,
  0xff,0xff,0xff,0xd0,0x3f,0xff,0xff,0xff,0xff,0xff,0xff,0xff,0xff,0xff,0xff,0xff,0xff,0xff,0xff,0xff,0xff,0xff,0xff,0xff,
  0xd0,0x00,0x00,0x00,0x00,0x04,0xff,0xff,0xff,0x40,0x00,0x00,0x00,0x00,0x00,0x00,0x00,0x00,0x00,0x00,0x00,0x00,0x00,0x00,
  0x00,0x00,0x2f,0xff,0xff,0xf7,0x00,0x00,0x00,0x00,0x00,0x00,0x00,0x00,0x00,0x00,0x00,0x00,0x00,0x00,0x00,0x00,0x00,0xdf,
  0xff,0xff,0xa0,0x00,0x00,0x00,0x00,0x00,0x00,0x00,0x00,0x00,0x00,0x00,0x00,0x00,0x00,0x00,0x00,0x0b,0xff,0xff,0xfc,0x00,
  0x00,0x00,0x00,0x00,0x00,0x00,0x00,0x00,0x00,0x00,0x00,0x00,0x00,0x00,0x00,0x00,0x8f,0xff,0xff,0xe1,0x00,0x00,0x00,0x00,
  0x00,0x00,0x00,0x00,0x00,0x00,0x00,0x00,0x00,0x00,0x00,0x00,0x05,0xff,0xff,0xff,0x30,0x00,0x00,0x00,0x00,0x00,0x00,0x00,
  0x00,0x00,0x00,0x00,0x00,0x00,0x00,0x00,0x00,0x1f,0xff,0xff,0xf6,0x00,0x00,0x00,0x00,0x00,0x00,0x00,0x00,0x00,0x00,0x00,
  0x00,0x00,0x00,0x00,0x00,0x00,0x06,0xff,0xff,0x90,0x00,0x00,0x00,0x00,0x00,0x00,0x00,0x00,0x00,0x00,0x00,0x00,0x00,0x00,
  0x00,0x00,0x00,0x00,0x4e,0xfc,0x00,0x00,0x00,0x00,0x00,0x00,0x00,0x00,0x00,0x00,0x00,0x00,0x00,0x00,0x00,0x00,0x00,0x00,
  0x00,0x02,0xc1,0x00,0x00,0x00,0x00,0x00,0x00,0x00,0x00,0x00,0x00,0x00,0x00,0x00,0x00,0x00,0x00,0x00,0x00,0x00,0x00,0x00,
  0x00,0x00,0x00,0x00,0x00,0x00,0x00,0x00,0x00,0x00,0x00,0x00,0x00,0x01,0x59,0xb0,0x00,0x00,0x00,0x00,0x00,0x00,0x00,0x00,
  0x00,0x00,0x00,0x00,0x00,0x00,0x00,0x00,0x00,0x37,0xcf,0xff,0xd0,0x00,0x00,0x00,0x00,0x00,0x00,0x00,0x00,0x00,0x00,0x00,
  0x00,0x00,0x00,0x00,0x15,0xae,0xff,0xff,0xff,0xd0,0x00,0x00,0x00,0x00,0x00,0x00,0x00,0x00,0x00,0x00,0x00,0x00,0x00,0x03,
  0x7c,0xff,0xff,0xff,0xff,0xff,0xd0,0x00,0x00,0x00,0x00,0x00,0x00,0x00,0x00,0x00,0x00,0x00,0x01,0x5a,0xef,0xff,0xff,0xff,
  0xff,0xff,0xff,0xd0,0x00,0x00,0x00,0x00,0x00,0x00,0x00,0x00,0x00,0x00,0x38,0xcf,0xff,0xff,0xff,0xff,0xff,0xff,0xff,0xfd,
  0x70,0x00,0x00,0x00,0x00,0x00,0x00,0x00,0x00,0x16,0xae,0xff,0xff,0xff,0xff,0xff,0xff,0xff,0xff,0xa6,0x10,0x00,0x00,0x00,
  0x00,0x00,0x00,0x00,0x03,0x8d,0xff,0xff,0xff,0xff,0xff,0xff,0xff,0xff,0xd8,0x40,0x00,0x00,0x00,0x00,0x00,0x00,0x00,0x01,
  0x6a,0xff,0xff,0xff,0xff,0xff,0xff,0xff,0xff,0xfa,0x61,0x00,0x00,0x00,0x00,0x00,0x00,0x00,0x00,0x48,0xdf,0xff,0xff,0xff,
  0xff,0xff,0xff,0xff,0xfd,0x84,0x00,0x00,0x00,0x00,0x00,0x00,0x00,0x00,0x26,0xbf,0xff,0xff,0xff,0xff,0xff,0xff,0xff,0xff,
  0xa6,0x10,0x00,0x00,0x00,0x00,0x00,0x00,0x00,0x00,0x2d,0xff,0xff,0xff,0xff,0xff,0xff,0xff,0xff,0xd8,0x40,0x00,0x00,0x00,
  0x00,0x00,0x00,0x00,0x00,0x00,0x00,0x3f,0xff,0xff,0xff,0xff,0xff,0xff,0xfa,0x61,0x00,0x00,0x00,0x00,0x00,0x00,0x00,0x00,
  0x00,0x00,0x00,0x00,0x3f,0xff,0xff,0xff,0xff,0xfd,0x84,0x00,0x00,0x00,0x00,0x00,0x00,0x00,0x00,0x00,0x00,0x00,0x00,0x00,
  0x00,0x3f,0xff,0xff,0xff,0xff,0xfc,0x83,0x00,0x00,0x00,0x00,0x00,0x00,0x00,0x00,0x00,0x00,0x00,0x00,0x00,0x00,0x3f,0xff,
  0xff,0xff,0xff,0xff,0xff,0xea,0x61,0x00,0x00,0x00,0x00,0x00,0x00,0x00,0x00,0x00,0x00,0x00,0x00,0x2d,0xff,0xff,0xff,0xff,
  0xff,0xff,0xff,0xff,0xd8,0x40,0x00,0x00,0x00,0x00,0x00,0x00,0x00,0x00,0x00,0x00,0x00,0x16,0xae,0xff,0xff,0xff,0xff,0xff,
  0xff,0xff,0xff,0xa6,0x10,0x00,0x00,0x00,0x00,0x00,0x00,0x00,0x00,0x00,0x00,0x00,0x38,0xcf,0xff,0xff,0xff,0xff,0xff,0xff,
  0xff,0xfd,0x84,0x00,0x00,0x00,0x00,0x00,0x00,0x00,0x00,0x00,0x00,0x00,0x01,0x5a,0xef,0xff,0xff,0xff,0xff,0xff,0xff,0xff,
  0xfb,0x62,0x00,0x00,0x00,0x00,0x00,0x00,0x00,0x00,0x00,0x00,0x00,0x03,0x8c,0xff,0xff,0xff,0xff,0xff,0xff,0xff,0xff,0xd9,
  0x40,0x00,0x00,0x00,0x00,0x00,0x00,0x00,0x00,0x00,0x00,0x00,0x15,0xae,0xff,0xff,0xff,0xff,0xff,0xff,0xff,0xff,0xb7,0x20,
  0x00,0x00,0x00,0x00,0x00,0x00,0x00,0x00,0x00,0x00,0x00,0x38,0xcf,0xff,0xff,0xff,0xff,0xff,0xff,0xff,0xfe,0x80,0x00,0x00,
  0x00,0x00,0x00,0x00,0x00,0x00,0x00,0x00,0x00,0x01,0x5a,0xef,0xff,0xff,0xff,0xff,0xff,0xff,0xd0,0x00,0x00,0x00,0x00,0x00,
  0x00,0x00,0x00,0x00,0x00,0x00,0x00,0x00,0x03,0x7c,0xff,0xff,0xff,0xff,0xff,0xd0,0x00,0x00,0x00,0x00,0x00,0x00,0x00,0x00,
  0x00,0x00,0x00,0x00,0x00,0x00,0x00,0x15,0xae,0xff,0xff,0xff,0xd0,0x00,0x00,0x00,0x00,0x00,0x00,0x00,0x00,0x00,0x00,0x00,
  0x00,0x00,0x00,0x00,0x00,0x00,0x37,0xcf,0xff,0xd0,0x00,0x00,0x00,0x00,0x00,0x00,0x00,0x00,0x00,0x00,0x00,0x00,0x00,0x00,
  0x00,0x00,0x00,0x00,0x01,0x59,0xb0,0x00,0x00,0x00,0x00,0x00,0x00,0x00,0x00,0x00,0x00,0x00,0x00,0x00,0x00,0x00,0x00,0x00,
  0x00,0x00,0x00,0x00,0x00,0x00,0x00,0x00,0x00,0x00,0x00,0x00,0x00,0x00,0x00,0x00,0x00,0x00,0x00,0x00,0x00,0x00,0x00,0x00,
  0x00,0x00,0x00,0x00,0x00,0x00,0x00,0x00,0x00,0x00,0x00,0x00,0x00,0x00,0x00,0x00,0x00,0x00,0x00,0x00,0x00,0x00,0x00,0x00,
  0x00,0x00,0x00,0x00,0x00,0x00,0x00,0x00,0x00,0x00,0x00,0x00,0x00,0x00,0x00,0x00,0x00,0x00,0x00,0x3f,0xff,0xff,0xff,0xff,
  0xff,0xff,0xff,0xff,0xff,0xff,0xff,0xff,0xff,0xff,0xff,0xff,0xff,0xff,0xff,0xd0,0x3f,0xff,0xff,0xff,0xff,0xff,0xff,0xff,
  0xff,0xff,0xff,0xff,0xff,0xff,0xff,0xff,0xff,0xff,0xff,0xff,0xd0,0x3f,0xff,0xff,0xff,0xff,0xff,0xff,0xff,0xff,0xff,0xff,
  0xff,0xff,0xff,0xff,0xff,0xff,0xff,0xff,0xff,0xd0,0x3f,0xff,0xff,0xff,0xff,0xff,0xff,0xff,0xff,0xff,0xff,0xff,0xff,0xff,
  0xff,0xff,0xff,0xff,0xff,0xff,0xd0,0x3f,0xff,0xff,0xff,0xff,0xff,0xff,0xff,0xff,0xff,0xff,0xff,0xff,0xff,0xff,0xff,0xff,
  0xff,0xff,0xff,0xd0,0x3c,0x83,0x00,0x00,0x00,0x00,0x00,0x00,0x00,0x00,0x00,0x00,0x00,0x00,0x00,0x00,0x00,0x00,0x00,0x00,
  0x00,0x3f,0xff,0xea,0x61,0x00,0x00,0x00,0x00,0x00,0x00,0x00,0x00,0x00,0x00,0x00,0x00,0x00,0x00,0x00,0x00,0x00,0x3f,0xff,
  0xff,0xff,0xc8,0x30,0x00,0x00,0x00,0x00,0x00,0x00,0x00,0x00,0x00,0x00,0x00,0x00,0x00,0x00,0x00,0x3f,0xff,0xff,0xff,0xff,
  0xff,0xa6,0x10,0x00,0x00,0x00,0x00,0x00,0x00,0x00,0x00,0x00,0x00,0x00,0x00,0x00,0x3f,0xff,0xff,0xff,0xff,0xff,0xff,0xfd,
  0x84,0x00,0x00,0x00,0x00,0x00,0x00,0x00,0x00,0x00,0x00,0x00,0x00,0x1a,0xef,0xff,0xff,0xff,0xff,0xff,0xff,0xff,0xfb,0x62,
  0x00,0x00,0x00,0x00,0x00,0x00,0x00,0x00,0x00,0x00,0x00,0x03,0x8c,0xff,0xff,0xff,0xff,0xff,0xff,0xff,0xff,0xd8,0x40,0x00,
  0x00,0x00,0x00,0x00,0x00,0x00,0x00,0x00,0x00,0x00,0x15,0xae,0xff,0xff,0xff,0xff,0xff,0xff,0xff,0xff,0xb6,0x20,0x00,0x00,
  0x00,0x00,0x00,0x00,0x00,0x00,0x00,0x00,0x00,0x38,0xcf,0xff,0xff,0xff,0xff,0xff,0xff,0xff,0xfd,0x94,0x00,0x00,0x00,0x00,
  0x00,0x00,0x00,0x00,0x00,0x00,0x00,0x01,0x5a,0xef,0xff,0xff,0xff,0xff,0xff,0xff,0xff,0xfb,0x72,0x00,0x00,0x00,0x00,0x00,
  0x00,0x00,0x00,0x00,0x00,0x00,0x03,0x8c,0xff,0xff,0xff,0xff,0xff,0xff,0xff,0xff,0xd9,0x40,0x00,0x00,0x00,0x00,0x00,0x00,
  0x00,0x00,0x00,0x00,0x00,0x15,0xae,0xff,0xff,0xff,0xff,0xff,0xff,0xff,0xff,0xa0,0x00,0x00,0x00,0x00,0x00,0x00,0x00,0x00,
  0x00,0x00,0x00,0x00,0x38,0xcf,0xff,0xff,0xff,0xff,0xff,0xff,0xd0,0x00,0x00,0x00,0x00,0x00,0x00,0x00,0x00,0x00,0x00,0x00,
  0x00,0x00,0x01,0x5a,0xef,0xff,0xff,0xff,0xff,0xd0,0x00,0x00,0x00,0x00,0x00,0x00,0x00,0x00,0x00,0x00,0x00,0x00,0x00,0x01,
  0x59,0xef,0xff,0xff,0xff,0xff,0xd0,0x00,0x00,0x00,0x00,0x00,0x00,0x00,0x00,0x00,0x00,0x00,0x00,0x37,0xcf,0xff,0xff,0xff,
  0xff,0xff,0xff,0xd0,0x00,0x00,0x00,0x00,0x00,0x00,0x00,0x00,0x00,0x00,0x15,0xae,0xff,0xff,0xff,0xff,0xff,0xff,0xff,0xff,
  0x90,0x00,0x00,0x00,0x00,0x00,0x00,0x00,0x00,0x03,0x8c,0xff,0xff,0xff,0xff,0xff,0xff,0xff,0xff,0xd8,0x40,0x00,0x00,0x00,
  0x00,0x00,0x00,0x00,0x01,0x6a,0xef,0xff,0xff,0xff,0xff,0xff,0xff,0xff,0xfb,0x62,0x00,0x00,0x00,0x00,0x00,0x00,0x00,0x00,
  0x38,0xcf,0xff,0xff,0xff,0xff,0xff,0xff,0xff,0xfd,0x84,0x00,0x00,0x00,0x00,0x00,0x00,0x00,0x00,0x16,0xaf,0xff,0xff,0xff,
  0xff,0xff,0xff,0xff,0xff,0xb6,0x10,0x00,0x00,0x00,0x00,0x00,0x00,0x00,0x04,0x8d,0xff,0xff,0xff,0xff,0xff,0xff,0xff,0xff,
  0xd8,0x40,0x00,0x00,0x00,0x00,0x00,0x00,0x00,0x00,0x1b,0xff,0xff,0xff,0xff,0xff,0xff,0xff,0xff,0xfa,0x61,0x00,0x00,0x00,
  0x00,0x00,0x00,0x00,0x00,0x00,0x00,0x3f,0xff,0xff,0xff,0xff,0xff,0xff,0xfd,0x83,0x00,0x00,0x00,0x00,0x00,0x00,0x00,0x00,
  0x00,0x00,0x00,0x00,0x3f,0xff,0xff,0xff,0xff,0xfe,0xa6,0x10,0x00,0x00,0x00,0x00,0x00,0x00,0x00,0x00,0x00,0x00,0x00,0x00,
  0x00,0x3f,0xff,0xff,0xff,0xc8,0x30,0x00,0x00,0x00,0x00,0x00,0x00,0x00,0x00,0x00,0x00,0x00,0x00,0x00,0x00,0x00,0x3f,0xff,
  0xea,0x61,0x00,0x00,0x00,0x00,0x00,0x00,0x00,0x00,0x00,0x00,0x00,0x00,0x00,0x00,0x00,0x00,0x00,0x3c,0x83,0x00,0x00,0x00,
  0x00,0x00,0x00,0x00,0x00,0x00,0x00,0x00,0x00,0x00,0x00,0x00,0x00,0x00,0x00,0x00,0x00,0x00,0x00,0x00,0x00,0x00,0x00,0x00,
  0x00,0x00,0x00,0x00,0x00,0x00,0x00,0x00,0x00,0x00,0x00,0x00,0x00,0x00,0x00,0x00,0x00,0x00,0x00,0x00,0x00,0x00,0x00,0x00,
  0x00,0x00,0x00,0x00,0x00,0x00,0x00,0x00,0x00,0x00,0x00,0x00,0x00,0x00,0x00,0x00,0x00,0x00,0x00,0x00,0x00,0x00,0x00,0x00,
  0x00,0x00,0x00,0x00,0x00,0x00,0x00,0x00,0x00,0x00,0x00,0x00,0x00,0x00,0x00,0x00,0x00,0x00,0x00,0x00,0x00,0x00,0x00,0x00,
  0x00,0x00,0x00,0x00,0x3f,0xff,0xff,0xff,0xff,0xff,0xff,0xff,0xff,0xff,0xff,0xff,0xff,0xff,0xff,0xff,0xff,0xff,0xff,0xff,
  0xd0,0x3f,0xff,0xff,0xff,0xff,0xff,0xff,0xff,0xff,0xff,0xff,0xff,0xff,0xff,0xff,0xff,0xff,0xff,0xff,0xff,0xd0,0x3f,0xff,
  0xff,0xff,0xff,0xff,0xff,0xff,0xff,0xff,0xff,0xff,0xff,0xff,0xff,0xff,0xff,0xff,0xff,0xff,0xd0,0x3f,0xff,0xff,0xff,0xff,
  0xff,0xff,0xff,0xff,0xff,0xff,0xff,0xff,0xff,0xff,0xff,0xff,0xff,0xff,0xff,0xd0,0x3f,0xff,0xff,0xff,0xff,0xff,0xff,0xff,
  0xff,0xff,0xff,0xff,0xff,0xff,0xff,0xff,0xff,0xff,0xff,0xff,0xd0,0x00,0x00,0x00,0x00,0x00,0x00,0x00,0x00,0x00,0xdf,0xff,
  0xf7,0x00,0x00,0x00,0x00,0x00,0x00,0x00,0x00,0x00,0x00,0x00,0x00,0x00,0x00,0x00,0x00,0x00,0x00,0xdf,0xff,0xf7,0x00,0x00,
  0x00,0x00,0x00,0x00,0x00,0x00,0x00,0x00,0x00,0x00,0x00,0x00,0x00,0x00,0x00,0x00,0xdf,0xff,0xf7,0x00,0x00,0x00,0x00,0x00,
  0x00,0x00,0x00,0x00,0x00,0x00,0x00,0x00,0x00,0x00,0x00,0x00,0x00,0xdf,0xff,0xf7,0x00,0x00,0x00,0x00,0x00,0x00,0x00,0x00,
  0x00,0x00,0x00,0x00,0x00,0x00,0x00,0x00,0x00,0x00,0xdf,0xff,0xf7,0x00,0x00,0x00,0x00,0x00,0x00,0x00,0x00,0x00,0x00,0x00,
  0x00,0x00,0x00,0x00,0x00,0x00,0x00,0xdf,0xff,0xf7,0x00,0x00,0x00,0x00,0x00,0x00,0x00,0x00,0x00,0x00,0x00,0x00,0x00,0x00,
  0x00,0x00,0x00,0x00,0xdf,0xff,0xf7,0x00,0x00,0x00,0x00,0x00,0x00,0x00,0x00,0x00,0x00,0x00,0x00,0x00,0x00,0x00,0x00,0x00,
  0x00,0xdf,0xff,0xf7,0x00,0x00,0x00,0x00,0x00,0x00,0x00,0x00,0x00,0x00,0x00,0x00,0x00,0x00,0x00,0x00,0x00,0x00,0xdf,0xff,
  0xf7,0x00,0x00,0x00,0x00,0x00,0x00,0x00,0x00,0x00,0x00,0x00,0x00,0x00,0x00,0x00,0x00,0x00,0x00,0xdf,0xff,0xf7,0x00,0x00,
  0x00,0x00,0x00,0x00,0x00,0x00,0x00,0x00,0x00,0x00,0x00,0x00,0x00,0x00,0x00,0x00,0xdf,0xff,0xf7,0x00,0x00,0x00,0x00,0x00,
  0x00,0x00,0x00,0x00,0x00,0x00,0x00,0x00,0x00,0x00,0x00,0x00,0x00,0xdf,0xff,0xf7,0x00,0x00,0x00,0x00,0x00,0x00,0x00,0x00,
  0x00,0x3f,0xff,0xff,0xff,0xff,0xff,0xff,0xff,0xff,0xff,0xff,0xff,0xff,0xff,0xff,0xff,0xff,0xff,0xff,0xff,0xd0,0x3f,0xff,
  0xff,0xff,0xff,0xff,0xff,0xff,0xff,0xff,0xff,0xff,0xff,0xff,0xff,0xff,0xff,0xff,0xff,0xff,0xd0,0x3f,0xff,0xff,0xff,0xff,
  0xff,0xff,0xff,0xff,0xff,0xff,0xff,0xff,0xff,0xff,0xff,0xff,0xff,0xff,0xff,0xd0,0x3f,0xff,0xff,0xff,0xff,0xff,0xff,0xff,
  0xff,0xff,0xff,0xff,0xff,0xff,0xff,0xff,0xff,0xff,0xff,0xff,0xd0,0x3f,0xff,0xff,0xff,0xff,0xff,0xff,0xff,0xff,0xff,0xff,
  0xff,0xff,0xff,0xff,0xff,0xff,0xff,0xff,0xff,0xd0,0x00,0x00,0x00,0x00,0x00,0x00,0x00,0x00,0x00,0xdf,0xff,0xf7,0x00,0x00,
  0x00,0x00,0x00,0x00,0x00,0x00,0x00,0x00,0x00,0x00,0x00,0x00,0x00,0x00,0x00,0x00,0xdf,0xff,0xf7,0x00,0x00,0x00,0x00,0x00,
  0x00,0x00,0x00,0x00,0x00,0x00,0x00,0x00,0x00,0x00,0x00,0x00,0x00,0xdf,0xff,0xf7,0x00,0x00,0x00,0x00,0x00,0x00,0x00,0x00,
  0x00,0x00,0x00,0x00,0x00,0x00,0x00,0x00,0x00,0x00,0xdf,0xff,0xf7,0x00,0x00,0x00,0x00,0x00,0x00,0x00,0x00,0x00,0x00,0x00,
  0x00,0x00,0x00,0x00,0x00,0x00,0x00,0xdf,0xff,0xf7,0x00,0x00,0x00,0x00,0x00,0x00,0x00,0x00,0x00,0x00,0x00,0x00,0x00,0x00,
  0x00,0x00,0x00,0x00,0xdf,0xff,0xf7,0x00,0x00,0x00,0x00,0x00,0x00,0x00,0x00,0x00,0x00,0x00,0x00,0x00,0x00,0x00,0x00,0x00,
  0x00,0xdf,0xff,0xf7,0x00,0x00,0x00,0x00,0x00,0x00,0x00,0x00,0x00,0x00,0x00,0x00,0x00,0x00,0x00,0x00,0x00,0x00,0xdf,0xff,
  0xf7,0x00,0x00,0x00,0x00,0x00,0x00,0x00,0x00,0x00,0x00,0x00,0x00,0x00,0x00,0x00,0x00,0x00,0x00,0xdf,0xff,0xf7,0x00,0x00,
  0x00,0x00,0x00,0x00,0x00,0x00,0x00,0x00,0x00,0x00,0x00,0x00,0x00,0x00,0x00,0x00,0xdf,0xff,0xf7,0x00,0x00,0x00,0x00,0x00,
  0x00,0x00,0x00,0x00,0x00,0x00,0x00,0x00,0x00,0x00,0x00,0x00,0x00,0xdf,0xff,0xf7,0x00,0x00,0x00,0x00,0x00,0x00,0x00,0x00,
  0x00,0x00,0x00,0x00,0x00,0x00,0x00,0x00,0x00,0x00,0xdf,0xff,0xf7,0x00,0x00,0x00,0x00,0x00,0x00,0x00,0x00,0x00,0x00,0x00,
  0x00,0x00,0x00,0x00,0x00,0x00,0x00,0x00,0x00,0x00,0x00,0x00,0x00,0x00,0x00,0x00,0x00,0x00,0x00,0x00,0x00,0x00,0x00,0x00,
  0x00,0x00,0x00,0x00,0x00,0x00,0x00,0x00,0x00,0x00,0x00,0x00,0x00,0x00,0x00,0x00,0x00,0x00,0x00,0x00,0x00,0x00,0x00,0x00,
  0x00,0x00,0x00,0x00,0x00,0x00,0x00,0x00,0x00,0x00,0x00,0x00,0x00,0x00,0x00,0x00,0x00,0x00,0x00,0x00,0x00,0x00,0x00,0x00,
  0x00,0x00,0x00,0x00,0x00,0x00,0x00,0x00,0x00,0x00,0x00,0x00,0x00,0x00,0x00,0x00,0x00,0x00,0x00,0x00,0x00,0x00,0x00,0x00,
  0x00,0x00,0x00,0x00,0x00,0x00,0x00,0x00,0x00,0x00,0x00,0x00,0x00,0x00,0x00,0x00,0x00,0x00,0x00,0x00,0x00,0x00,0x00,0x00,
  0x00,0x00,0x00,0x00,0x3f,0xff,0xff,0xff,0xff,0xff,0xff,0xff,0xff,0xff,0xff,0xff,0xff,0xff,0xff,0xff,0xff,0xff,0xff,0xff,
  0xd0,0x3f,0xff,0xff,0xff,0xff,0xff,0xff,0xff,0xff,0xff,0xff,0xff,0xff,0xff,0xff,0xff,0xff,0xff,0xff,0xff,0xd0,0x3f,0xff,
  0xff,0xff,0xff,0xff,0xff,0xff,0xff,0xff,0xff,0xff,0xff,0xff,0xff,0xff,0xff,0xff,0xff,0xff,0xd0,0x3f,0xff,0xff,0xff,0xff,
  0xff,0xff,0xff,0xff,0xff,0xff,0xff,0xff,0xff,0xff,0xff,0xff,0xff,0xff,0xff,0xd0,0x3f,0xff,0xff,0xff,0xff,0xff,0xff,0xff,
  0xff,0xff,0xff,0xff,0xff,0xff,0xff,0xff,0xff,0xff,0xff,0xff,0xd0,0x00,0x00,0x00,0x00,0x00,0x00,0x00,0x00,0x00,0x00,0x00,
  0x00,0x00,0x00,0x00,0x00,0x05,0xff,0xff,0xfc,0x00,0x00,0x00,0x00,0x00,0x00,0x00,0x00,0x00,0x00,0x00,0x00,0x00,0x00,0x00,
  0x00,0x0a,0xff,0xff,0xfc,0x00,0x00,0x00,0x00,0x00,0x00,0x00,0x00,0x00,0x00,0x00,0x00,0x00,0x00,0x00,0x00,0x1f,0xff,0xff,
  0xfc,0x00,0x00,0x00,0x00,0x00,0x00,0x00,0x00,0x00,0x00,0x00,0x00,0x00,0x00,0x00,0x00,0x6f,0xff,0x00,0x00,0x00,0x00,0x00,
  0x00,0x00,0x00,0x00,0x00,0x00,0x00,0x00,0x00,0x00,0x00,0x00,0x00,0xcf,0xfa,0x00,0x00,0x00,0x00,0x00,0x00,0x00,0x00,0x00,
  0x00,0x00,0x00,0x00,0x00,0x00,0x00,0x00,0x02,0xff,0xf4,0x00,0x00,0x00,0x00,0x00,0x00,0x00,0x00,0x00,0x00,0x00,0x00,0x00,
  0x00,0x00,0x00,0x00,0x08,0xff,0xe0,0x00,0x00,0x00,0x00,0x00,0x00,0x00,0x00,0x00,0x00,0x00,0x00,0x00,0x00,0x00,0x00,0x00,
  0x0e,0xff,0x80,0x00,0x00,0x00,0x00,0x00,0x00,0x00,0x00,0x00,0x00,0x00,0x00,0x00,0x00,0x00,0x00,0x00,0x4f,0xff,0x20,0x00,
  0x00,0x00,0x00,0x00,0x00,0x00,0x00,0x00,0x00,0x00,0x00,0x00,0x00,0x00,0x00,0x00,0xaf,0xfc,0x00,0x00,0x00,0x00,0x00,0x00,
  0x00,0x00,0x00,0x00,0x00,0x00,0x00,0x00,0x00,0x00,0x00,0x00,0xff,0xf6,0x00,0x00,0x00,0x00,0x00,0x00,0x00,0x00,0x00,0x00,
  0x00,0x00,0x00,0x00,0x00,0x00,0x00,0x05,0xff,0xf1,0x00,0x00,0x00,0x00,0x00,0x00,0x00,0x00,0x00,0x00,0x00,0x00,0x00,0x00,
  0x00,0x00,0x00,0x0b,0xff,0xa0,0x00,0x00,0x00,0x00,0x00,0x00,0x00,0x00,0x00,0x00,0x00,0x00,0x00,0x00,0x00,0x00,0x00,0x1f,
  0xff,0x40,0x00,0x00,0x00,0x00,0x00,0x00,0x00,0x00,0x00,0x00,0x00,0x00,0x00,0x00,0x00,0x00,0x00,0x7f,0xfe,0x00,0x00,0x00,
  0x00,0x00,0x00,0x00,0x00,0x00,0x00,0x00,0x00,0x00,0x00,0x00,0x00,0x00,0x00,0xdf,0xf8,0x00,0x00,0x00,0x00,0x00,0x00,0x00,
  0x00,0x00,0x00,0x00,0x00,0x00,0x00,0x00,0x00,0x00,0x03,0xff,0xf2,0x00,0x00,0x00,0x00,0x00,0x00,0x00,0x00,0x00,0x00,0x00,
  0x00,0x00,0x00,0x00,0x00,0x00,0x09,0xff,0xc0,0x00,0x00,0x00,0x00,0x00,0x00,0x00,0x00,0x00,0x00,0x00,0x00,0x00,0x00,0x00,
  0x00,0x00,0x0e,0xff,0x60,0x00,0x00,0x00,0x00,0x00,0x00,0x00,0x00,0x00,0x00,0x00,0x00,0x00,0x00,0x00,0x00,0x00,0x5f,0xff,
  0x10,0x00,0x00,0x00,0x00,0x00,0x00,0x00,0x00,0x00,0x00,0x00,0x00,0x00,0x00,0x00,0x00,0x00,0xbf,0xfb,0x00,0x00,0x00,0x00,
  0x00,0x00,0x00,0x00,0x00,0x15,0x00,0x00,0x00,0x00,0x00,0x00,0x00,0x01,0xff,0xf5,0x00,0x00,0x00,0x00,0x00,0x00,0x00,0x01,
  0x6b,0xff,0x20,0x00,0x00,0x00,0x00,0x00,0x00,0x06,0xff,0xe0,0x00,0x00,0x00,0x00,0x00,0x00,0x05,0xbf,0xff,0xff,0x70,0x00,
  0x00,0x00,0x00,0x00,0x00,0x0c,0xff,0x90,0x00,0x00,0x00,0x00,0x00,0x0a,0xff,0xff,0xff,0xff,0xd0,0x00,0x00,0x00,0x00,0x00,
  0x00,0x2f,0xff,0x30,0x00,0x00,0x00,0x00,0x00,0x0c,0xff,0xfd,0xff,0xff,0xf3,0x00,0x00,0x00,0x00,0x00,0x00,0x8f,0xfd,0x00,
  0x00,0x00,0x00,0x00,0x00,0x07,0xc6,0x11,0xff,0xff,0xf8,0x00,0x00,0x00,0x00,0x00,0x00,0xef,0xf7,0x00,0x00,0x00,0x00,0x00,
  0x00,0x00,0x00,0x00,0xbf,0xff,0xfe,0x00,0x00,0x00,0x00,0x00,0x04,0xff,0xf1,0x00,0x00,0x00,0x00,0x00,0x00,0x00,0x00,0x00,
  0x5f,0xff,0xff,0x40,0x00,0x00,0x00,0x00,0x0a,0xff,0xb0,0x00,0x00,0x00,0x00,0x00,0x00,0x00,0x00,0x00,0x0f,0xff,0xff,0xa0,
  0x00,0x00,0x00,0x00,0x0f,0xff,0x50,0x00,0x00,0x00,0x00,0x00,0x00,0x00,0x00,0x00,0x0a,0xff,0xff,0xf0,0x00,0x00,0x00,0x00,
  0x6f,0xff,0x00,0x00,0x00,0x00,0x00,0x00,0x00,0x00,0x00,0x00,0x04,0xff,0xff,0xf5,0x00,0x00,0x00,0x00,0xcf,0xf9,0x00,0x00,
  0x00,0x00,0x00,0x00,0x00,0x00,0x00,0x00,0x00,0xef,0xff,0xfb,0x00,0x00,0x00,0x02,0xff,0xf3,0x00,0x00,0x00,0x00,0x00,0x00,
  0x00,0x00,0x00,0x00,0x00,0x8f,0xff,0xff,0x10,0x00,0x00,0x07,0xff,0xd0,0x00,0x00,0x00,0x00,0x00,0x00,0x00,0x00,0x00,0x00,
  0x00,0x2f,0xff,0xff,0x70,0x00,0x00,0x0d,0xff,0x70,0x00,0x00,0x00,0x00,0x00,0x00,0x00,0x00,0x00,0x00,0x00,0x0d,0xff,0xff,
  0xc0,0x00,0x00,0x3f,0xff,0x20,0x00,0x00,0x00,0x00,0x00,0x00,0x00,0x00,0x00,0x00,0x00,0x07,0xff,0xff,0xf2,0x00,0x00,0x9f,
  0xfb,0x00,0x00,0x00,0x00,0x00,0x00,0x00,0x00,0x00,0x00,0x00,0x00,0x01,0xff,0xff,0xf8,0x00,0x00,0xff,0xf6,0x00,0x00,0x00,
  0x00,0x00,0x00,0x00,0x00,0x00,0x00,0x00,0x00,0x00,0xbf,0xff,0xfe,0x00,0x05,0xff,0xf0,0x00,0x00,0x00,0x00,0x00,0x00,0x00,
  0x00,0x00,0x00,0x00,0x00,0x00,0x5f,0xff,0xff,0x30,0x0b,0xff,0xa0,0x00,0x00,0x00,0x00,0x00,0x00,0x00,0x00,0x00,0x00,0x00,
  0x00,0x00,0x0f,0xff,0xff,0x90,0x1f,0xff,0x40,0x00,0x00,0x00,0x00,0x00,0x00,0x00,0x00,0x00,0x00,0x00,0x00,0x00,0x0a,0xff,
  0xff,0xe0,0x7f,0xfe,0x00,0x00,0x00,0x00,0x00,0x00,0x00,0x00,0x00,0x00,0x00,0x00,0x00,0x00,0x04,0xff,0xff,0xf5,0xdf,0xf8,
  0x00,0x00,0x00,0x00,0x00,0x00,0x00,0x00,0x00,0x00,0x00,0x00,0x00,0x00,0x00,0xef,0xff,0xfd,0xff,0xf2,0x00,0x00,0x00,0x00,
  0x00,0x00,0x00,0x00,0x00,0x00,0x00,0x00,0x00,0x00,0x00,0x8f,0xff,0xff,0xff,0xc0,0x00,0x00,0x00,0x00,0x00,0x00,0x00,0x00,
  0x00,0x00,0x00,0x00,0x00,0x00,0x00,0x2f,0xff,0xff,0xff,0x60,0x00,0x00,0x00,0x00,0x00,0x00,0x00,0x00,0x00,0x00,0x00,0x00,
  0x00,0x00,0x00,0x0c,0xff,0xff,0xff,0x10,0x00,0x00,0x00,0x00,0x00,0x00,0x00,0x00,0x00,0x00,0x00,0x00,0x00,0x00,0x00,0x07,
  0xff,0xff,0xfa,0x00,0x00,0x00,0x00,0x00,0x00,0x00,0x00,0x00,0x00,0x00,0x00,0x00,0x00,0x00,0x00,0x01,0xff,0xff,0xf4,0x00,
  0x00,0x00,0x00,0x00,0x00,0x00,0x00,0x00,0x00,0x00,0x00,0x00,0x00,0x00,0x00,0x00,0xbf,0xff,0xe0,0x00,0x00,0x00,0x00,0x00,
  0x00,0x00,0x00,0x00,0x00,0x00,0x00,0x00,0x00,0x00,0x00,0x00,0x5f,0xff,0x80,0x00,0x00,0x00,0x00,0x00,0x00,0x00,0x00,0x00,
  0x00,0x00,0x00,0x00,0x00,0x00,0x00,0x00,0x0f,0xff,0x20,0x00,0x00,0x00,0x00,0x00,0x00,0x00,0x00,0x00,0x00,0x00,0x00,0x00,
  0x00,0x00,0x00,0x00,0x09,0xfc,0x00,0x00,0x00,0x00,0x00,0x00,0x00,0x00,0x00,0x00,0x00,0x00,0x00,0x00,0x00,0x00,0x00,0x00,
  0xff,0xff,0xff,0xa0,0x00,0x00,0x00,0x00,0x00,0x00,0x00,0x00,0x00,0x00,0x00,0x00,0x00,0xff,0xff,0xff,0xa0,0x00,0x00,0x00,
  0x00,0x00,0x00,0x00,0x00,0x00,0x00,0x00,0x00,0x00,0xff,0xff,0xff,0xa0,0x00,0x00,0x00,0x00,0x00,0x00,0x00,0x00,0x00,0x00,
  0x00,0x00,0x00,0xff,0xff,0xff,0xa0,0x00,0x00,0x00,0x00,0x00,0x00,0x00,0x00,0x00,0x00,0x00,0x00,0x00,0xff,0xff,0xff,0xa0,
  0x00,0x00,0x00,0x00,0x00,0x00,0x00,0x00,0x00,0x00,0x00,0x00,0x00,0xff,0xff,0xff,0xa0,0x00,0x00,0x00,0x00,0x00,0x00,0x00,
  0x00,0x00,0x00,0x00,0x00,0x00,0xff,0xff,0xff,0xa0,0x00,0x00,0x00,0x00,0x00,0x00,0x00,0x00,0x00,0x00,0x00,0x00,0x00,0xff,
  0xff,0xff,0xa0,0x00,0x00,0x00,0x00,0x00,0x00,0x00,0x00,0x00,0x00,0x00,0x00,0x00,0x00,0x00,0x00,0x00,0x00,0x00,0x00,0x00,
  0x00,0x00,0x00,0x00,0x00,0x00,0x00,0x00,0x00,0x00,0x00,0x00,0x00,0x00,0x00,0x00,0x00,0x00,0x00,0x00,0x00,0x00,0x00,0x00,
  0x00,0x00,0x00,0x00,0x00,0x00,0x00,0x00,0x00,0x00,0x00,0x00,0x00,0x00,0x00,0x00,0x00,0x00,0x00,0x00,0x00,0x00,0x00,0x00,
  0x00,0x00,0x00,0x00,0x00,0x00,0x00,0x00,0x00,0x00,0x00,0x00,0x00,0x00,0x00,0x00,0x00,0x00,0x00,0x00,0x00,0x00,0x00,0x00,
  0x00,0x00,0x00,0x00,0x00,0x00,0x00,0x00,0x00,0x00,0x00,0x00,0x00,0x00,0x00,0x00,0x00,0x00,0x00,0x00,0x00,0x00,0x00,0x00,
  0x00,0x00,0x00,0x00,0x00,0x00,0x00,0x00,0x00,0x00,0x00,0x00,0x00,0x00,0x00,0x00,0x00,0x00,0x00,0x00,0x00,0x00,0x00,0x00,
  0x00,0x00,0x00,0x00,0x00,0x00,0x00,0x00,0x00,0x00,0x00,0x00,0x00,0x00,0x00,0x00,0x00,0x00,0x00,0x00,0x00,0x00,0x00,0x00,
  0x00,0x00,0x00,0x00,0x00,0x00,0x00,0x00,0x00,0x00,0x00,0x00,0x00,0x00,0x00,0x00,0x00,0x00,0x00,0x00,0x00,0x00,0x00,0x00,
  0x00,0x00,0x00,0x00,0x00,0x00,0x00,0x00,0x00,0x00,0x00,0x00,0x00,0x00,0x00,0x00,0x00,0x00,0x00,0x00,0x00,0x00,0x00,0x00,
  0x00,0x00,0x00,0x00,0x00,0x00,0x00,0x00,0x00,0x00,0x00,0x00,0x00,0x00,0x00,0x00,0x00,0x00,0x00,0x00,0x00,0x00,0x00,0x00,
  0x00,0x00,0x00,0x00,0x00,0x00,0x00,0x00,0x00,0x00,0x00,0x00,0x00,0x00,0x00,0x00,0x00,0x00,0x00,0x00,0x00,0x00,0x00,0x00,
  0x00,0x00,0x00,0x00,0x00,0x00,0x00,0x00,0x00,0x00,0x00,0x00,0x00,0x00,0x00,0x00,0x00,0x3f,0xff,0xff,0xf6,0x00,0x00,0x00,
  0x00,0x00,0x00,0x00,0x00,0x00,0x0a,0xff,0xff,0xff,0x3f,0xff,0xff,0xf6,0x00,0x00,0x00,0x00,0x00,0x00,0x00,0x00,0x00,0x0a,
  0xff,0xff,0xff,0x3f,0xff,0xff,0xf6,0x00,0x00,0x00,0x00,0x00,0x00,0x00,0x00,0x00,0x0a,0xff,0xff,0xff,0x3f,0xff,0xff,0xf6,
  0x00,0x00,0x00,0x00,0x00,0x00,0x00,0x00,0x00,0x0a,0xff,0xff,0xff,0x3f,0xff,0xff,0xf6,0x00,0x00,0x00,0x00,0x00,0x00,0x00,
  0x00,0x00,0x0a,0xff,0xff,0xff,0x3f,0xff,0xff,0xf6,0x00,0x00,0x00,0x00,0x00,0x00,0x00,0x00,0x00,0x0a,0xff,0xff,0xff,0x3f,
  0xff,0xff,0xf6,0x00,0x00,0x00,0x00,0x00,0x00,0x00,0x00,0x00,0x0a,0xff,0xff,0xff,0x3f,0xff,0xff,0xf6,0x00,0x00,0x00,0x00,
  0x00,0x00,0x00,0x00,0x00,0x0a,0xff,0xff,0xff,0x3f,0xff,0xff,0xf6,0x00,0x00,0x00,0x00,0x00,0x00,0x00,0x00,0x00,0x0a,0xff,
  0xff,0xff,0x3f,0xff,0xff,0xf6,0x00,0x00,0x00,0x00,0x00,0x00,0x00,0x00,0x00,0x0a,0xff,0xff,0xff,0x3f,0xff,0xff,0xf6,0x00,
  0x00,0x00,0x00,0x00,0x00,0x00,0x00,0x00,0x0a,0xff,0xff,0xff,0x3f,0xff,0xff,0xf6,0x00,0x00,0x00,0x00,0x00,0x00,0x00,0x00,
  0x00,0x0a,0xff,0xff,0xff,0x3f,0xff,0xff,0xf6,0x00,0x00,0x00,0x00,0x00,0x00,0x00,0x00,0x00,0x0a,0xff,0xff,0xff,0x3f,0xff,
  0xff,0xf6,0x00,0x00,0x00,0x00,0x00,0x00,0x00,0x00,0x00,0x0a,0xff,0xff,0xff,0x3f,0xff,0xff,0xf6,0x00,0x00,0x00,0x00,0x00,
  0x00,0x00,0x00,0x00,0x0a,0xff,0xff,0xff,0x3f,0xff,0xff,0xf6,0x00,0x00,0x00,0x00,0x00,0x00,0x00,0x00,0x00,0x0a,0xff,0xff,
  0xff,0x00,0x00,0x00,0x00,0x00,0x00,0x00,0x00,0x00,0x00,0x00,0x00,0x00,0x00,0x00,0x00,0x00,0x00,0x00,0x00,0x00,0x00,0x00,
  0x00,0x00,0x00,0x00,0x00,0x00,0x00,0x00,0x00,0x00,0x00,0x00,0x00,0x00,0x00,0x00,0x00,0x00,0x00,0x00,0x00,0x00,0x00,0x00,
  0x00,0x00,0x00,0x00,0x00,0x00,0x00,0x00,0x00,0x00,0x00,0x00,0x00,0x00,0x00,0x00,0x00,0x00,0x00,0x00,0x00,0x00,0x00,0x00,
  0x00,0x00,0x00,0x00,0x00,0x00,0x00,0x00,0x00,0x00,0x00,0x00,0x00,0x00,0x00,0x00,0x00,0x00,0x00,0x00,0x00,0x00,0x00,0x00,
  0x00,0x00,0x00,0x00,0x00,0x00,0x00,0x00,0x00,0x00,0x00,0x00,0x00,0x00,0x00,0x00,0x00,0x00,0x00,0x00,0x00,0x00,0x00,0x00,
  0x00,0x00,0x00,0x00,0x00,0x00,0x00,0x00,0x00,0x00,0x00,0x00,0x00,0x00,0x00,0x00,0x00,0x00,0x00,0x00,0x00,0x00,0x00,0x00,
  0x00,0x00,0x00,0x00,0x00,0x00,0x00,0x00,0x00,0x00,0x00,0x00,0x00,0x00,0x00,0x00,0x00,0x00,0x00,0x00,0x00,0x00,0x00,0x00,
  0x00,0x00,0x00,0x00,0x00,0x00,0x00,0x00,0x00,0x00,0x00,0x00,0x00,0x00,0x00,0x00,0x00,0x00,0x00,0x00,0x00,0x00,0x00,0x00,
  0x00,0x00,0x00,0x00,0x00,0x00,0x00,0x00,0x00,0x00,0x00,0x00,0x00,0x00,0x00,0x00,0x00,0x00,0x00,0x00,0x00,0x00,0x00,0x00,
  0x00,0x00,0x00,0x00,0x00,0x00,0x00,0x00,0x00,0x00,0x00,0x00,0x00,0x00,0x00,0x00,0x00,0x00,0x00,0x00,0x00,0x00,0x00,0x00,
  0x00,0x00,0x00,0x00,0x00,0x00,0x00,0x00,0x00,0x00,0x00,0x00,0x00,0x00,0x00,0x00,0x00,0x00,0x00,0x00,0x00,0x00,0x00,0x00,
  0x00,0x00,0x00,0x00,0x00,0x00,0x00,0x00,0x00,0x00,0x00,0x00,0x00,0x00,0x00,0x00,0xff,0xff,0xff,0xa0,0x00,0x00,0x00,0x00,
  0x00,0x00,0x00,0x00,0x00,0x00,0x00,0x00,0x00,0xff,0xff,0xff,0xa0,0x00,0x00,0x00,0x00,0x00,0x00,0x00,0x00,0x00,0x00,0x00,
  0x00,0x00,0xff,0xff,0xff,0xa0,0x00,0x00,0x00,0x00,0x00,0x00,0x00,0x00,0x00,0x00,0x00,0x00,0x00,0xff,0xff,0xff,0xa0,0x00,
  0x00,0x00,0x00,0x00,0x00,0x00,0x00,0x00,0x00,0x00,0x00,0x00,0xff,0xff,0xff,0xa0,0x00,0x00,0x00,0x00,0x00,0x00,0x00,0x00,
  0x00,0x00,0x00,0x00,0x00,0xff,0xff,0xff,0xa0,0x00,0x00,0x00,0x00,0x00,0x00,0x00,0x00,0x00,0x00,0x00,0x00,0x00,0xff,0xff,
  0xff,0xa0,0x00,0x00,0x00,0x00,0x00,0x00,0x00,0x00,0x00,0x00,0x00,0x00,0x00,0xff,0xff,0xff,0xa0,0x00,0x00,0x00,0x00,0x00,
  0x00,0x00,0x00,0x00,0x00,0x00,0x00,0x00,0x9a,0x70,0x00,0x00,0x00,0x00,0x00,0x00,0x00,0xff,0xb0,0x00,0x00,0x00,0x00,0x00,
  0x00,0x00,0xff,0xb0,0x00,0x00,0x00,0x00,0x00,0x00,0x00,0xff,0xb0,0x00,0x00,0x00,0x00,0x00,0x00,0x00,0xff,0xb0,0x00,0x00,
  0x00,0x00,0x00,0x00,0x00,0xff,0xb0,0x00,0x00,0x00,0x00,0x00,0x00,0x00,0xff,0xb0,0x00,0x00,0x00,0x00,0x00,0x00,0x00,0xff,
  0xb0,0x00,0x00,0x00,0x00,0x00,0x00,0x00,0xff,0xb0,0x00,0x00,0x00,0x00,0x00,0x00,0x00,0xff,0xb0,0x00,0x00,0x00,0x00,0x00,
  0x00,0x00,0xff,0xb0,0x00,0x00,0x00,0x00,0x00,0x00,0x00,0xff,0xb0,0x00,0x00,0x00,0x00,0x00,0x00,0x00,0xff,0xb0,0x00,0x00,
  0x00,0x00,0x00,0x00,0x00,0xff,0xb0,0x00,0x00,0x00,0x00,0x00,0x00,0x00,0xff,0xb0,0x00,0x00,0x00,0x00,0x00,0x00,0x00,0xff,
  0xb0,0x00,0x00,0x00,0x00,0x00,0x00,0x00,0xff,0xb0,0x00,0x00,0x00,0x00,0x00,0x00,0x00,0xff,0xb0,0x00,0x00,0x00,0x00,0x00,
  0x00,0x00,0xff,0xb0,0x00,0x00,0x00,0x00,0x00,0x00,0x00,0xff,0xb0,0x00,0x00,0x00,0x00,0x00,0x00,0x00,0xff,0xb0,0x00,0x00,
  0x00,0x00,0x00,0x00,0x00,0xff,0xb0,0x00,0x00,0x00,0x00,0x00,0x00,0x00,0xff,0xb0,0x00,0x00,0x00,0x00,0x00,0x00,0x00,0xff,
  0xb0,0x00,0x00,0x00,0x00,0x00,0x00,0x00,0xff,0xb0,0x00,0x00,0x00,0x00,0x00,0x00,0x00,0xff,0xb0,0x00,0x00,0x00,0x00,0x00,
  0x00,0x00,0xff,0xb0,0x00,0x00,0x00,0x00,0x00,0x00,0x00,0xff,0xb0,0x00,0x00,0x00,0x00,0x00,0x00,0x00,0xff,0xb0,0x00,0x00,
  0x00,0x00,0x00,0x00,0x00,0xff,0xb0,0x00,0x00,0x00,0x00,0x00,0x00,0x00,0xff,0xb0,0x00,0x00,0x00,0x00,0x00,0x00,0x00,0xff,
  0xb0,0x00,0x00,0x00,0x00,0x00,0x00,0x00,0xff,0xb0,0x00,0x00,0x00,0x00,0x00,0x00,0x00,0xff,0xb0,0x00,0x00,0x00,0x00,0x00,
  0x00,0x00,0xff,0xb0,0x00,0x00,0x00,0x00,0x00,0x00,0x00,0xff,0xb0,0x00,0x00,0x00,0x00,0x00,0x00,0x00,0xff,0xb0,0x00,0x00,
  0x26,0x8b,0xba,0x61,0x00,0xff,0xb0,0x00,0x5c,0xff,0xff,0xff,0xff,0x91,0xff,0xb0,0x08,0xff,0xff,0xff,0xff,0xff,0xff,0xff,
  0xb0,0x3f,0xff,0xff,0xff,0xff,0xff,0xff,0xff,0xb0,0x8f,0xff,0xff,0xff,0xff,0xff,0xff,0xff,0xa0,0x9f,0xff,0xff,0xff,0xff,
  0xff,0xff,0xff,0x70,0x6f,0xff,0xff,0xff,0xff,0xff,0xff,0xff,0x10,0x0e,0xff,0xff,0xff,0xff,0xff,0xff,0xf7,0x00,0x03,0xff,
  0xff,0xff,0xff,0xff,0xff,0x70,0x00,0x00,0x19,0xef,0xff,0xff,0xfe,0x92,0x00,0x00,0x00,0x00,0x01,0x34,0x54,0x20,0x00,0x00,
  0x00,0x00,0x00,0x00,0x00,0x00,0x00,0x27,0x30,0x00,0x00,0x00,0x00,0x00,0x00,0x00,0x00,0x00,0x00,0x00,0x00,0x00,0x00,0x00,
  0x00,0x5f,0xfe,0x94,0x00,0x00,0x00,0x00,0x00,0x00,0x00,0x00,0x00,0x00,0x00,0x00,0x00,0x00,0x00,0x5f,0xff,0xff,0xfb,0x62,
  0x00,0x00,0x00,0x00,0x00,0x00,0x00,0x00,0x00,0x00,0x00,0x00,0x00,0x5f,0xff,0xff,0xff,0xff,0xd8,0x40,0x00,0x00,0x00,0x00,
  0x00,0x00,0x00,0x00,0x00,0x00,0x00,0x5f,0xff,0xff,0xff,0xff,0xff,0xff,0xa6,0x10,0x00,0x00,0x00,0x00,0x00,0x00,0x00,0x00,
  0x00,0x5f,0xff,0xff,0xff,0xff,0xff,0xff,0xff,0xfc,0x83,0x00,0x00,0x00,0x00,0x00,0x00,0x00,0x00,0x5f,0xff,0xff,0xff,0xff,
  0xff,0xff,0xff,0xff,0xff,0xea,0x30,0x00,0x00,0x00,0x00,0x00,0x00,0x5f,0xfe,0xff,0xff,0xff,0xff,0xff,0xff,0xff,0xff,0xff,
  0x90,0x00,0x00,0x00,0x00,0x00,0x00,0x5f,0xf1,0x27,0xcf,0xff,0xff,0xff,0xff,0xff,0xff,0xff,0x90,0x00,0x00,0x00,0x00,0x00,
  0x00,0x5f,0xf1,0x00,0x01,0x6b,0xff,0xff,0xff,0xff,0xff,0xff,0x90,0x00,0x00,0x00,0x00,0x00,0x00,0x5f,0xf1,0x00,0x00,0x00,
  0x05,0xaf,0xff,0xff,0xff,0xff,0x90,0x00,0x00,0x00,0x00,0x00,0x00,0x5f,0xf1,0x00,0x00,0x00,0x00,0x00,0x49,0xef,0xff,0xff,
  0x90,0x00,0x00,0x00,0x00,0x00,0x00,0x5f,0xf1,0x00,0x00,0x00,0x00,0x00,0x00,0x03,0x8c,0xff,0x90,0x00,0x00,0x00,0x00,0x00,
  0x00,0x5f,0xf1,0x00,0x00,0x00,0x00,0x00,0x00,0x00,0x00,0xcf,0x90,0x00,0x00,0x00,0x00,0x00,0x00,0x5f,0xf1,0x00,0x00,0x00,
  0x00,0x00,0x00,0x00,0x00,0xcf,0x90,0x00,0x00,0x00,0x00,0x00,0x00,0x5f,0xf1,0x00,0x00,0x00,0x00,0x00,0x00,0x00,0x00,0xcf,
  0x90,0x00,0x00,0x00,0x00,0x00,0x00,0x5f,0xf1,0x00,0x00,0x00,0x00,0x00,0x00,0x00,0x00,0xcf,0x90,0x00,0x00,0x00,0x00,0x00,
  0x00,0x5f,0xf1,0x00,0x00,0x00,0x00,0x00,0x00,0x00,0x00,0xcf,0x90,0x00,0x00,0x00,0x00,0x00,0x00,0x5f,0xf1,0x00,0x00,0x00,
  0x00,0x00,0x00,0x00,0x00,0xcf,0x90,0x00,0x00,0x00,0x00,0x00,0x00,0x5f,0xf1,0x00,0x00,0x00,0x00,0x00,0x00,0x00,0x00,0xcf,
  0x90,0x00,0x00,0x00,0x00,0x00,0x00,0x5f,0xf1,0x00,0x00,0x00,0x00,0x00,0x00,0x00,0x00,0xcf,0x90,0x00,0x00,0x00,0x00,0x00,
  0x00,0x5f,0xf1,0x00,0x00,0x00,0x00,0x00,0x00,0x00,0x00,0xcf,0x90,0x00,0x00,0x00,0x00,0x00,0x00,0x5f,0xf1,0x00,0x00,0x00,
  0x00,0x00,0x00,0x00,0x00,0xcf,0x90,0x00,0x00,0x00,0x00,0x00,0x00,0x5f,0xf1,0x00,0x00,0x00,0x00,0x00,0x00,0x00,0x00,0xcf,
  0x90,0x00,0x00,0x00,0x00,0x00,0x00,0x5f,0xf1,0x00,0x00,0x00,0x00,0x00,0x00,0x00,0x00,0xcf,0x90,0x00,0x00,0x00,0x00,0x00,
  0x00,0x5f,0xf1,0x00,0x00,0x00,0x00,0x00,0x00,0x00,0x00,0xcf,0x90,0x00,0x00,0x00,0x00,0x00,0x00,0x5f,0xf1,0x00,0x00,0x00,
  0x00,0x00,0x00,0x00,0x00,0xcf,0x90,0x00,0x00,0x00,0x00,0x00,0x00,0x5f,0xf1,0x00,0x00,0x00,0x00,0x00,0x00,0x00,0x00,0xcf,
  0x90,0x00,0x00,0x00,0x00,0x00,0x00,0x5f,0xf1,0x00,0x00,0x00,0x00,0x00,0x00,0x00,0x00,0xcf,0x90,0x00,0x00,0x00,0x00,0x00,
  0x00,0x5f,0xf1,0x00,0x00,0x00,0x00,0x00,0x00,0x00,0x00,0xcf,0x90,0x00,0x00,0x00,0x00,0x00,0x00,0x5f,0xf1,0x00,0x00,0x00,
  0x00,0x00,0x00,0x00,0x00,0xcf,0x90,0x00,0x00,0x00,0x00,0x00,0x00,0x5f,0xf1,0x00,0x00,0x00,0x00,0x00,0x00,0x00,0x00,0xcf,
  0x90,0x00,0x00,0x00,0x00,0x00,0x00,0x5f,0xf1,0x00,0x00,0x00,0x00,0x00,0x00,0x00,0x00,0xcf,0x90,0x00,0x00,0x00,0x00,0x00,
  0x00,0x5f,0xf1,0x00,0x00,0x00,0x00,0x00,0x00,0x00,0x00,0xcf,0x90,0x00,0x00,0x00,0x00,0x00,0x00,0x5f,0xf1,0x00,0x00,0x00,
  0x00,0x00,0x00,0x00,0x00,0xcf,0x90,0x00,0x00,0x00,0x00,0x00,0x00,0x5f,0xf1,0x00,0x00,0x00,0x00,0x00,0x00,0x00,0x00,0xcf,
  0x90,0x00,0x00,0x00,0x00,0x00,0x00,0x5f,0xf1,0x00,0x00,0x00,0x00,0x00,0x00,0x00,0x00,0xcf,0x90,0x00,0x00,0x59,0xcd,0xc8,
  0x20,0x5f,0xf1,0x00,0x00,0x00,0x00,0x00,0x00,0x00,0x00,0xcf,0x90,0x00,0x5e,0xff,0xff,0xff,0xf9,0x5f,0xf1,0x00,0x00,0x00,
  0x00,0x00,0x00,0x00,0x00,0xcf,0x90,0x05,0xff,0xff,0xff,0xff,0xff,0xff,0xf1,0x00,0x00,0x00,0x00,0x00,0x00,0x00,0x00,0xcf,
  0x90,0x0e,0xff,0xff,0xff,0xff,0xff,0xff,0xf1,0x00,0x00,0x00,0x00,0x00,0x00,0x00,0x00,0xcf,0x90,0x3f,0xff,0xff,0xff,0xff,
  0xff,0xff,0xf0,0x00,0x00,0x00,0x00,0x00,0x00,0x00,0x00,0xcf,0x90,0x3f,0xff,0xff,0xff,0xff,0xff,0xff,0xe0,0x00,0x00,0x00,
  0x00,0x00,0x00,0x00,0x00,0xcf,0x90,0x1f,0xff,0xff,0xff,0xff,0xff,0xff,0x80,0x00,0x00,0x00,0x00,0x14,0x66,0x40,0x00,0xcf,
  0x90,0x0c,0xff,0xff,0xff,0xff,0xff,0xfd,0x00,0x00,0x00,0x00,0x6d,0xff,0xff,0xff,0x91,0xcf,0x90,0x02,0xef,0xff,0xff,0xff,
  0xff,0xd2,0x00,0x00,0x00,0x0a,0xff,0xff,0xff,0xff,0xff,0xef,0x90,0x00,0x18,0xdf,0xff,0xff,0xd7,0x00,0x00,0x00,0x00,0x5f,
  0xff,0xff,0xff,0xff,0xff,0xff,0x90,0x00,0x00,0x00,0x22,0x20,0x00,0x00,0x00,0x00,0x00,0xaf,0xff,0xff,0xff,0xff,0xff,0xff,
  0x90,0x00,0x00,0x00,0x00,0x00,0x00,0x00,0x00,0x00,0x00,0xbf,0xff,0xff,0xff,0xff,0xff,0xff,0x70,0x00,0x00,0x00,0x00,0x00,
  0x00,0x00,0x00,0x00,0x00,0xaf,0xff,0xff,0xff,0xff,0xff,0xff,0x30,0x00,0x00,0x00,0x00,0x00,0x00,0x00,0x00,0x00,0x00,0x5f,
  0xff,0xff,0xff,0xff,0xff,0xfb,0x00,0x00,0x00,0x00,0x00,0x00,0x00,0x00,0x00,0x00,0x00,0x0c,0xff,0xff,0xff,0xff,0xff,0xc1,
  0x00,0x00,0x00,0x00,0x00,0x00,0x00,0x00,0x00,0x00,0x00,0x00,0x9f,0xff,0xff,0xff,0xe7,0x00,0x00,0x00,0x00,0x00,0x00,0x00,
  0x00,0x00,0x00,0x00,0x00,0x00,0x01,0x47,0x88,0x84,0x00,0x00,0x00,0x00,0x00,0x00,0x00,0x00,0x00,0x00,0x00,0x00,0x00,0x00,
  0x00,0x00,0x00,0x00,0x00,0x00,0x04,0x45,0x55,0x44,0x21,0x00,0x00,0x00,0x00,0x00,0x00,0x00,0x00,0x00,0x00,0x00,0x00,0x00,
  0x00,0x00,0x00,0x00,0x00,0x00,0x00,0x00,0x00,0x0b,0xff,0xff,0xff,0xff,0xfc,0x95,0x10,0x00,0x00,0x00,0x00,0x00,0x00,0x00,
  0x00,0x00,0x00,0x00,0x00,0x00,0x00,0x00,0x00,0x00,0x00,0x00,0x03,0xef,0xff,0xff,0xff,0xff,0xff,0xfb,0x40,0x00,0x00,0x00,
  0x00,0x00,0x00,0x00,0x00,0x00,0x00,0x00,0x00,0x00,0x00,0x00,0x00,0x00,0x00,0x00,0x00,0x38,0xdf,0xff,0xff,0xff,0xff,0xfa,
  0x10,0x00,0x00,0x00,0x00,0x00,0x00,0x00,0x00,0x00,0x00,0x00,0x00,0x00,0x00,0x00,0x00,0x00,0x00,0x00,0x00,0x09,0xff,0xff,
  0xff,0xff,0xff,0xd1,0x00,0x00,0x00,0x00,0x00,0x00,0x00,0x00,0x00,0x00,0x00,0x00,0x00,0x00,0x00,0x00,0x00,0x00,0x00,0x00,
  0x02,0xff,0xff,0xff,0xfe,0xee,0xa0,0x00,0x00,0x00,0x00,0x00,0x00,0x00,0x00,0x00,0x00,0x00,0x00,0x00,0x00,0x00,0x00,0x00,
  0x00,0x00,0x00,0x08,0xff,0xff,0xff,0x90,0x00,0x00,0x00,0x00,0x00,0x00,0x00,0x00,0x00,0x00,0x00,0x00,0x00,0x00,0x00,0x00,
  0x00,0x00,0x00,0x00,0x00,0x00,0x7f,0xff,0xff,0xf9,0x00,0x00,0x00,0x00,0x00,0x00,0x00,0x00,0x00,0x00,0x00,0x00,0x00,0x00,
  0x00,0x00,0x00,0x00,0x00,0x00,0x00,0x00,0x08,0xff,0xff,0xff,0x90,0x00,0x00,0x00,0x00,0x00,0x00,0x00,0x00,0x00,0x00,0x00,
  0x00,0x00,0x00,0x00,0x00,0x00,0x00,0x00,0x00,0x00,0x00,0x9f,0xff,0xff,0xf9,0x00,0x00,0x00,0x00,0x00,0x00,0x00,0x00,0x00,
  0x00,0x00,0x00,0x00,0x00,0x00,0x00,0x00,0x00,0x00,0x00,0x00,0x00,0x0a,0xff,0xff,0xff,0x90,0x00,0x00,0x00,0x00,0x00,0x00,
  0x00,0x00,0x00,0x00,0x00,0x00,0x00,0x00,0x00,0x00,0x00,0x00,0x00,0x00,0x00,0x00,0xbf,0xff,0xff,0xf9,0x00,0x00,0x00,0x00,
  0x00,0x00,0x00,0x00,0x00,0x00,0x00,0x00,0x00,0x00,0x00,0x00,0x00,0x00,0x00,0x00,0x00,0x00,0x0c,0xff,0xff,0xff,0x80,0x00,
  0x00,0x00,0x00,0x00,0x00,0x00,0x00,0x00,0x00,0x00,0x00,0x00,0x00,0x00,0x00,0x00,0x00,0x00,0x00,0x00,0x00,0xbf,0xff,0xff,
  0xf7,0x00,0x00,0x00,0x00,0x00,0x00,0x00,0x00,0x00,0x00,0x00,0x00,0x00,0x00,0x00,0x00,0x00,0x00,0x00,0x00,0x00,0x00,0x0b,
  0xff,0xff,0xff,0x60,0x00,0x00,0x00,0x00,0x00,0x00,0x00,0x00,0x00,0x00,0x00,0x00,0x00,0x00,0x00,0x00,0x00,0x00,0x00,0x00,
  0x00,0x00,0xbf,0xff,0xff,0xf5,0x00,0x00,0x00,0x00,0x00,0x00,0x00,0x00,0x00,0x00,0x00,0x00,0x00,0x00,0x00,0x00,0x00,0x00,
  0x00,0x00,0x00,0x00,0x0a,0xff,0xff,0xff,0x60,0x00,0x00,0x00,0x00,0x00,0x00,0x00,0x00,0x00,0x00,0x00,0x00,0x01,0xa6,0x10,
  0x00,0x00,0x00,0x00,0x00,0x00,0x00,0x9f,0xff,0xff,0xf6,0x00,0x00,0x00,0x00,0x00,0x00,0x00,0x00,0x00,0x00,0x00,0x00,0x00,
  0x03,0xdf,0xfa,0x40,0x00,0x00,0x00,0x00,0x00,0x07,0xff,0xff,0xff,0x70,0x00,0x00,0x00,0x00,0x00,0x00,0x00,0x00,0x00,0x00,
  0x00,0x00,0x00,0x00,0x07,0xff,0xfd,0x60,0x00,0x00,0x00,0x00,0x5f,0xff,0xff,0xf8,0x00,0x00,0x00,0x00,0x00,0x00,0x00,0x00,
  0x00,0x00,0x00,0x00,0x00,0x00,0x00,0x00,0x2c,0xff,0xfd,0x60,0x00,0x00,0x03,0xff,0xff,0xff,0xa0,0x00,0x00,0x00,0x00,0x00,
  0x00,0x00,0x00,0x00,0x00,0x00,0x00,0x00,0x00,0x00,0x00,0x00,0x7f,0xff,0xfd,0x40,0x00,0x1e,0xff,0xff,0xfb,0x00,0x00,0x00,
  0x00,0x00,0x00,0x00,0x00,0x00,0x00,0x00,0x00,0x00,0x00,0x00,0x00,0x00,0x00,0x03,0xdf,0xff,0xfb,0x20,0xcf,0xff,0xff,0xd0,
  0x00,0x00,0x00,0x00,0x00,0x00,0x00,0x00,0x00,0x00,0x00,0x00,0x00,0x00,0x00,0x00,0x00,0x00,0x00,0x1b,0xff,0xff,0xff,0xff,
  0xff,0xfe,0x10,0x00,0x00,0x00,0x00,0x00,0x00,0x00,0x00,0x00,0x00,0x00,0x00,0x00,0x00,0x00,0x00,0x00,0x00,0x00,0x00,0x9f,
  0xff,0xff,0xff,0xff,0xf3,0x00,0x00,0x00,0x00,0x00,0x00,0x00,0x00,0x00,0x00,0x00,0x00,0x00,0x00,0x00,0x00,0x00,0x00,0x00,
  0x00,0x00,0x06,0xff,0xff,0xff,0xff,0x60,0x00,0x00,0x00,0x00,0x00,0x00,0x00,0x00,0x00,0x00,0x00,0x00,0x00,0x00,0x00,0x00,
  0x00,0x00,0x00,0x00,0x00,0x00,0x6f,0xff,0xff,0xff,0x00,0x00,0x00,0x00,0x00,0x00,0x00,0x00,0x00,0x00,0x00,0x00,0x00,0x00,
  0x00,0x00,0x00,0x00,0x00,0x00,0x00,0x00,0x00,0x9f,0xff,0xff,0xff,0xa0,0x00,0x00,0x00,0x00,0x00,0x00,0x00,0x00,0x00,0x00,
  0x00,0x00,0x00,0x00,0x00,0x00,0x00,0x00,0x00,0x00,0x00,0x04,0xff,0xff,0xff,0xff,0xfc,0x00,0x00,0x00,0x00,0x00,0x00,0x00,
  0x00,0x00,0x00,0x00,0x00,0x00,0x00,0x00,0x00,0x00,0x00,0x00,0x00,0x00,0x1e,0xff,0xff,0xff,0xff,0xff,0xc1,0x00,0x00,0x00,
  0x00,0x00,0x00,0x00,0x00,0x00,0x00,0x00,0x00,0x00,0x00,0x00,0x00,0x00,0x00,0x00,0x00,0xaf,0xff,0xff,0xef,0xff,0xff,0xfd,
  0x10,0x00,0x00,0x00,0x00,0x00,0x00,0x00,0x00,0x00,0x00,0x00,0x00,0x00,0x00,0x00,0x00,0x00,0x00,0x04,0xff,0xff,0xfd,0x05,
  0xff,0xff,0xff,0xd1,0x00,0x00,0x00,0x00,0x00,0x00,0x00,0x00,0x00,0x00,0x00,0x00,0x00,0x00,0x00,0x00,0x00,0x00,0x0e,0xff,
  0xff,0xf3,0x00,0x7f,0xff,0xff,0xfc,0x10,0x00,0x00,0x00,0x00,0x00,0x00,0x00,0x00,0x00,0x00,0x00,0x00,0x00,0x00,0x00,0x00,
  0x00,0x8f,0xff,0xff,0x70,0x00,0x09,0xff,0xff,0xff,0xc0,0x00,0x00,0x00,0x00,0x00,0x00,0x00,0x00,0x00,0x00,0x00,0x00,0x00,
  0x00,0x00,0x00,0x03,0xff,0xff,0xfc,0x00,0x00,0x00,0xbf,0xff,0xff,0xfb,0x00,0x00,0x00,0x00,0x00,0x00,0x00,0x00,0x00,0x00,
  0x00,0x00,0x00,0x00,0x00,0x00,0x0c,0xff,0xff,0xf2,0x00,0x00,0x00,0x1d,0xff,0xff,0xff,0x80,0x00,0x00,0x00,0x00,0x00,0x00,
  0x00,0x00,0x00,0x00,0x00,0x00,0x00,0x00,0x00,0x5f,0xff,0xff,0x80,0x00,0x00,0x00,0x03,0xff,0xff,0xff,0xf6,0x00,0x00,0x00,
  0x00,0x00,0x00,0x00,0x00,0x00,0x00,0x00,0x00,0x00,0x00,0x00,0xdf,0xff,0xfd,0x00,0x00,0x00,0x00,0x00,0x8f,0xff,0xff,0xff,
  0x20,0x00,0x00,0x00,0x00,0x00,0x00,0x00,0x00,0x00,0x00,0x00,0x00,0x00,0x06,0xff,0xff,0xf3,0x00,0x00,0x00,0x00,0x00,0x0e,
  0xff,0xff,0xff,0xd0,0x00,0x00,0x00,0x00,0x00,0x00,0x00,0x00,0x00,0x00,0x00,0x00,0x00,0x0e,0xff,0xff,0x90,0x00,0x00,0x00,
  0x00,0x00,0x06,0xff,0xff,0xff,0xf8,0x00,0x00,0x00,0x00,0x00,0x00,0x00,0x00,0x00,0x00,0x00,0x00,0x00,0x7f,0xff,0xff,0x10,
  0x00,0x00,0x00,0x00,0x00,0x00,0xef,0xff,0xff,0xff,0x10,0x00,0x00,0x00,0x00,0x00,0x00,0x00,0x00,0x00,0x00,0x00,0x00,0xef,
  0xff,0xf7,0x00,0x00,0x00,0x00,0x00,0x00,0x00,0x7f,0xff,0xff,0xff,0x80,0x00,0x00,0x00,0x00,0x00,0x00,0x00,0x00,0x00,0x00,
  0x00,0x07,0xff,0xff,0xd0,0x00,0x00,0x00,0x00,0x00,0x00,0x00,0x0f,0xff,0xff,0xff,0xe0,0x00,0x00,0x00,0x00,0x00,0x8c,0x10,
  0x00,0x00,0x00,0x00,0x0e,0xff,0xff,0x50,0x00,0x00,0x00,0x00,0x00,0x00,0x00,0x0a,0xff,0xff,0xff,0xf1,0x00,0x00,0x00,0x00,
  0x00,0x6f,0xc1,0x00,0x00,0x00,0x00,0x6f,0xff,0xfb,0x00,0x00,0x00,0x00,0x00,0x00,0x00,0x00,0x04,0xff,0xff,0xff,0xf1,0x00,
  0x00,0x00,0x00,0x00,0x0c,0xfc,0x10,0x00,0x00,0x01,0xef,0xff,0xf3,0x00,0x00,0x00,0x00,0x00,0x00,0x00,0x00,0x00,0xef,0xff,
  0xff,0xf0,0x00,0x00,0x00,0x00,0x00,0x02,0xff,0xc1,0x00,0x00,0x0a,0xff,0xff,0xb0,0x00,0x00,0x00,0x00,0x00,0x00,0x00,0x00,
  0x00,0x9f,0xff,0xff,0xf0,0x00,0x00,0x00,0x00,0x00,0x00,0x9f,0xfb,0x00,0x00,0x7f,0xff,0xff,0x30,0x00,0x00,0x00,0x00,0x00,
  0x00,0x00,0x00,0x00,0x2f,0xff,0xff,0xb0,0x00,0x00,0x00,0x00,0x00,0x00,0x1f,0xff,0xa1,0x19,0xff,0xff,0xfa,0x00,0x00,0x00,
  0x00,0x00,0x00,0x00,0x00,0x00,0x00,0x06,0xff,0xff,0x50,0x00,0x00,0x00,0x00,0x00,0x00,0x07,0xff,0xff,0xff,0xff,0xff,0xf2,
  0x00,0x00,0x00,0x00,0x00,0x00,0x00,0x00,0x00,0x00,0x00,0x27,0x84,0x00,0x00,0x00,0x00,0x00,0x00,0x00,0x00,0xef,0xff,0xff,
  0xff,0xff,0xa0,0x00,0x00,0x00,0x00,0x00,0x00,0x00,0x00,0x00,0x00,0x00,0x00,0x00,0x00,0x00,0x00,0x00,0x00,0x00,0x00,0x00,
  0x8f,0xff,0xff,0xff,0xff,0x30,0x00,0x00,0x00,0x00,0x00,0x00,0x00,0x00,0x00,0x00,0x00,0x00,0x00,0x00,0x00,0x00,0x00,0x00,
  0x00,0x00,0x00,0x2f,0xff,0xff,0xff,0xfd,0x00,0x00,0x00,0x00,0x00,0x00,0x00,0x00,0x00,0x00,0x00,0x00,0x00,0x00,0x00,0x00,
  0x00,0x00,0x00,0x00,0x00,0x00,0x0e,0xff,0xff,0xff,0xf6,0x00,0x00,0x00,0x00,0x00,0x00,0x00,0x00,0x00,0x00,0x00,0x00,0x00,
  0x00,0x00,0x00,0x00,0x00,0x00,0x00,0x00,0x00,0x0b,0xff,0xff,0xff,0xf0,0x00,0x00,0x00,0x00,0x00,0x00,0x00,0x00,0x00,0x00,
  0x00,0x00,0x00,0x00,0x00,0x00,0x00,0x00,0x00,0x00,0x00,0x00,0x0b,0xff,0xff,0xff,0x80,0x00,0x00,0x00,0x00,0x00,0x00,0x00,
  0x00,0x00,0x00,0x00,0x00,0x00,0x00,0x00,0x00,0x00,0x00,0x00,0x00,0x00,0x00,0x0e,0xff,0xff,0xff,0x10,0x00,0x00,0x00,0x00,
  0x00,0x00,0x00,0x00,0x00,0x00,0x00,0x00,0x00,0x00,0x00,0x00,0x00,0x00,0x00,0x00,0x00,0x00,0x1f,0xff,0xff,0xf8,0x00,0x00,
  0x00,0x00,0x00,0x00,0x00,0x00,0x00,0x00,0x00,0x00,0x00,0x00,0x00,0x00,0x00,0x00,0x00,0x00,0x00,0x00,0x00,0x2f,0xff,0xff,
  0xd0,0x00,0x00,0x00,0x00,0x00,0x00,0x00,0x00,0x00,0x00,0x00,0x00,0x00,0x00,0x00,0x00,0x00,0x00,0x00,0x00,0x00,0x00,0x00,
  0x0c,0xff,0xfe,0x30,0x00,0x00,0x00,0x00,0x00,0x00,0x00,0x00,0x00,0x00,0x00,0x00,0x00,0x00,0x00,0x00,0x00,0x00,0x00,0x00,
  0x00,0x00,0x00,0x01,0x7a,0x71,0x00,0x00,0x00,0x00,0x00,0x00,0x00,0x00,0x00,0x00,0x00,0x00,0x00,0x00,0x00,0x00,0x00,0x00,
  0x00,0x00,0x00,0x00,0x00,0x00,0x00,0x6a,0xde,0xfe,0xc9,0x40,0x00,0x00,0x00,0x00,0x00,0x7e,0xff,0xff,0xff,0xff,0xfd,0x40,
  0x00,0x00,0x00,0x0b,0xff,0xff,0xff,0xff,0xff,0xff,0xf6,0x00,0x00,0x00,0xaf,0xff,0xfa,0x41,0x01,0x5d,0xff,0xff,0x50,0x00,
  0x05,0xff,0xff,0x40,0x00,0x00,0x00,0x9f,0xff,0xf1,0x00,0x0d,0xff,0xf6,0x00,0x00,0x00,0x00,0x0b,0xff,0xf8,0x00,0x3f,0xff,
  0xd0,0x00,0x00,0x00,0x00,0x02,0xff,0xfe,0x00,0x7f,0xff,0x70,0x00,0x00,0x00,0x00,0x00,0xcf,0xff,0x20,0xaf,0xff,0x30,0x00,
  0x00,0x00,0x00,0x00,0x9f,0xff,0x50,0xbf,0xff,0x10,0x00,0x00,0x00,0x00,0x00,0x7f,0xff,0x60,0xcf,0xff,0x00,0x00,0x00,0x00,
  0x00,0x00,0x6f,0xff,0x70,0xbf,0xff,0x10,0x00,0x00,0x00,0x00,0x00,0x7f,0xff,0x60,0xaf,0xff,0x30,0x00,0x00,0x00,0x00,0x00,
  0x8f,0xff,0x50,0x7f,0xff,0x70,0x00,0x00,0x00,0x00,0x00,0xcf,0xff,0x20,0x3f,0xff,0xc0,0x00,0x00,0x00,0x00,0x02,0xff,0xfe,
  0x00,0x0d,0xff,0xf6,0x00,0x00,0x00,0x00,0x0b,0xff,0xf8,0x00,0x05,0xff,0xff,0x40,0x00,0x00,0x00,0x9f,0xff,0xf1,0x00,0x00,
  0xaf,0xff,0xfa,0x41,0x01,0x5d,0xff,0xff,0x50,0x00,0x00,0x0b,0xff,0xff,0xff,0xff,0xff,0xff,0xf6,0x00,0x00,0x00,0x00,0x7f,
  0xff,0xff,0xff,0xff,0xfd,0x40,0x00,0x00,0x00,0x00,0x01,0x6a,0xdf,0xfe,0xd9,0x40,0x00,0x00,0x00,0x00,0x00,0x00,0x59,0xcd,
  0xed,0xc8,0x40,0x00,0x00,0x00,0x00,0x00,0x7e,0xff,0xff,0xff,0xff,0xfc,0x30,0x00,0x00,0x00,0x0b,0xff,0xff,0xfd,0xce,0xff,
  0xff,0xf6,0x00,0x00,0x00,0xaf,0xff,0xf7,0x10,0x00,0x29,0xff,0xff,0x50,0x00,0x05,0xff,0xfe,0x20,0x00,0x00,0x00,0x6f,0xff,
  0xf1,0x00,0x0d,0xff,0xf4,0x00,0x00,0x00,0x00,0x09,0xff,0xf8,0x00,0x3f,0xff,0xb0,0x00,0x00,0x00,0x00,0x01,0xff,0xfe,0x00,
  0x7f,0xff,0x60,0x00,0x00,0x00,0x00,0x00,0xbf,0xff,0x20,0xaf,0xff,0x20,0x00,0x00,0x00,0x00,0x00,0x8f,0xff,0x50,0xbf,0xff,
  0x10,0x00,0x00,0x00,0x00,0x00,0x6f,0xff,0x60,0x45,0x55,0x00,0x00,0x00,0x00,0x00,0x00,0x25,0x55,0x20,0x47,0x77,0x00,0x00,
  0x00,0x00,0x00,0x05,0x77,0x60,0x9f,0xff,0x10,0x00,0x00,0x00,0x00,0x0b,0xff,0xe0,0x9f,0xff,0x10,0x00,0x00,0x00,0x00,0x0b,
  0xff,0xe0,0x9f,0xff,0x10,0x00,0x00,0x00,0x00,0x0b,0xff,0xe0,0x9f,0xff,0x10,0x00,0x00,0x00,0x00,0x0b,0xff,0xe0,0x9f,0xff,
  0x10,0x00,0x00,0x00,0x00,0x0b,0xff,0xe0,0x9f,0xff,0x10,0x00,0x00,0x00,0x00,0x0b,0xff,0xe0,0x9f,0xff,0x10,0x00,0x00,0x00,
  0x00,0x0b,0xff,0xe0,0x9f,0xff,0x10,0x00,0x00,0x00,0x00,0x0b,0xff,0xe0,0x9f,0xff,0x10,0x00,0x00,0x00,0x00,0x0b,0xff,0xe0,
  0x9f,0xff,0x10,0x00,0x00,0x00,0x00,0x0b,0xff,0xe0,0x9f,0xff,0x10,0x00,0x00,0x00,0x00,0x0b,0xff,0xe0,0x8f,0xff,0x10,0x00,
  0x00,0x00,0x00,0x0c,0xff,0xe0,0x7f,0xff,0x20,0x00,0x00,0x00,0x00,0x0f,0xff,0xe0,0x6f,0xff,0x50,0x00,0x00,0x00,0x00,0x4f,
  0xff,0xe0,0x2f,0xff,0xb0,0x00,0x00,0x00,0x00,0xdf,0xff,0xe0,0x0d,0xff,0xf6,0x00,0x00,0x00,0x1c,0xff,0xff,0xe0,0x05,0xff,
  0xff,0xa5,0x33,0x59,0xff,0xdc,0xff,0xe0,0x00,0x9f,0xff,0xff,0xff,0xff,0xfd,0x1b,0xff,0xe0,0x00,0x06,0xef,0xff,0xff,0xff,
  0x90,0x0b,0xff,0xe0,0x00,0x00,0x04,0x79,0x97,0x50,0x00,0x01,0x22,0x10,0x57,0x77,0x00,0x00,0x00,0x00,0x00,0x00,0x02,0x77,
  0x74,0x6f,0xff,0x60,0x00,0x00,0x00,0x00,0x00,0x09,0xff,0xf3,0x0e,0xff,0xd0,0x00,0x00,0x00,0x00,0x00,0x0f,0xff,0xd0,0x08,
  0xff,0xf4,0x00,0x00,0x00,0x00,0x00,0x6f,0xff,0x60,0x02,0xff,0xfb,0x00,0x00,0x00,0x00,0x00,0xdf,0xff,0x00,0x00,0xbf,0xff,
  0x20,0x00,0x00,0x00,0x04,0xff,0xf9,0x00,0x00,0x4f,0xff,0x80,0x00,0x00,0x00,0x0a,0xff,0xf2,0x00,0x00,0x0d,0xff,0xe0,0x00,
  0x00,0x00,0x1f,0xff,0xb0,0x00,0x00,0x07,0xff,0xf6,0x00,0x00,0x00,0x8f,0xff,0x40,0x00,0x00,0x01,0xff,0xfc,0x00,0x00,0x00,
  0xef,0xfd,0x00,0x00,0x00,0x00,0x9f,0xff,0x30,0x00,0x05,0xff,0xf7,0x00,0x00,0x00,0x00,0x2f,0xff,0xa0,0x00,0x0c,0xff,0xf1,
  0x00,0x00,0x00,0x00,0x0c,0xff,0xf1,0x00,0x3f,0xff,0x90,0x00,0x00,0x00,0x00,0x05,0xff,0xf7,0x00,0x9f,0xff,0x30,0x00,0x00,
  0x00,0x00,0x00,0xef,0xfe,0x01,0xff,0xfc,0x00,0x00,0x00,0x00,0x00,0x00,0x7f,0xff,0x57,0xff,0xf5,0x00,0x00,0x00,0x00,0x00,
  0x00,0x1f,0xff,0xbd,0xff,0xe0,0x00,0x00,0x00,0x00,0x00,0x00,0x0a,0xff,0xff,0xff,0x80,0x00,0x00,0x00,0x00,0x00,0x00,0x03,
  0xff,0xff,0xff,0x10,0x00,0x00,0x00,0x00,0x00,0x00,0x00,0xcf,0xff,0xfa,0x00,0x00,0x00,0x00,0x00,0x00,0x00,0x00,0x12,0x22,
  0x20,0x00,0x00,0x00,0x00,0xff,0xff,0x00,0x00,0x00,0x00,0x00,0x00,0x00,0x00,0x00,0x00,0x00,0x00,0x00,0x00,0xff,0xff,0xff,
  0xff,0x00,0x00,0x00,0x00,0x00,0x00,0x00,0x00,0x00,0x00,0x00,0x00,0x00,0x00,0xff,0xff,0xff,0xff,0x00,0x00,0x00,0x00,0x00,
  0x00,0x00,0x00,0x00,0x00,0x00,0x00,0x00,0x00,0xff,0xff,0xff,0xff,0x00,0x00,0x00,0x00,0x00,0x00,0x00,0x00,0x00,0x00,0x00,
  0x00,0x00,0x00,0xff,0xff,0xff,0xff,0x00,0x00,0x00,0x00,0x00,0x00,0x00,0x00,0x00,0x00,0x00,0x00,0x00,0x00,0xff,0xff,0xff,
  0xff,0x00,0x00,0x00,0x00,0x00,0x00,0x00,0x00,0x00,0x00,0x00,0x00,0x00,0x00,0xff,0xff,0xff,0xff,0x00,0x00,0x00,0x00,0x00,
  0x00,0x00,0x00,0x00,0x00,0x00,0x00,0x00,0x00,0xff,0xff,0xff,0xff,0x00,0x00,0x00,0x00,0x00,0x00,0x00,0x00,0x00,0x00,0x00,
  0x00,0x00,0x00,0xff,0xff,0xff,0xff,0x00,0x00,0x00,0x00,0x00,0x00,0x00,0x00,0x00,0x00,0x00,0x00,0x00,0x00,0xff,0xff,0xff,
  0xff,0x00,0x00,0x00,0x00,0x00,0x00,0x00,0x00,0x00,0x00,0x00,0x00,0x00,0x00,0xff,0xff,0xff,0xff,0x00,0x00,0x00,0x00,0x00,
  0x00,0x00,0x00,0x00,0x00,0x00,0x00,0x00,0x00,0xff,0xff,0xff,0xff,0x00,0x00,0x00,0x00,0x00,0x00,0x00,0x00,0x00,0x00,0x00,
  0x00,0x00,0x00,0xff,0xff,0x00,0x00,0xff,0xff,0x00,0x00,0x00,0x00,0x00,0x00,0x00,0x00,0x00,0x00,0xff,0xff,0x00,0x00,0x00,
  0x00,0xff,0xff,0x00,0x00,0x00,0x00,0x00,0x00,0x00,0x00,0x00,0x00,0xff,0xff,0x00,0x00,0x00,0x00,0xff,0xff,0x00,0x00,0x00,
  0x00,0x00,0x00,0x00,0x00,0x00,0x00,0xff,0xff,0x00,0x00,0x00,0x00,0xff,0xff,0x00,0x00,0x00,0x00,0x00,0x00,0x00,0x00,0x00,
  0x00,0xff,0xff,0x00,0x00,0x00,0x00,0x00,0x00,0xff,0xff,0xff,0xff,0xff,0xff,0xff,0xff,0xff,0xff,0x00,0x00,0x00,0x00,0x00,
  0x00,0x00,0x00,0xff,0xff,0xff,0xff,0xff,0xff,0xff,0xff,0xff,0xff,0x00,0x00,0x00,0x00,0x00,0x00,0x00,0x00,0xff,0xff,0xff,
  0xff,0xff,0xff,0xff,0xff,0xff,0xff,0x00,0x00,0x00,0x00,0x00,0x00,0x00,0x00,0xff,0xff,0xff,0xff,0xff,0xff,0xff,0xff,0xff,
  0xff,0x00,0x00,0x00,0x00,0x00,0x00,0x00,0x00,0x00,0x00,0x00,0x00,0x00,0x00,0x00,0x00,0x00,0x00,0x00,0x00,0x00,0x00,0x00,
  0x00,0x00,0x00,0x00,0x00,0x00,0x00,0x00,0x00,0x00,0x00,0x00,0x00,0x00,0x00,0x00,0x00,0x00,0x00,0x00,0x00,0x00,0x00,0x00,
  0x00,0x00,0x00,0x00,0x00,0x00,0x00,0x00,0x00,0x00,0x00,0x00,0x00,0x00,0x00,0x00,0x00,0x00,0x00,0x00,0x00,0x00,0x00,0x00,
  0x00,0x00,0x00,0x00,0x00,0xff,0xff,0x00,0x00,0x00,0x00,0x00,0x00,0xff,0xff,0x00,0x00,0x00,0x00,0x00,0x00,0xff,0xff,0xff,
  0xff,0x00,0x00,0x00,0x00,0x00,0x00,0xff,0xff,0x00,0x00,0x00,0x00,0x00,0x00,0xff,0xff,0xff,0xff,0x00,0x00,0x00,0x00,0x00,
  0x00,0xff,0xff,0x00,0x00,0x00,0x00,0x00,0x00,0xff,0xff,0xff,0xff,0x00,0x00,0x00,0x00,0x00,0x00,0xff,0xff,0x00,0x00,0x00,
  0x00,0x00,0x00,0xff,0xff,0xff,0xff,0x00,0x00,0x00,0x00,0x00,0x00,0xff,0xff,0x00,0x00,0x00,0x00,0x00,0x00,0xff,0xff,0xff,
  0xff,0x00,0x00,0x00,0x00,0x00,0x00,0xff,0xff,0x00,0x00,0x00,0x00,0x00,0x00,0xff,0xff,0xff,0xff,0x00,0x00,0x00,0x00,0x00,
  0x00,0xff,0xff,0x00,0x00,0x00,0x00,0x00,0x00,0xff,0xff,0xff,0xff,0x00,0x00,0x00,0x00,0x00,0x00,0xff,0xff,0x00,0x00,0x00,
  0x00,0x00,0x00,0xff,0xff,0xff,0xff,0x00,0x00,0x00,0x00,0x00,0x00,0xff,0xff,0x00,0x00,0x00,0x00,0x00,0x00,0xff,0xff,0xff,
  0xff,0x00,0x00,0x00,0x00,0x00,0x00,0xff,0xff,0x00,0x00,0x00,0x00,0x00,0x00,0xff,0xff,0xff,0xff,0x00,0x00,0x00,0x00,0x00,
  0x00,0xff,0xff,0x00,0x00,0x00,0x00,0x00,0x00,0xff,0xff,0xff,0xff,0x00,0x00,0x00,0x00,0x00,0x00,0xff,0xff,0x00,0x00,0x00,
  0x00,0x00,0x00,0xff,0xff,0xff,0xff,0x00,0x00,0x00,0x00,0x00,0x00,0xff,0xff,0x00,0x00,0x00,0x00,0x00,0x00,0xff,0xff,0xff,
  0xff,0x00,0x00,0x00,0x00,0x00,0x00,0xff,0xff,0x00,0x00,0x00,0x00,0x00,0x00,0xff,0xff,0xff,0xff,0x00,0x00,0x00,0x00,0x00,
  0x00,0xff,0xff,0x00,0x00,0x00,0x00,0x00,0x00,0xff,0xff,0xff,0xff,0x00,0x00,0x00,0x00,0x00,0x00,0xff,0xff,0x00,0x00,0x00,
  0x00,0x00,0x00,0xff,0xff,0xa7,0x10,0x00,0x00,0x00,0x00,0x00,0x00,0x00,0x00,0x00,0x00,0x00,0x00,0x00,0x00,0x00,0x00,0x00,
  0x00,0x00,0x00,0x00,0x00,0x00,0x00,0x00,0x05,0xb3,0xcf,0xfb,0x50,0x00,0x00,0x00,0x00,0x00,0x00,0x00,0x00,0x00,0x00,0x00,
  0x00,0x00,0x00,0x00,0x00,0x00,0x00,0x00,0x00,0x00,0x00,0x00,0x38,0xef,0xf3,0xcf,0xff,0xff,0xa5,0x00,0x00,0x00,0x00,0x00,
  0x00,0x00,0x00,0x00,0x00,0x00,0x00,0x00,0x00,0x00,0x00,0x00,0x00,0x00,0x00,0x03,0x8d,0xff,0xff,0xf3,0xcf,0xff,0xff,0xff,
  0xfb,0x72,0x00,0x00,0x00,0x00,0x00,0x00,0x00,0x00,0x00,0x00,0x00,0x00,0x00,0x00,0x00,0x00,0x01,0x5a,0xef,0xff,0xff,0xff,
  0xf3,0x29,0xff,0xff,0xff,0xff,0xff,0xeb,0x74,0x10,0x00,0x00,0x00,0x00,0x00,0x00,0x00,0x00,0x00,0x00,0x00,0x03,0x69,0xdf,
  0xff,0xff,0xff,0xff,0xfc,0x50,0x00,0x17,0xef,0xff,0xff,0xff,0xff,0xff,0xfe,0xca,0x86,0x43,0x21,0x00,0x00,0x01,0x13,0x45,
  0x79,0xbd,0xff,0xff,0xff,0xff,0xff,0xff,0xfa,0x30,0x00,0x00,0x00,0x04,0xaf,0xff,0xff,0xff,0xff,0xff,0xff,0xff,0xff,0xff,
  0xff,0xff,0xff,0xff,0xff,0xff,0xff,0xff,0xff,0xff,0xff,0xff,0xd7,0x10,0x00,0x00,0x00,0x00,0x00,0x01,0x6c,0xff,0xff,0xff,
  0xff,0xff,0xff,0xff,0xff,0xff,0xff,0xff,0xff,0xff,0xff,0xff,0xff,0xff,0xff,0xfe,0x83,0x00,0x00,0x00,0x00,0x00,0x00,0x00,
  0x00,0x00,0x16,0xae,0xff,0xff,0xff,0xff,0xff,0xff,0xff,0xff,0xff,0xff,0xff,0xff,0xff,0xff,0xff,0xc8,0x30,0x00,0x00,0x00,
  0x00,0x00,0x00,0x00,0x00,0x00,0x00,0x00,0x00,0x37,0xae,0xff,0xff,0xff,0xff,0xff,0xff,0xff,0xff,0xff,0xff,0xff,0xb8,0x41,
  0x00,0x00,0x00,0x00,0x00,0x00,0x00,0x00,0x00,0x00,0x00,0x00,0x00,0x00,0x00,0x00,0x13,0x68,0xab,0xde,0xef,0xff,0xfe,0xdc,
  0xa9,0x74,0x20,0x00,0x00,0x00,0x00,0x00,0x00,0x00,0x00,0x00,0x00,0x00,0x00,0x00,0x00,0x00,0x00,0x00,0x00,0x00,0x0a,0xaa,
  0x50,0x00,0x00,0x00,0x00,0x00,0x00,0x00,0x00,0x00,0x00,0x2f,0xff,0x80,0x00,0x00,0x00,0x00,0x00,0x00,0x00,0x00,0x00,0x00,
  0x2f,0xff,0x70,0x00,0x00,0x00,0x00,0x00,0x00,0x00,0x00,0x00,0x00,0x4f,0xff,0x60,0x00,0x00,0x00,0x00,0x00,0x00,0x00,0x00,
  0x00,0x00,0x7f,0xff,0x40,0x00,0x00,0x00,0x00,0x00,0x00,0x00,0x00,0x00,0x00,0xaf,0xff,0x10,0x00,0x00,0x00,0x00,0x00,0x00,
  0x00,0x00,0x00,0x00,0xef,0xfe,0x00,0x00,0x00,0x00,0x00,0x00,0x00,0x00,0x00,0x00,0x03,0xff,0xfa,0x00,0x00,0x00,0x00,0x00,
  0x00,0x00,0x00,0x00,0x00,0x08,0xff,0xf5,0x00,0x00,0x00,0x00,0x00,0x00,0x00,0x00,0x00,0x00,0x1f,0xff,0xf0,0x00,0x00,0x00,
  0x00,0x00,0x00,0x00,0x00,0x00,0x00,0x7f,0xff,0x90,0x00,0x00,0x00,0x00,0x00,0x00,0x00,0x00,0x00,0x02,0xff,0xff,0x20,0x00,
  0x00,0x00,0x00,0x00,0x00,0x00,0x00,0x00,0x0c,0xff,0xf9,0x00,0x00,0x00,0x00,0x00,0x00,0x00,0x00,0x00,0x00,0x9f,0xff,0xe1,
  0x00,0x00,0x00,0x00,0x00,0x00,0x00,0x00,0x00,0x07,0xff,0xff,0x40,0x00,0x00,0x00,0x00,0x00,0x00,0x00,0x00,0x00,0x8f,0xff,
  0xf8,0x00,0x00,0x00,0x00,0x00,0x00,0x00,0x00,0x00,0x0a,0xff,0xff,0xa0,0x00,0x00,0x00,0x00,0x00,0x00,0x00,0x00,0x04,0xef,
  0xff,0xfb,0x00,0x00,0x00,0x00,0x00,0x00,0x00,0x00,0x02,0xaf,0xff,0xff,0x90,0x00,0x00,0x00,0x00,0x00,0x00,0x00,0x02,0x9f,
  0xff,0xff,0xf6,0x00,0x00,0x00,0x00,0x00,0x00,0x00,0x37,0xdf,0xff,0xff,0xfc,0x20,0x00,0x00,0x00,0x00,0x00,0x8c,0xdf,0xff,
  0xff,0xff,0xfe,0x60,0x00,0x00,0x00,0x00,0x00,0x00,0xdf,0xff,0xff,0xff,0xfe,0x70,0x00,0x00,0x00,0x00,0x00,0x00,0x00,0xdf,
  0xff,0xff,0xfb,0x50,0x00,0x00,0x00,0x00,0x00,0x00,0x00,0x00,0xcf,0xdc,0x85,0x10,0x00,0x00,0x00,0x00,0x00,0x00,0x00,0x00,
  0x00,0x00,0x00,0x00,0x00,0x00,0x00,0x00,0x00,0x00,0x00,0x00,0x00,0x00,0x7a,0xa8,0x00,0x00,0x00,0x00,0x00,0x00,0x00,0x00,
  0x00,0x00,0x00,0xcf,0xfe,0x00,0x00,0x00,0x00,0x00,0x00,0x00,0x00,0x00,0x00,0x00,0xbf,0xff,0x00,0x00,0x00,0x00,0x00,0x00,
  0x00,0x00,0x00,0x00,0x00,0xaf,0xff,0x00,0x00,0x00,0x00,0x00,0x00,0x00,0x00,0x00,0x00,0x00,0x7f,0xff,0x30,0x00,0x00,0x00,
  0x00,0x00,0x00,0x00,0x00,0x00,0x00,0x5f,0xff,0x60,0x00,0x00,0x00,0x00,0x00,0x00,0x00,0x00,0x00,0x00,0x2f,0xff,0xa0,0x00,
  0x00,0x00,0x00,0x00,0x00,0x00,0x00,0x00,0x00,0x0e,0xff,0xf0,0x00,0x00,0x00,0x00,0x00,0x00,0x00,0x00,0x00,0x00,0x09,0xff,
  0xf5,0x00,0x00,0x00,0x00,0x00,0x00,0x00,0x00,0x00,0x00,0x03,0xff,0xfc,0x00,0x00,0x00,0x00,0x00,0x00,0x00,0x00,0x00,0x00,
  0x00,0xdf,0xff,0x40,0x00,0x00,0x00,0x00,0x00,0x00,0x00,0x00,0x00,0x00,0x5f,0xff,0xd0,0x00,0x00,0x00,0x00,0x00,0x00,0x00,
  0x00,0x00,0x00,0x0d,0xff,0xf8,0x00,0x00,0x00,0x00,0x00,0x00,0x00,0x00,0x00,0x00,0x03,0xff,0xff,0x50,0x00,0x00,0x00,0x00,
  0x00,0x00,0x00,0x00,0x00,0x00,0x8f,0xff,0xf4,0x00,0x00,0x00,0x00,0x00,0x00,0x00,0x00,0x00,0x00,0x0c,0xff,0xff,0x50,0x00,
  0x00,0x00,0x00,0x00,0x00,0x00,0x00,0x00,0x00,0xdf,0xff,0xf8,0x00,0x00,0x00,0x00,0x00,0x00,0x00,0x00,0x00,0x00,0x1d,0xff,
  0xff,0xc2,0x00,0x00,0x00,0x00,0x00,0x00,0x00,0x00,0x00,0x01,0xbf,0xff,0xff,0x81,0x00,0x00,0x00,0x00,0x00,0x00,0x00,0x00,
  0x00,0x09,0xff,0xff,0xff,0x81,0x00,0x00,0x00,0x00,0x00,0x00,0x00,0x00,0x00,0x4d,0xff,0xff,0xff,0xb6,0x20,0x00,0x00,0x00,
  0x00,0x00,0x00,0x00,0x00,0x8f,0xff,0xff,0xff,0xff,0xcb,0x60,0x00,0x00,0x00,0x00,0x00,0x00,0x01,0x9f,0xff,0xff,0xff,0xff,
  0x90,0x00,0x00,0x00,0x00,0x00,0x00,0x00,0x01,0x6c,0xff,0xff,0xff,0x90,0x00,0x00,0x00,0x00,0x00,0x00,0x00,0x00,0x00,0x25,
  0x9c,0xef,0x90,0x00,0x00,0x00,0x00,0x00,0x00,0x00,0x00,0x00,0x00,0x00,0x00,0x00,0x00,0x00,0x00,0x00,0x00,0x00,0x00,0x00,
  0x00,0x0a,0xff,0xff,0xfb,0x00,0x00,0x00,0x00,0x00,0x00,0x00,0x00,0x00,0x00,0x00,0x00,0x00,0x00,0x00,0x00,0x0a,0xff,0xff,
  0xfb,0x00,0x00,0x00,0x00,0x00,0x00,0x00,0x00,0x00,0x00,0x00,0x00,0x00,0x00,0x00,0x00,0x0a,0xff,0xff,0xfb,0x00,0x00,0x00,
  0x00,0x00,0x00,0x00,0x00,0x00,0x00,0x00,0x00,0x00,0x00,0x00,0x00,0x0a,0xff,0xff,0xfb,0x00,0x00,0x00,0x00,0x00,0x00,0x00,
  0x00,0x00,0x00,0x00,0x00,0x00,0x00,0x00,0x00,0x0a,0xff,0xff,0xfb,0x00,0x00,0x00,0x00,0x00,0x00,0x00,0x00,0x00,0x00,0x00,
  0x00,0x00,0x00,0x00,0x00,0x0a,0xff,0xff,0xfb,0x00,0x00,0x00,0x00,0x00,0x00,0x00,0x00,0x00,0x00,0x00,0x00,0x00,0x00,0x00,
  0x00,0x00,0x00,0x00,0x00,0x00,0x00,0x00,0x00,0x00,0x00,0x00,0x00,0x00,0x00,0x00,0x00,0x00,0x00,0x00,0x00,0x00,0x00,0x00,
  0x00,0x00,0x00,0x00,0x00,0x00,0x00,0x00,0x00,0x00,0x00,0x00,0x00,0x00,0x00,0x00,0x00,0x00,0x00,0x00,0x00,0x00,0x00,0x00,
  0x00,0x00,0x00,0x00,0x00,0x00,0x00,0x00,0x00,0x00,0x00,0x00,0x00,0x00,0x00,0x00,0x00,0x00,0x00,0x00,0x00,0x00,0x00,0x00,
  0x00,0x03,0xff,0xff,0xff,0x20,0x00,0x00,0x00,0x00,0x00,0x00,0x00,0x00,0x00,0x00,0x00,0x00,0x00,0x00,0x00,0x03,0xff,0xff,
  0xff,0x20,0x00,0x00,0x00,0x00,0x00,0x00,0x00,0x00,0x00,0x00,0x00,0x00,0x00,0x4b,0x00,0x03,0xff,0xff,0xff,0x20,0x00,0x00,
  0x00,0x00,0x00,0x00,0x00,0x00,0x00,0x00,0x00,0x00,0x4c,0xff,0x00,0x03,0xff,0xff,0xff,0x20,0x00,0x00,0x00,0x00,0x00,0x00,
  0x00,0x00,0x00,0x00,0x00,0x3b,0xff,0xff,0x00,0x03,0xff,0xff,0xff,0x20,0x00,0x00,0x00,0x00,0x00,0x00,0x00,0x00,0x00,0x00,
  0x3b,0xff,0xff,0xff,0x00,0x03,0xff,0xff,0xff,0x20,0x00,0x00,0x00,0x00,0x00,0x00,0x00,0x00,0x00,0x3b,0xff,0xff,0xff,0xff,
  0x00,0x00,0x00,0x00,0x00,0x00,0x00,0x00,0x00,0x00,0x00,0x00,0x00,0x00,0x3b,0xff,0xff,0xff,0xff,0xff,0x00,0x00,0x00,0x00,
  0x00,0x00,0x00,0x00,0x00,0x00,0x00,0x00,0x00,0x2a,0xff,0xff,0xff,0xff,0xff,0xff,0x00,0x00,0x00,0x00,0x00,0x00,0x00,0x00,
  0x00,0x00,0x00,0x00,0x2a,0xff,0xff,0xff,0xff,0xff,0xff,0xff,0x00,0x00,0x00,0x00,0x00,0x00,0x00,0x00,0x00,0x00,0x00,0x2a,
  0xff,0xff,0xff,0xff,0xff,0xef,0xff,0xff,0x00,0x00,0x00,0x00,0x00,0x00,0x00,0x00,0x00,0x00,0x2a,0xff,0xff,0xff,0xff,0xff,
  0xb3,0x6f,0xff,0xff,0x00,0x00,0x00,0x00,0x00,0x00,0x00,0x00,0x00,0x29,0xff,0xff,0xff,0xff,0xff,0xc4,0x00,0x6f,0xff,0xff,
  0x00,0x00,0x00,0x00,0x00,0x00,0x00,0x00,0x19,0xff,0xff,0xff,0xff,0xff,0xc4,0x00,0x00,0x6f,0xff,0xff,0x00,0x00,0x00,0x00,
  0x00,0x00,0x00,0x19,0xff,0xff,0xff,0xff,0xff,0xc4,0x00,0x00,0x00,0x6f,0xff,0xff,0x00,0x00,0x00,0x00,0x00,0x00,0x19,0xff,
  0xff,0xff,0xff,0xff,0xd5,0x00,0x00,0x00,0x00,0x6f,0xff,0xff,0x00,0x00,0x00,0x00,0x00,0x18,0xff,0xff,0xff,0xff,0xff,0xd5,
  0x00,0x00,0x00,0x00,0x00,0x6f,0xff,0xff,0x00,0x00,0x00,0x00,0x18,0xff,0xff,0xff,0xff,0xff,0xd5,0x00,0x00,0x00,0x00,0x00,
  0x00,0x6f,0xff,0xff,0x00,0x00,0x00,0x18,0xff,0xff,0xff,0xff,0xff,0xd6,0x00,0x00,0x00,0x00,0x00,0x00,0x00,0x6f,0xff,0xff,
  0x00,0x00,0x18,0xff,0xff,0xff,0xff,0xff,0xe6,0x00,0x00,0x00,0x00,0x00,0x00,0x00,0x00,0x6f,0xff,0xff,0x00,0x07,0xef,0xff,
  0xff,0xff,0xff,0xe6,0x00,0x00,0x00,0x00,0x00,0x00,0x00,0x00,0x00,0x6f,0xff,0xff,0x07,0xef,0xff,0xff,0xff,0xff,0xe7,0x00,
  0x00,0x00,0x00,0x00,0x00,0x00,0x00,0x00,0x00,0x6f,0xff,0xff,0x4f,0xff,0xff,0xff,0xff,0xe7,0x00,0x00,0x00,0x00,0x00,0x00,
  0x00,0x00,0x00,0x00,0x00,0x6f,0xff,0xff,0x4f,0xff,0xff,0xff,0xe7,0x00,0x00,0x00,0x00,0x00,0x00,0x00,0x00,0x00,0x00,0x00,
  0x00,0x6f,0xff,0xff,0x4f,0xff,0xff,0xf8,0x10,0x00,0x00,0x00,0x00,0x00,0x00,0x00,0x00,0x00,0x00,0x00,0x00,0x6f,0xff,0xff,
  0x4f,0xff,0xfe,0x20,0x00,0x00,0x00,0x00,0x00,0x00,0x00,0x00,0x00,0x00,0x00,0x00,0x00,0x6f,0xff,0xff,0x4f,0xff,0xff,0xe7,
  0x00,0x00,0x00,0x00,0x00,0x00,0x00,0x00,0x00,0x00,0x00,0x00,0x00,0x6f,0xff,0xff,0x4f,0xff,0xff,0xff,0xe7,0x00,0x00,0x00,
  0x00,0x00,0x00,0x00,0x00,0x00,0x00,0x00,0x00,0x6f,0xff,0xff,0x4f,0xff,0xff,0xff,0xff,0xe6,0x00,0x00,0x00,0x00,0x00,0x00,
  0x00,0x00,0x00,0x00,0x00,0x6f,0xff,0xff,0x08,0xff,0xff,0xff,0xff,0xff,0xe6,0x00,0x00,0x00,0x00,0x00,0x00,0x00,0x00,0x00,
  0x00,0x6f,0xff,0xff,0x00,0x18,0xff,0xff,0xff,0xff,0xff,0xd5,0x00,0x00,0x00,0x00,0x00,0x00,0x00,0x00,0x00,0x6f,0xff,0xff,
  0x00,0x00,0x18,0xff,0xff,0xff,0xff,0xff,0xd5,0x00,0x00,0x00,0x00,0x00,0x00,0x00,0x00,0x6f,0xff,0xff,0x00,0x00,0x00,0x18,
  0xff,0xff,0xff,0xff,0xff,0xd5,0x00,0x00,0x00,0x00,0x00,0x00,0x00,0x6f,0xff,0xff,0x00,0x00,0x00,0x00,0x19,0xff,0xff,0xff,
  0xff,0xff,0xc4,0x00,0x00,0x00,0x00,0x00,0x00,0x6f,0xff,0xff,0x00,0x00,0x00,0x00,0x00,0x19,0xff,0xff,0xff,0xff,0xff,0xc4,
  0x00,0x00,0x00,0x00,0x00,0x6f,0xff,0xff,0x00,0x00,0x00,0x00,0x00,0x00,0x19,0xff,0xff,0xff,0xff,0xff,0xc3,0x00,0x00,0x00,
  0x00,0x6f,0xff,0xff,0x00,0x00,0x00,0x00,0x00,0x00,0x00,0x19,0xff,0xff,0xff,0xff,0xff,0xb3,0x00,0x00,0x00,0x6f,0xff,0xff,
  0x00,0x00,0x00,0x00,0x00,0x00,0x00,0x00,0x29,0xff,0xff,0xff,0xff,0xff,0xb3,0x00,0x00,0x6f,0xff,0xff,0x00,0x00,0x00,0x00,
  0x00,0x00,0x00,0x00,0x00,0x2a,0xff,0xff,0xff,0xff,0xff,0xa2,0x00,0x6f,0xff,0xff,0x00,0x00,0x00,0x00,0x00,0x00,0x00,0x00,
  0x00,0x00,0x2a,0xff,0xff,0xff,0xff,0xff,0xa2,0x6f,0xff,0xff,0x00,0x00,0x00,0x00,0x00,0x00,0x00,0x00,0x00,0x00,0x00,0x2a,
  0xff,0xff,0xff,0xff,0xff,0xdf,0xff,0xff,0x00,0x00,0x00,0x00,0x00,0x00,0x00,0x00,0x00,0x00,0x00,0x00,0x2a,0xff,0xff,0xff,
  0xff,0xff,0xff,0xff,0x00,0x00,0x00,0x00,0x00,0x00,0x00,0x00,0x00,0x00,0x00,0x00,0x00,0x3b,0xff,0xff,0xff,0xff,0xff,0xff,
  0x00,0x00,0x00,0x00,0x00,0x00,0x00,0x00,0x00,0x00,0x00,0x00,0x00,0x00,0x3b,0xff,0xff,0xff,0xff,0xff,0x00,0x00,0x00,0x00,
  0x00,0x00,0x00,0x00,0x00,0x00,0x00,0x00,0x00,0x00,0x00,0x3b,0xff,0xff,0xff,0xff,0x00,0x00,0x00,0x00,0x00,0x00,0x00,0x00,
  0x00,0x00,0x00,0x00,0x00,0x00,0x00,0x00,0x3b,0xff,0xff,0xff,0x00,0x00,0x00,0x00,0x00,0x00,0x00,0x00,0x00,0x00,0x00,0x00,
  0x00,0x00,0x00,0x00,0x00,0x3c,0xff,0xff,0x00,0x00,0x00,0x00,0x00,0x00,0x00,0x00,0x00,0x00,0x00,0x00,0x00,0x00,0x00,0x00,
  0x00,0x00,0x4c,0xff,0x00,0x00,0x00,0x00,0x00,0x00,0x00,0x00,0x00,0x00,0x00,0x00,0x00,0x00,0x00,0x00,0x00,0x00,0x00,0x4b,
  0x00,0x00,0x00,0x00,0xef,0xff,0xff,0x70,0x00,0x00,0x00,0x00,0x00,0x00,0x00,0x00,0x00,0x00,0x00,0x00,0x00,0x00,0x00,0x00,
  0xef,0xff,0xff,0x70,0x00,0x00,0x00,0x00,0x00,0x00,0x00,0x00,0x00,0x00,0x00,0x00,0x00,0x00,0x00,0x00,0xef,0xff,0xff,0x70,
  0x00,0x00,0x00,0x00,0x00,0x00,0x00,0x00,0x00,0x00,0x00,0x00,0x00,0x00,0x00,0x00,0xef,0xff,0xff,0x70,0x00,0x00,0x00,0x00,
  0x00,0x00,0x00,0x00,0x00,0x00,0x00,0x00,0x00,0x00,0x00,0x00,0xef,0xff,0xff,0x70,0x00,0x00,0x00,0x00,0x00,0x00,0x00,0x00,
  0x00,0x00,0x00,0x00,0x00,0x00,0x00,0x00,0xef,0xff,0xff,0x70,0x00,0x00,0x00,0x00,0x00,0x00,0x00,0x00,0x00,0x00,0x00,0x00,
  0x00,0x00,0x00,0x00,0x00,0x00,0x00,0x00,0x00,0x00,0x00,0x00,0x00,0x00,0x00,0x00,0x00,0x00,0x00,0x00,0x00,0x00,0x00,0x00,
  0x00,0x00,0x00,0x00,0x00,0x00,0x00,0x00,0x00,0x00,0x00,0x00,0x00,0x00,0x00,0x00,0x00,0x00,0x00,0x00,0x00,0x00,0x00,0x00,
  0x00,0x00,0x00,0x00,0x00,0x00,0x00,0x00,0x00,0x00,0x00,0x00,0x00,0x00,0x00,0x00,0x00,0x00,0x00,0x00,0x00,0x00,0x00,0x00,
  0x00,0x00,0x00,0x00,0x00,0x00,0x00,0x00,0x00,0x00,0x00,0x00,0x00,0x00,0x00,0x00,0x00,0x00,0x00,0x00,0x00,0x00,0x0e,0xff,
  0xff,0xf7,0x00,0x00,0x96,0x00,0x00,0x00,0x00,0x00,0x00,0x00,0x00,0x00,0x00,0x00,0x00,0x00,0x0e,0xff,0xff,0xf7,0x00,0x00,
  0xbf,0xd5,0x00,0x00,0x00,0x00,0x00,0x00,0x00,0x00,0x00,0x00,0x00,0x00,0x0e,0xff,0xff,0xf7,0x00,0x00,0xbf,0xff,0xd5,0x00,
  0x00,0x00,0x00,0x00,0x00,0x00,0x00,0x00,0x00,0x00,0x0e,0xff,0xff,0xf7,0x00,0x00,0xbf,0xff,0xff,0xd5,0x00,0x00,0x00,0x00,
  0x00,0x00,0x00,0x00,0x00,0x00,0x0e,0xff,0xff,0xf7,0x00,0x00,0xbf,0xff,0xff,0xff,0xd5,0x00,0x00,0x00,0x00,0x00,0x00,0x00,
  0x00,0x00,0x0e,0xff,0xff,0xf7,0x00,0x00,0xbf,0xff,0xff,0xff,0xff,0xc4,0x00,0x00,0x00,0x00,0x00,0x00,0x00,0x00,0x00,0x00,
  0x00,0x00,0x00,0x00,0xbf,0xff,0xff,0xff,0xff,0xff,0xc4,0x00,0x00,0x00,0x00,0x00,0x00,0x00,0x00,0x00,0x00,0x00,0x00,0x00,
  0xbf,0xff,0xff,0xff,0xff,0xff,0xff,0xc4,0x00,0x00,0x00,0x00,0x00,0x00,0x00,0x00,0x00,0x00,0x00,0x00,0xbf,0xff,0xfe,0xff,
  0xff,0xff,0xff,0xff,0xc4,0x00,0x00,0x00,0x00,0x00,0x00,0x00,0x00,0x00,0x00,0x00,0xbf,0xff,0xf9,0x2a,0xff,0xff,0xff,0xff,
  0xff,0xb3,0x00,0x00,0x00,0x00,0x00,0x00,0x00,0x00,0x00,0x00,0xbf,0xff,0xf9,0x00,0x2a,0xff,0xff,0xff,0xff,0xff,0xb3,0x00,
  0x00,0x00,0x00,0x00,0x00,0x00,0x00,0x00,0xbf,0xff,0xf9,0x00,0x00,0x2a,0xff,0xff,0xff,0xff,0xff,0xb3,0x00,0x00,0x00,0x00,
  0x00,0x00,0x00,0x00,0xbf,0xff,0xf9,0x00,0x00,0x00,0x3b,0xff,0xff,0xff,0xff,0xff,0xb3,0x00,0x00,0x00,0x00,0x00,0x00,0x00,
  0xbf,0xff,0xf9,0x00,0x00,0x00,0x00,0x3b,0xff,0xff,0xff,0xff,0xff,0xa2,0x00,0x00,0x00,0x00,0x00,0x00,0xbf,0xff,0xf9,0x00,
  0x00,0x00,0x00,0x00,0x3b,0xff,0xff,0xff,0xff,0xff,0xa2,0x00,0x00,0x00,0x00,0x00,0xbf,0xff,0xf9,0x00,0x00,0x00,0x00,0x00,
  0x00,0x3c,0xff,0xff,0xff,0xff,0xff,0xa2,0x00,0x00,0x00,0x00,0xbf,0xff,0xf9,0x00,0x00,0x00,0x00,0x00,0x00,0x00,0x4c,0xff,
  0xff,0xff,0xff,0xff,0xa2,0x00,0x00,0x00,0xbf,0xff,0xf9,0x00,0x00,0x00,0x00,0x00,0x00,0x00,0x00,0x4c,0xff,0xff,0xff,0xff,
  0xff,0x92,0x00,0x00,0xbf,0xff,0xf9,0x00,0x00,0x00,0x00,0x00,0x00,0x00,0x00,0x00,0x5d,0xff,0xff,0xff,0xff,0xff,0x91,0x00,
  0xbf,0xff,0xf9,0x00,0x00,0x00,0x00,0x00,0x00,0x00,0x00,0x00,0x00,0x5d,0xff,0xff,0xff,0xff,0xff,0x91,0xbf,0xff,0xf9,0x00,
  0x00,0x00,0x00,0x00,0x00,0x00,0x00,0x00,0x00,0x00,0x5d,0xff,0xff,0xff,0xff,0xf8,0xbf,0xff,0xf9,0x00,0x00,0x00,0x00,0x00,
  0x00,0x00,0x00,0x00,0x00,0x00,0x00,0x6d,0xff,0xff,0xff,0xf8,0xbf,0xff,0xf9,0x00,0x00,0x00,0x00,0x00,0x00,0x00,0x00,0x00,
  0x00,0x00,0x00,0x00,0x6e,0xff,0xff,0xf8,0xbf,0xff,0xf9,0x00,0x00,0x00,0x00,0x00,0x00,0x00,0x00,0x00,0x00,0x00,0x00,0x00,
  0x00,0xcf,0xff,0xf8,0xbf,0xff,0xf9,0x00,0x00,0x00,0x00,0x00,0x00,0x00,0x00,0x00,0x00,0x00,0x00,0x00,0x5d,0xff,0xff,0xf8,
  0xbf,0xff,0xf9,0x00,0x00,0x00,0x00,0x00,0x00,0x00,0x00,0x00,0x00,0x00,0x00,0x5d,0xff,0xff,0xff,0xf8,0xbf,0xff,0xf9,0x00,
  0x00,0x00,0x00,0x00,0x00,0x00,0x00,0x00,0x00,0x00,0x4d,0xff,0xff,0xff,0xff,0xf8,0xbf,0xff,0xf9,0x00,0x00,0x00,0x00,0x00,
  0x00,0x00,0x00,0x00,0x00,0x4c,0xff,0xff,0xff,0xff,0xff,0x91,0xbf,0xff,0xf9,0x00,0x00,0x00,0x00,0x00,0x00,0x00,0x00,0x00,
  0x4c,0xff,0xff,0xff,0xff,0xff,0xa2,0x00,0xbf,0xff,0xf9,0x00,0x00,0x00,0x00,0x00,0x00,0x00,0x00,0x3b,0xff,0xff,0xff,0xff,
  0xff,0xa2,0x00,0x00,0xbf,0xff,0xf9,0x00,0x00,0x00,0x00,0x00,0x00,0x00,0x3b,0xff,0xff,0xff,0xff,0xff,0xa2,0x00,0x00,0x00,
  0xbf,0xff,0xf9,0x00,0x00,0x00,0x00,0x00,0x00,0x2b,0xff,0xff,0xff,0xff,0xff,0xa2,0x00,0x00,0x00,0x00,0xbf,0xff,0xf9,0x00,
  0x00,0x00,0x00,0x00,0x2a,0xff,0xff,0xff,0xff,0xff,0xb2,0x00,0x00,0x00,0x00,0x00,0xbf,0xff,0xf9,0x00,0x00,0x00,0x00,0x2a,
  0xff,0xff,0xff,0xff,0xff,0xb3,0x00,0x00,0x00,0x00,0x00,0x00,0xbf,0xff,0xf9,0x00,0x00,0x00,0x29,0xff,0xff,0xff,0xff,0xff,
  0xb3,0x00,0x00,0x00,0x00,0x00,0x00,0x00,0xbf,0xff,0xf9,0x00,0x00,0x19,0xff,0xff,0xff,0xff,0xff,0xb3,0x00,0x00,0x00,0x00,
  0x00,0x00,0x00,0x00,0xbf,0xff,0xf9,0x00,0x19,0xff,0xff,0xff,0xff,0xff,0xb3,0x00,0x00,0x00,0x00,0x00,0x00,0x00,0x00,0x00,
  0xbf,0xff,0xf9,0x18,0xff,0xff,0xff,0xff,0xff,0xc4,0x00,0x00,0x00,0x00,0x00,0x00,0x00,0x00,0x00,0x00,0xbf,0xff,0xfd,0xff,
  0xff,0xff,0xff,0xff,0xc4,0x00,0x00,0x00,0x00,0x00,0x00,0x00,0x00,0x00,0x00,0x00,0xbf,0xff,0xff,0xff,0xff,0xff,0xff,0xc4,
  0x00,0x00,0x00,0x00,0x00,0x00,0x00,0x00,0x00,0x00,0x00,0x00,0xbf,0xff,0xff,0xff,0xff,0xff,0xc4,0x00,0x00,0x00,0x00,0x00,
  0x00,0x00,0x00,0x00,0x00,0x00,0x00,0x00,0xbf,0xff,0xff,0xff,0xff,0xd5,0x00,0x00,0x00,0x00,0x00,0x00,0x00,0x00,0x00,0x00,
  0x00,0x00,0x00,0x00,0xbf,0xff,0xff,0xff,0xd5,0x00,0x00,0x00,0x00,0x00,0x00,0x00,0x00,0x00,0x00,0x00,0x00,0x00,0x00,0x00,
  0xbf,0xff,0xff,0xd5,0x00,0x00,0x00,0x00,0x00,0x00,0x00,0x00,0x00,0x00,0x00,0x00,0x00,0x00,0x00,0x00,0xbf,0xff,0xd5,0x00,
  0x00,0x00,0x00,0x00,0x00,0x00,0x00,0x00,0x00,0x00,0x00,0x00,0x00,0x00,0x00,0x00,0xbf,0xd5,0x00,0x00,0x00,0x00,0x00,0x00,
  0x00,0x00,0x00,0x00,0x00,0x00,0x00,0x00,0x00,0x00,0x00,0x00,0x96,0x00,0x00,0x00,0x00,0x00,0x00,0x00,0x00,0x00,0x00,0x00,
  0x00,0x00,0x00,0x00,0x00,0x00,0x00,0x00,0x00,0x00,0x00,0x00,0x00,0x00,0x00,0x7f,0xb6,0x00,0x00,0x00,0x00,0x00,0x07,0xff,
  0xe6,0x00,0x00,0x00,0x00,0x00,0x4f,0xff,0xc2,0x00,0x00,0x00,0x00,0x03,0xff,0xff,0x60,0x00,0x00,0x00,0x00,0x5f,0xff,0xf8,
  0x00,0x00,0x00,0x00,0x0a,0xff,0xff,0x80,0x00,0x00,0x00,0x01,0xef,0xff,0xf6,0x00,0x00,0x00,0x00,0x6f,0xff,0xff,0x20,0x00,
  0x00,0x00,0x0d,0xff,0xff,0xa0,0x00,0x00,0x00,0x04,0xff,0xff,0xf0,0x00,0x00,0x00,0x00,0xbf,0xff,0xf1,0x00,0x00,0x00,0x00,
  0x1e,0xff,0xe0,0x00,0x00,0x00,0x00,0x02,0xbc,0x40,0x00,0x05,0xae,0xff,0xda,0x30,0x00,0x00,0x01,0xcf,0xff,0xff,0xff,0xf9,
  0x00,0x00,0x0c,0xff,0xd6,0x32,0x49,0xff,0xa0,0x00,0x5f,0xfb,0x00,0x00,0x00,0x4f,0xf5,0x00,0xbf,0xf1,0x00,0x00,0x00,0x09,
  0xfc,0x00,0xef,0x90,0x00,0x00,0x00,0x04,0xff,0x10,0xff,0x60,0x00,0x00,0x00,0x02,0xff,0x30,0xff,0x60,0x00,0x00,0x00,0x02,
  0xff,0x30,0xef,0x80,0x00,0x00,0x00,0x04,0xff,0x20,0xaf,0xd0,0x00,0x00,0x00,0x09,0xfe,0x00,0x5f,0xf8,0x00,0x00,0x00,0x4f,
  0xf9,0x00,0x0c,0xff,0xb5,0x32,0x49,0xff,0xe1,0x00,0x01,0xcf,0xff,0xff,0xff,0xfe,0x30,0x00,0x00,0x05,0xae,0xff,0xeb,0x70,
  0x00,0x00,0x06,0x66,0x66,0x66,0x0f,0xff,0xff,0xff,0x0f,0xff,0xff,0xff,0x0f,0xff,0xff,0xff,0x0f,0xff,0xff,0xff,0x0f,0xff,
  0xff,0xff,0x0f,0xff,0xff,0xff,0x0f,0xff,0xff,0xfd,0x00,0x00,0xef,0xf5,0x00,0x06,0xff,0xc0,0x00,0x0d,0xff,0x40,0x00,0x4f,
  0xfc,0x00,0x00,0xcf,0xf3,0x00,0x03,0xff,0xb0,0x00,0x0b,0xff,0x20,0x00,0x2f,0xfa,0x00,0x00,0x14,0x41,0x00,0x00,0x1f,0xff,
  0xff,0xff,0x60,0x0f,0xff,0xff,0xff,0x50,0x0f,0xff,0xff,0xff,0x40,0x0e,0xff,0xff,0xff,0x20,0x0d,0xff,0xff,0xff,0x10,0x0b,
  0xff,0xff,0xff,0x00,0x0a,0xff,0xff,0xff,0x00,0x09,0xff,0xff,0xfd,0x00,0x08,0xff,0xff,0xfc,0x00,0x07,0xff,0xff,0xfb,0x00,
  0x06,0xff,0xff,0xfa,0x00,0x05,0xff,0xff,0xf9,0x00,0x04,0xff,0xff,0xf7,0x00,0x02,0xff,0xff,0xf6,0x00,0x01,0xff,0xff,0xf5,
  0x00,0x00,0xff,0xff,0xf4,0x00,0x00,0xff,0xff,0xf3,0x00,0x00,0xef,0xff,0xf1,0x00,0x00,0xdf,0xff,0xf0,0x00,0x00,0xcf,0xff,
  0xf0,0x00,0x00,0xbf,0xff,0xe0,0x00,0x00,0x9f,0xff,0xc0,0x00,0x00,0x8f,0xff,0xb0,0x00,0x00,0x7f,0xff,0xa0,0x00,0x00,0x6f,
  0xff,0x90,0x00,0x00,0x5f,0xff,0x80,0x00,0x00,0x4f,0xff,0x60,0x00,0x00,0x3f,0xff,0x50,0x00,0x00,0x2f,0xff,0x40,0x00,0x00,
  0x0f,0xff,0x30,0x00,0x00,0x0f,0xff,0x20,0x00,0x00,0x0e,0xff,0x00,0x00,0x00,0x0d,0xff,0x00,0x00,0x00,0x00,0x00,0x00,0x00,
  0x00,0x00,0x00,0x00,0x00,0x00,0x00,0x00,0x00,0x00,0x00,0x00,0x00,0x00,0x00,0x09,0xee,0xee,0xee,0x00,0x0b,0xff,0xff,0xff,
  0x00,0x0b,0xff,0xff,0xff,0x00,0x0b,0xff,0xff,0xff,0x00,0x0b,0xff,0xff,0xff,0x00,0x0b,0xff,0xff,0xff,0x00,0x0b,0xff,0xff,
  0xff,0x00,0x00,0x00,0x00,0x00,0x00,0x02,0x57,0x88,0x87,0x52,0x00,0x00,0x00,0x00,0x00,0x00,0x00,0x00,0x00,0x28,0xef,0xff,
  0xff,0xff,0xff,0xe9,0x20,0x00,0x00,0x00,0x00,0x00,0x00,0x1a,0xff,0xff,0xff,0xff,0xff,0xff,0xff,0xfa,0x10,0x00,0x00,0x00,
  0x00,0x05,0xff,0xff,0xff,0xff,0xff,0xff,0xff,0xff,0xff,0xe4,0x00,0x00,0x00,0x00,0x7f,0xff,0xff,0xff,0xff,0xff,0xff,0xff,
  0xff,0xff,0xff,0x50,0x00,0x00,0x05,0xff,0xff,0xff,0xf9,0x41,0x00,0x24,0x8e,0xff,0xff,0xff,0xf4,0x00,0x00,0x1f,0xff,0xff,
  0xfa,0x10,0x00,0x00,0x00,0x00,0x6f,0xff,0xff,0xfe,0x10,0x00,0xbf,0xff,0xff,0x70,0x00,0x00,0x00,0x00,0x00,0x02,0xef,0xff,
  0xff,0x80,0x02,0xff,0xff,0xf9,0x00,0x00,0x00,0x00,0x00,0x00,0x00,0x3f,0xff,0xff,0xe0,0x09,0xff,0xff,0xe0,0x00,0x00,0x00,
  0x00,0x00,0x00,0x00,0x0a,0xff,0xff,0xf4,0x0e,0xff,0xff,0x60,0x00,0x00,0x00,0x00,0x00,0x00,0x00,0x05,0xff,0xff,0xf8,0x3f,
  0xff,0xff,0x10,0x00,0x00,0x00,0x00,0x00,0x00,0x00,0x01,0xff,0xff,0xfb,0x7f,0xff,0xfb,0x00,0x00,0x00,0x00,0x00,0x00,0x00,
  0x00,0x00,0xff,0xff,0xfc,0x49,0xdf,0xf6,0x00,0x00,0x00,0x00,0x00,0x00,0x00,0x00,0x01,0xff,0xff,0xfc,0x00,0x01,0x41,0x00,
  0x00,0x00,0x00,0x00,0x00,0x00,0x00,0x03,0xff,0xff,0xfa,0x00,0x00,0x00,0x00,0x00,0x00,0x00,0x00,0x00,0x00,0x00,0x07,0xff,
  0xff,0xf7,0x00,0x00,0x00,0x00,0x00,0x00,0x00,0x00,0x00,0x00,0x00,0x0e,0xff,0xff,0xf2,0x00,0x00,0x00,0x00,0x00,0x00,0x00,
  0x00,0x00,0x00,0x00,0x9f,0xff,0xff,0xc0,0x00,0x00,0x00,0x00,0x00,0x00,0x00,0x00,0x00,0x00,0x07,0xff,0xff,0xff,0x30,0x00,
  0x00,0x00,0x00,0x00,0x00,0x00,0x00,0x00,0x01,0xaf,0xff,0xff,0xf8,0x00,0x00,0x00,0x00,0x00,0x00,0x00,0x00,0x00,0x00,0x6e,
  0xff,0xff,0xff,0xb0,0x00,0x00,0x00,0x00,0x00,0x00,0x00,0x00,0x00,0x4d,0xff,0xff,0xff,0xfa,0x00,0x00,0x00,0x00,0x00,0x00,
  0x00,0x00,0x00,0x09,0xff,0xff,0xff,0xff,0x70,0x00,0x00,0x00,0x00,0x00,0x00,0x00,0x00,0x01,0xcf,0xff,0xff,0xff,0xc3,0x00,
  0x00,0x00,0x00,0x00,0x00,0x00,0x00,0x00,0x0c,0xff,0xff,0xff,0xd5,0x00,0x00,0x00,0x00,0x00,0x00,0x00,0x00,0x00,0x00,0x5f,
  0xff,0xff,0xf7,0x00,0x00,0x00,0x00,0x00,0x00,0x00,0x00,0x00,0x00,0x00,0xbf,0xff,0xfd,0x20,0x00,0x00,0x00,0x00,0x00,0x00,
  0x00,0x00,0x00,0x00,0x00,0xef,0xff,0xf2,0x00,0x00,0x00,0x00,0x00,0x00,0x00,0x00,0x00,0x00,0x00,0x00,0xff,0xff,0xb0,0x00,
  0x00,0x00,0x00,0x00,0x00,0x00,0x00,0x00,0x00,0x00,0x02,0xff,0xff,0x70,0x00,0x00,0x00,0x00,0x00,0x00,0x00,0x00,0x00,0x00,
  0x00,0x02,0xff,0xff,0x50,0x00,0x00,0x00,0x00,0x00,0x00,0x00,0x00,0x00,0x00,0x00,0x02,0xff,0xff,0x50,0x00,0x00,0x00,0x00,
  0x00,0x00,0x00,0x00,0x00,0x00,0x00,0x03,0xff,0xff,0x50,0x00,0x00,0x00,0x00,0x00,0x00,0x00,0x00,0x00,0x00,0x00,0x03,0xff,
  0xff,0x50,0x00,0x00,0x00,0x00,0x00,0x00,0x00,0x00,0x00,0x00,0x00,0x00,0x22,0x22,0x00,0x00,0x00,0x00,0x00,0x00,0x00,0x00,
  0x00,0x00,0x00,0x00,0x00,0x00,0x00,0x00,0x00,0x00,0x00,0x00,0x00,0x00,0x00,0x00,0x00,0x00,0x00,0x00,0x00,0x00,0x00,0x00,
  0x00,0x00,0x00,0x00,0x00,0x00,0x00,0x00,0x00,0x00,0x00,0x00,0x00,0x00,0x00,0x00,0x00,0x00,0x00,0x00,0x00,0x00,0x00,0x00,
  0x00,0x04,0x44,0x44,0x42,0x00,0x00,0x00,0x00,0x00,0x00,0x00,0x00,0x00,0x00,0x00,0x0f,0xff,0xff,0xf9,0x00,0x00,0x00,0x00,
  0x00,0x00,0x00,0x00,0x00,0x00,0x00,0x0f,0xff,0xff,0xf9,0x00,0x00,0x00,0x00,0x00,0x00,0x00,0x00,0x00,0x00,0x00,0x0f,0xff,
  0xff,0xf9,0x00,0x00,0x00,0x00,0x00,0x00,0x00,0x00,0x00,0x00,0x00,0x0f,0xff,0xff,0xf9,0x00,0x00,0x00,0x00,0x00,0x00,0x00,
  0x00,0x00,0x00,0x00,0x0f,0xff,0xff,0xf9,0x00,0x00,0x00,0x00,0x00,0x00,0x00,0x00,0x00,0x00,0x00,0x0f,0xff,0xff,0xf9,0x00,
  0x00,0x00,0x00,0x00,0x00,0x44,0x44,0x44,0x40,0xff,0xff,0xff,0xf2,0xff,0xff,0xff,0xf2,0xff,0xff,0xff,0xf2,0xff,0xff,0xff,
  0xf2,0xff,0xff,0xff,0xf2,0xff,0xff,0xff,0xf2,0xff,0xff,0xff,0xf2,0x00,0x00,0x00,0x00,0x00,0x00,0x00,0x00,0x00,0x00,0x00,
  0x00,0x00,0x00,0x00,0x00,0x00,0x00,0x00,0x00,0x00,0x00,0x00,0x00,0x00,0x00,0x00,0x00,0x00,0x00,0x00,0x00,0x00,0x00,0x00,
  0x00,0x00,0x00,0x00,0x00,0x00,0x00,0x00,0x00,0x00,0x00,0x00,0x00,0x00,0x00,0x00,0x00,0x00,0x00,0x00,0x00,0x00,0x00,0x00,
  0x00,0x00,0x00,0x00,0x00,0x00,0x00,0x00,0x00,0x44,0x44,0x44,0x40,0xff,0xff,0xff,0xf2,0xff,0xff,0xff,0xf2,0xff,0xff,0xff,
  0xf2,0xff,0xff,0xff,0xf2,0xff,0xff,0xff,0xf2,0xff,0xff,0xff,0xf2,0xff,0xff,0xff,0xf2,0x04,0x44,0x44,0x44,0x1f,0xff,0xff,
  0xff,0x1f,0xff,0xff,0xff,0x1f,0xff,0xff,0xff,0x1f,0xff,0xff,0xff,0x1f,0xff,0xff,0xff,0x1f,0xff,0xff,0xff,0x1f,0xff,0xff,
  0xff,0x00,0x00,0x00,0x00,0x00,0x00,0x00,0x00,0x00,0x00,0x00,0x00,0x00,0x00,0x00,0x00,0x00,0x00,0x00,0x00,0x00,0x00,0x00,
  0x00,0x00,0x00,0x00,0x00,0x00,0x00,0x00,0x00,0x00,0x00,0x00,0x00,0x00,0x00,0x00,0x00,0x00,0x00,0x00,0x00,0x00,0x00,0x00,
  0x00,0x00,0x00,0x00,0x00,0x00,0x00,0x00,0x00,0x00,0x00,0x00,0x00,0x00,0x00,0x00,0x00,0x00,0x00,0x00,0x00,0x06,0x66,0x66,
  0x66,0x0f,0xff,0xff,0xff,0x0f,0xff,0xff,0xff,0x0f,0xff,0xff,0xff,0x0f,0xff,0xff,0xff,0x0f,0xff,0xff,0xff,0x0f,0xff,0xff,
  0xff,0x0f,0xff,0xff,0xfd,0x00,0x00,0xef,0xf5,0x00,0x06,0xff,0xc0,0x00,0x0d,0xff,0x40,0x00,0x4f,0xfc,0x00,0x00,0xcf,0xf3,
  0x00,0x03,0xff,0xb0,0x00,0x0b,0xff,0x20,0x00,0x2f,0xfa,0x00,0x00,0x14,0x41,0x00,0x00,0x00,0x00,0x0b,0xff,0xf7,0x00,0x00,
  0x00,0x00,0xdf,0xff,0x40,0x00,0x00,0x3f,0xff,0xf3,0x00,0x00,0x00,0x06,0xff,0xff,0x00,0x00,0x00,0xcf,0xff,0xe0,0x00,0x00,
  0x00,0x0e,0xff,0xfb,0x00,0x00,0x04,0xff,0xff,0xa0,0x00,0x00,0x00,0x7f,0xff,0xf7,0x00,0x00,0x0c,0xff,0xff,0x60,0x00,0x00,
  0x01,0xef,0xff,0xf3,0x00,0x00,0x5f,0xff,0xff,0x20,0x00,0x00,0x08,0xff,0xff,0xf0,0x00,0x00,0xdf,0xff,0xfe,0x00,0x00,0x00,
  0x1f,0xff,0xff,0xb0,0x00,0x06,0xff,0xff,0xf9,0x00,0x00,0x00,0x9f,0xff,0xff,0x60,0x00,0x0e,0xff,0xff,0xf5,0x00,0x00,0x02,
  0xff,0xff,0xff,0x20,0x00,0x6f,0xff,0xff,0xf1,0x00,0x00,0x09,0xff,0xff,0xfe,0x00,0x00,0x9f,0xff,0xff,0xf0,0x00,0x00,0x0c,
  0xff,0xff,0xfd,0x00,0x00,0x9f,0xff,0xff,0xf0,0x00,0x00,0x0c,0xff,0xff,0xfd,0x00,0x00,0x9f,0xff,0xff,0xf0,0x00,0x00,0x0c,
  0xff,0xff,0xfd,0x00,0x00,0x9f,0xff,0xff,0xf0,0x00,0x00,0x0c,0xff,0xff,0xfd,0x00,0x00,0x9f,0xff,0xff,0xf0,0x00,0x00,0x0c,
  0xff,0xff,0xfd,0x00,0x00,0x00,0x0f,0xff,0xff,0xf9,0x00,0x00,0x03,0xff,0xff,0xff,0x60,0x00,0x0f,0xff,0xff,0xf9,0x00,0x00,
  0x03,0xff,0xff,0xff,0x60,0x00,0x0f,0xff,0xff,0xf9,0x00,0x00,0x03,0xff,0xff,0xff,0x60,0x00,0x0f,0xff,0xff,0xf9,0x00,0x00,
  0x03,0xff,0xff,0xff,0x60,0x00,0x0f,0xff,0xff,0xf9,0x00,0x00,0x03,0xff,0xff,0xff,0x60,0x00,0x1f,0xff,0xff,0xf7,0x00,0x00,
  0x04,0xff,0xff,0xff,0x40,0x00,0x5f,0xff,0xff,0xe0,0x00,0x00,0x08,0xff,0xff,0xfb,0x00,0x00,0x9f,0xff,0xff,0x60,0x00,0x00,
  0x0c,0xff,0xff,0xf3,0x00,0x00,0xdf,0xff,0xfd,0x00,0x00,0x00,0x0f,0xff,0xff,0xb0,0x00,0x01,0xff,0xff,0xf5,0x00,0x00,0x00,
  0x4f,0xff,0xff,0x20,0x00,0x06,0xff,0xff,0xd0,0x00,0x00,0x00,0x9f,0xff,0xfa,0x00,0x00,0x0a,0xff,0xff,0x40,0x00,0x00,0x00,
  0xdf,0xff,0xf2,0x00,0x00,0x0e,0xff,0xfc,0x00,0x00,0x00,0x01,0xff,0xff,0x90,0x00,0x00,0x2f,0xff,0xf4,0x00,0x00,0x00,0x05,
  0xff,0xff,0x10,0x00,0x00,0x6f,0xff,0xb0,0x00,0x00,0x00,0x09,0xff,0xf8,0x00,0x00,0x00,0x00,0x00,0x0b,0xff,0xf7,0x00,0x00,
  0x3f,0xff,0xf3,0x00,0x00,0xcf,0xff,0xe0,0x00,0x04,0xff,0xff,0xa0,0x00,0x0c,0xff,0xff,0x60,0x00,0x5f,0xff,0xff,0x20,0x00,
  0xdf,0xff,0xfe,0x00,0x06,0xff,0xff,0xf9,0x00,0x0e,0xff,0xff,0xf5,0x00,0x6f,0xff,0xff,0xf1,0x00,0x9f,0xff,0xff,0xf0,0x00,
  0x9f,0xff,0xff,0xf0,0x00,0x9f,0xff,0xff,0xf0,0x00,0x9f,0xff,0xff,0xf0,0x00,0x9f,0xff,0xff,0xf0,0x00,0x00,0x0e,0xff,0xff,
  0xfb,0x00,0x0e,0xff,0xff,0xfb,0x00,0x0e,0xff,0xff,0xfb,0x00,0x0e,0xff,0xff,0xfb,0x00,0x0e,0xff,0xff,0xfb,0x00,0x0f,0xff,
  0xff,0xf6,0x00,0x4f,0xff,0xff,0xd0,0x00,0x8f,0xff,0xff,0x60,0x00,0xcf,0xff,0xfd,0x00,0x00,0xff,0xff,0xf5,0x00,0x04,0xff,
  0xff,0xd0,0x00,0x08,0xff,0xff,0x50,0x00,0x0c,0xff,0xfd,0x00,0x00,0x1f,0xff,0xf5,0x00,0x00,0x5f,0xff,0xd0,0x00,0x00,0xff,
  0xff,0xff,0xff,0xff,0xff,0xff,0xff,0xff,0xfa,0xff,0xff,0xff,0xff,0xff,0xff,0xff,0xff,0xff,0xfa,0xff,0x42,0x22,0x22,0x22,
  0x22,0x22,0x22,0x22,0x21,0xff,0x20,0x00,0x00,0x00,0x00,0x00,0x00,0x00,0x00,0xff,0x20,0x00,0x00,0x00,0x00,0x00,0x00,0x00,
  0x00,0xff,0x20,0x00,0x00,0x00,0x00,0x00,0x00,0x00,0x00,0xff,0x20,0x00,0x00,0x00,0x00,0x00,0x00,0x00,0x00,0xff,0x20,0x00,
  0x00,0x00,0x00,0x00,0x00,0x00,0x00,0xff,0x20,0x00,0x00,0x00,0x00,0x00,0x00,0x00,0x00,0xff,0x20,0x00,0x00,0x00,0x00,0x00,
  0x00,0x00,0x00,0xff,0x20,0x00,0x00,0x00,0x00,0x00,0x00,0x00,0x00,0xff,0x20,0x00,0x00,0x00,0x00,0x00,0x00,0x00,0x00,0xff,
  0x20,0x00,0x00,0x00,0x00,0x00,0x00,0x00,0x00,0xff,0x20,0x00,0x00,0x00,0x00,0x00,0x00,0x00,0x00,0xff,0x20,0x00,0x00,0x00,
  0x00,0x00,0x00,0x00,0x00,0xff,0x20,0x00,0x00,0x00,0x00,0x00,0x00,0x00,0x00,0xff,0x20,0x00,0x00,0x00,0x00,0x00,0x00,0x00,
  0x00,0xff,0x20,0x00,0x00,0x00,0x00,0x00,0x00,0x00,0x00,0xff,0x20,0x00,0x00,0x00,0x00,0x00,0x00,0x00,0x00,0xff,0x20,0x00,
  0x00,0x00,0x00,0x00,0x00,0x00,0x00,0xff,0x20,0x00,0x00,0x00,0x00,0x00,0x00,0x00,0x00,0xff,0x20,0x00,0x00,0x00,0x00,0x00,
  0x00,0x00,0x00,0xff,0x20,0x00,0x00,0x00,0x00,0x00,0x00,0x00,0x00,0xff,0x20,0x00,0x00,0x00,0x00,0x00,0x00,0x00,0x00,0xff,
  0x20,0x00,0x00,0x00,0x00,0x00,0x00,0x00,0x00,0xff,0x20,0x00,0x00,0x00,0x00,0x00,0x00,0x00,0x00,0xff,0x20,0x00,0x00,0x00,
  0x00,0x00,0x00,0x00,0x00,0xff,0x20,0x00,0x00,0x00,0x00,0x00,0x00,0x00,0x00,0xff,0x20,0x00,0x00,0x00,0x00,0x00,0x00,0x00,
  0x00,0xff,0x20,0x00,0x00,0x00,0x00,0x00,0x00,0x00,0x00,0xff,0x20,0x00,0x00,0x00,0x00,0x00,0x00,0x00,0x00,0xff,0x20,0x00,
  0x00,0x00,0x00,0x00,0x00,0x00,0x00,0x11,0x00,0x00,0x00,0x00,0x00,0x00,0x00,0x00,0x00,0x00,0x00,0x00,0x00,0x00,0x00,0x00,
  0x00,0x01,0xcc,0x00,0x00,0x00,0x00,0x00,0x00,0x00,0x00,0x02,0xff,0x00,0x00,0x00,0x00,0x00,0x00,0x00,0x00,0x02,0xff,0x00,
  0x00,0x00,0x00,0x00,0x00,0x00,0x00,0x02,0xff,0x00,0x00,0x00,0x00,0x00,0x00,0x00,0x00,0x02,0xff,0x00,0x00,0x00,0x00,0x00,
  0x00,0x00,0x00,0x02,0xff,0x00,0x00,0x00,0x00,0x00,0x00,0x00,0x00,0x02,0xff,0x00,0x00,0x00,0x00,0x00,0x00,0x00,0x00,0x02,
  0xff,0x00,0x00,0x00,0x00,0x00,0x00,0x00,0x00,0x02,0xff,0x00,0x00,0x00,0x00,0x00,0x00,0x00,0x00,0x02,0xff,0x00,0x00,0x00,
  0x00,0x00,0x00,0x00,0x00,0x02,0xff,0x00,0x00,0x00,0x00,0x00,0x00,0x00,0x00,0x02,0xff,0x00,0x00,0x00,0x00,0x00,0x00,0x00,
  0x00,0x02,0xff,0x00,0x00,0x00,0x00,0x00,0x00,0x00,0x00,0x02,0xff,0x00,0x00,0x00,0x00,0x00,0x00,0x00,0x00,0x02,0xff,0x00,
  0x00,0x00,0x00,0x00,0x00,0x00,0x00,0x02,0xff,0x00,0x00,0x00,0x00,0x00,0x00,0x00,0x00,0x02,0xff,0x00,0x00,0x00,0x00,0x00,
  0x00,0x00,0x00,0x02,0xff,0x00,0x00,0x00,0x00,0x00,0x00,0x00,0x00,0x02,0xff,0x00,0x00,0x00,0x00,0x00,0x00,0x00,0x00,0x02,
  0xff,0x00,0x00,0x00,0x00,0x00,0x00,0x00,0x00,0x02,0xff,0x00,0x00,0x00,0x00,0x00,0x00,0x00,0x00,0x02,0xff,0x00,0x00,0x00,
  0x00,0x00,0x00,0x00,0x00,0x02,0xff,0x00,0x00,0x00,0x00,0x00,0x00,0x00,0x00,0x02,0xff,0x00,0x00,0x00,0x00,0x00,0x00,0x00,
  0x00,0x02,0xff,0x00,0x00,0x00,0x00,0x00,0x00,0x00,0x00,0x02,0xff,0x00,0x00,0x00,0x00,0x00,0x00,0x00,0x00,0x02,0xff,0x00,
  0x00,0x00,0x00,0x00,0x00,0x00,0x00,0x02,0xff,0x00,0x00,0x00,0x00,0x00,0x00,0x00,0x00,0x02,0xff,0x12,0x22,0x22,0x22,0x22,
  0x22,0x22,0x22,0x24,0xff,0x9f,0xff,0xff,0xff,0xff,0xff,0xff,0xff,0xff,0xff,0x9f,0xff,0xff,0xff,0xff,0xff,0xff,0xff,0xff,
  0xff,0xbe,0xee,0xee,0xee,0xee,0xee,0xee,0xee,0xeb,0xdf,0xff,0xff,0xff,0xff,0xff,0xff,0xff,0xfd,0xdf,0x00,0x00,0x00,0x00,
  0x00,0x00,0x00,0xfd,0xdf,0x00,0x00,0x00,0x00,0x00,0x00,0x00,0xfd,0xdf,0x00,0x00,0x00,0x00,0x00,0x00,0x00,0xfd,0xdf,0x00,
  0x00,0xee,0xee,0xee,0xee,0xee,0xfd,0xdf,0x00,0x00,0xff,0xff,0xff,0xff,0xff,0xfd,0xdf,0x00,0x00,0xfd,0x00,0x00,0x00,0x00,
  0x00,0xdf,0x00,0x00,0xfd,0x00,0x00,0x00,0x00,0x00,0xdf,0x00,0x00,0xfd,0x00,0x00,0x00,0x00,0x00,0xdf,0x00,0x00,0xfd,0x00,
  0x00,0x00,0x00,0x00,0xdf,0x00,0x00,0xfd,0x00,0x00,0x00,0x00,0x00,0xdf,0x00,0x00,0xfd,0x00,0x00,0x00,0x00,0x00,0xdf,0x00,
  0x00,0xfd,0x00,0x00,0x00,0x00,0x00,0xdf,0x00,0x00,0xfd,0x00,0x00,0x00,0x00,0x00,0xdf,0x00,0x00,0xfd,0x00,0x00,0x00,0x00,
  0x00,0xdf,0x00,0x00,0xfd,0x00,0x00,0x00,0x00,0x00,0xdf,0x00,0x00,0xfd,0x00,0x00,0x00,0x00,0x00,0xdf,0x00,0x00,0xfd,0x00,
  0x00,0x00,0x00,0x00,0xdf,0x00,0x00,0xfd,0x00,0x00,0x00,0x00,0x00,0xdf,0x00,0x00,0xfd,0x00,0x00,0x00,0x00,0x00,0xdf,0x00,
  0x00,0xfd,0x00,0x00,0x00,0x00,0x00,0xdf,0x00,0x00,0xfd,0x00,0x00,0x00,0x00,0x00,0xdf,0x00,0x00,0xfd,0x00,0x00,0x00,0x00,
  0x00,0xdf,0x00,0x00,0xfd,0x00,0x00,0x00,0x00,0x00,0xdf,0x00,0x00,0xfd,0x00,0x00,0x00,0x00,0x00,0xdf,0x00,0x00,0xfd,0x00,
  0x00,0x00,0x00,0x00,0xdf,0x00,0x00,0xfd,0x00,0x00,0x00,0x00,0x00,0xdf,0x00,0x00,0xfd,0x00,0x00,0x00,0x00,0x00,0xdf,0xee,
  0xee,0xfd,0x00,0x00,0x00,0x00,0x00,0xdf,0xff,0xff,0xfd,0x00,0x00,0x00,0x00,0x00,0x00,0x00,0x00,0x00,0x00,0xdf,0xff,0xff,
  0xfd,0x00,0x00,0x00,0x00,0x00,0xdf,0xee,0xee,0xfd,0x00,0x00,0x00,0x00,0x00,0xdf,0x00,0x00,0xfd,0x00,0x00,0x00,0x00,0x00,
  0xdf,0x00,0x00,0xfd,0x00,0x00,0x00,0x00,0x00,0xdf,0x00,0x00,0xfd,0x00,0x00,0x00,0x00,0x00,0xdf,0x00,0x00,0xfd,0x00,0x00,
  0x00,0x00,0x00,0xdf,0x00,0x00,0xfd,0x00,0x00,0x00,0x00,0x00,0xdf,0x00,0x00,0xfd,0x00,0x00,0x00,0x00,0x00,0xdf,0x00,0x00,
  0xfd,0x00,0x00,0x00,0x00,0x00,0xdf,0x00,0x00,0xfd,0x00,0x00,0x00,0x00,0x00,0xdf,0x00,0x00,0xfd,0x00,0x00,0x00,0x00,0x00,
  0xdf,0x00,0x00,0xfd,0x00,0x00,0x00,0x00,0x00,0xdf,0x00,0x00,0xfd,0x00,0x00,0x00,0x00,0x00,0xdf,0x00,0x00,0xfd,0x00,0x00,
  0x00,0x00,0x00,0xdf,0x00,0x00,0xfd,0x00,0x00,0x00,0x00,0x00,0xdf,0x00,0x00,0xfd,0x00,0x00,0x00,0x00,0x00,0xdf,0x00,0x00,
  0xfd,0x00,0x00,0x00,0x00,0x00,0xdf,0x00,0x00,0xfd,0x00,0x00,0x00,0x00,0x00,0xdf,0x00,0x00,0xfd,0x00,0x00,0x00,0x00,0x00,
  0xdf,0x00,0x00,0xfd,0x00,0x00,0x00,0x00,0x00,0xdf,0x00,0x00,0xfd,0x00,0x00,0x00,0x00,0x00,0xdf,0x00,0x00,0xfd,0x00,0x00,
  0x00,0x00,0x00,0xdf,0x00,0x00,0xfd,0x00,0x00,0x00,0x00,0x00,0xdf,0x00,0x00,0xfd,0xdf,0xff,0xff,0xff,0xff,0xff,0x00,0x00,
  0xfd,0xdf,0xdd,0xdd,0xdd,0xdd,0xdd,0x00,0x00,0xfd,0xdf,0x00,0x00,0x00,0x00,0x00,0x00,0x00,0xfd,0xdf,0x00,0x00,0x00,0x00,
  0x00,0x00,0x00,0xfd,0xdf,0x00,0x00,0x00,0x00,0x00,0x00,0x00,0xfd,0xdf,0xff,0xff,0xff,0xff,0xff,0xff,0xff,0xfd,0xbe,0xee,
  0xee,0xee,0xee,0xee,0xee,0xee,0xeb,0x00,0x00,0x00,0x00,0x00,0x00,0x00,0x00,0x70,0x00,0x00,0x00,0x00,0x00,0x00,0x00,0x00,
  0x00,0x00,0x00,0x07,0xfd,0x00,0x00,0xd9,0x10,0x00,0x00,0x00,0x00,0x00,0x00,0x00,0x1f,0xf7,0x00,0x07,0xff,0x20,0x00,0x00,
  0x00,0x00,0x00,0x00,0x00,0x9f,0xe0,0x00,0x1e,0xf9,0x00,0x00,0x00,0x00,0x00,0x00,0x00,0x02,0xff,0x60,0x00,0x8f,0xe1,0x00,
  0x00,0x00,0x00,0x00,0x00,0x00,0x0b,0xfd,0x00,0x02,0xff,0x70,0x00,0x00,0x00,0x00,0x00,0x00,0x00,0x4f,0xf4,0x00,0x0a,0xfd,
  0x00,0x00,0x00,0x00,0x00,0x00,0x00,0x00,0xcf,0xb0,0x00,0x3f,0xf5,0x00,0x00,0x00,0x00,0x00,0x00,0x00,0x05,0xff,0x20,0x00,
  0xcf,0xc0,0x00,0x00,0x00,0x00,0x00,0x00,0x00,0x0e,0xf9,0x00,0x05,0xff,0x30,0x00,0x00,0x00,0x00,0x00,0x00,0x00,0x7f,0xf1,
  0x00,0x0d,0xfa,0x00,0x00,0x00,0x00,0x00,0x00,0x00,0x01,0xff,0x80,0x00,0x7f,0xf2,0x00,0x00,0x00,0x00,0x00,0x00,0x00,0x09,
  0xfe,0x00,0x01,0xff,0x80,0x00,0x00,0x00,0x00,0x00,0x00,0x00,0x2f,0xf6,0x00,0x09,0xfe,0x10,0x00,0x00,0x00,0x00,0x00,0x00,
  0x00,0xbf,0xd0,0x00,0x2f,0xf6,0x00,0x00,0x00,0x00,0x00,0x00,0x00,0x04,0xff,0x40,0x00,0xbf,0xd0,0x00,0x00,0x00,0x00,0x00,
  0x00,0x00,0x0c,0xfb,0x00,0x03,0xff,0x50,0x00,0x00,0x00,0x00,0x00,0x00,0x00,0x6f,0xf2,0x00,0x0c,0xfc,0x00,0x00,0x00,0x00,
  0x00,0x00,0x00,0x00,0xef,0x90,0x00,0x5f,0xf3,0x00,0x00,0x00,0x00,0x00,0x00,0x00,0x07,0xff,0x10,0x00,0xef,0xa0,0x00,0x00,
  0x00,0x00,0x00,0x00,0x00,0x1f,0xf8,0x00,0x07,0xff,0x10,0x00,0x00,0x00,0x00,0x00,0x00,0x00,0x9f,0xe0,0x00,0x1f,0xf8,0x00,
  0x00,0x00,0x00,0x00,0x00,0x00,0x02,0xff,0x60,0x00,0x9f,0xe0,0x00,0x00,0x00,0x00,0x00,0x00,0x00,0x0b,0xfd,0x00,0x02,0xff,
  0x60,0x00,0x00,0x00,0x00,0x00,0x00,0x00,0x4f,0xf4,0x00,0x0b,0xfd,0x00,0x00,0x00,0x00,0x00,0x00,0x00,0x00,0xdf,0xb0,0x00,
  0x4f,0xf4,0x00,0x00,0x00,0x00,0x00,0x00,0x00,0x06,0xff,0x20,0x00,0xcf,0xb0,0x00,0x00,0x00,0x00,0x00,0x00,0x00,0x0e,0xf9,
  0x00,0x06,0xff,0x30,0x00,0x00,0x00,0x00,0x00,0x00,0x00,0x8f,0xf1,0x00,0x0e,0xf9,0x00,0x00,0x00,0x00,0x00,0x00,0x00,0x00,
  0x9f,0xe1,0x00,0x1e,0xf8,0x00,0x00,0x00,0x00,0x00,0x00,0x00,0x00,0x1e,0xf8,0x00,0x07,0xff,0x20,0x00,0x00,0x00,0x00,0x00,
  0x00,0x00,0x07,0xff,0x20,0x00,0xdf,0xa0,0x00,0x00,0x00,0x00,0x00,0x00,0x00,0x00,0xdf,0xa0,0x00,0x5f,0xf3,0x00,0x00,0x00,
  0x00,0x00,0x00,0x00,0x00,0x5f,0xf3,0x00,0x0c,0xfc,0x00,0x00,0x00,0x00,0x00,0x00,0x00,0x00,0x0c,0xfc,0x00,0x03,0xff,0x50,
  0x00,0x00,0x00,0x00,0x00,0x00,0x00,0x03,0xff,0x50,0x00,0xaf,0xd0,0x00,0x00,0x00,0x00,0x00,0x00,0x00,0x00,0xaf,0xd0,0x00,
  0x2f,0xf7,0x00,0x00,0x00,0x00,0x00,0x00,0x00,0x00,0x2f,0xf6,0x00,0x08,0xff,0x10,0x00,0x00,0x00,0x00,0x00,0x00,0x00,0x09,
  0xfe,0x10,0x01,0xef,0x90,0x00,0x00,0x00,0x00,0x00,0x00,0x00,0x01,0xef,0x80,0x00,0x6f,0xf2,0x00,0x00,0x00,0x00,0x00,0x00,
  0x00,0x00,0x7f,0xf2,0x00,0x0d,0xfb,0x00,0x00,0x00,0x00,0x00,0x00,0x00,0x00,0x0d,0xfa,0x00,0x05,0xff,0x30,0x00,0x00,0x00,
  0x00,0x00,0x00,0x00,0x05,0xff,0x30,0x00,0xcf,0xc0,0x00,0x00,0x00,0x00,0x00,0x00,0x00,0x00,0xcf,0xc0,0x00,0x3f,0xf5,0x00,
  0x00,0x00,0x00,0x00,0x00,0x00,0x00,0x3f,0xf5,0x00,0x0a,0xfe,0x00,0x00,0x00,0x00,0x00,0x00,0x00,0x00,0x0a,0xfd,0x00,0x01,
  0xff,0x70,0x00,0x00,0x00,0x00,0x00,0x00,0x00,0x02,0xff,0x60,0x00,0x8f,0xf1,0x00,0x00,0x00,0x00,0x00,0x00,0x00,0x00,0x8f,
  0xe1,0x00,0x0e,0xf9,0x00,0x00,0x00,0x00,0x00,0x00,0x00,0x00,0x1e,0xf8,0x00,0x06,0xff,0x20,0x00,0x00,0x00,0x00,0x00,0x00,
  0x00,0x07,0xff,0x20,0x00,0xdf,0xb0,0x00,0x00,0x00,0x00,0x00,0x00,0x00,0x00,0xdf,0xa0,0x00,0x4f,0xf4,0x00,0x00,0x00,0x00,
  0x00,0x00,0x00,0x00,0x5f,0xf3,0x00,0x0b,0xfd,0x00,0x00,0x00,0x00,0x00,0x00,0x00,0x00,0x0c,0xfc,0x00,0x03,0xff,0x60,0x00,
  0x00,0x00,0x00,0x00,0x00,0x00,0x03,0xff,0x50,0x00,0xaf,0xe0,0x00,0x00,0x00,0x00,0x00,0x00,0x00,0x00,0xaf,0xd0,0x00,0x1f,
  0xf7,0x00,0x00,0x00,0x00,0x00,0x00,0x00,0x00,0x2f,0xf6,0x00,0x08,0xff,0x10,0x00,0x00,0x00,0x00,0x00,0x00,0x00,0x08,0xfe,
  0x00,0x00,0xeb,0x20,0x00,0x00,0x00,0x00,0x00,0x00,0x00,0x01,0x91,0x00,0x00,0x10,0x00,0x00,0x00,0x00,0x00,0x53,0x00,0x00,
  0x00,0x00,0x00,0x00,0x00,0x00,0x07,0xe2,0x00,0x0a,0xfc,0x00,0x00,0x00,0x00,0x00,0x00,0x00,0x00,0x0d,0xfb,0x00,0x03,0xff,
  0x50,0x00,0x00,0x00,0x00,0x00,0x00,0x00,0x05,0xff,0x30,0x00,0xbf,0xd0,0x00,0x00,0x00,0x00,0x00,0x00,0x00,0x00,0xcf,0xc0,
  0x00,0x2f,0xf7,0x00,0x00,0x00,0x00,0x00,0x00,0x00,0x00,0x3f,0xf5,0x00,0x09,0xfe,0x10,0x00,0x00,0x00,0x00,0x00,0x00,0x00,
  0x0a,0xfe,0x00,0x01,0xff,0x90,0x00,0x00,0x00,0x00,0x00,0x00,0x00,0x01,0xff,0x70,0x00,0x7f,0xf2,0x00,0x00,0x00,0x00,0x00,
  0x00,0x00,0x00,0x8f,0xf1,0x00,0x0d,0xfa,0x00,0x00,0x00,0x00,0x00,0x00,0x00,0x00,0x0e,0xf9,0x00,0x05,0xff,0x30,0x00,0x00,
  0x00,0x00,0x00,0x00,0x00,0x06,0xff,0x20,0x00,0xcf,0xc0,0x00,0x00,0x00,0x00,0x00,0x00,0x00,0x00,0xdf,0xb0,0x00,0x3f,0xf5,
  0x00,0x00,0x00,0x00,0x00,0x00,0x00,0x00,0x4f,0xf4,0x00,0x0a,0xfe,0x00,0x00,0x00,0x00,0x00,0x00,0x00,0x00,0x0b,0xfd,0x00,
  0x02,0xff,0x70,0x00,0x00,0x00,0x00,0x00,0x00,0x00,0x03,0xff,0x60,0x00,0x8f,0xf1,0x00,0x00,0x00,0x00,0x00,0x00,0x00,0x00,
  0xaf,0xe0,0x00,0x1e,0xf9,0x00,0x00,0x00,0x00,0x00,0x00,0x00,0x00,0x1f,0xf7,0x00,0x07,0xff,0x20,0x00,0x00,0x00,0x00,0x00,
  0x00,0x00,0x08,0xff,0x10,0x00,0xdf,0xb0,0x00,0x00,0x00,0x00,0x00,0x00,0x00,0x00,0xef,0x90,0x00,0x5f,0xf3,0x00,0x00,0x00,
  0x00,0x00,0x00,0x00,0x00,0x6f,0xf2,0x00,0x0c,0xfc,0x00,0x00,0x00,0x00,0x00,0x00,0x00,0x00,0x0d,0xfb,0x00,0x03,0xff,0x50,
  0x00,0x00,0x00,0x00,0x00,0x00,0x00,0x04,0xff,0x40,0x00,0xaf,0xe0,0x00,0x00,0x00,0x00,0x00,0x00,0x00,0x00,0xbf,0xd0,0x00,
  0x2f,0xf7,0x00,0x00,0x00,0x00,0x00,0x00,0x00,0x00,0x2f,0xf6,0x00,0x08,0xff,0x10,0x00,0x00,0x00,0x00,0x00,0x00,0x00,0x09,
  0xfe,0x00,0x00,0xef,0x90,0x00,0x00,0x00,0x00,0x00,0x00,0x00,0x01,0xff,0x80,0x00,0x6f,0xf2,0x00,0x00,0x00,0x00,0x00,0x00,
  0x00,0x00,0x7f,0xf1,0x00,0x0d,0xfb,0x00,0x00,0x00,0x00,0x00,0x00,0x00,0x00,0x0e,0xfa,0x00,0x04,0xff,0x40,0x00,0x00,0x00,
  0x00,0x00,0x00,0x00,0x06,0xff,0x30,0x00,0xcf,0xc0,0x00,0x00,0x00,0x00,0x00,0x00,0x00,0x04,0xff,0x40,0x00,0xaf,0xd0,0x00,
  0x00,0x00,0x00,0x00,0x00,0x00,0x0d,0xfb,0x00,0x03,0xff,0x50,0x00,0x00,0x00,0x00,0x00,0x00,0x00,0x6f,0xf2,0x00,0x0c,0xfc,
  0x00,0x00,0x00,0x00,0x00,0x00,0x00,0x00,0xef,0x90,0x00,0x5f,0xf3,0x00,0x00,0x00,0x00,0x00,0x00,0x00,0x08,0xff,0x10,0x00,
  0xef,0xa0,0x00,0x00,0x00,0x00,0x00,0x00,0x00,0x2f,0xf7,0x00,0x07,0xff,0x20,0x00,0x00,0x00,0x00,0x00,0x00,0x00,0xaf,0xe0,
  0x00,0x1f,0xf8,0x00,0x00,0x00,0x00,0x00,0x00,0x00,0x03,0xff,0x50,0x00,0x9f,0xe0,0x00,0x00,0x00,0x00,0x00,0x00,0x00,0x0c,
  0xfc,0x00,0x02,0xff,0x60,0x00,0x00,0x00,0x00,0x00,0x00,0x00,0x5f,0xf3,0x00,0x0b,0xfd,0x00,0x00,0x00,0x00,0x00,0x00,0x00,
  0x00,0xdf,0xa0,0x00,0x4f,0xf5,0x00,0x00,0x00,0x00,0x00,0x00,0x00,0x07,0xff,0x20,0x00,0xcf,0xc0,0x00,0x00,0x00,0x00,0x00,
  0x00,0x00,0x1e,0xf9,0x00,0x05,0xff,0x30,0x00,0x00,0x00,0x00,0x00,0x00,0x00,0x8f,0xe1,0x00,0x0e,0xfa,0x00,0x00,0x00,0x00,
  0x00,0x00,0x00,0x02,0xff,0x70,0x00,0x7f,0xf1,0x00,0x00,0x00,0x00,0x00,0x00,0x00,0x0a,0xfd,0x00,0x01,0xff,0x80,0x00,0x00,
  0x00,0x00,0x00,0x00,0x00,0x3f,0xf5,0x00,0x09,0xfe,0x00,0x00,0x00,0x00,0x00,0x00,0x00,0x00,0xcf,0xc0,0x00,0x2f,0xf6,0x00,
  0x00,0x00,0x00,0x00,0x00,0x00,0x05,0xff,0x30,0x00,0xbf,0xd0,0x00,0x00,0x00,0x00,0x00,0x00,0x00,0x0d,0xfa,0x00,0x04,0xff,
  0x40,0x00,0x00,0x00,0x00,0x00,0x00,0x00,0x7f,0xf2,0x00,0x0d,0xfc,0x00,0x00,0x00,0x00,0x00,0x00,0x00,0x01,0xff,0x80,0x00,
  0x6f,0xf3,0x00,0x00,0x00,0x00,0x00,0x00,0x00,0x09,0xfe,0x10,0x00,0xef,0xa0,0x00,0x00,0x00,0x00,0x00,0x00,0x00,0x2f,0xf6,
  0x00,0x08,0xff,0x10,0x00,0x00,0x00,0x00,0x00,0x00,0x00,0xbf,0xd0,0x00,0x1f,0xf8,0x00,0x00,0x00,0x00,0x00,0x00,0x00,0x03,
  0xff,0x50,0x00,0x9f,0xe0,0x00,0x00,0x00,0x00,0x00,0x00,0x00,0x0c,0xfc,0x00,0x02,0xff,0x60,0x00,0x00,0x00,0x00,0x00,0x00,
  0x00,0x09,0xf3,0x00,0x0a,0xfd,0x00,0x00,0x00,0x00,0x00,0x00,0x00,0x00,0x00,0x10,0x00,0x00,0x74,0x00,0x00,0x00,0x00,0x00,
  0x00,0x00,0x00,0x12,0x22,0x22,0x22,0x22,0x22,0x22,0x21,0xff,0xff,0xff,0xff,0xff,0xff,0xff,0xf8,0xff,0xff,0xff,0xff,0xff,
  0xff,0xff,0xe0,0xff,0xff,0xff,0xff,0xff,0xff,0xff,0x40,0xff,0xff,0xff,0xff,0xff,0xff,0xfb,0x00,0xff,0xff,0xff,0xff,0xff,
  0xff,0xf3,0x00,0xff,0xff,0xff,0xff,0xff,0xff,0xa0,0x00,0xff,0xff,0xff,0xff,0xff,0xff,0x20,0x00,0xff,0xff,0xff,0xff,0xff,
  0xfb,0x00,0x00,0xff,0xff,0xff,0xff,0xff,0xf4,0x00,0x00,0xff,0xff,0xff,0xff,0xff,0xd0,0x00,0x00,0xff,0xff,0xff,0xff,0xff,
  0x60,0x00,0x00,0xff,0xff,0xff,0xff,0xff,0x10,0x00,0x00,0xff,0xff,0xff,0xff,0xfc,0x00,0x00,0x00,0xff,0xff,0xff,0xff,0xf6,
  0x00,0x00,0x00,0xff,0xff,0xff,0xff,0xf1,0x00,0x00,0x00,0xff,0xff,0xff,0xff,0xd0,0x00,0x00,0x00,0xff,0xff,0xff,0xff,0x90,
  0x00,0x00,0x00,0xff,0xff,0xff,0xff,0x50,0x00,0x00,0x00,0xff,0xff,0xff,0xff,0x20,0x00,0x00,0x00,0xff,0xff,0xff,0xff,0x00,
  0x00,0x00,0x00,0xff,0xff,0xff,0xfc,0x00,0x00,0x00,0x00,0xff,0xff,0xff,0xfa,0x00,0x00,0x00,0x00,0xff,0xff,0xff,0xf7,0x00,
  0x00,0x00,0x00,0xff,0xff,0xff,0xf6,0x00,0x00,0x00,0x00,0xff,0xff,0xff,0xf4,0x00,0x00,0x00,0x00,0xff,0xff,0xff,0xf3,0x00,
  0x00,0x00,0x00,0xff,0xff,0xff,0xf1,0x00,0x00,0x00,0x00,0xff,0xff,0xff,0xf1,0x00,0x00,0x00,0x00,0xff,0xff,0xff,0xf0,0x00,
  0x00,0x00,0x00,0xff,0xff,0xff,0xf0,0x00,0x00,0x00,0x00,0xff,0xff,0xff,0xf0,0x00,0x00,0x00,0x00,0xff,0xff,0xff,0xf0,0x00,
  0x00,0x00,0x00,0xff,0xff,0xff,0xf1,0x00,0x00,0x00,0x00,0xff,0xff,0xff,0xf1,0x00,0x00,0x00,0x00,0xff,0xff,0xff,0xf2,0x00,
  0x00,0x00,0x00,0xff,0xff,0xff,0xf4,0x00,0x00,0x00,0x00,0xff,0xff,0xff,0xf6,0x00,0x00,0x00,0x00,0xff,0xff,0xff,0xf7,0x00,
  0x00,0x00,0x00,0xff,0xff,0xff,0xf9,0x00,0x00,0x00,0x00,0xff,0xff,0xff,0xfc,0x00,0x00,0x00,0x00,0xff,0xff,0xff,0xff,0x00,
  0x00,0x00,0x00,0xff,0xff,0xff,0xff,0x20,0x00,0x00,0x00,0xff,0xff,0xff,0xff,0x50,0x00,0x00,0x00,0xff,0xff,0xff,0xff,0xa0,
  0x00,0x00,0x00,0xff,0xff,0xff,0xff,0xe0,0x00,0x00,0x00,0xff,0xff,0xff,0xff,0xf2,0x00,0x00,0x00,0xff,0xff,0xff,0xff,0xf7,
  0x00,0x00,0x00,0xff,0xff,0xff,0xff,0xfc,0x00,0x00,0x00,0xff,0xff,0xff,0xff,0xff,0x20,0x00,0x00,0xff,0xff,0xff,0xff,0xff,
  0x70,0x00,0x00,0xff,0xff,0xff,0xff,0xff,0xd0,0x00,0x00,0xff,0xff,0xff,0xff,0xff,0xf4,0x00,0x00,0xff,0xff,0xff,0xff,0xff,
  0xfb,0x00,0x00,0xff,0xff,0xff,0xff,0xff,0xff,0x20,0x00,0xff,0xff,0xff,0xff,0xff,0xff,0xb0,0x00,0xff,0xff,0xff,0xff,0xff,
  0xff,0xf3,0x00,0xff,0xff,0xff,0xff,0xff,0xff,0xfb,0x00,0xff,0xff,0xff,0xff,0xff,0xff,0xff,0x40,0xff,0xff,0xff,0xff,0xff,
  0xff,0xff,0xd0,0xff,0xff,0xff,0xff,0xff,0xff,0xff,0xf7,0x34,0x44,0x44,0x44,0x44,0x44,0x44,0x43,0x12,0x22,0x22,0x22,0x22,
  0x22,0x22,0x21,0x9f,0xff,0xff,0xff,0xff,0xff,0xff,0xfe,0x1e,0xff,0xff,0xff,0xff,0xff,0xff,0xfe,0x06,0xff,0xff,0xff,0xff,
  0xff,0xff,0xfe,0x00,0xcf,0xff,0xff,0xff,0xff,0xff,0xfe,0x00,0x4f,0xff,0xff,0xff,0xff,0xff,0xfe,0x00,0x0b,0xff,0xff,0xff,
  0xff,0xff,0xfe,0x00,0x03,0xff,0xff,0xff,0xff,0xff,0xfe,0x00,0x00,0xcf,0xff,0xff,0xff,0xff,0xfe,0x00,0x00,0x5f,0xff,0xff,
  0xff,0xff,0xfe,0x00,0x00,0x0e,0xff,0xff,0xff,0xff,0xfe,0x00,0x00,0x08,0xff,0xff,0xff,0xff,0xfe,0x00,0x00,0x02,0xff,0xff,
  0xff,0xff,0xfe,0x00,0x00,0x00,0xdf,0xff,0xff,0xff,0xfe,0x00,0x00,0x00,0x7f,0xff,0xff,0xff,0xfe,0x00,0x00,0x00,0x2f,0xff,
  0xff,0xff,0xfe,0x00,0x00,0x00,0x0e,0xff,0xff,0xff,0xfe,0x00,0x00,0x00,0x0a,0xff,0xff,0xff,0xfe,0x00,0x00,0x00,0x06,0xff,
  0xff,0xff,0xfe,0x00,0x00,0x00,0x02,0xff,0xff,0xff,0xfe,0x00,0x00,0x00,0x00,0xff,0xff,0xff,0xfe,0x00,0x00,0x00,0x00,0xdf,
  0xff,0xff,0xfe,0x00,0x00,0x00,0x00,0xaf,0xff,0xff,0xfe,0x00,0x00,0x00,0x00,0x8f,0xff,0xff,0xfe,0x00,0x00,0x00,0x00,0x6f,
  0xff,0xff,0xfe,0x00,0x00,0x00,0x00,0x4f,0xff,0xff,0xfe,0x00,0x00,0x00,0x00,0x3f,0xff,0xff,0xfe,0x00,0x00,0x00,0x00,0x2f,
  0xff,0xff,0xfe,0x00,0x00,0x00,0x00,0x1f,0xff,0xff,0xfe,0x00,0x00,0x00,0x00,0x0f,0xff,0xff,0xfe,0x00,0x00,0x00,0x00,0x0f,
  0xff,0xff,0xfe,0x00,0x00,0x00,0x00,0x0f,0xff,0xff,0xfe,0x00,0x00,0x00,0x00,0x0f,0xff,0xff,0xfe,0x00,0x00,0x00,0x00,0x1f,
  0xff,0xff,0xfe,0x00,0x00,0x00,0x00,0x1f,0xff,0xff,0xfe,0x00,0x00,0x00,0x00,0x2f,0xff,0xff,0xfe,0x00,0x00,0x00,0x00,0x4f,
  0xff,0xff,0xfe,0x00,0x00,0x00,0x00,0x6f,0xff,0xff,0xfe,0x00,0x00,0x00,0x00,0x7f,0xff,0xff,0xfe,0x00,0x00,0x00,0x00,0x9f,
  0xff,0xff,0xfe,0x00,0x00,0x00,0x00,0xcf,0xff,0xff,0xfe,0x00,0x00,0x00,0x00,0xff,0xff,0xff,0xfe,0x00,0x00,0x00,0x02,0xff,
  0xff,0xff,0xfe,0x00,0x00,0x00,0x05,0xff,0xff,0xff,0xfe,0x00,0x00,0x00,0x0a,0xff,0xff,0xff,0xfe,0x00,0x00,0x00,0x0e,0xff,
  0xff,0xff,0xfe,0x00,0x00,0x00,0x2f,0xff,0xff,0xff,0xfe,0x00,0x00,0x00,0x7f,0xff,0xff,0xff,0xfe,0x00,0x00,0x00,0xcf,0xff,
  0xff,0xff,0xfe,0x00,0x00,0x02,0xff,0xff,0xff,0xff,0xfe,0x00,0x00,0x07,0xff,0xff,0xff,0xff,0xfe,0x00,0x00,0x0e,0xff,0xff,
  0xff,0xff,0xfe,0x00,0x00,0x5f,0xff,0xff,0xff,0xff,0xfe,0x00,0x00,0xbf,0xff,0xff,0xff,0xff,0xfe,0x00,0x03,0xff,0xff,0xff,
  0xff,0xff,0xfe,0x00,0x0b,0xff,0xff,0xff,0xff,0xff,0xfe,0x00,0x3f,0xff,0xff,0xff,0xff,0xff,0xfe,0x00,0xbf,0xff,0xff,0xff,
  0xff,0xff,0xfe,0x05,0xff,0xff,0xff,0xff,0xff,0xff,0xfe,0x0e,0xff,0xff,0xff,0xff,0xff,0xff,0xfe,0x8f,0xff,0xff,0xff,0xff,
  0xff,0xff,0xfe,0x34,0x44,0x44,0x44,0x44,0x44,0x44,0x43,
};

static const kb_glyph_t face64_glyphs[] = {
  {0x00020,0,0,0,0,20,0},
  {0x00021,7,47,9,-47,26,0},
  {0x00022,18,17,6,-47,29,188},
  {0x00023,45,46,4,-46,54,341},
  {0x00024,31,57,5,-48,41,1399},
  {0x00025,55,49,3,-48,61,2311},
  {0x00026,44,49,4,-48,50,3683},
  {0x00027,6,17,6,-47,18,4761},
  {0x00028,15,57,5,-49,25,4812},
  {0x00029,15,57,5,-49,25,5268},
  {0x0002a,30,30,1,-48,32,5724},
  {0x0002b,41,39,6,-39,54,6174},
  {0x0002c,11,15,4,-8,20,6993},
  {0x0002d,17,5,3,-20,23,7083},
  {0x0002e,8,8,6,-8,20,7128},
  {0x0002f,22,53,0,-47,22,7160},
  {0x00030,33,49,4,-48,41,7743},
  {0x00031,28,47,7,-47,41,8576},
  {0x00032,31,48,4,-48,41,9234},
  {0x00033,32,49,4,-48,41,10002},
  {0x00034,35,47,3,-47,41,10786},
  {0x00035,32,48,4,-47,41,11632},
  {0x00036,33,49,4,-48,41,12400},
  {0x00037,31,47,5,-47,41,13233},
  {0x00038,33,49,4,-48,41,13985},
  {0x00039,33,49,4,-48,41,14818},
  {0x0003a,8,33,7,-33,22,15651},
  {0x0003b,11,40,4,-33,22,15783},
  {0x0003c,41,34,6,-37,54,16023},
  {0x0003d,41,18,6,-29,54,16737},
  {0x0003e,41,34,6,-37,54,17115},
  {0x0003f,26,48,4,-48,34,17829},
  {0x00040,56,56,4,-45,64,18453},
  {0x00041,44,47,0,-47,44,20021},
  {0x00042,34,47,6,-47,44,21055},
  {0x00043,39,49,3,-48,45,21854},
  {0x00044,40,47,6,-47,49,22834},
  {0x00045,31,47,6,-47,40,23774},
  {0x00046,28,47,6,-47,37,24526},
  {0x00047,42,49,3,-48,50,25184},
  {0x00048,36,47,6,-47,48,26213},
  {0x00049,7,47,6,-47,19,27059},
  {0x0004a,17,60,-4,-47,19,27247},
  {0x0004b,38,47,6,-47,42,27787},
  {0x0004c,30,47,6,-47,36,28680},
  {0x0004d,43,47,6,-47,55,29385},
  {0x0004e,36,47,6,-47,48,30419},
  {0x0004f,44,49,3,-48,50,31265},
  {0x00050,31,47,6,-47,39,32343},
  {0x00051,44,56,3,-48,50,33095},
  {0x00052,37,47,6,-47,44,34327},
  {0x00053,34,49,4,-48,41,35220},
  {0x00054,41,47,-1,-47,39,36053},
  {0x00055,37,48,5,-47,47,37040},
  {0x00056,44,47,0,-47,44,37952},
  {0x00057,60,47,2,-47,63,38986},
  {0x00058,41,47,1,-47,44,40396},
  {0x00059,41,47,-1,-47,39,41383},
  {0x0005a,39,47,2,-47,44,42370},
  {0x0005b,14,57,5,-49,25,43310},
  {0x0005c,22,53,0,-47,22,43709},
  {0x0005d,14,57,6,-49,25,44292},
  {0x0005e,41,17,6,-47,54,44691},
  {0x0005f,34,5,-1,10,32,45048},
  {0x00060,16,12,5,-51,32,45133},
  {0x00061,31,37,3,-36,39,45229},
  {0x00062,33,50,5,-49,41,45821},
  {0x00063,29,37,3,-36,35,46671},
  {0x00064,32,50,3,-49,41,47226},
  {0x00065,33,37,3,-36,39,48026},
  {0x00066,23,49,1,-49,23,48655},
  {0x00067,32,49,3,-36,41,49243},
  {0x00068,31,49,5,-49,41,50027},
  {0x00069,6,49,6,-49,18,50811},
  {0x0006a,14,62,-2,-49,18,50958},
  {0x0006b,32,49,5,-49,37,51392},
  {0x0006c,6,49,6,-49,18,52176},
  {0x0006d,52,36,5,-36,62,52323},
  {0x0006e,31,36,5,-36,41,53259},
  {0x0006f,33,37,3,-36,39,53835},
  {0x00070,33,49,5,-36,41,54464},
  {0x00071,32,49,3,-36,41,55297},
  {0x00072,22,36,5,-36,26,56081},
  {0x00073,28,37,3,-36,33,56477},
  {0x00074,23,45,1,-45,25,56995},
  {0x00075,30,36,5,-35,41,57535},
  {0x00076,35,35,1,-35,38,58075},
  {0x00077,48,35,2,-35,52,58705},
  {0x00078,35,35,1,-35,38,59545},
  {0x00079,35,48,1,-35,38,60175},
  {0x0007a,29,35,2,-35,34,61039},
  {0x0007b,25,59,8,-49,41,61564},
  {0x0007c,6,64,8,-49,22,62331},
  {0x0007d,25,59,8,-49,41,62523},
  {0x0007e,41,11,6,-26,54,63290},
  {0x000ac,41,18,6,-27,54,74920},
  {0x000b0,20,20,6,-48,32,67299},
  {0x000b1,41,40,6,-40,54,175333},
  {0x000b4,16,12,11,-51,32,67137},
  {0x000b7,8,8,6,-26,20,101288},
  {0x002c6,20,12,6,-51,32,101015},
  {0x002c7,20,12,6,-51,32,90558},
  {0x002ca,16,13,11,-52,32,83267},
  {0x002cb,16,13,5,-52,32,83371},
  {0x002d8,20,9,6,-51,32,67499},
  {0x002d9,8,6,12,-49,32,75488},
  {0x002da,18,17,7,-56,32,101135},
  {0x003a9,45,48,2,-48,49,92446},
  {0x003b1,37,37,3,-36,42,162365},
  {0x003b2,31,62,6,-49,41,163068},
  {0x003b3,35,48,1,-35,38,164060},
  {0x003b4,33,48,3,-47,39,164924},
  {0x003b5,27,37,4,-36,35,93641},
  {0x003b8,33,50,3,-49,39,165740},
  {0x003bb,35,49,1,-49,38,166590},
  {0x003bc,35,48,5,-35,41,167472},
  {0x003c0,35,36,2,-35,39,168336},
  {0x003c3,36,36,3,-35,41,168984},
  {0x003c4,33,35,3,-35,39,169632},
  {0x003c6,36,49,3,-36,42,170227},
  {0x003c8,36,48,3,-35,42,171109},
  {0x003c9,46,35,4,-34,54,66332},
  {0x00414,44,57,3,-47,50,81446},
  {0x00422,41,47,-1,-47,39,87287},
  {0x00e51,24,28,4,-28,32,108231},
  {0x010e6,45,50,3,-35,50,139188},
  {0x01416,40,58,6,-58,49,185040},
  {0x0141b,40,58,3,-58,49,183880},
  {0x015dc,40,36,12,-36,64,101320},
  {0x01d17,33,19,3,-18,39,94287},
  {0x01d25,28,36,0,-36,32,103818},
  {0x01d52,21,21,2,-41,26,181372},
  {0x01d54,21,11,2,-41,26,181603},
  {0x01d55,21,11,2,-31,26,67589},
  {0x01d58,19,21,3,-41,26,181724},
  {0x01d5b,22,21,1,-41,27,181934},
  {0x02014,58,5,3,-20,64,63521},
  {0x02018,10,15,5,-47,20,188033},
  {0x02019,10,15,5,-47,20,188108},
  {0x0201c,23,15,5,-47,33,187673},
  {0x0201d,23,15,5,-47,33,187853},
  {0x02022,20,19,9,-33,38,75298},
  {0x02026,50,8,7,-8,64,95195},
  {0x0203f,58,11,-3,4,51,182885},
  {0x02200,44,47,0,-47,44,65298},
  {0x02207,44,47,-1,-47,43,89524},
  {0x02211,42,58,0,-46,43,140338},
  {0x0221a,40,53,1,-52,41,176173},
  {0x0221e,41,25,6,-32,53,171973},
  {0x02220,46,47,5,-47,57,136619},
  {0x02229,31,38,8,-38,47,109908},
  {0x0222a,31,38,8,-38,47,110516},
  {0x02234,34,32,3,-38,41,177233},
  {0x02235,34,32,3,-38,41,177777},
  {0x02248,41,23,6,-32,54,172498},
  {0x02260,41,38,6,-39,54,172981},
  {0x02261,41,27,6,-33,54,82700},
  {0x02264,41,37,6,-37,54,173779},
  {0x02265,41,37,6,-37,54,174556},
  {0x02266,41,47,6,-41,54,68697},
  {0x02267,41,47,6,-41,54,67710},
  {0x02299,43,43,5,-42,54,130296},
  {0x02312,54,11,5,-52,64,94610},
  {0x02500,41,6,-1,-25,39,146908},
  {0x02501,41,12,-1,-28,39,149953},
  {0x02502,6,77,16,-61,39,147034},
  {0x0250c,24,41,16,-25,39,144916},
  {0x02510,23,41,-1,-25,39,145408},
  {0x02514,24,42,16,-61,39,145900},
  {0x02518,23,42,-1,-61,39,146404},
  {0x0252c,41,41,-1,-25,39,147265},
  {0x02534,41,42,-1,-61,39,148126},
  {0x0253b,41,45,-1,-61,39,149008},
  {0x02565,41,41,-1,-25,39,74059},
  {0x0256d,24,41,16,-25,39,151213},
  {0x0256e,23,41,-1,-25,39,151705},
  {0x0256f,23,42,-1,-61,39,150205},
  {0x02570,24,42,16,-61,39,150709},
  {0x02594,51,10,-1,-60,49,90678},
  {0x025a1,50,50,5,-42,60,80196},
  {0x025b3,49,50,0,-42,49,102568},
  {0x025bd,49,50,0,-42,49,88274},
  {0x025bf,32,33,0,-33,32,102040},
  {0x025c6,49,50,0,-42,49,112374},
  {0x025c7,49,50,0,-42,49,111124},
  {0x025c9,50,51,3,-42,56,104972},
  {0x025cb,50,51,3,-42,56,69684},
  {0x025cf,50,49,3,-41,56,70959},
  {0x025d4,50,49,3,-41,56,106247},
  {0x025d5,50,49,3,-41,56,72184},
  {0x025de,25,26,0,-17,25,183204},
  {0x025df,25,26,0,-17,25,183542},
  {0x025e0,50,26,3,-42,56,104322},
  {0x025e1,50,26,3,-17,56,73409},
  {0x02600,47,47,5,-47,57,118112},
  {0x02601,58,25,3,-24,64,119240},
  {0x02602,52,47,3,-47,57,119965},
  {0x02603,48,61,5,-60,57,121187},
  {0x02605,50,48,4,-47,57,77888},
  {0x02606,50,48,4,-47,57,76688},
  {0x0261c,47,31,5,-37,57,137700},
  {0x0261d,31,47,4,-47,39,157847},
  {0x0261e,47,31,5,-37,57,138444},
  {0x0263a,57,57,5,-52,67,123755},
  {0x0263b,57,57,5,-52,67,125408},
  {0x02640,37,56,5,-47,47,155007},
  {0x02642,49,48,5,-47,57,156071},
  {0x02661,47,47,5,-47,57,64170},
  {0x02665,47,47,5,-47,57,113624},
  {0x02668,45,48,6,-47,57,122651},
  {0x02669,17,48,5,-47,30,178321},
  {0x0266a,31,48,5,-47,41,79088},
  {0x0266b,35,54,11,-47,57,178753},
  {0x0266c,47,48,5,-47,57,114752},
  {0x0270c,23,48,13,-48,54,157271},
  {0x02713,34,35,9,-41,54,127061},
  {0x02714,40,36,7,-41,54,127656},
  {0x02717,38,48,7,-47,54,128376},
  {0x02718,42,48,7,-48,54,129288},
  {0x02727,48,49,3,-48,54,75512},
  {0x02729,52,49,1,-48,54,153733},
  {0x0273f,48,46,3,-46,54,115904},
  {0x02740,48,46,3,-46,54,117008},
  {0x03001,14,14,6,-6,64,186200},
  {0x03002,15,14,6,-7,64,186298},
  {0x03003,26,32,19,-39,64,92030},
  {0x03006,54,61,5,-53,64,179725},
  {0x03007,56,57,5,-51,64,133015},
  {0x0300a,25,58,36,-52,64,189391},
  {0x0300b,26,58,3,-52,64,190145},
  {0x0300c,20,33,38,-52,64,188183},
  {0x0300d,20,32,6,-26,64,188513},
  {0x0300e,18,31,39,-52,64,188833},
  {0x0300f,18,31,7,-25,64,189112},
  {0x03010,16,62,40,-54,64,190899},
  {0x03011,16,62,8,-54,64,191395},
  {0x03012,41,46,4,-45,64,158599},
  {0x0301c,58,17,3,-33,64,131242},
  {0x03078,63,29,0,-32,66,135691},
  {0x0309b,15,15,45,-49,66,134611},
  {0x0309c,14,13,46,-52,66,93550},
  {0x030ce,45,51,7,-45,66,86114},
  {0x030d8,63,30,0,-35,66,134731},
  {0x030df,32,51,15,-44,66,159565},
  {0x030ee,38,41,13,-31,66,85335},
  {0x030fb,11,11,27,-28,64,67233},
  {0x030fd,30,32,18,-38,64,131735},
  {0x030fe,40,40,18,-46,64,132215},
  {0x03141,38,31,13,-38,64,109191},
  {0x03145,45,33,9,-40,64,107472},
  {0x051f8,55,59,4,-51,64,143264},
  {0x05c6e,56,61,3,-53,64,141556},
  {0x05f61,61,64,1,-53,64,160381},
  {0x076ca,61,60,1,-53,64,83475},
  {0x0a20d,36,40,12,-40,64,182165},
  {0x0a4b3,36,16,12,-40,64,94907},
  {0x0fe35,55,18,2,-19,64,63666},
  {0x0fe36,55,18,2,-38,64,100052},
  {0x0fe39,55,16,2,-19,64,152197},
  {0x0fe3a,55,15,2,-35,64,152645},
  {0x0fe3f,54,17,2,-19,64,100556},
  {0x0fe40,55,17,2,-37,64,153065},
  {0x0ff01,9,44,27,-44,64,186478},
  {0x0ff08,13,55,41,-44,64,95395},
  {0x0ff09,14,55,9,-44,64,95780},
  {0x0ff0c,8,17,28,-8,64,186410},
  {0x0ff0f,52,56,3,-45,64,97093},
  {0x0ff1a,8,33,28,-33,64,187373},
  {0x0ff1b,8,42,28,-33,64,187505},
  {0x0ff1c,32,29,16,-33,64,96165},
  {0x0ff1e,32,29,16,-33,64,96629},
  {0x0ff1f,30,45,17,-45,64,186698},
  {0x0ff3c,49,55,7,-44,64,98549},
  {0x0ff3e,26,28,19,-44,64,91141},
  {0x0ff3f,46,5,9,4,64,90938},
  {0x0ff40,16,11,24,-46,64,91053},
  {0x0ff4f,30,35,17,-34,64,91505},
  {0x0ff5c,4,64,30,-48,63,99924},
  {0x0ff5e,38,12,13,-24,64,79856},
  {0x0ff61,16,16,4,-16,32,94159},
  {0x0ff65,8,8,12,-28,32,153701},
  {0x0ff89,24,52,4,-48,32,108567},
  {0x0ff9e,20,16,4,-48,32,153541},
  {0x0ff9f,16,16,4,-48,32,109780},
  {0x0ffe3,55,4,4,-46,64,80084},
};

const kb_font_t kb_font_face64 = {
  .glyphs = face64_glyphs,
  .count = 285,
  .bitmap = face64_bitmap,
  .ascent = 60,
  .descent = 16,
  .line_height = 76,
  .size = 64,
};
