/* Generated by tools/gen_fonts.py - do not edit. */
#include "kb_font.h"

static const uint8_t face44_bitmap[] = {
  0x5f,0xff,0xf0,0x5f,0xff,0xf0,0x5f,0xff,0xf0,0x5f,0xff,0xf0,0x5f,0xff,0xf0,0x5f,0xff,0xf0,0x5f,0xff,0xf0,0x5f,0xff,0xf0,
  0x5f,0xff,0xf0,0x5f,0xff,0xf0,0x5f,0xff,0xf0,0x5f,0xff,0xf0,0x5f,0xff,0xf0,0x5f,0xff,0xf0,0x5f,0xff,0xf0,0x4f,0xff,0xe0,
  0x3f,0xff,0xe0,0x2f,0xff,0xd0,0x1f,0xff,0xc0,0x0f,0xff,0xb0,0x0f,0xff,0xa0,0x0e,0xff,0x90,0x00,0x00,0x00,0x00,0x00,0x00,
  0x00,0x00,0x00,0x00,0x00,0x00,0x00,0x00,0x00,0x5f,0xff,0xf0,0x5f,0xff,0xf0,0x5f,0xff,0xf0,0x5f,0xff,0xf0,0x5f,0xff,0xf0,
  0xcf,0xfe,0x00,0x00,0xaf,0xff,0xcf,0xfe,0x00,0x00,0xaf,0xff,0xcf,0xfe,0x00,0x00,0xaf,0xff,0xcf,0xfe,0x00,0x00,0xaf,0xff,
  0xcf,0xfe,0x00,0x00,0xaf,0xff,0xcf,0xfe,0x00,0x00,0xaf,0xff,0xcf,0xfe,0x00,0x00,0xaf,0xff,0xcf,0xfe,0x00,0x00,0xaf,0xff,
  0xcf,0xfe,0x00,0x00,0xaf,0xff,0xcf,0xfe,0x00,0x00,0xaf,0xff,0xcf,0xfe,0x00,0x00,0xaf,0xff,0xcf,0xfe,0x00,0x00,0xaf,0xff,
  0x00,0x00,0x00,0x00,0x00,0x00,0x5f,0xff,0x20,0x00,0x00,0x9f,0xfe,0x00,0x00,0x00,0x00,0x00,0x00,0x00,0x00,0x00,0x9f,0xfe,
  0x00,0x00,0x00,0xdf,0xfa,0x00,0x00,0x00,0x00,0x00,0x00,0x00,0x00,0x00,0xdf,0xfa,0x00,0x00,0x01,0xff,0xf6,0x00,0x00,0x00,
  0x00,0x00,0x00,0x00,0x00,0x01,0xff,0xf6,0x00,0x00,0x05,0xff,0xf2,0x00,0x00,0x00,0x00,0x00,0x00,0x00,0x00,0x04,0xff,0xf2,
  0x00,0x00,0x09,0xff,0xe0,0x00,0x00,0x00,0x00,0x00,0x00,0x00,0x00,0x08,0xff,0xe0,0x00,0x00,0x0d,0xff,0xa0,0x00,0x00,0x00,
  0x00,0x00,0x00,0x00,0x00,0x0c,0xff,0xa0,0x00,0x00,0x1f,0xff,0x60,0x00,0x00,0x00,0x00,0x00,0x00,0x00,0x00,0x0f,0xff,0x60,
  0x00,0x00,0x5f,0xff,0x20,0x00,0x00,0x00,0x00,0x00,0x00,0x00,0x00,0x4f,0xff,0x20,0x00,0x00,0x9f,0xfe,0x00,0x00,0x00,0x00,
  0x00,0x2f,0xff,0xff,0xff,0xff,0xff,0xff,0xff,0xff,0xff,0xff,0xff,0xff,0xff,0x80,0x00,0x2f,0xff,0xff,0xff,0xff,0xff,0xff,
  0xff,0xff,0xff,0xff,0xff,0xff,0xff,0x80,0x00,0x2f,0xff,0xff,0xff,0xff,0xff,0xff,0xff,0xff,0xff,0xff,0xff,0xff,0xff,0x80,
  0x00,0x00,0x00,0x00,0x05,0xff,0xf1,0x00,0x00,0x0a,0xff,0xd0,0x00,0x00,0x00,0x00,0x00,0x00,0x00,0x00,0x0a,0xff,0xd0,0x00,
  0x00,0x0e,0xff,0x90,0x00,0x00,0x00,0x00,0x00,0x00,0x00,0x00,0x0e,0xff,0x90,0x00,0x00,0x2f,0xff,0x50,0x00,0x00,0x00,0x00,
  0x00,0x00,0x00,0x00,0x2f,0xff,0x50,0x00,0x00,0x6f,0xff,0x10,0x00,0x00,0x00,0x00,0x00,0x00,0x00,0x00,0x6f,0xff,0x10,0x00,
  0x00,0xaf,0xfd,0x00,0x00,0x00,0x00,0x00,0x00,0x00,0x00,0x00,0xaf,0xfd,0x00,0x00,0x00,0xef,0xf9,0x00,0x00,0x00,0x00,0x00,
  0x00,0x00,0x00,0x00,0xef,0xf9,0x00,0x00,0x02,0xff,0xf5,0x00,0x00,0x00,0x00,0x00,0x9f,0xff,0xff,0xff,0xff,0xff,0xff,0xff,
  0xff,0xff,0xff,0xff,0xff,0xff,0x00,0x00,0x9f,0xff,0xff,0xff,0xff,0xff,0xff,0xff,0xff,0xff,0xff,0xff,0xff,0xff,0x00,0x00,
  0x9f,0xff,0xff,0xff,0xff,0xff,0xff,0xff,0xff,0xff,0xff,0xff,0xff,0xff,0x00,0x00,0x00,0x00,0x00,0x0f,0xff,0x70,0x00,0x00,
  0x3f,0xff,0x30,0x00,0x00,0x00,0x00,0x00,0x00,0x00,0x00,0x3f,0xff,0x30,0x00,0x00,0x7f,0xff,0x00,0x00,0x00,0x00,0x00,0x00,
  0x00,0x00,0x00,0x7f,0xff,0x00,0x00,0x00,0xbf,0xfb,0x00,0x00,0x00,0x00,0x00,0x00,0x00,0x00,0x00,0xbf,0xfb,0x00,0x00,0x00,
  0xff,0xf7,0x00,0x00,0x00,0x00,0x00,0x00,0x00,0x00,0x00,0xff,0xf7,0x00,0x00,0x03,0xff,0xf3,0x00,0x00,0x00,0x00,0x00,0x00,
  0x00,0x00,0x03,0xff,0xf3,0x00,0x00,0x07,0xff,0xf0,0x00,0x00,0x00,0x00,0x00,0x00,0x00,0x00,0x07,0xff,0xf0,0x00,0x00,0x0b,
  0xff,0xb0,0x00,0x00,0x00,0x00,0x00,0x00,0x00,0x00,0x0b,0xff,0xc0,0x00,0x00,0x0e,0xff,0x70,0x00,0x00,0x00,0x00,0x00,0x00,
  0x00,0x00,0x0f,0xff,0x80,0x00,0x00,0x3f,0xff,0x30,0x00,0x00,0x00,0x00,0x00,0x00,0x00,0x00,0x00,0x00,0x04,0xfe,0x00,0x00,
  0x00,0x00,0x00,0x00,0x00,0x00,0x00,0x04,0xfe,0x00,0x00,0x00,0x00,0x00,0x00,0x00,0x00,0x00,0x04,0xfe,0x00,0x00,0x00,0x00,
  0x00,0x00,0x00,0x00,0x00,0x04,0xfe,0x00,0x00,0x00,0x00,0x00,0x00,0x00,0x00,0x00,0x04,0xfe,0x00,0x00,0x00,0x00,0x00,0x00,
  0x00,0x02,0x7b,0xdf,0xff,0xfe,0xdb,0x96,0x20,0x00,0x00,0x01,0xaf,0xff,0xff,0xff,0xff,0xff,0xff,0xf6,0x00,0x00,0x3f,0xff,
  0xff,0xff,0xff,0xff,0xff,0xff,0xf6,0x00,0x02,0xff,0xff,0xe7,0x34,0xfe,0x12,0x58,0xdf,0xf6,0x00,0x0a,0xff,0xfc,0x10,0x04,
  0xfe,0x00,0x00,0x02,0x95,0x00,0x0f,0xff,0xf1,0x00,0x04,0xfe,0x00,0x00,0x00,0x00,0x00,0x3f,0xff,0xb0,0x00,0x04,0xfe,0x00,
  0x00,0x00,0x00,0x00,0x5f,0xff,0xa0,0x00,0x04,0xfe,0x00,0x00,0x00,0x00,0x00,0x4f,0xff,0xc0,0x00,0x04,0xfe,0x00,0x00,0x00,
  0x00,0x00,0x1f,0xff,0xf4,0x00,0x04,0xfe,0x00,0x00,0x00,0x00,0x00,0x0c,0xff,0xff,0x60,0x04,0xfe,0x00,0x00,0x00,0x00,0x00,
  0x03,0xff,0xff,0xfe,0xa9,0xfe,0x00,0x00,0x00,0x00,0x00,0x00,0x5f,0xff,0xff,0xff,0xff,0xeb,0x72,0x00,0x00,0x00,0x00,0x02,
  0xaf,0xff,0xff,0xff,0xff,0xff,0xc5,0x00,0x00,0x00,0x00,0x02,0x7b,0xff,0xff,0xff,0xff,0xff,0xb1,0x00,0x00,0x00,0x00,0x00,
  0x06,0xff,0xcf,0xff,0xff,0xfc,0x00,0x00,0x00,0x00,0x00,0x04,0xfe,0x00,0x5d,0xff,0xff,0x80,0x00,0x00,0x00,0x00,0x04,0xfe,
  0x00,0x00,0xbf,0xff,0xe0,0x00,0x00,0x00,0x00,0x04,0xfe,0x00,0x00,0x1f,0xff,0xf3,0x00,0x00,0x00,0x00,0x04,0xfe,0x00,0x00,
  0x0b,0xff,0xf4,0x00,0x00,0x00,0x00,0x04,0xfe,0x00,0x00,0x0a,0xff,0xf4,0x00,0x00,0x00,0x00,0x04,0xfe,0x00,0x00,0x0c,0xff,
  0xf2,0x47,0x00,0x00,0x00,0x04,0xfe,0x00,0x00,0x3f,0xff,0xe0,0x5f,0xd6,0x00,0x00,0x04,0xfe,0x00,0x03,0xef,0xff,0x80,0x5f,
  0xff,0xea,0x52,0x04,0xfe,0x15,0xbf,0xff,0xfd,0x00,0x5f,0xff,0xff,0xff,0xff,0xff,0xff,0xff,0xff,0xd1,0x00,0x05,0xbf,0xff,
  0xff,0xff,0xff,0xff,0xff,0xe7,0x00,0x00,0x00,0x00,0x48,0xbd,0xef,0xff,0xec,0x94,0x00,0x00,0x00,0x00,0x00,0x00,0x00,0x04,
  0xfe,0x00,0x00,0x00,0x00,0x00,0x00,0x00,0x00,0x00,0x04,0xfe,0x00,0x00,0x00,0x00,0x00,0x00,0x00,0x00,0x00,0x04,0xfe,0x00,
  0x00,0x00,0x00,0x00,0x00,0x00,0x00,0x00,0x04,0xfe,0x00,0x00,0x00,0x00,0x00,0x00,0x00,0x00,0x00,0x04,0xfe,0x00,0x00,0x00,
  0x00,0x00,0x00,0x00,0x00,0x00,0x04,0xfe,0x00,0x00,0x00,0x00,0x00,0x00,0x00,0x4a,0xef,0xec,0x81,0x00,0x00,0x00,0x00,0x00,
  0x00,0x00,0x1f,0xff,0x50,0x00,0x00,0x00,0x00,0x0a,0xff,0xff,0xff,0xff,0x50,0x00,0x00,0x00,0x00,0x00,0x00,0xbf,0xfb,0x00,
  0x00,0x00,0x00,0x00,0xbf,0xff,0xff,0xff,0xff,0xf5,0x00,0x00,0x00,0x00,0x00,0x04,0xff,0xf2,0x00,0x00,0x00,0x00,0x06,0xff,
  0xfc,0x40,0x16,0xff,0xff,0x10,0x00,0x00,0x00,0x00,0x0d,0xff,0x80,0x00,0x00,0x00,0x00,0x0d,0xff,0xd0,0x00,0x00,0x4f,0xff,
  0x80,0x00,0x00,0x00,0x00,0x8f,0xfe,0x00,0x00,0x00,0x00,0x00,0x3f,0xff,0x50,0x00,0x00,0x0b,0xff,0xd0,0x00,0x00,0x00,0x02,
  0xff,0xf4,0x00,0x00,0x00,0x00,0x00,0x6f,0xff,0x00,0x00,0x00,0x06,0xff,0xf1,0x00,0x00,0x00,0x0b,0xff,0xb0,0x00,0x00,0x00,
  0x00,0x00,0x8f,0xfe,0x00,0x00,0x00,0x04,0xff,0xf2,0x00,0x00,0x00,0x5f,0xff,0x20,0x00,0x00,0x00,0x00,0x00,0x9f,0xfd,0x00,
  0x00,0x00,0x03,0xff,0xf3,0x00,0x00,0x00,0xef,0xf7,0x00,0x00,0x00,0x00,0x00,0x00,0x8f,0xfe,0x00,0x00,0x00,0x03,0xff,0xf2,
  0x00,0x00,0x08,0xff,0xd0,0x00,0x00,0x00,0x00,0x00,0x00,0x6f,0xff,0x00,0x00,0x00,0x06,0xff,0xf1,0x00,0x00,0x2f,0xff,0x40,
  0x00,0x00,0x00,0x00,0x00,0x00,0x3f,0xff,0x50,0x00,0x00,0x0b,0xff,0xd0,0x00,0x00,0xcf,0xfa,0x00,0x00,0x00,0x00,0x00,0x00,
  0x00,0x0d,0xff,0xd0,0x00,0x00,0x4f,0xff,0x80,0x00,0x06,0xff,0xf1,0x00,0x00,0x00,0x00,0x00,0x00,0x00,0x06,0xff,0xfc,0x30,
  0x16,0xff,0xff,0x10,0x00,0x1e,0xff,0x70,0x00,0x00,0x00,0x00,0x00,0x00,0x00,0x00,0xbf,0xff,0xff,0xff,0xff,0xf6,0x00,0x00,
  0x9f,0xfd,0x00,0x00,0x00,0x00,0x00,0x00,0x00,0x00,0x00,0x0a,0xff,0xff,0xff,0xff,0x60,0x00,0x03,0xff,0xf3,0x00,0x00,0x00,
  0x00,0x00,0x00,0x00,0x00,0x00,0x00,0x4a,0xef,0xfd,0x81,0x00,0x00,0x0c,0xff,0x90,0x00,0x00,0x39,0xdf,0xfd,0x92,0x00,0x00,
  0x00,0x00,0x00,0x00,0x00,0x00,0x00,0x00,0x6f,0xfe,0x10,0x00,0x08,0xff,0xff,0xff,0xff,0x70,0x00,0x00,0x00,0x00,0x00,0x00,
  0x00,0x00,0x01,0xff,0xf6,0x00,0x00,0x9f,0xff,0xff,0xff,0xff,0xf7,0x00,0x00,0x00,0x00,0x00,0x00,0x00,0x00,0x0a,0xff,0xc0,
  0x00,0x04,0xff,0xfe,0x50,0x05,0xef,0xff,0x30,0x00,0x00,0x00,0x00,0x00,0x00,0x00,0x3f,0xff,0x30,0x00,0x0b,0xff,0xf1,0x00,
  0x00,0x2f,0xff,0xa0,0x00,0x00,0x00,0x00,0x00,0x00,0x00,0xdf,0xf9,0x00,0x00,0x0f,0xff,0x80,0x00,0x00,0x09,0xff,0xf0,0x00,
  0x00,0x00,0x00,0x00,0x00,0x07,0xff,0xe1,0x00,0x00,0x4f,0xff,0x30,0x00,0x00,0x04,0xff,0xf3,0x00,0x00,0x00,0x00,0x00,0x00,
  0x1f,0xff,0x50,0x00,0x00,0x5f,0xff,0x00,0x00,0x00,0x01,0xff,0xf4,0x00,0x00,0x00,0x00,0x00,0x00,0xaf,0xfc,0x00,0x00,0x00,
  0x6f,0xff,0x00,0x00,0x00,0x01,0xff,0xf5,0x00,0x00,0x00,0x00,0x00,0x04,0xff,0xf2,0x00,0x00,0x00,0x5f,0xff,0x00,0x00,0x00,
  0x01,0xff,0xf4,0x00,0x00,0x00,0x00,0x00,0x0d,0xff,0x80,0x00,0x00,0x00,0x4f,0xff,0x30,0x00,0x00,0x04,0xff,0xf3,0x00,0x00,
  0x00,0x00,0x00,0x8f,0xfe,0x00,0x00,0x00,0x00,0x1f,0xff,0x80,0x00,0x00,0x09,0xff,0xf0,0x00,0x00,0x00,0x00,0x02,0xff,0xf5,
  0x00,0x00,0x00,0x00,0x0b,0xff,0xf2,0x00,0x00,0x2f,0xff,0xa0,0x00,0x00,0x00,0x00,0x0b,0xff,0xb0,0x00,0x00,0x00,0x00,0x04,
  0xff,0xfe,0x50,0x05,0xef,0xff,0x30,0x00,0x00,0x00,0x00,0x5f,0xff,0x20,0x00,0x00,0x00,0x00,0x00,0x9f,0xff,0xff,0xff,0xff,
  0xf7,0x00,0x00,0x00,0x00,0x00,0xef,0xf8,0x00,0x00,0x00,0x00,0x00,0x00,0x08,0xff,0xff,0xff,0xff,0x70,0x00,0x00,0x00,0x00,
  0x08,0xff,0xd0,0x00,0x00,0x00,0x00,0x00,0x00,0x00,0x39,0xdf,0xfd,0x92,0x00,0x00,0x00,0x00,0x00,0x00,0x06,0xad,0xff,0xec,
  0x83,0x00,0x00,0x00,0x00,0x00,0x00,0x00,0x00,0x00,0x00,0x05,0xef,0xff,0xff,0xff,0xff,0xd6,0x00,0x00,0x00,0x00,0x00,0x00,
  0x00,0x00,0x00,0x7f,0xff,0xff,0xff,0xff,0xff,0xff,0x40,0x00,0x00,0x00,0x00,0x00,0x00,0x00,0x04,0xff,0xff,0xd5,0x10,0x15,
  0xbf,0xff,0x40,0x00,0x00,0x00,0x00,0x00,0x00,0x00,0x0d,0xff,0xfb,0x00,0x00,0x00,0x03,0xbf,0x40,0x00,0x00,0x00,0x00,0x00,
  0x00,0x00,0x3f,0xff,0xf1,0x00,0x00,0x00,0x00,0x07,0x40,0x00,0x00,0x00,0x00,0x00,0x00,0x00,0x6f,0xff,0xa0,0x00,0x00,0x00,
  0x00,0x00,0x00,0x00,0x00,0x00,0x00,0x00,0x00,0x00,0x8f,0xff,0x80,0x00,0x00,0x00,0x00,0x00,0x00,0x00,0x00,0x00,0x00,0x00,
  0x00,0x00,0x8f,0xff,0x90,0x00,0x00,0x00,0x00,0x00,0x00,0x00,0x00,0x00,0x00,0x00,0x00,0x00,0x6f,0xff,0xd0,0x00,0x00,0x00,
  0x00,0x00,0x00,0x00,0x00,0x00,0x00,0x00,0x00,0x00,0x2f,0xff,0xf5,0x00,0x00,0x00,0x00,0x00,0x00,0x00,0x00,0x00,0x00,0x00,
  0x00,0x00,0x0b,0xff,0xfe,0x10,0x00,0x00,0x00,0x00,0x00,0x00,0x00,0x00,0x00,0x00,0x00,0x00,0x03,0xff,0xff,0xc0,0x00,0x00,
  0x00,0x00,0x00,0x00,0x00,0x00,0x00,0x00,0x00,0x00,0x00,0xbf,0xff,0xfb,0x00,0x00,0x00,0x00,0x00,0x00,0x00,0x00,0x00,0x00,
  0x00,0x00,0x09,0xff,0xff,0xff,0xa0,0x00,0x00,0x00,0x00,0x00,0x00,0x00,0x00,0x00,0x00,0x00,0xbf,0xff,0xff,0xff,0xfa,0x00,
  0x00,0x00,0x00,0x00,0x00,0x00,0x00,0x00,0x00,0x0b,0xff,0xfe,0x3b,0xff,0xff,0xa0,0x00,0x00,0x00,0x00,0x09,0xff,0xf5,0x00,
  0x00,0x7f,0xff,0xf3,0x00,0xbf,0xff,0xfa,0x00,0x00,0x00,0x00,0x0b,0xff,0xf3,0x00,0x01,0xff,0xff,0x50,0x00,0x0b,0xff,0xff,
  0xa0,0x00,0x00,0x00,0x0d,0xff,0xf0,0x00,0x08,0xff,0xfc,0x00,0x00,0x00,0xbf,0xff,0xfa,0x00,0x00,0x00,0x1f,0xff,0xb0,0x00,
  0x0e,0xff,0xf5,0x00,0x00,0x00,0x0b,0xff,0xff,0xa0,0x00,0x00,0x6f,0xff,0x60,0x00,0x1f,0xff,0xf1,0x00,0x00,0x00,0x00,0xbf,
  0xff,0xfa,0x00,0x00,0xcf,0xff,0x10,0x00,0x3f,0xff,0xf0,0x00,0x00,0x00,0x00,0x0b,0xff,0xff,0xa0,0x03,0xff,0xf9,0x00,0x00,
  0x2f,0xff,0xf0,0x00,0x00,0x00,0x00,0x00,0xbf,0xff,0xf9,0x0c,0xff,0xf1,0x00,0x00,0x1f,0xff,0xf2,0x00,0x00,0x00,0x00,0x00,
  0x0b,0xff,0xff,0xcf,0xff,0x80,0x00,0x00,0x0e,0xff,0xf7,0x00,0x00,0x00,0x00,0x00,0x00,0xbf,0xff,0xff,0xfd,0x00,0x00,0x00,
  0x08,0xff,0xfe,0x00,0x00,0x00,0x00,0x00,0x00,0x0b,0xff,0xff,0xf3,0x00,0x00,0x00,0x01,0xff,0xff,0xb0,0x00,0x00,0x00,0x00,
  0x00,0x04,0xff,0xff,0xfa,0x00,0x00,0x00,0x00,0x7f,0xff,0xfc,0x20,0x00,0x00,0x00,0x01,0x8f,0xff,0xff,0xff,0x90,0x00,0x00,
  0x00,0x09,0xff,0xff,0xfa,0x51,0x00,0x25,0x9f,0xff,0xff,0xef,0xff,0xf9,0x00,0x00,0x00,0x00,0x7f,0xff,0xff,0xff,0xff,0xff,
  0xff,0xff,0xe5,0x0c,0xff,0xff,0x80,0x00,0x00,0x00,0x03,0xbf,0xff,0xff,0xff,0xff,0xff,0xd7,0x00,0x00,0xcf,0xff,0xf8,0x00,
  0x00,0x00,0x00,0x02,0x7b,0xde,0xfe,0xdb,0x74,0x00,0x00,0x00,0x1d,0xff,0xff,0x70,0xcf,0xfe,0xcf,0xfe,0xcf,0xfe,0xcf,0xfe,
  0xcf,0xfe,0xcf,0xfe,0xcf,0xfe,0xcf,0xfe,0xcf,0xfe,0xcf,0xfe,0xcf,0xfe,0xcf,0xfe,0x00,0x00,0x00,0x2f,0xff,0x50,0x00,0x00,
  0x00,0xbf,0xfc,0x00,0x00,0x00,0x04,0xff,0xf4,0x00,0x00,0x00,0x0d,0xff,0xc0,0x00,0x00,0x00,0x5f,0xff,0x50,0x00,0x00,0x00,
  0xdf,0xfe,0x00,0x00,0x00,0x05,0xff,0xf7,0x00,0x00,0x00,0x0c,0xff,0xf1,0x00,0x00,0x00,0x2f,0xff,0xc0,0x00,0x00,0x00,0x8f,
  0xff,0x70,0x00,0x00,0x00,0xdf,0xff,0x20,0x00,0x00,0x01,0xff,0xfe,0x00,0x00,0x00,0x05,0xff,0xfb,0x00,0x00,0x00,0x09,0xff,
  0xf8,0x00,0x00,0x00,0x0c,0xff,0xf5,0x00,0x00,0x00,0x0e,0xff,0xf3,0x00,0x00,0x00,0x0f,0xff,0xf1,0x00,0x00,0x00,0x2f,0xff,
  0xf0,0x00,0x00,0x00,0x2f,0xff,0xf0,0x00,0x00,0x00,0x3f,0xff,0xf0,0x00,0x00,0x00,0x2f,0xff,0xf0,0x00,0x00,0x00,0x2f,0xff,
  0xf0,0x00,0x00,0x00,0x0f,0xff,0xf1,0x00,0x00,0x00,0x0e,0xff,0xf3,0x00,0x00,0x00,0x0c,0xff,0xf5,0x00,0x00,0x00,0x09,0xff,
  0xf8,0x00,0x00,0x00,0x05,0xff,0xfb,0x00,0x00,0x00,0x01,0xff,0xfe,0x00,0x00,0x00,0x00,0xcf,0xff,0x20,0x00,0x00,0x00,0x7f,
  0xff,0x70,0x00,0x00,0x00,0x1f,0xff,0xc0,0x00,0x00,0x00,0x0b,0xff,0xf1,0x00,0x00,0x00,0x04,0xff,0xf7,0x00,0x00,0x00,0x00,
  0xdf,0xfe,0x00,0x00,0x00,0x00,0x5f,0xff,0x50,0x00,0x00,0x00,0x0d,0xff,0xc0,0x00,0x00,0x00,0x04,0xff,0xf4,0x00,0x00,0x00,
  0x00,0xbf,0xfc,0x00,0x00,0x00,0x00,0x2f,0xff,0x50,0x3f,0xff,0x40,0x00,0x00,0x00,0x0a,0xff,0xd0,0x00,0x00,0x00,0x02,0xff,
  0xf7,0x00,0x00,0x00,0x00,0xaf,0xfe,0x10,0x00,0x00,0x00,0x2f,0xff,0x80,0x00,0x00,0x00,0x0b,0xff,0xf0,0x00,0x00,0x00,0x05,
  0xff,0xf7,0x00,0x00,0x00,0x00,0xef,0xfe,0x00,0x00,0x00,0x00,0x9f,0xff,0x40,0x00,0x00,0x00,0x4f,0xff,0xa0,0x00,0x00,0x00,
  0x0f,0xff,0xf0,0x00,0x00,0x00,0x0c,0xff,0xf4,0x00,0x00,0x00,0x08,0xff,0xf8,0x00,0x00,0x00,0x05,0xff,0xfb,0x00,0x00,0x00,
  0x02,0xff,0xff,0x00,0x00,0x00,0x00,0xff,0xff,0x10,0x00,0x00,0x00,0xff,0xff,0x30,0x00,0x00,0x00,0xdf,0xff,0x40,0x00,0x00,
  0x00,0xdf,0xff,0x50,0x00,0x00,0x00,0xcf,0xff,0x60,0x00,0x00,0x00,0xdf,0xff,0x50,0x00,0x00,0x00,0xdf,0xff,0x40,0x00,0x00,
  0x00,0xff,0xff,0x30,0x00,0x00,0x00,0xff,0xff,0x10,0x00,0x00,0x02,0xff,0xfe,0x00,0x00,0x00,0x05,0xff,0xfb,0x00,0x00,0x00,
  0x08,0xff,0xf8,0x00,0x00,0x00,0x0c,0xff,0xf4,0x00,0x00,0x00,0x0f,0xff,0xf0,0x00,0x00,0x00,0x4f,0xff,0xa0,0x00,0x00,0x00,
  0x9f,0xff,0x40,0x00,0x00,0x00,0xef,0xfe,0x00,0x00,0x00,0x05,0xff,0xf7,0x00,0x00,0x00,0x0b,0xff,0xf0,0x00,0x00,0x00,0x2f,
  0xff,0x80,0x00,0x00,0x00,0xaf,0xfe,0x10,0x00,0x00,0x02,0xff,0xf7,0x00,0x00,0x00,0x0a,0xff,0xd0,0x00,0x00,0x00,0x3f,0xff,
  0x40,0x00,0x00,0x00,0x00,0x00,0x00,0x00,0x3f,0xf3,0x00,0x00,0x00,0x00,0x00,0x00,0x00,0x00,0x3f,0xf3,0x00,0x00,0x00,0x00,
  0x00,0x00,0x00,0x00,0x3f,0xf3,0x00,0x00,0x00,0x00,0x00,0x00,0x00,0x00,0x3f,0xf3,0x00,0x00,0x00,0x00,0x0b,0x70,0x00,0x00,
  0x3f,0xf3,0x00,0x00,0x07,0xa0,0x5f,0xfd,0x40,0x00,0x3f,0xf3,0x00,0x04,0xdf,0xf5,0x2a,0xff,0xfb,0x20,0x3f,0xf3,0x02,0xbf,
  0xff,0xa2,0x00,0x2a,0xff,0xf9,0x4f,0xf4,0x9f,0xff,0xa2,0x00,0x00,0x00,0x3b,0xff,0xff,0xff,0xff,0xb3,0x00,0x00,0x00,0x00,
  0x00,0x3b,0xff,0xff,0xb3,0x00,0x00,0x00,0x00,0x00,0x00,0x3b,0xff,0xff,0xb3,0x00,0x00,0x00,0x00,0x00,0x2a,0xff,0xff,0xff,
  0xff,0xb2,0x00,0x00,0x00,0x2a,0xff,0xf9,0x4f,0xf4,0x9f,0xff,0xa2,0x00,0x19,0xff,0xfb,0x20,0x3f,0xf3,0x02,0xbf,0xff,0x91,
  0x6f,0xfd,0x40,0x00,0x3f,0xf3,0x00,0x04,0xdf,0xf5,0x0b,0x70,0x00,0x00,0x3f,0xf3,0x00,0x00,0x07,0xb0,0x00,0x00,0x00,0x00,
  0x3f,0xf3,0x00,0x00,0x00,0x00,0x00,0x00,0x00,0x00,0x3f,0xf3,0x00,0x00,0x00,0x00,0x00,0x00,0x00,0x00,0x3f,0xf3,0x00,0x00,
  0x00,0x00,0x00,0x00,0x00,0x00,0x3f,0xf3,0x00,0x00,0x00,0x00,0x00,0x00,0x00,0x00,0x00,0x00,0x6f,0xff,0x30,0x00,0x00,0x00,
  0x00,0x00,0x00,0x00,0x00,0x00,0x00,0x00,0x00,0x6f,0xff,0x30,0x00,0x00,0x00,0x00,0x00,0x00,0x00,0x00,0x00,0x00,0x00,0x00,
  0x6f,0xff,0x30,0x00,0x00,0x00,0x00,0x00,0x00,0x00,0x00,0x00,0x00,0x00,0x00,0x6f,0xff,0x30,0x00,0x00,0x00,0x00,0x00,0x00,
  0x00,0x00,0x00,0x00,0x00,0x00,0x6f,0xff,0x30,0x00,0x00,0x00,0x00,0x00,0x00,0x00,0x00,0x00,0x00,0x00,0x00,0x6f,0xff,0x30,
  0x00,0x00,0x00,0x00,0x00,0x00,0x00,0x00,0x00,0x00,0x00,0x00,0x6f,0xff,0x30,0x00,0x00,0x00,0x00,0x00,0x00,0x00,0x00,0x00,
  0x00,0x00,0x00,0x6f,0xff,0x30,0x00,0x00,0x00,0x00,0x00,0x00,0x00,0x00,0x00,0x00,0x00,0x00,0x6f,0xff,0x30,0x00,0x00,0x00,
  0x00,0x00,0x00,0x00,0x00,0x00,0x00,0x00,0x00,0x6f,0xff,0x30,0x00,0x00,0x00,0x00,0x00,0x00,0x00,0x00,0x00,0x00,0x00,0x00,
  0x6f,0xff,0x30,0x00,0x00,0x00,0x00,0x00,0x00,0x00,0x00,0x00,0x00,0x00,0x00,0x6f,0xff,0x30,0x00,0x00,0x00,0x00,0x00,0x00,
  0x5f,0xff,0xff,0xff,0xff,0xff,0xff,0xff,0xff,0xff,0xff,0xff,0xff,0xff,0x30,0x5f,0xff,0xff,0xff,0xff,0xff,0xff,0xff,0xff,
  0xff,0xff,0xff,0xff,0xff,0x30,0x5f,0xff,0xff,0xff,0xff,0xff,0xff,0xff,0xff,0xff,0xff,0xff,0xff,0xff,0x30,0x5f,0xff,0xff,
  0xff,0xff,0xff,0xff,0xff,0xff,0xff,0xff,0xff,0xff,0xff,0x30,0x00,0x00,0x00,0x00,0x00,0x00,0x6f,0xff,0x30,0x00,0x00,0x00,
  0x00,0x00,0x00,0x00,0x00,0x00,0x00,0x00,0x00,0x6f,0xff,0x30,0x00,0x00,0x00,0x00,0x00,0x00,0x00,0x00,0x00,0x00,0x00,0x00,
  0x6f,0xff,0x30,0x00,0x00,0x00,0x00,0x00,0x00,0x00,0x00,0x00,0x00,0x00,0x00,0x6f,0xff,0x30,0x00,0x00,0x00,0x00,0x00,0x00,
  0x00,0x00,0x00,0x00,0x00,0x00,0x6f,0xff,0x30,0x00,0x00,0x00,0x00,0x00,0x00,0x00,0x00,0x00,0x00,0x00,0x00,0x6f,0xff,0x30,
  0x00,0x00,0x00,0x00,0x00,0x00,0x00,0x00,0x00,0x00,0x00,0x00,0x6f,0xff,0x30,0x00,0x00,0x00,0x00,0x00,0x00,0x00,0x00,0x00,
  0x00,0x00,0x00,0x6f,0xff,0x30,0x00,0x00,0x00,0x00,0x00,0x00,0x00,0x00,0x00,0x00,0x00,0x00,0x6f,0xff,0x30,0x00,0x00,0x00,
  0x00,0x00,0x00,0x00,0x00,0x00,0x00,0x00,0x00,0x6f,0xff,0x30,0x00,0x00,0x00,0x00,0x00,0x00,0x00,0x00,0x00,0x00,0x00,0x00,
  0x6f,0xff,0x30,0x00,0x00,0x00,0x00,0x00,0x00,0x00,0x00,0x00,0x00,0x00,0x00,0x6f,0xff,0x30,0x00,0x00,0x00,0x00,0x00,0x00,
  0x00,0xdf,0xff,0xb0,0x00,0xdf,0xff,0xb0,0x00,0xdf,0xff,0xb0,0x00,0xdf,0xff,0xa0,0x00,0xff,0xff,0x50,0x04,0xff,0xfd,0x00,
  0x08,0xff,0xf6,0x00,0x0b,0xff,0xd0,0x00,0x0f,0xff,0x60,0x00,0x3f,0xfe,0x00,0x00,0x7f,0xf6,0x00,0x00,0xdf,0xff,0xff,0xff,
  0xff,0xfb,0xdf,0xff,0xff,0xff,0xff,0xfb,0xdf,0xff,0xff,0xff,0xff,0xfb,0xdf,0xff,0xff,0xff,0xff,0xfb,0x4f,0xff,0xf3,0x4f,
  0xff,0xf3,0x4f,0xff,0xf3,0x4f,0xff,0xf3,0x4f,0xff,0xf3,0x00,0x00,0x00,0x00,0x00,0x0f,0xff,0xa0,0x00,0x00,0x00,0x00,0x00,
  0x4f,0xff,0x50,0x00,0x00,0x00,0x00,0x00,0x9f,0xff,0x10,0x00,0x00,0x00,0x00,0x00,0xef,0xfb,0x00,0x00,0x00,0x00,0x00,0x03,
  0xff,0xf6,0x00,0x00,0x00,0x00,0x00,0x08,0xff,0xf1,0x00,0x00,0x00,0x00,0x00,0x0d,0xff,0xc0,0x00,0x00,0x00,0x00,0x00,0x2f,
  0xff,0x70,0x00,0x00,0x00,0x00,0x00,0x7f,0xff,0x30,0x00,0x00,0x00,0x00,0x00,0xcf,0xfe,0x00,0x00,0x00,0x00,0x00,0x01,0xff,
  0xf9,0x00,0x00,0x00,0x00,0x00,0x06,0xff,0xf4,0x00,0x00,0x00,0x00,0x00,0x0b,0xff,0xe0,0x00,0x00,0x00,0x00,0x00,0x0f,0xff,
  0xa0,0x00,0x00,0x00,0x00,0x00,0x5f,0xff,0x50,0x00,0x00,0x00,0x00,0x00,0xaf,0xff,0x00,0x00,0x00,0x00,0x00,0x00,0xef,0xfb,
  0x00,0x00,0x00,0x00,0x00,0x04,0xff,0xf6,0x00,0x00,0x00,0x00,0x00,0x09,0xff,0xf1,0x00,0x00,0x00,0x00,0x00,0x0e,0xff,0xc0,
  0x00,0x00,0x00,0x00,0x00,0x3f,0xff,0x70,0x00,0x00,0x00,0x00,0x00,0x8f,0xff,0x20,0x00,0x00,0x00,0x00,0x00,0xdf,0xfd,0x00,
  0x00,0x00,0x00,0x00,0x01,0xff,0xf8,0x00,0x00,0x00,0x00,0x00,0x06,0xff,0xf3,0x00,0x00,0x00,0x00,0x00,0x0b,0xff,0xe0,0x00,
  0x00,0x00,0x00,0x00,0x1f,0xff,0x90,0x00,0x00,0x00,0x00,0x00,0x5f,0xff,0x40,0x00,0x00,0x00,0x00,0x00,0xaf,0xff,0x00,0x00,
  0x00,0x00,0x00,0x00,0xff,0xfa,0x00,0x00,0x00,0x00,0x00,0x04,0xff,0xf5,0x00,0x00,0x00,0x00,0x00,0x09,0xff,0xf1,0x00,0x00,
  0x00,0x00,0x00,0x0e,0xff,0xb0,0x00,0x00,0x00,0x00,0x00,0x3f,0xff,0x60,0x00,0x00,0x00,0x00,0x00,0x8f,0xff,0x10,0x00,0x00,
  0x00,0x00,0x00,0xdf,0xfc,0x00,0x00,0x00,0x00,0x00,0x00,0x00,0x00,0x00,0x01,0x7b,0xef,0xfe,0xb7,0x10,0x00,0x00,0x00,0x00,
  0x00,0x00,0x7f,0xff,0xff,0xff,0xff,0xf7,0x00,0x00,0x00,0x00,0x00,0x0b,0xff,0xff,0xff,0xff,0xff,0xff,0xb0,0x00,0x00,0x00,
  0x00,0xaf,0xff,0xfa,0x31,0x13,0xaf,0xff,0xfa,0x00,0x00,0x00,0x06,0xff,0xff,0x50,0x00,0x00,0x05,0xff,0xff,0x50,0x00,0x00,
  0x0e,0xff,0xf8,0x00,0x00,0x00,0x00,0x8f,0xff,0xe0,0x00,0x00,0x6f,0xff,0xe0,0x00,0x00,0x00,0x00,0x0e,0xff,0xf6,0x00,0x00,
  0xcf,0xff,0x80,0x00,0x00,0x00,0x00,0x08,0xff,0xfc,0x00,0x01,0xff,0xff,0x20,0x00,0x00,0x00,0x00,0x02,0xff,0xff,0x10,0x06,
  0xff,0xfe,0x00,0x00,0x00,0x00,0x00,0x00,0xef,0xff,0x50,0x08,0xff,0xfb,0x00,0x00,0x00,0x00,0x00,0x00,0xbf,0xff,0x80,0x0b,
  0xff,0xf9,0x00,0x00,0x00,0x00,0x00,0x00,0x9f,0xff,0xb0,0x0e,0xff,0xf7,0x00,0x00,0x00,0x00,0x00,0x00,0x7f,0xff,0xd0,0x0f,
  0xff,0xf5,0x00,0x00,0x00,0x00,0x00,0x00,0x5f,0xff,0xe0,0x0f,0xff,0xf5,0x00,0x00,0x00,0x00,0x00,0x00,0x5f,0xff,0xf0,0x0f,
  0xff,0xf4,0x00,0x00,0x00,0x00,0x00,0x00,0x4f,0xff,0xf0,0x1f,0xff,0xf4,0x00,0x00,0x00,0x00,0x00,0x00,0x4f,0xff,0xf1,0x0f,
  0xff,0xf4,0x00,0x00,0x00,0x00,0x00,0x00,0x4f,0xff,0xf0,0x0f,0xff,0xf5,0x00,0x00,0x00,0x00,0x00,0x00,0x5f,0xff,0xf0,0x0f,
  0xff,0xf5,0x00,0x00,0x00,0x00,0x00,0x00,0x5f,0xff,0xe0,0x0e,0xff,0xf7,0x00,0x00,0x00,0x00,0x00,0x00,0x7f,0xff,0xd0,0x0b,
  0xff,0xf9,0x00,0x00,0x00,0x00,0x00,0x00,0x9f,0xff,0xb0,0x09,0xff,0xfb,0x00,0x00,0x00,0x00,0x00,0x00,0xbf,0xff,0x80,0x06,
  0xff,0xfe,0x00,0x00,0x00,0x00,0x00,0x00,0xef,0xff,0x50,0x01,0xff,0xff,0x20,0x00,0x00,0x00,0x00,0x02,0xff,0xff,0x10,0x00,
  0xcf,0xff,0x80,0x00,0x00,0x00,0x00,0x08,0xff,0xfc,0x00,0x00,0x7f,0xff,0xe0,0x00,0x00,0x00,0x00,0x0e,0xff,0xf6,0x00,0x00,
  0x0e,0xff,0xf8,0x00,0x00,0x00,0x00,0x8f,0xff,0xe0,0x00,0x00,0x06,0xff,0xff,0x50,0x00,0x00,0x05,0xff,0xff,0x60,0x00,0x00,
  0x00,0xbf,0xff,0xfa,0x31,0x13,0xaf,0xff,0xfa,0x00,0x00,0x00,0x00,0x0b,0xff,0xff,0xff,0xff,0xff,0xff,0xb0,0x00,0x00,0x00,
  0x00,0x00,0x8f,0xff,0xff,0xff,0xff,0xf7,0x00,0x00,0x00,0x00,0x00,0x00,0x01,0x7b,0xef,0xfe,0xb7,0x10,0x00,0x00,0x00,0x00,
  0x00,0x03,0x7b,0xff,0xff,0xd0,0x00,0x00,0x00,0x02,0x6b,0xff,0xff,0xff,0xff,0xd0,0x00,0x00,0x00,0x2f,0xff,0xff,0xff,0xff,
  0xff,0xd0,0x00,0x00,0x00,0x2f,0xff,0xfc,0x84,0x7f,0xff,0xd0,0x00,0x00,0x00,0x2d,0x94,0x00,0x00,0x7f,0xff,0xd0,0x00,0x00,
  0x00,0x00,0x00,0x00,0x00,0x7f,0xff,0xd0,0x00,0x00,0x00,0x00,0x00,0x00,0x00,0x7f,0xff,0xd0,0x00,0x00,0x00,0x00,0x00,0x00,
  0x00,0x7f,0xff,0xd0,0x00,0x00,0x00,0x00,0x00,0x00,0x00,0x7f,0xff,0xd0,0x00,0x00,0x00,0x00,0x00,0x00,0x00,0x7f,0xff,0xd0,
  0x00,0x00,0x00,0x00,0x00,0x00,0x00,0x7f,0xff,0xd0,0x00,0x00,0x00,0x00,0x00,0x00,0x00,0x7f,0xff,0xd0,0x00,0x00,0x00,0x00,
  0x00,0x00,0x00,0x7f,0xff,0xd0,0x00,0x00,0x00,0x00,0x00,0x00,0x00,0x7f,0xff,0xd0,0x00,0x00,0x00,0x00,0x00,0x00,0x00,0x7f,
  0xff,0xd0,0x00,0x00,0x00,0x00,0x00,0x00,0x00,0x7f,0xff,0xd0,0x00,0x00,0x00,0x00,0x00,0x00,0x00,0x7f,0xff,0xd0,0x00,0x00,
  0x00,0x00,0x00,0x00,0x00,0x7f,0xff,0xd0,0x00,0x00,0x00,0x00,0x00,0x00,0x00,0x7f,0xff,0xd0,0x00,0x00,0x00,0x00,0x00,0x00,
  0x00,0x7f,0xff,0xd0,0x00,0x00,0x00,0x00,0x00,0x00,0x00,0x7f,0xff,0xd0,0x00,0x00,0x00,0x00,0x00,0x00,0x00,0x7f,0xff,0xd0,
  0x00,0x00,0x00,0x00,0x00,0x00,0x00,0x7f,0xff,0xd0,0x00,0x00,0x00,0x00,0x00,0x00,0x00,0x7f,0xff,0xd0,0x00,0x00,0x00,0x00,
  0x00,0x00,0x00,0x7f,0xff,0xd0,0x00,0x00,0x00,0x00,0x00,0x00,0x00,0x7f,0xff,0xd0,0x00,0x00,0x00,0x00,0x00,0x00,0x00,0x7f,
  0xff,0xd0,0x00,0x00,0x00,0x00,0x00,0x00,0x00,0x7f,0xff,0xd0,0x00,0x00,0x00,0x00,0x00,0x00,0x00,0x7f,0xff,0xd0,0x00,0x00,
  0x00,0x08,0xff,0xff,0xff,0xff,0xff,0xff,0xff,0xff,0xff,0x08,0xff,0xff,0xff,0xff,0xff,0xff,0xff,0xff,0xff,0x08,0xff,0xff,
  0xff,0xff,0xff,0xff,0xff,0xff,0xff,0x00,0x00,0x48,0xbd,0xef,0xed,0xb7,0x20,0x00,0x00,0x00,0x05,0xbf,0xff,0xff,0xff,0xff,
  0xff,0xfb,0x20,0x00,0x00,0x9f,0xff,0xff,0xff,0xff,0xff,0xff,0xff,0xf5,0x00,0x00,0x9f,0xff,0xfe,0x94,0x20,0x14,0x9f,0xff,
  0xff,0x50,0x00,0x9f,0xfe,0x60,0x00,0x00,0x00,0x02,0xdf,0xff,0xf1,0x00,0x9f,0x80,0x00,0x00,0x00,0x00,0x00,0x2f,0xff,0xf9,
  0x00,0x73,0x00,0x00,0x00,0x00,0x00,0x00,0x08,0xff,0xfe,0x00,0x00,0x00,0x00,0x00,0x00,0x00,0x00,0x02,0xff,0xff,0x30,0x00,
  0x00,0x00,0x00,0x00,0x00,0x00,0x00,0xff,0xff,0x50,0x00,0x00,0x00,0x00,0x00,0x00,0x00,0x00,0xff,0xff,0x60,0x00,0x00,0x00,
  0x00,0x00,0x00,0x00,0x01,0xff,0xff,0x50,0x00,0x00,0x00,0x00,0x00,0x00,0x00,0x06,0xff,0xff,0x30,0x00,0x00,0x00,0x00,0x00,
  0x00,0x00,0x0c,0xff,0xfe,0x00,0x00,0x00,0x00,0x00,0x00,0x00,0x00,0x4f,0xff,0xf9,0x00,0x00,0x00,0x00,0x00,0x00,0x00,0x00,
  0xef,0xff,0xf2,0x00,0x00,0x00,0x00,0x00,0x00,0x00,0x0a,0xff,0xff,0x80,0x00,0x00,0x00,0x00,0x00,0x00,0x00,0x7f,0xff,0xfd,
  0x00,0x00,0x00,0x00,0x00,0x00,0x00,0x04,0xff,0xff,0xf2,0x00,0x00,0x00,0x00,0x00,0x00,0x00,0x3f,0xff,0xff,0x40,0x00,0x00,
  0x00,0x00,0x00,0x00,0x02,0xef,0xff,0xf5,0x00,0x00,0x00,0x00,0x00,0x00,0x00,0x1e,0xff,0xff,0x60,0x00,0x00,0x00,0x00,0x00,
  0x00,0x01,0xdf,0xff,0xf7,0x00,0x00,0x00,0x00,0x00,0x00,0x00,0x0c,0xff,0xff,0x80,0x00,0x00,0x00,0x00,0x00,0x00,0x00,0xcf,
  0xff,0xf9,0x00,0x00,0x00,0x00,0x00,0x00,0x00,0x0b,0xff,0xff,0xa0,0x00,0x00,0x00,0x00,0x00,0x00,0x00,0xaf,0xff,0xfa,0x00,
  0x00,0x00,0x00,0x00,0x00,0x00,0x09,0xff,0xff,0xb0,0x00,0x00,0x00,0x00,0x00,0x00,0x00,0x7f,0xff,0xfc,0x00,0x00,0x00,0x00,
  0x00,0x00,0x00,0x06,0xff,0xff,0xc0,0x00,0x00,0x00,0x00,0x00,0x00,0x00,0x5f,0xff,0xfd,0x10,0x00,0x00,0x00,0x00,0x00,0x00,
  0x00,0xcf,0xff,0xff,0xff,0xff,0xff,0xff,0xff,0xff,0xff,0x90,0xcf,0xff,0xff,0xff,0xff,0xff,0xff,0xff,0xff,0xff,0x90,0xcf,
  0xff,0xff,0xff,0xff,0xff,0xff,0xff,0xff,0xff,0x90,0x00,0x36,0x8b,0xce,0xff,0xfe,0xda,0x60,0x00,0x00,0x00,0x0b,0xff,0xff,
  0xff,0xff,0xff,0xff,0xff,0x90,0x00,0x00,0x0b,0xff,0xff,0xff,0xff,0xff,0xff,0xff,0xfe,0x20,0x00,0x0b,0xff,0xd9,0x52,0x10,
  0x02,0x6c,0xff,0xff,0xe2,0x00,0x09,0x82,0x00,0x00,0x00,0x00,0x00,0x6f,0xff,0xfb,0x00,0x00,0x00,0x00,0x00,0x00,0x00,0x00,
  0x07,0xff,0xff,0x30,0x00,0x00,0x00,0x00,0x00,0x00,0x00,0x00,0xef,0xff,0x80,0x00,0x00,0x00,0x00,0x00,0x00,0x00,0x00,0xbf,
  0xff,0xa0,0x00,0x00,0x00,0x00,0x00,0x00,0x00,0x00,0x9f,0xff,0xb0,0x00,0x00,0x00,0x00,0x00,0x00,0x00,0x00,0xaf,0xff,0x90,
  0x00,0x00,0x00,0x00,0x00,0x00,0x00,0x00,0xef,0xff,0x60,0x00,0x00,0x00,0x00,0x00,0x00,0x00,0x05,0xff,0xff,0x10,0x00,0x00,
  0x00,0x00,0x00,0x00,0x00,0x4f,0xff,0xf6,0x00,0x00,0x00,0x00,0x00,0x00,0x02,0x5a,0xff,0xff,0x80,0x00,0x00,0x00,0x01,0xff,
  0xff,0xff,0xff,0xff,0xc4,0x00,0x00,0x00,0x00,0x01,0xff,0xff,0xff,0xff,0xf9,0x20,0x00,0x00,0x00,0x00,0x01,0xff,0xff,0xff,
  0xff,0xff,0xfa,0x10,0x00,0x00,0x00,0x00,0x00,0x00,0x02,0x5b,0xff,0xff,0xe2,0x00,0x00,0x00,0x00,0x00,0x00,0x00,0x00,0x3e,
  0xff,0xfe,0x10,0x00,0x00,0x00,0x00,0x00,0x00,0x00,0x02,0xff,0xff,0x90,0x00,0x00,0x00,0x00,0x00,0x00,0x00,0x00,0x7f,0xff,
  0xf0,0x00,0x00,0x00,0x00,0x00,0x00,0x00,0x00,0x1f,0xff,0xf4,0x00,0x00,0x00,0x00,0x00,0x00,0x00,0x00,0x0e,0xff,0xf6,0x00,
  0x00,0x00,0x00,0x00,0x00,0x00,0x00,0x0d,0xff,0xf7,0x00,0x00,0x00,0x00,0x00,0x00,0x00,0x00,0x0f,0xff,0xf5,0x00,0x00,0x00,
  0x00,0x00,0x00,0x00,0x00,0x2f,0xff,0xf3,0x00,0x00,0x00,0x00,0x00,0x00,0x00,0x00,0x8f,0xff,0xe0,0x73,0x00,0x00,0x00,0x00,
  0x00,0x00,0x03,0xff,0xff,0x80,0xaf,0x92,0x00,0x00,0x00,0x00,0x00,0x5f,0xff,0xfe,0x00,0xaf,0xff,0xb7,0x31,0x00,0x14,0x7d,
  0xff,0xff,0xf3,0x00,0xaf,0xff,0xff,0xff,0xff,0xff,0xff,0xff,0xfd,0x30,0x00,0x17,0xdf,0xff,0xff,0xff,0xff,0xff,0xfe,0x70,
  0x00,0x00,0x00,0x02,0x6a,0xce,0xff,0xed,0xb8,0x40,0x00,0x00,0x00,0x00,0x00,0x00,0x00,0x00,0x00,0x0d,0xff,0xff,0xf0,0x00,
  0x00,0x00,0x00,0x00,0x00,0x00,0x00,0x8f,0xff,0xff,0xf0,0x00,0x00,0x00,0x00,0x00,0x00,0x00,0x03,0xff,0xff,0xff,0xf0,0x00,
  0x00,0x00,0x00,0x00,0x00,0x00,0x0d,0xff,0xff,0xff,0xf0,0x00,0x00,0x00,0x00,0x00,0x00,0x00,0x8f,0xff,0x9f,0xff,0xf0,0x00,
  0x00,0x00,0x00,0x00,0x00,0x03,0xff,0xf8,0x6f,0xff,0xf0,0x00,0x00,0x00,0x00,0x00,0x00,0x0d,0xff,0xd0,0x6f,0xff,0xf0,0x00,
  0x00,0x00,0x00,0x00,0x00,0x8f,0xff,0x40,0x6f,0xff,0xf0,0x00,0x00,0x00,0x00,0x00,0x03,0xff,0xfa,0x00,0x6f,0xff,0xf0,0x00,
  0x00,0x00,0x00,0x00,0x0d,0xff,0xe1,0x00,0x6f,0xff,0xf0,0x00,0x00,0x00,0x00,0x00,0x8f,0xff,0x50,0x00,0x6f,0xff,0xf0,0x00,
  0x00,0x00,0x00,0x03,0xff,0xfb,0x00,0x00,0x6f,0xff,0xf0,0x00,0x00,0x00,0x00,0x0d,0xff,0xf2,0x00,0x00,0x6f,0xff,0xf0,0x00,
  0x00,0x00,0x00,0x8f,0xff,0x70,0x00,0x00,0x6f,0xff,0xf0,0x00,0x00,0x00,0x03,0xff,0xfc,0x00,0x00,0x00,0x6f,0xff,0xf0,0x00,
  0x00,0x00,0x0d,0xff,0xf3,0x00,0x00,0x00,0x6f,0xff,0xf0,0x00,0x00,0x00,0x9f,0xff,0x80,0x00,0x00,0x00,0x6f,0xff,0xf0,0x00,
  0x00,0x03,0xff,0xfd,0x00,0x00,0x00,0x00,0x6f,0xff,0xf0,0x00,0x00,0x0d,0xff,0xf4,0x00,0x00,0x00,0x00,0x6f,0xff,0xf0,0x00,
  0x00,0x9f,0xff,0x90,0x00,0x00,0x00,0x00,0x6f,0xff,0xf0,0x00,0x00,0xdf,0xfe,0x10,0x00,0x00,0x00,0x00,0x6f,0xff,0xf0,0x00,
  0x00,0xdf,0xff,0xff,0xff,0xff,0xff,0xff,0xff,0xff,0xff,0xff,0xf8,0xdf,0xff,0xff,0xff,0xff,0xff,0xff,0xff,0xff,0xff,0xff,
  0xf8,0xdf,0xff,0xff,0xff,0xff,0xff,0xff,0xff,0xff,0xff,0xff,0xf8,0x00,0x00,0x00,0x00,0x00,0x00,0x00,0x6f,0xff,0xf0,0x00,
  0x00,0x00,0x00,0x00,0x00,0x00,0x00,0x00,0x6f,0xff,0xf0,0x00,0x00,0x00,0x00,0x00,0x00,0x00,0x00,0x00,0x6f,0xff,0xf0,0x00,
  0x00,0x00,0x00,0x00,0x00,0x00,0x00,0x00,0x6f,0xff,0xf0,0x00,0x00,0x00,0x00,0x00,0x00,0x00,0x00,0x00,0x6f,0xff,0xf0,0x00,
  0x00,0x00,0x00,0x00,0x00,0x00,0x00,0x00,0x6f,0xff,0xf0,0x00,0x00,0x00,0x00,0x00,0x00,0x00,0x00,0x00,0x6f,0xff,0xf0,0x00,
  0x00,0x00,0x00,0x00,0x00,0x00,0x00,0x00,0x6f,0xff,0xf0,0x00,0x00,0x04,0xff,0xff,0xff,0xff,0xff,0xff,0xff,0xff,0xc0,0x00,
  0x04,0xff,0xff,0xff,0xff,0xff,0xff,0xff,0xff,0xc0,0x00,0x04,0xff,0xff,0xff,0xff,0xff,0xff,0xff,0xff,0xc0,0x00,0x04,0xff,
  0xfb,0x00,0x00,0x00,0x00,0x00,0x00,0x00,0x00,0x04,0xff,0xfb,0x00,0x00,0x00,0x00,0x00,0x00,0x00,0x00,0x04,0xff,0xfb,0x00,
  0x00,0x00,0x00,0x00,0x00,0x00,0x00,0x04,0xff,0xfb,0x00,0x00,0x00,0x00,0x00,0x00,0x00,0x00,0x04,0xff,0xfb,0x00,0x00,0x00,
  0x00,0x00,0x00,0x00,0x00,0x04,0xff,0xfb,0x00,0x00,0x00,0x00,0x00,0x00,0x00,0x00,0x04,0xff,0xfb,0x00,0x00,0x00,0x00,0x00,
  0x00,0x00,0x00,0x04,0xff,0xfb,0x00,0x00,0x00,0x00,0x00,0x00,0x00,0x00,0x04,0xff,0xfd,0xad,0xef,0xed,0xb7,0x30,0x00,0x00,
  0x00,0x04,0xff,0xff,0xff,0xff,0xff,0xff,0xfc,0x40,0x00,0x00,0x04,0xff,0xff,0xff,0xff,0xff,0xff,0xff,0xf8,0x00,0x00,0x04,
  0xff,0xc7,0x31,0x00,0x25,0xbf,0xff,0xff,0x90,0x00,0x03,0xa2,0x00,0x00,0x00,0x00,0x03,0xdf,0xff,0xf6,0x00,0x00,0x00,0x00,
  0x00,0x00,0x00,0x00,0x1d,0xff,0xfe,0x10,0x00,0x00,0x00,0x00,0x00,0x00,0x00,0x03,0xff,0xff,0x70,0x00,0x00,0x00,0x00,0x00,
  0x00,0x00,0x00,0xbf,0xff,0xc0,0x00,0x00,0x00,0x00,0x00,0x00,0x00,0x00,0x6f,0xff,0xf0,0x00,0x00,0x00,0x00,0x00,0x00,0x00,
  0x00,0x4f,0xff,0xf1,0x00,0x00,0x00,0x00,0x00,0x00,0x00,0x00,0x3f,0xff,0xf2,0x00,0x00,0x00,0x00,0x00,0x00,0x00,0x00,0x4f,
  0xff,0xf1,0x00,0x00,0x00,0x00,0x00,0x00,0x00,0x00,0x6f,0xff,0xf0,0x00,0x00,0x00,0x00,0x00,0x00,0x00,0x00,0xbf,0xff,0xc0,
  0x00,0x00,0x00,0x00,0x00,0x00,0x00,0x03,0xff,0xff,0x70,0x00,0x00,0x00,0x00,0x00,0x00,0x00,0x1d,0xff,0xff,0x10,0x87,0x10,
  0x00,0x00,0x00,0x00,0x03,0xdf,0xff,0xf7,0x00,0x9f,0xfc,0x74,0x21,0x00,0x25,0xbf,0xff,0xff,0x90,0x00,0x9f,0xff,0xff,0xff,
  0xff,0xff,0xff,0xff,0xf8,0x00,0x00,0x9f,0xff,0xff,0xff,0xff,0xff,0xff,0xfb,0x30,0x00,0x00,0x03,0x58,0xbc,0xde,0xff,0xed,
  0xa6,0x20,0x00,0x00,0x00,0x00,0x00,0x00,0x00,0x17,0xbd,0xff,0xed,0xc9,0x52,0x00,0x00,0x00,0x00,0x00,0x2a,0xff,0xff,0xff,
  0xff,0xff,0xff,0x20,0x00,0x00,0x00,0x05,0xff,0xff,0xff,0xff,0xff,0xff,0xff,0x20,0x00,0x00,0x00,0x6f,0xff,0xfd,0x73,0x10,
  0x13,0x7c,0xff,0x20,0x00,0x00,0x04,0xff,0xff,0x70,0x00,0x00,0x00,0x00,0x2a,0x20,0x00,0x00,0x1e,0xff,0xf5,0x00,0x00,0x00,
  0x00,0x00,0x00,0x00,0x00,0x00,0x9f,0xff,0x90,0x00,0x00,0x00,0x00,0x00,0x00,0x00,0x00,0x02,0xff,0xfe,0x00,0x00,0x00,0x00,
  0x00,0x00,0x00,0x00,0x00,0x08,0xff,0xf8,0x00,0x00,0x00,0x00,0x00,0x00,0x00,0x00,0x00,0x0e,0xff,0xf3,0x00,0x00,0x00,0x00,
  0x00,0x00,0x00,0x00,0x00,0x2f,0xff,0xf0,0x00,0x00,0x00,0x00,0x00,0x00,0x00,0x00,0x00,0x6f,0xff,0xb0,0x01,0x6b,0xdf,0xfd,
  0xb6,0x10,0x00,0x00,0x00,0x9f,0xff,0x90,0x7f,0xff,0xff,0xff,0xff,0xf8,0x00,0x00,0x00,0xbf,0xff,0x8a,0xff,0xff,0xff,0xff,
  0xff,0xff,0xc1,0x00,0x00,0xcf,0xff,0xef,0xff,0xc5,0x10,0x15,0xcf,0xff,0xfc,0x00,0x00,0xdf,0xff,0xff,0xf8,0x00,0x00,0x00,
  0x08,0xff,0xff,0x80,0x00,0xef,0xff,0xff,0xa0,0x00,0x00,0x00,0x00,0xaf,0xff,0xf1,0x00,0xef,0xff,0xff,0x10,0x00,0x00,0x00,
  0x00,0x1f,0xff,0xf8,0x00,0xdf,0xff,0xfb,0x00,0x00,0x00,0x00,0x00,0x0a,0xff,0xfc,0x00,0xcf,0xff,0xf7,0x00,0x00,0x00,0x00,
  0x00,0x06,0xff,0xff,0x00,0xbf,0xff,0xf4,0x00,0x00,0x00,0x00,0x00,0x03,0xff,0xff,0x10,0x8f,0xff,0xf3,0x00,0x00,0x00,0x00,
  0x00,0x02,0xff,0xff,0x20,0x5f,0xff,0xf3,0x00,0x00,0x00,0x00,0x00,0x02,0xff,0xff,0x20,0x3f,0xff,0xf4,0x00,0x00,0x00,0x00,
  0x00,0x03,0xff,0xff,0x10,0x0e,0xff,0xf7,0x00,0x00,0x00,0x00,0x00,0x06,0xff,0xff,0x00,0x09,0xff,0xfb,0x00,0x00,0x00,0x00,
  0x00,0x0a,0xff,0xfb,0x00,0x03,0xff,0xff,0x10,0x00,0x00,0x00,0x00,0x1f,0xff,0xf7,0x00,0x00,0xbf,0xff,0xa0,0x00,0x00,0x00,
  0x00,0xaf,0xff,0xf0,0x00,0x00,0x2f,0xff,0xf8,0x00,0x00,0x00,0x08,0xff,0xff,0x70,0x00,0x00,0x06,0xff,0xff,0xc5,0x10,0x15,
  0xcf,0xff,0xfa,0x00,0x00,0x00,0x00,0x7f,0xff,0xff,0xff,0xff,0xff,0xff,0xa0,0x00,0x00,0x00,0x00,0x04,0xdf,0xff,0xff,0xff,
  0xff,0xe6,0x00,0x00,0x00,0x00,0x00,0x00,0x04,0xad,0xff,0xed,0xa5,0x00,0x00,0x00,0x00,0x6f,0xff,0xff,0xff,0xff,0xff,0xff,
  0xff,0xff,0xff,0xf3,0x6f,0xff,0xff,0xff,0xff,0xff,0xff,0xff,0xff,0xff,0xf3,0x6f,0xff,0xff,0xff,0xff,0xff,0xff,0xff,0xff,
  0xff,0xf0,0x00,0x00,0x00,0x00,0x00,0x00,0x00,0x02,0xff,0xff,0x90,0x00,0x00,0x00,0x00,0x00,0x00,0x00,0x08,0xff,0xff,0x30,
  0x00,0x00,0x00,0x00,0x00,0x00,0x00,0x0e,0xff,0xfd,0x00,0x00,0x00,0x00,0x00,0x00,0x00,0x00,0x4f,0xff,0xf6,0x00,0x00,0x00,
  0x00,0x00,0x00,0x00,0x00,0xaf,0xff,0xf1,0x00,0x00,0x00,0x00,0x00,0x00,0x00,0x01,0xff,0xff,0xa0,0x00,0x00,0x00,0x00,0x00,
  0x00,0x00,0x07,0xff,0xff,0x40,0x00,0x00,0x00,0x00,0x00,0x00,0x00,0x0d,0xff,0xfe,0x00,0x00,0x00,0x00,0x00,0x00,0x00,0x00,
  0x3f,0xff,0xf8,0x00,0x00,0x00,0x00,0x00,0x00,0x00,0x00,0x9f,0xff,0xf2,0x00,0x00,0x00,0x00,0x00,0x00,0x00,0x00,0xef,0xff,
  0xb0,0x00,0x00,0x00,0x00,0x00,0x00,0x00,0x05,0xff,0xff,0x50,0x00,0x00,0x00,0x00,0x00,0x00,0x00,0x0b,0xff,0xfe,0x00,0x00,
  0x00,0x00,0x00,0x00,0x00,0x00,0x1f,0xff,0xf9,0x00,0x00,0x00,0x00,0x00,0x00,0x00,0x00,0x7f,0xff,0xf3,0x00,0x00,0x00,0x00,
  0x00,0x00,0x00,0x00,0xdf,0xff,0xc0,0x00,0x00,0x00,0x00,0x00,0x00,0x00,0x03,0xff,0xff,0x60,0x00,0x00,0x00,0x00,0x00,0x00,
  0x00,0x09,0xff,0xff,0x10,0x00,0x00,0x00,0x00,0x00,0x00,0x00,0x0f,0xff,0xfa,0x00,0x00,0x00,0x00,0x00,0x00,0x00,0x00,0x5f,
  0xff,0xf4,0x00,0x00,0x00,0x00,0x00,0x00,0x00,0x00,0xbf,0xff,0xd0,0x00,0x00,0x00,0x00,0x00,0x00,0x00,0x01,0xff,0xff,0x70,
  0x00,0x00,0x00,0x00,0x00,0x00,0x00,0x07,0xff,0xff,0x10,0x00,0x00,0x00,0x00,0x00,0x00,0x00,0x0d,0xff,0xfb,0x00,0x00,0x00,
  0x00,0x00,0x00,0x00,0x00,0x3f,0xff,0xf5,0x00,0x00,0x00,0x00,0x00,0x00,0x00,0x00,0x9f,0xff,0xe0,0x00,0x00,0x00,0x00,0x00,
  0x00,0x00,0x00,0xff,0xff,0x80,0x00,0x00,0x00,0x00,0x00,0x00,0x00,0x05,0xff,0xff,0x20,0x00,0x00,0x00,0x00,0x00,0x00,0x00,
  0x0c,0xff,0xfc,0x00,0x00,0x00,0x00,0x00,0x00,0x00,0x00,0x00,0x59,0xce,0xff,0xec,0x95,0x00,0x00,0x00,0x00,0x00,0x7e,0xff,
  0xff,0xff,0xff,0xff,0xe7,0x00,0x00,0x00,0x0c,0xff,0xff,0xff,0xff,0xff,0xff,0xff,0xb0,0x00,0x00,0xbf,0xff,0xfd,0x62,0x00,
  0x26,0xdf,0xff,0xfb,0x00,0x06,0xff,0xff,0x90,0x00,0x00,0x00,0x0a,0xff,0xff,0x50,0x0c,0xff,0xfc,0x00,0x00,0x00,0x00,0x00,
  0xdf,0xff,0xc0,0x1f,0xff,0xf5,0x00,0x00,0x00,0x00,0x00,0x6f,0xff,0xf0,0x3f,0xff,0xf2,0x00,0x00,0x00,0x00,0x00,0x2f,0xff,
  0xf2,0x3f,0xff,0xf1,0x00,0x00,0x00,0x00,0x00,0x1f,0xff,0xf3,0x2f,0xff,0xf2,0x00,0x00,0x00,0x00,0x00,0x2f,0xff,0xf1,0x0e,
  0xff,0xf5,0x00,0x00,0x00,0x00,0x00,0x6f,0xff,0xe0,0x08,0xff,0xfc,0x00,0x00,0x00,0x00,0x00,0xdf,0xff,0x70,0x00,0xdf,0xff,
  0x90,0x00,0x00,0x00,0x0a,0xff,0xfd,0x00,0x00,0x2e,0xff,0xfd,0x62,0x00,0x26,0xdf,0xff,0xd1,0x00,0x00,0x00,0x9f,0xff,0xff,
  0xff,0xff,0xff,0xf8,0x00,0x00,0x00,0x00,0x05,0xdf,0xff,0xff,0xff,0xfd,0x40,0x00,0x00,0x00,0x04,0xdf,0xff,0xff,0xff,0xff,
  0xff,0xfd,0x40,0x00,0x00,0x8f,0xff,0xfc,0x52,0x00,0x26,0xcf,0xff,0xf7,0x00,0x07,0xff,0xff,0x60,0x00,0x00,0x00,0x07,0xff,
  0xff,0x60,0x1f,0xff,0xf8,0x00,0x00,0x00,0x00,0x00,0x8f,0xff,0xf1,0x8f,0xff,0xe0,0x00,0x00,0x00,0x00,0x00,0x0e,0xff,0xf7,
  0xcf,0xff,0x90,0x00,0x00,0x00,0x00,0x00,0x09,0xff,0xfc,0xff,0xff,0x60,0x00,0x00,0x00,0x00,0x00,0x07,0xff,0xfe,0xff,0xff,
  0x50,0x00,0x00,0x00,0x00,0x00,0x06,0xff,0xff,0xef,0xff,0x60,0x00,0x00,0x00,0x00,0x00,0x07,0xff,0xfe,0xdf,0xff,0x90,0x00,
  0x00,0x00,0x00,0x00,0x09,0xff,0xfc,0x9f,0xff,0xe0,0x00,0x00,0x00,0x00,0x00,0x0e,0xff,0xf8,0x4f,0xff,0xf7,0x00,0x00,0x00,
  0x00,0x00,0x8f,0xff,0xf3,0x0c,0xff,0xff,0x60,0x00,0x00,0x00,0x07,0xff,0xff,0xb0,0x02,0xef,0xff,0xfc,0x52,0x00,0x26,0xcf,
  0xff,0xfe,0x20,0x00,0x3e,0xff,0xff,0xff,0xff,0xff,0xff,0xff,0xe3,0x00,0x00,0x01,0x9f,0xff,0xff,0xff,0xff,0xff,0xf9,0x10,
  0x00,0x00,0x00,0x01,0x6a,0xde,0xff,0xed,0xa6,0x10,0x00,0x00,0x00,0x00,0x00,0x05,0xad,0xef,0xfd,0x94,0x00,0x00,0x00,0x00,
  0x00,0x00,0x06,0xef,0xff,0xff,0xff,0xff,0xd4,0x00,0x00,0x00,0x00,0x00,0xaf,0xff,0xff,0xff,0xff,0xff,0xff,0x70,0x00,0x00,
  0x00,0x0a,0xff,0xff,0xc5,0x10,0x15,0xcf,0xff,0xf6,0x00,0x00,0x00,0x7f,0xff,0xf8,0x00,0x00,0x00,0x08,0xff,0xff,0x20,0x00,
  0x01,0xff,0xff,0xa0,0x00,0x00,0x00,0x00,0xbf,0xff,0xa0,0x00,0x07,0xff,0xff,0x10,0x00,0x00,0x00,0x00,0x1f,0xff,0xf3,0x00,
  0x0c,0xff,0xfa,0x00,0x00,0x00,0x00,0x00,0x0b,0xff,0xf8,0x00,0x0f,0xff,0xf6,0x00,0x00,0x00,0x00,0x00,0x07,0xff,0xfd,0x00,
  0x1f,0xff,0xf3,0x00,0x00,0x00,0x00,0x00,0x04,0xff,0xff,0x20,0x3f,0xff,0xf2,0x00,0x00,0x00,0x00,0x00,0x03,0xff,0xff,0x50,
  0x3f,0xff,0xf2,0x00,0x00,0x00,0x00,0x00,0x03,0xff,0xff,0x80,0x2f,0xff,0xf3,0x00,0x00,0x00,0x00,0x00,0x04,0xff,0xff,0xa0,
  0x0f,0xff,0xf6,0x00,0x00,0x00,0x00,0x00,0x07,0xff,0xff,0xc0,0x0c,0xff,0xfa,0x00,0x00,0x00,0x00,0x00,0x0b,0xff,0xff,0xc0,
  0x08,0xff,0xff,0x10,0x00,0x00,0x00,0x00,0x1f,0xff,0xff,0xd0,0x02,0xff,0xff,0x90,0x00,0x00,0x00,0x00,0xaf,0xff,0xff,0xe0,
  0x00,0x9f,0xff,0xf7,0x00,0x00,0x00,0x08,0xff,0xff,0xff,0xd0,0x00,0x0d,0xff,0xff,0xc5,0x10,0x15,0xcf,0xff,0xef,0xff,0xc0,
  0x00,0x01,0xcf,0xff,0xff,0xff,0xff,0xff,0xfa,0x8f,0xff,0xb0,0x00,0x00,0x08,0xff,0xff,0xff,0xff,0xff,0x60,0xaf,0xff,0x90,
  0x00,0x00,0x00,0x17,0xbd,0xff,0xdb,0x61,0x00,0xcf,0xff,0x60,0x00,0x00,0x00,0x00,0x00,0x00,0x00,0x00,0x00,0xff,0xff,0x20,
  0x00,0x00,0x00,0x00,0x00,0x00,0x00,0x00,0x03,0xff,0xfe,0x00,0x00,0x00,0x00,0x00,0x00,0x00,0x00,0x00,0x09,0xff,0xf8,0x00,
  0x00,0x00,0x00,0x00,0x00,0x00,0x00,0x00,0x0f,0xff,0xf1,0x00,0x00,0x00,0x00,0x00,0x00,0x00,0x00,0x00,0x9f,0xff,0x90,0x00,
  0x00,0x00,0x00,0x00,0x00,0x00,0x00,0x05,0xff,0xfe,0x00,0x00,0x00,0x2a,0x20,0x00,0x00,0x00,0x00,0x7f,0xff,0xf4,0x00,0x00,
  0x00,0x2f,0xfc,0x63,0x10,0x13,0x7d,0xff,0xff,0x60,0x00,0x00,0x00,0x2f,0xff,0xff,0xff,0xff,0xff,0xff,0xf5,0x00,0x00,0x00,
  0x00,0x2f,0xff,0xff,0xff,0xff,0xff,0xfa,0x10,0x00,0x00,0x00,0x00,0x02,0x59,0xcd,0xef,0xfd,0xb7,0x10,0x00,0x00,0x00,0x00,
  0xdf,0xff,0xb0,0xdf,0xff,0xb0,0xdf,0xff,0xb0,0xdf,0xff,0xb0,0xdf,0xff,0xb0,0x00,0x00,0x00,0x00,0x00,0x00,0x00,0x00,0x00,
  0x00,0x00,0x00,0x00,0x00,0x00,0x00,0x00,0x00,0x00,0x00,0x00,0x00,0x00,0x00,0x00,0x00,0x00,0x00,0x00,0x00,0x00,0x00,0x00,
  0x00,0x00,0x00,0x00,0x00,0x00,0xdf,0xff,0xb0,0xdf,0xff,0xb0,0xdf,0xff,0xb0,0xdf,0xff,0xb0,0xdf,0xff,0xb0,0x00,0xdf,0xff,
  0xb0,0x00,0xdf,0xff,0xb0,0x00,0xdf,0xff,0xb0,0x00,0xdf,0xff,0xb0,0x00,0xdf,0xff,0xb0,0x00,0x00,0x00,0x00,0x00,0x00,0x00,
  0x00,0x00,0x00,0x00,0x00,0x00,0x00,0x00,0x00,0x00,0x00,0x00,0x00,0x00,0x00,0x00,0x00,0x00,0x00,0x00,0x00,0x00,0x00,0x00,
  0x00,0x00,0x00,0x00,0x00,0x00,0x00,0x00,0x00,0x00,0x00,0x00,0x00,0x00,0x00,0x00,0x00,0x00,0x00,0x00,0x00,0x00,0xdf,0xff,
  0xb0,0x00,0xdf,0xff,0xb0,0x00,0xdf,0xff,0xb0,0x00,0xdf,0xff,0xa0,0x00,0xff,0xff,0x50,0x04,0xff,0xfd,0x00,0x08,0xff,0xf6,
  0x00,0x0b,0xff,0xd0,0x00,0x0f,0xff,0x60,0x00,0x3f,0xfe,0x00,0x00,0x7f,0xf6,0x00,0x00,0x00,0x00,0x00,0x00,0x00,0x00,0x00,
  0x00,0x00,0x00,0x00,0x00,0x00,0x5b,0x30,0x00,0x00,0x00,0x00,0x00,0x00,0x00,0x00,0x00,0x00,0x00,0x04,0xaf,0xff,0x30,0x00,
  0x00,0x00,0x00,0x00,0x00,0x00,0x00,0x00,0x00,0x28,0xef,0xff,0xff,0x30,0x00,0x00,0x00,0x00,0x00,0x00,0x00,0x00,0x01,0x6c,
  0xff,0xff,0xff,0xff,0x30,0x00,0x00,0x00,0x00,0x00,0x00,0x00,0x04,0xaf,0xff,0xff,0xff,0xfe,0x93,0x00,0x00,0x00,0x00,0x00,
  0x00,0x00,0x38,0xef,0xff,0xff,0xff,0xfb,0x50,0x00,0x00,0x00,0x00,0x00,0x00,0x01,0x7d,0xff,0xff,0xff,0xff,0xc6,0x10,0x00,
  0x00,0x00,0x00,0x00,0x00,0x05,0xbf,0xff,0xff,0xff,0xfd,0x82,0x00,0x00,0x00,0x00,0x00,0x00,0x00,0x39,0xff,0xff,0xff,0xff,
  0xe9,0x30,0x00,0x00,0x00,0x00,0x00,0x00,0x02,0x7d,0xff,0xff,0xff,0xff,0xa5,0x00,0x00,0x00,0x00,0x00,0x00,0x00,0x00,0x4f,
  0xff,0xff,0xff,0xfc,0x61,0x00,0x00,0x00,0x00,0x00,0x00,0x00,0x00,0x00,0x5f,0xff,0xff,0xd7,0x20,0x00,0x00,0x00,0x00,0x00,
  0x00,0x00,0x00,0x00,0x00,0x5f,0xff,0xff,0xd7,0x10,0x00,0x00,0x00,0x00,0x00,0x00,0x00,0x00,0x00,0x00,0x4f,0xff,0xff,0xff,
  0xfb,0x50,0x00,0x00,0x00,0x00,0x00,0x00,0x00,0x00,0x00,0x02,0x7d,0xff,0xff,0xff,0xff,0xa4,0x00,0x00,0x00,0x00,0x00,0x00,
  0x00,0x00,0x00,0x00,0x39,0xff,0xff,0xff,0xff,0xe9,0x30,0x00,0x00,0x00,0x00,0x00,0x00,0x00,0x00,0x00,0x05,0xbf,0xff,0xff,
  0xff,0xfd,0x72,0x00,0x00,0x00,0x00,0x00,0x00,0x00,0x00,0x00,0x01,0x7d,0xff,0xff,0xff,0xff,0xc6,0x10,0x00,0x00,0x00,0x00,
  0x00,0x00,0x00,0x00,0x00,0x39,0xef,0xff,0xff,0xff,0xfa,0x50,0x00,0x00,0x00,0x00,0x00,0x00,0x00,0x00,0x00,0x04,0xaf,0xff,
  0xff,0xff,0xfe,0x93,0x00,0x00,0x00,0x00,0x00,0x00,0x00,0x00,0x00,0x01,0x6c,0xff,0xff,0xff,0xff,0x30,0x00,0x00,0x00,0x00,
  0x00,0x00,0x00,0x00,0x00,0x00,0x28,0xef,0xff,0xff,0x30,0x00,0x00,0x00,0x00,0x00,0x00,0x00,0x00,0x00,0x00,0x00,0x04,0xaf,
  0xff,0x30,0x00,0x00,0x00,0x00,0x00,0x00,0x00,0x00,0x00,0x00,0x00,0x00,0x00,0x5b,0x30,0x5f,0xff,0xff,0xff,0xff,0xff,0xff,
  0xff,0xff,0xff,0xff,0xff,0xff,0xff,0x30,0x5f,0xff,0xff,0xff,0xff,0xff,0xff,0xff,0xff,0xff,0xff,0xff,0xff,0xff,0x30,0x5f,
  0xff,0xff,0xff,0xff,0xff,0xff,0xff,0xff,0xff,0xff,0xff,0xff,0xff,0x30,0x5f,0xff,0xff,0xff,0xff,0xff,0xff,0xff,0xff,0xff,
  0xff,0xff,0xff,0xff,0x30,0x00,0x00,0x00,0x00,0x00,0x00,0x00,0x00,0x00,0x00,0x00,0x00,0x00,0x00,0x00,0x00,0x00,0x00,0x00,
  0x00,0x00,0x00,0x00,0x00,0x00,0x00,0x00,0x00,0x00,0x00,0x00,0x00,0x00,0x00,0x00,0x00,0x00,0x00,0x00,0x00,0x00,0x00,0x00,
  0x00,0x00,0x00,0x00,0x00,0x00,0x00,0x00,0x00,0x00,0x00,0x00,0x00,0x00,0x00,0x00,0x00,0x00,0x00,0x00,0x00,0x00,0x00,0x00,
  0x00,0x00,0x00,0x00,0x00,0x00,0x00,0x00,0x5f,0xff,0xff,0xff,0xff,0xff,0xff,0xff,0xff,0xff,0xff,0xff,0xff,0xff,0x30,0x5f,
  0xff,0xff,0xff,0xff,0xff,0xff,0xff,0xff,0xff,0xff,0xff,0xff,0xff,0x30,0x5f,0xff,0xff,0xff,0xff,0xff,0xff,0xff,0xff,0xff,
  0xff,0xff,0xff,0xff,0x30,0x5f,0xff,0xff,0xff,0xff,0xff,0xff,0xff,0xff,0xff,0xff,0xff,0xff,0xff,0x30,0x5a,0x50,0x00,0x00,
  0x00,0x00,0x00,0x00,0x00,0x00,0x00,0x00,0x00,0x00,0x00,0x5f,0xfe,0x93,0x00,0x00,0x00,0x00,0x00,0x00,0x00,0x00,0x00,0x00,
  0x00,0x00,0x5f,0xff,0xff,0xd7,0x10,0x00,0x00,0x00,0x00,0x00,0x00,0x00,0x00,0x00,0x00,0x5f,0xff,0xff,0xff,0xfb,0x50,0x00,
  0x00,0x00,0x00,0x00,0x00,0x00,0x00,0x00,0x04,0xaf,0xff,0xff,0xff,0xff,0x93,0x00,0x00,0x00,0x00,0x00,0x00,0x00,0x00,0x00,
  0x00,0x6b,0xff,0xff,0xff,0xff,0xd8,0x20,0x00,0x00,0x00,0x00,0x00,0x00,0x00,0x00,0x00,0x17,0xdf,0xff,0xff,0xff,0xfc,0x61,
  0x00,0x00,0x00,0x00,0x00,0x00,0x00,0x00,0x00,0x03,0x8e,0xff,0xff,0xff,0xff,0xa4,0x00,0x00,0x00,0x00,0x00,0x00,0x00,0x00,
  0x00,0x00,0x4a,0xff,0xff,0xff,0xff,0xe8,0x20,0x00,0x00,0x00,0x00,0x00,0x00,0x00,0x00,0x00,0x05,0xbf,0xff,0xff,0xff,0xfc,
  0x71,0x00,0x00,0x00,0x00,0x00,0x00,0x00,0x00,0x00,0x01,0x7d,0xff,0xff,0xff,0xff,0x20,0x00,0x00,0x00,0x00,0x00,0x00,0x00,
  0x00,0x00,0x00,0x28,0xef,0xff,0xff,0x30,0x00,0x00,0x00,0x00,0x00,0x00,0x00,0x00,0x00,0x00,0x28,0xdf,0xff,0xff,0x30,0x00,
  0x00,0x00,0x00,0x00,0x00,0x00,0x00,0x01,0x6c,0xff,0xff,0xff,0xff,0x20,0x00,0x00,0x00,0x00,0x00,0x00,0x00,0x05,0xbf,0xff,
  0xff,0xff,0xfd,0x71,0x00,0x00,0x00,0x00,0x00,0x00,0x00,0x49,0xff,0xff,0xff,0xff,0xe8,0x20,0x00,0x00,0x00,0x00,0x00,0x00,
  0x02,0x8e,0xff,0xff,0xff,0xff,0xa4,0x00,0x00,0x00,0x00,0x00,0x00,0x00,0x17,0xdf,0xff,0xff,0xff,0xfc,0x61,0x00,0x00,0x00,
  0x00,0x00,0x00,0x00,0x5b,0xff,0xff,0xff,0xff,0xe8,0x20,0x00,0x00,0x00,0x00,0x00,0x00,0x04,0xaf,0xff,0xff,0xff,0xff,0x94,
  0x00,0x00,0x00,0x00,0x00,0x00,0x00,0x00,0x5f,0xff,0xff,0xff,0xfb,0x50,0x00,0x00,0x00,0x00,0x00,0x00,0x00,0x00,0x00,0x5f,
  0xff,0xff,0xd7,0x10,0x00,0x00,0x00,0x00,0x00,0x00,0x00,0x00,0x00,0x00,0x5f,0xfe,0x93,0x00,0x00,0x00,0x00,0x00,0x00,0x00,
  0x00,0x00,0x00,0x00,0x00,0x5b,0x50,0x00,0x00,0x00,0x00,0x00,0x00,0x00,0x00,0x00,0x00,0x00,0x00,0x00,0x00,0x04,0x8b,0xdf,
  0xfe,0xd9,0x40,0x00,0x00,0x29,0xff,0xff,0xff,0xff,0xff,0xfd,0x20,0x00,0xdf,0xff,0xff,0xff,0xff,0xff,0xff,0xf4,0x00,0xdf,
  0xff,0xa5,0x20,0x03,0x9f,0xff,0xff,0x10,0xdf,0x91,0x00,0x00,0x00,0x04,0xff,0xff,0x90,0x92,0x00,0x00,0x00,0x00,0x00,0x8f,
  0xff,0xf0,0x00,0x00,0x00,0x00,0x00,0x00,0x3f,0xff,0xf2,0x00,0x00,0x00,0x00,0x00,0x00,0x1f,0xff,0xf4,0x00,0x00,0x00,0x00,
  0x00,0x00,0x3f,0xff,0xf2,0x00,0x00,0x00,0x00,0x00,0x00,0x8f,0xff,0xf0,0x00,0x00,0x00,0x00,0x00,0x02,0xff,0xff,0x90,0x00,
  0x00,0x00,0x00,0x00,0x1d,0xff,0xff,0x10,0x00,0x00,0x00,0x00,0x00,0xcf,0xff,0xf5,0x00,0x00,0x00,0x00,0x00,0x0c,0xff,0xff,
  0x70,0x00,0x00,0x00,0x00,0x00,0xbf,0xff,0xf7,0x00,0x00,0x00,0x00,0x00,0x09,0xff,0xff,0x80,0x00,0x00,0x00,0x00,0x00,0x4f,
  0xff,0xf9,0x00,0x00,0x00,0x00,0x00,0x00,0xdf,0xff,0xc0,0x00,0x00,0x00,0x00,0x00,0x01,0xff,0xff,0x20,0x00,0x00,0x00,0x00,
  0x00,0x05,0xff,0xfd,0x00,0x00,0x00,0x00,0x00,0x00,0x06,0xff,0xfb,0x00,0x00,0x00,0x00,0x00,0x00,0x07,0xff,0xfa,0x00,0x00,
  0x00,0x00,0x00,0x00,0x07,0xff,0xfa,0x00,0x00,0x00,0x00,0x00,0x00,0x07,0xff,0xfa,0x00,0x00,0x00,0x00,0x00,0x00,0x07,0xff,
  0xfa,0x00,0x00,0x00,0x00,0x00,0x00,0x00,0x00,0x00,0x00,0x00,0x00,0x00,0x00,0x00,0x00,0x00,0x00,0x00,0x00,0x00,0x00,0x00,
  0x00,0x00,0x00,0x00,0x00,0x00,0x00,0x00,0x00,0x00,0x09,0xff,0xfc,0x00,0x00,0x00,0x00,0x00,0x00,0x09,0xff,0xfc,0x00,0x00,
  0x00,0x00,0x00,0x00,0x09,0xff,0xfc,0x00,0x00,0x00,0x00,0x00,0x00,0x09,0xff,0xfc,0x00,0x00,0x00,0x00,0x00,0x00,0x09,0xff,
  0xfc,0x00,0x00,0x00,0x00,0x00,0x00,0x00,0x00,0x00,0x00,0x00,0x15,0x9b,0xef,0xff,0xec,0x96,0x10,0x00,0x00,0x00,0x00,0x00,
  0x00,0x00,0x00,0x00,0x00,0x00,0x00,0x5b,0xff,0xff,0xff,0xff,0xff,0xff,0xfc,0x50,0x00,0x00,0x00,0x00,0x00,0x00,0x00,0x00,
  0x00,0x00,0x5d,0xff,0xff,0xff,0xff,0xff,0xff,0xff,0xff,0xfd,0x50,0x00,0x00,0x00,0x00,0x00,0x00,0x00,0x00,0x1b,0xff,0xff,
  0xfc,0x84,0x21,0x00,0x14,0x6b,0xff,0xff,0xfb,0x10,0x00,0x00,0x00,0x00,0x00,0x00,0x03,0xef,0xff,0xf8,0x20,0x00,0x00,0x00,
  0x00,0x00,0x17,0xef,0xff,0xe2,0x00,0x00,0x00,0x00,0x00,0x00,0x4f,0xff,0xf9,0x10,0x00,0x00,0x00,0x00,0x00,0x00,0x00,0x08,
  0xff,0xff,0x30,0x00,0x00,0x00,0x00,0x03,0xff,0xfe,0x40,0x00,0x00,0x00,0x00,0x00,0x00,0x00,0x00,0x00,0x4e,0xff,0xe2,0x00,
  0x00,0x00,0x00,0x1e,0xff,0xe2,0x00,0x00,0x00,0x00,0x00,0x00,0x00,0x00,0x00,0x00,0x02,0xef,0xfd,0x00,0x00,0x00,0x00,0xcf,
  0xfe,0x20,0x00,0x00,0x00,0x00,0x00,0x00,0x00,0x00,0x00,0x00,0x00,0x3f,0xff,0x80,0x00,0x00,0x06,0xff,0xf3,0x00,0x00,0x00,
  0x00,0x00,0x00,0x00,0x00,0x00,0x00,0x00,0x00,0x07,0xff,0xf1,0x00,0x00,0x0e,0xff,0x80,0x00,0x00,0x00,0x02,0x8c,0xef,0xeb,
  0x61,0x00,0xef,0xf2,0x00,0x00,0xcf,0xf8,0x00,0x00,0x6f,0xfe,0x00,0x00,0x00,0x00,0x7f,0xff,0xff,0xff,0xfe,0x50,0xef,0xf2,
  0x00,0x00,0x5f,0xfe,0x00,0x00,0xdf,0xf7,0x00,0x00,0x00,0x09,0xff,0xff,0xff,0xff,0xff,0xf7,0xef,0xf2,0x00,0x00,0x0e,0xff,
  0x40,0x02,0xff,0xf0,0x00,0x00,0x00,0x5f,0xff,0xf9,0x30,0x02,0x8f,0xff,0xff,0xf2,0x00,0x00,0x0a,0xff,0x80,0x07,0xff,0xb0,
  0x00,0x00,0x00,0xef,0xff,0x30,0x00,0x00,0x02,0xef,0xff,0xf2,0x00,0x00,0x06,0xff,0xb0,0x0b,0xff,0x60,0x00,0x00,0x06,0xff,
  0xf6,0x00,0x00,0x00,0x00,0x4f,0xff,0xf2,0x00,0x00,0x04,0xff,0xd0,0x0d,0xff,0x30,0x00,0x00,0x0a,0xff,0xe0,0x00,0x00,0x00,
  0x00,0x0c,0xff,0xf2,0x00,0x00,0x03,0xff,0xe0,0x0f,0xff,0x00,0x00,0x00,0x0e,0xff,0x90,0x00,0x00,0x00,0x00,0x07,0xff,0xf2,
  0x00,0x00,0x03,0xff,0xd0,0x0f,0xff,0x00,0x00,0x00,0x0f,0xff,0x70,0x00,0x00,0x00,0x00,0x04,0xff,0xf2,0x00,0x00,0x04,0xff,
  0xc0,0x1f,0xff,0x00,0x00,0x00,0x0f,0xff,0x60,0x00,0x00,0x00,0x00,0x04,0xff,0xf2,0x00,0x00,0x07,0xff,0xa0,0x0f,0xff,0x00,
  0x00,0x00,0x0f,0xff,0x70,0x00,0x00,0x00,0x00,0x04,0xff,0xf2,0x00,0x00,0x0a,0xff,0x60,0x0f,0xff,0x00,0x00,0x00,0x0e,0xff,
  0x90,0x00,0x00,0x00,0x00,0x07,0xff,0xf2,0x00,0x00,0x1f,0xff,0x20,0x0d,0xff,0x30,0x00,0x00,0x0b,0xff,0xd0,0x00,0x00,0x00,
  0x00,0x0b,0xff,0xf2,0x00,0x00,0x9f,0xfb,0x00,0x0b,0xff,0x60,0x00,0x00,0x06,0xff,0xf5,0x00,0x00,0x00,0x00,0x3f,0xff,0xf2,
  0x00,0x04,0xff,0xf2,0x00,0x07,0xff,0xa0,0x00,0x00,0x00,0xef,0xff,0x30,0x00,0x00,0x02,0xef,0xff,0xf2,0x00,0x5f,0xff,0x70,
  0x00,0x03,0xff,0xf0,0x00,0x00,0x00,0x6f,0xff,0xf8,0x30,0x02,0x7f,0xff,0xff,0xf3,0x5c,0xff,0xf9,0x00,0x00,0x00,0xef,0xf6,
  0x00,0x00,0x00,0x09,0xff,0xff,0xff,0xff,0xff,0xf7,0xef,0xff,0xff,0xff,0x60,0x00,0x00,0x00,0x8f,0xfd,0x00,0x00,0x00,0x00,
  0x7f,0xff,0xff,0xff,0xfe,0x50,0xef,0xff,0xff,0x92,0x00,0x00,0x00,0x00,0x1f,0xff,0x70,0x00,0x00,0x00,0x02,0x8c,0xef,0xeb,
  0x61,0x00,0xed,0xc9,0x51,0x00,0x00,0x00,0x00,0x00,0x08,0xff,0xf3,0x00,0x00,0x00,0x00,0x00,0x00,0x00,0x00,0x00,0x00,0x00,
  0x00,0x00,0x00,0x00,0x00,0x00,0x00,0xdf,0xfd,0x10,0x00,0x00,0x00,0x00,0x00,0x00,0x00,0x00,0x00,0x00,0x00,0x00,0x00,0x00,
  0x00,0x00,0x00,0x3f,0xff,0xd1,0x00,0x00,0x00,0x00,0x00,0x00,0x00,0x00,0x00,0x00,0x00,0x00,0x00,0x00,0x00,0x00,0x00,0x05,
  0xff,0xfd,0x20,0x00,0x00,0x00,0x00,0x00,0x00,0x00,0x00,0x03,0xc3,0x00,0x00,0x00,0x00,0x00,0x00,0x00,0x6f,0xff,0xf7,0x00,
  0x00,0x00,0x00,0x00,0x00,0x00,0x00,0x7f,0xfe,0x20,0x00,0x00,0x00,0x00,0x00,0x00,0x05,0xff,0xff,0xd6,0x00,0x00,0x00,0x00,
  0x00,0x00,0x6e,0xff,0xfd,0x20,0x00,0x00,0x00,0x00,0x00,0x00,0x00,0x2d,0xff,0xff,0xfa,0x63,0x10,0x00,0x25,0x9e,0xff,0xff,
  0xa0,0x00,0x00,0x00,0x00,0x00,0x00,0x00,0x00,0x00,0x7e,0xff,0xff,0xff,0xff,0xff,0xff,0xff,0xff,0xd4,0x00,0x00,0x00,0x00,
  0x00,0x00,0x00,0x00,0x00,0x00,0x00,0x7d,0xff,0xff,0xff,0xff,0xff,0xff,0xc5,0x00,0x00,0x00,0x00,0x00,0x00,0x00,0x00,0x00,
  0x00,0x00,0x00,0x00,0x26,0xac,0xef,0xff,0xda,0x72,0x00,0x00,0x00,0x00,0x00,0x00,0x00,0x00,0x00,0x00,0x00,0x00,0x00,0x9f,
  0xff,0xfb,0x00,0x00,0x00,0x00,0x00,0x00,0x00,0x00,0x00,0x00,0x00,0x00,0xff,0xff,0xff,0x10,0x00,0x00,0x00,0x00,0x00,0x00,
  0x00,0x00,0x00,0x00,0x05,0xff,0xff,0xff,0x70,0x00,0x00,0x00,0x00,0x00,0x00,0x00,0x00,0x00,0x00,0x0c,0xff,0xff,0xff,0xd0,
  0x00,0x00,0x00,0x00,0x00,0x00,0x00,0x00,0x00,0x00,0x2f,0xff,0xed,0xff,0xf3,0x00,0x00,0x00,0x00,0x00,0x00,0x00,0x00,0x00,
  0x00,0x8f,0xff,0x97,0xff,0xf9,0x00,0x00,0x00,0x00,0x00,0x00,0x00,0x00,0x00,0x00,0xef,0xff,0x31,0xff,0xff,0x00,0x00,0x00,
  0x00,0x00,0x00,0x00,0x00,0x00,0x04,0xff,0xfd,0x00,0xbf,0xff,0x60,0x00,0x00,0x00,0x00,0x00,0x00,0x00,0x00,0x0a,0xff,0xf7,
  0x00,0x5f,0xff,0xc0,0x00,0x00,0x00,0x00,0x00,0x00,0x00,0x00,0x1f,0xff,0xf1,0x00,0x0f,0xff,0xf2,0x00,0x00,0x00,0x00,0x00,
  0x00,0x00,0x00,0x6f,0xff,0xb0,0x00,0x09,0xff,0xf8,0x00,0x00,0x00,0x00,0x00,0x00,0x00,0x00,0xcf,0xff,0x50,0x00,0x03,0xff,
  0xfe,0x00,0x00,0x00,0x00,0x00,0x00,0x00,0x03,0xff,0xfe,0x00,0x00,0x00,0xdf,0xff,0x40,0x00,0x00,0x00,0x00,0x00,0x00,0x09,
  0xff,0xf9,0x00,0x00,0x00,0x7f,0xff,0xa0,0x00,0x00,0x00,0x00,0x00,0x00,0x0e,0xff,0xf3,0x00,0x00,0x00,0x1f,0xff,0xf1,0x00,
  0x00,0x00,0x00,0x00,0x00,0x5f,0xff,0xd0,0x00,0x00,0x00,0x0b,0xff,0xf6,0x00,0x00,0x00,0x00,0x00,0x00,0xbf,0xff,0x70,0x00,
  0x00,0x00,0x05,0xff,0xfd,0x00,0x00,0x00,0x00,0x00,0x01,0xff,0xff,0x10,0x00,0x00,0x00,0x00,0xff,0xff,0x30,0x00,0x00,0x00,
  0x00,0x07,0xff,0xfb,0x00,0x00,0x00,0x00,0x00,0x9f,0xff,0x90,0x00,0x00,0x00,0x00,0x0d,0xff,0xf5,0x00,0x00,0x00,0x00,0x00,
  0x3f,0xff,0xe0,0x00,0x00,0x00,0x00,0x4f,0xff,0xff,0xff,0xff,0xff,0xff,0xff,0xff,0xff,0xf5,0x00,0x00,0x00,0x00,0xaf,0xff,
  0xff,0xff,0xff,0xff,0xff,0xff,0xff,0xff,0xfb,0x00,0x00,0x00,0x00,0xff,0xff,0xff,0xff,0xff,0xff,0xff,0xff,0xff,0xff,0xff,
  0x10,0x00,0x00,0x06,0xff,0xfa,0x00,0x00,0x00,0x00,0x00,0x00,0x00,0x8f,0xff,0x70,0x00,0x00,0x0c,0xff,0xf5,0x00,0x00,0x00,
  0x00,0x00,0x00,0x00,0x3f,0xff,0xd0,0x00,0x00,0x2f,0xff,0xf0,0x00,0x00,0x00,0x00,0x00,0x00,0x00,0x0e,0xff,0xf4,0x00,0x00,
  0x8f,0xff,0xb0,0x00,0x00,0x00,0x00,0x00,0x00,0x00,0x09,0xff,0xfa,0x00,0x00,0xef,0xff,0x60,0x00,0x00,0x00,0x00,0x00,0x00,
  0x00,0x03,0xff,0xff,0x00,0x05,0xff,0xff,0x10,0x00,0x00,0x00,0x00,0x00,0x00,0x00,0x00,0xef,0xff,0x60,0x0b,0xff,0xfb,0x00,
  0x00,0x00,0x00,0x00,0x00,0x00,0x00,0x00,0x9f,0xff,0xc0,0x1f,0xff,0xf6,0x00,0x00,0x00,0x00,0x00,0x00,0x00,0x00,0x00,0x4f,
  0xff,0xf2,0x7f,0xff,0xf1,0x00,0x00,0x00,0x00,0x00,0x00,0x00,0x00,0x00,0x0e,0xff,0xf8,0xbf,0xff,0xff,0xff,0xff,0xff,0xfe,
  0xb8,0x30,0x00,0x00,0x00,0xbf,0xff,0xff,0xff,0xff,0xff,0xff,0xff,0xfd,0x50,0x00,0x00,0xbf,0xff,0xff,0xff,0xff,0xff,0xff,
  0xff,0xff,0xf9,0x00,0x00,0xbf,0xff,0xa0,0x00,0x00,0x00,0x14,0x8f,0xff,0xff,0x70,0x00,0xbf,0xff,0xa0,0x00,0x00,0x00,0x00,
  0x01,0xdf,0xff,0xf1,0x00,0xbf,0xff,0xa0,0x00,0x00,0x00,0x00,0x00,0x3f,0xff,0xf6,0x00,0xbf,0xff,0xa0,0x00,0x00,0x00,0x00,
  0x00,0x0d,0xff,0xf9,0x00,0xbf,0xff,0xa0,0x00,0x00,0x00,0x00,0x00,0x0a,0xff,0xfb,0x00,0xbf,0xff,0xa0,0x00,0x00,0x00,0x00,
  0x00,0x0a,0xff,0xfa,0x00,0xbf,0xff,0xa0,0x00,0x00,0x00,0x00,0x00,0x0d,0xff,0xf8,0x00,0xbf,0xff,0xa0,0x00,0x00,0x00,0x00,
  0x00,0x3f,0xff,0xf4,0x00,0xbf,0xff,0xa0,0x00,0x00,0x00,0x00,0x01,0xdf,0xff,0xc0,0x00,0xbf,0xff,0xa0,0x00,0x00,0x00,0x13,
  0x8f,0xff,0xfe,0x20,0x00,0xbf,0xff,0xff,0xff,0xff,0xff,0xff,0xff,0xff,0xa1,0x00,0x00,0xbf,0xff,0xff,0xff,0xff,0xff,0xff,
  0xff,0xe6,0x00,0x00,0x00,0xbf,0xff,0xff,0xff,0xff,0xff,0xff,0xff,0xff,0xe5,0x00,0x00,0xbf,0xff,0xa0,0x00,0x00,0x00,0x02,
  0x5b,0xff,0xff,0x90,0x00,0xbf,0xff,0xa0,0x00,0x00,0x00,0x00,0x00,0x5f,0xff,0xf7,0x00,0xbf,0xff,0xa0,0x00,0x00,0x00,0x00,
  0x00,0x07,0xff,0xff,0x10,0xbf,0xff,0xa0,0x00,0x00,0x00,0x00,0x00,0x00,0xff,0xff,0x80,0xbf,0xff,0xa0,0x00,0x00,0x00,0x00,
  0x00,0x00,0xbf,0xff,0xc0,0xbf,0xff,0xa0,0x00,0x00,0x00,0x00,0x00,0x00,0x9f,0xff,0xf0,0xbf,0xff,0xa0,0x00,0x00,0x00,0x00,
  0x00,0x00,0x8f,0xff,0xf0,0xbf,0xff,0xa0,0x00,0x00,0x00,0x00,0x00,0x00,0x9f,0xff,0xf0,0xbf,0xff,0xa0,0x00,0x00,0x00,0x00,
  0x00,0x00,0xbf,0xff,0xe0,0xbf,0xff,0xa0,0x00,0x00,0x00,0x00,0x00,0x00,0xff,0xff,0xb0,0xbf,0xff,0xa0,0x00,0x00,0x00,0x00,
  0x00,0x07,0xff,0xff,0x60,0xbf,0xff,0xa0,0x00,0x00,0x00,0x00,0x00,0x5f,0xff,0xfd,0x00,0xbf,0xff,0xa0,0x00,0x00,0x00,0x02,
  0x5b,0xff,0xff,0xf3,0x00,0xbf,0xff,0xff,0xff,0xff,0xff,0xff,0xff,0xff,0xfe,0x40,0x00,0xbf,0xff,0xff,0xff,0xff,0xff,0xff,
  0xff,0xff,0xa1,0x00,0x00,0xbf,0xff,0xff,0xff,0xff,0xff,0xfe,0xda,0x61,0x00,0x00,0x00,0x00,0x00,0x00,0x00,0x00,0x27,0xad,
  0xef,0xfe,0xdb,0x73,0x00,0x00,0x00,0x00,0x00,0x00,0x00,0x6d,0xff,0xff,0xff,0xff,0xff,0xff,0xe8,0x10,0x00,0x00,0x00,0x00,
  0x3d,0xff,0xff,0xff,0xff,0xff,0xff,0xff,0xff,0xf7,0x00,0x00,0x00,0x06,0xff,0xff,0xfe,0x94,0x21,0x01,0x36,0xcf,0xff,0xff,
  0x50,0x00,0x00,0x6f,0xff,0xfe,0x70,0x00,0x00,0x00,0x00,0x02,0xbf,0xff,0x50,0x00,0x04,0xff,0xff,0xd2,0x00,0x00,0x00,0x00,
  0x00,0x00,0x06,0xff,0x50,0x00,0x0e,0xff,0xfe,0x10,0x00,0x00,0x00,0x00,0x00,0x00,0x00,0x3e,0x50,0x00,0x8f,0xff,0xf4,0x00,
  0x00,0x00,0x00,0x00,0x00,0x00,0x00,0x03,0x40,0x00,0xff,0xff,0xa0,0x00,0x00,0x00,0x00,0x00,0x00,0x00,0x00,0x00,0x00,0x06,
  0xff,0xff,0x40,0x00,0x00,0x00,0x00,0x00,0x00,0x00,0x00,0x00,0x00,0x0b,0xff,0xfd,0x00,0x00,0x00,0x00,0x00,0x00,0x00,0x00,
  0x00,0x00,0x00,0x0f,0xff,0xf9,0x00,0x00,0x00,0x00,0x00,0x00,0x00,0x00,0x00,0x00,0x00,0x3f,0xff,0xf6,0x00,0x00,0x00,0x00,
  0x00,0x00,0x00,0x00,0x00,0x00,0x00,0x5f,0xff,0xf3,0x00,0x00,0x00,0x00,0x00,0x00,0x00,0x00,0x00,0x00,0x00,0x7f,0xff,0xf2,
  0x00,0x00,0x00,0x00,0x00,0x00,0x00,0x00,0x00,0x00,0x00,0x8f,0xff,0xf1,0x00,0x00,0x00,0x00,0x00,0x00,0x00,0x00,0x00,0x00,
  0x00,0x8f,0xff,0xf0,0x00,0x00,0x00,0x00,0x00,0x00,0x00,0x00,0x00,0x00,0x00,0x8f,0xff,0xf1,0x00,0x00,0x00,0x00,0x00,0x00,
  0x00,0x00,0x00,0x00,0x00,0x7f,0xff,0xf2,0x00,0x00,0x00,0x00,0x00,0x00,0x00,0x00,0x00,0x00,0x00,0x5f,0xff,0xf3,0x00,0x00,
  0x00,0x00,0x00,0x00,0x00,0x00,0x00,0x00,0x00,0x3f,0xff,0xf6,0x00,0x00,0x00,0x00,0x00,0x00,0x00,0x00,0x00,0x00,0x00,0x0f,
  0xff,0xf9,0x00,0x00,0x00,0x00,0x00,0x00,0x00,0x00,0x00,0x00,0x00,0x0b,0xff,0xfd,0x00,0x00,0x00,0x00,0x00,0x00,0x00,0x00,
  0x00,0x00,0x00,0x06,0xff,0xff,0x40,0x00,0x00,0x00,0x00,0x00,0x00,0x00,0x00,0x00,0x00,0x01,0xff,0xff,0xa0,0x00,0x00,0x00,
  0x00,0x00,0x00,0x00,0x00,0x00,0x00,0x00,0x8f,0xff,0xf4,0x00,0x00,0x00,0x00,0x00,0x00,0x00,0x00,0x03,0x40,0x00,0x0e,0xff,
  0xfe,0x10,0x00,0x00,0x00,0x00,0x00,0x00,0x00,0x3e,0x50,0x00,0x04,0xff,0xff,0xd2,0x00,0x00,0x00,0x00,0x00,0x00,0x06,0xff,
  0x50,0x00,0x00,0x6f,0xff,0xfe,0x70,0x00,0x00,0x00,0x00,0x02,0xbf,0xff,0x50,0x00,0x00,0x06,0xff,0xff,0xfe,0x94,0x21,0x00,
  0x36,0xbf,0xff,0xff,0x50,0x00,0x00,0x00,0x3d,0xff,0xff,0xff,0xff,0xff,0xff,0xff,0xff,0xf7,0x00,0x00,0x00,0x00,0x00,0x6d,
  0xff,0xff,0xff,0xff,0xff,0xff,0xd8,0x10,0x00,0x00,0x00,0x00,0x00,0x00,0x27,0xad,0xef,0xfe,0xda,0x73,0x00,0x00,0x00,0xbf,
  0xff,0xff,0xff,0xff,0xfe,0xdc,0x97,0x30,0x00,0x00,0x00,0x00,0x00,0xbf,0xff,0xff,0xff,0xff,0xff,0xff,0xff,0xff,0xa3,0x00,
  0x00,0x00,0x00,0xbf,0xff,0xff,0xff,0xff,0xff,0xff,0xff,0xff,0xff,0xc3,0x00,0x00,0x00,0xbf,0xff,0xa0,0x00,0x00,0x01,0x24,
  0x8c,0xff,0xff,0xff,0x70,0x00,0x00,0xbf,0xff,0xa0,0x00,0x00,0x00,0x00,0x00,0x29,0xff,0xff,0xf8,0x00,0x00,0xbf,0xff,0xa0,
  0x00,0x00,0x00,0x00,0x00,0x00,0x4e,0xff,0xff,0x60,0x00,0xbf,0xff,0xa0,0x00,0x00,0x00,0x00,0x00,0x00,0x02,0xff,0xff,0xf1,
  0x00,0xbf,0xff,0xa0,0x00,0x00,0x00,0x00,0x00,0x00,0x00,0x5f,0xff,0xf9,0x00,0xbf,0xff,0xa0,0x00,0x00,0x00,0x00,0x00,0x00,
  0x00,0x0c,0xff,0xff,0x10,0xbf,0xff,0xa0,0x00,0x00,0x00,0x00,0x00,0x00,0x00,0x05,0xff,0xff,0x60,0xbf,0xff,0xa0,0x00,0x00,
  0x00,0x00,0x00,0x00,0x00,0x00,0xff,0xff,0xa0,0xbf,0xff,0xa0,0x00,0x00,0x00,0x00,0x00,0x00,0x00,0x00,0xcf,0xff,0xe0,0xbf,
  0xff,0xa0,0x00,0x00,0x00,0x00,0x00,0x00,0x00,0x00,0x9f,0xff,0xf0,0xbf,0xff,0xa0,0x00,0x00,0x00,0x00,0x00,0x00,0x00,0x00,
  0x7f,0xff,0xf2,0xbf,0xff,0xa0,0x00,0x00,0x00,0x00,0x00,0x00,0x00,0x00,0x6f,0xff,0xf3,0xbf,0xff,0xa0,0x00,0x00,0x00,0x00,
  0x00,0x00,0x00,0x00,0x5f,0xff,0xf4,0xbf,0xff,0xa0,0x00,0x00,0x00,0x00,0x00,0x00,0x00,0x00,0x5f,0xff,0xf4,0xbf,0xff,0xa0,
  0x00,0x00,0x00,0x00,0x00,0x00,0x00,0x00,0x6f,0xff,0xf3,0xbf,0xff,0xa0,0x00,0x00,0x00,0x00,0x00,0x00,0x00,0x00,0x7f,0xff,
  0xf2,0xbf,0xff,0xa0,0x00,0x00,0x00,0x00,0x00,0x00,0x00,0x00,0x9f,0xff,0xf0,0xbf,0xff,0xa0,0x00,0x00,0x00,0x00,0x00,0x00,
  0x00,0x00,0xcf,0xff,0xd0,0xbf,0xff,0xa0,0x00,0x00,0x00,0x00,0x00,0x00,0x00,0x00,0xff,0xff,0xa0,0xbf,0xff,0xa0,0x00,0x00,
  0x00,0x00,0x00,0x00,0x00,0x05,0xff,0xff,0x50,0xbf,0xff,0xa0,0x00,0x00,0x00,0x00,0x00,0x00,0x00,0x0c,0xff,0xff,0x10,0xbf,
  0xff,0xa0,0x00,0x00,0x00,0x00,0x00,0x00,0x00,0x5f,0xff,0xf9,0x00,0xbf,0xff,0xa0,0x00,0x00,0x00,0x00,0x00,0x00,0x02,0xff,
  0xff,0xf1,0x00,0xbf,0xff,0xa0,0x00,0x00,0x00,0x00,0x00,0x00,0x4e,0xff,0xff,0x50,0x00,0xbf,0xff,0xa0,0x00,0x00,0x00,0x00,
  0x00,0x29,0xff,0xff,0xf8,0x00,0x00,0xbf,0xff,0xa0,0x00,0x00,0x01,0x24,0x8c,0xff,0xff,0xff,0x60,0x00,0x00,0xbf,0xff,0xff,
  0xff,0xff,0xff,0xff,0xff,0xff,0xff,0xb2,0x00,0x00,0x00,0xbf,0xff,0xff,0xff,0xff,0xff,0xff,0xff,0xfe,0xa3,0x00,0x00,0x00,
  0x00,0xbf,0xff,0xff,0xff,0xff,0xfe,0xdc,0x97,0x30,0x00,0x00,0x00,0x00,0x00,0xbf,0xff,0xff,0xff,0xff,0xff,0xff,0xff,0xff,
  0xff,0x90,0xbf,0xff,0xff,0xff,0xff,0xff,0xff,0xff,0xff,0xff,0x90,0xbf,0xff,0xff,0xff,0xff,0xff,0xff,0xff,0xff,0xff,0x90,
  0xbf,0xff,0xa0,0x00,0x00,0x00,0x00,0x00,0x00,0x00,0x00,0xbf,0xff,0xa0,0x00,0x00,0x00,0x00,0x00,0x00,0x00,0x00,0xbf,0xff,
  0xa0,0x00,0x00,0x00,0x00,0x00,0x00,0x00,0x00,0xbf,0xff,0xa0,0x00,0x00,0x00,0x00,0x00,0x00,0x00,0x00,0xbf,0xff,0xa0,0x00,
  0x00,0x00,0x00,0x00,0x00,0x00,0x00,0xbf,0xff,0xa0,0x00,0x00,0x00,0x00,0x00,0x00,0x00,0x00,0xbf,0xff,0xa0,0x00,0x00,0x00,
  0x00,0x00,0x00,0x00,0x00,0xbf,0xff,0xa0,0x00,0x00,0x00,0x00,0x00,0x00,0x00,0x00,0xbf,0xff,0xa0,0x00,0x00,0x00,0x00,0x00,
  0x00,0x00,0x00,0xbf,0xff,0xa0,0x00,0x00,0x00,0x00,0x00,0x00,0x00,0x00,0xbf,0xff,0xff,0xff,0xff,0xff,0xff,0xff,0xff,0xff,
  0x00,0xbf,0xff,0xff,0xff,0xff,0xff,0xff,0xff,0xff,0xff,0x00,0xbf,0xff,0xff,0xff,0xff,0xff,0xff,0xff,0xff,0xff,0x00,0xbf,
  0xff,0xa0,0x00,0x00,0x00,0x00,0x00,0x00,0x00,0x00,0xbf,0xff,0xa0,0x00,0x00,0x00,0x00,0x00,0x00,0x00,0x00,0xbf,0xff,0xa0,
  0x00,0x00,0x00,0x00,0x00,0x00,0x00,0x00,0xbf,0xff,0xa0,0x00,0x00,0x00,0x00,0x00,0x00,0x00,0x00,0xbf,0xff,0xa0,0x00,0x00,
  0x00,0x00,0x00,0x00,0x00,0x00,0xbf,0xff,0xa0,0x00,0x00,0x00,0x00,0x00,0x00,0x00,0x00,0xbf,0xff,0xa0,0x00,0x00,0x00,0x00,
  0x00,0x00,0x00,0x00,0xbf,0xff,0xa0,0x00,0x00,0x00,0x00,0x00,0x00,0x00,0x00,0xbf,0xff,0xa0,0x00,0x00,0x00,0x00,0x00,0x00,
  0x00,0x00,0xbf,0xff,0xa0,0x00,0x00,0x00,0x00,0x00,0x00,0x00,0x00,0xbf,0xff,0xa0,0x00,0x00,0x00,0x00,0x00,0x00,0x00,0x00,
  0xbf,0xff,0xa0,0x00,0x00,0x00,0x00,0x00,0x00,0x00,0x00,0xbf,0xff,0xa0,0x00,0x00,0x00,0x00,0x00,0x00,0x00,0x00,0xbf,0xff,
  0xff,0xff,0xff,0xff,0xff,0xff,0xff,0xff,0xf0,0xbf,0xff,0xff,0xff,0xff,0xff,0xff,0xff,0xff,0xff,0xf0,0xbf,0xff,0xff,0xff,
  0xff,0xff,0xff,0xff,0xff,0xff,0xf0,0xbf,0xff,0xff,0xff,0xff,0xff,0xff,0xff,0xff,0xc0,0xbf,0xff,0xff,0xff,0xff,0xff,0xff,
  0xff,0xff,0xc0,0xbf,0xff,0xff,0xff,0xff,0xff,0xff,0xff,0xff,0xc0,0xbf,0xff,0xa0,0x00,0x00,0x00,0x00,0x00,0x00,0x00,0xbf,
  0xff,0xa0,0x00,0x00,0x00,0x00,0x00,0x00,0x00,0xbf,0xff,0xa0,0x00,0x00,0x00,0x00,0x00,0x00,0x00,0xbf,0xff,0xa0,0x00,0x00,
  0x00,0x00,0x00,0x00,0x00,0xbf,0xff,0xa0,0x00,0x00,0x00,0x00,0x00,0x00,0x00,0xbf,0xff,0xa0,0x00,0x00,0x00,0x00,0x00,0x00,
  0x00,0xbf,0xff,0xa0,0x00,0x00,0x00,0x00,0x00,0x00,0x00,0xbf,0xff,0xa0,0x00,0x00,0x00,0x00,0x00,0x00,0x00,0xbf,0xff,0xa0,
  0x00,0x00,0x00,0x00,0x00,0x00,0x00,0xbf,0xff,0xa0,0x00,0x00,0x00,0x00,0x00,0x00,0x00,0xbf,0xff,0xff,0xff,0xff,0xff,0xff,
  0xff,0xf6,0x00,0xbf,0xff,0xff,0xff,0xff,0xff,0xff,0xff,0xf6,0x00,0xbf,0xff,0xff,0xff,0xff,0xff,0xff,0xff,0xf6,0x00,0xbf,
  0xff,0xa0,0x00,0x00,0x00,0x00,0x00,0x00,0x00,0xbf,0xff,0xa0,0x00,0x00,0x00,0x00,0x00,0x00,0x00,0xbf,0xff,0xa0,0x00,0x00,
  0x00,0x00,0x00,0x00,0x00,0xbf,0xff,0xa0,0x00,0x00,0x00,0x00,0x00,0x00,0x00,0xbf,0xff,0xa0,0x00,0x00,0x00,0x00,0x00,0x00,
  0x00,0xbf,0xff,0xa0,0x00,0x00,0x00,0x00,0x00,0x00,0x00,0xbf,0xff,0xa0,0x00,0x00,0x00,0x00,0x00,0x00,0x00,0xbf,0xff,0xa0,
  0x00,0x00,0x00,0x00,0x00,0x00,0x00,0xbf,0xff,0xa0,0x00,0x00,0x00,0x00,0x00,0x00,0x00,0xbf,0xff,0xa0,0x00,0x00,0x00,0x00,
  0x00,0x00,0x00,0xbf,0xff,0xa0,0x00,0x00,0x00,0x00,0x00,0x00,0x00,0xbf,0xff,0xa0,0x00,0x00,0x00,0x00,0x00,0x00,0x00,0xbf,
  0xff,0xa0,0x00,0x00,0x00,0x00,0x00,0x00,0x00,0xbf,0xff,0xa0,0x00,0x00,0x00,0x00,0x00,0x00,0x00,0xbf,0xff,0xa0,0x00,0x00,
  0x00,0x00,0x00,0x00,0x00,0xbf,0xff,0xa0,0x00,0x00,0x00,0x00,0x00,0x00,0x00,0x00,0x00,0x00,0x00,0x00,0x26,0xac,0xef,0xfe,
  0xdc,0x96,0x30,0x00,0x00,0x00,0x00,0x00,0x00,0x00,0x5c,0xff,0xff,0xff,0xff,0xff,0xff,0xfd,0x82,0x00,0x00,0x00,0x00,0x00,
  0x3c,0xff,0xff,0xff,0xff,0xff,0xff,0xff,0xff,0xff,0x91,0x00,0x00,0x00,0x05,0xff,0xff,0xfe,0xa5,0x21,0x00,0x14,0x8d,0xff,
  0xff,0xfa,0x00,0x00,0x00,0x6f,0xff,0xfe,0x70,0x00,0x00,0x00,0x00,0x00,0x4c,0xff,0xfa,0x00,0x00,0x04,0xff,0xff,0xd2,0x00,
  0x00,0x00,0x00,0x00,0x00,0x00,0x6f,0xfa,0x00,0x00,0x1e,0xff,0xfd,0x10,0x00,0x00,0x00,0x00,0x00,0x00,0x00,0x02,0xda,0x00,
  0x00,0x8f,0xff,0xf4,0x00,0x00,0x00,0x00,0x00,0x00,0x00,0x00,0x00,0x17,0x00,0x01,0xff,0xff,0xa0,0x00,0x00,0x00,0x00,0x00,
  0x00,0x00,0x00,0x00,0x00,0x00,0x06,0xff,0xff,0x30,0x00,0x00,0x00,0x00,0x00,0x00,0x00,0x00,0x00,0x00,0x00,0x0b,0xff,0xfd,
  0x00,0x00,0x00,0x00,0x00,0x00,0x00,0x00,0x00,0x00,0x00,0x00,0x0f,0xff,0xf9,0x00,0x00,0x00,0x00,0x00,0x00,0x00,0x00,0x00,
  0x00,0x00,0x00,0x3f,0xff,0xf6,0x00,0x00,0x00,0x00,0x00,0x00,0x00,0x00,0x00,0x00,0x00,0x00,0x5f,0xff,0xf3,0x00,0x00,0x00,
  0x00,0x00,0x00,0x00,0x00,0x00,0x00,0x00,0x00,0x7f,0xff,0xf2,0x00,0x00,0x00,0x00,0x00,0x00,0x00,0x00,0x00,0x00,0x00,0x00,
  0x8f,0xff,0xf1,0x00,0x00,0x00,0x00,0x00,0x00,0x00,0x00,0x00,0x00,0x00,0x00,0x8f,0xff,0xf0,0x00,0x00,0x00,0x00,0x00,0x0e,
  0xff,0xff,0xff,0xff,0xff,0x70,0x8f,0xff,0xf1,0x00,0x00,0x00,0x00,0x00,0x0e,0xff,0xff,0xff,0xff,0xff,0x70,0x7f,0xff,0xf2,
  0x00,0x00,0x00,0x00,0x00,0x0e,0xff,0xff,0xff,0xff,0xff,0x70,0x5f,0xff,0xf3,0x00,0x00,0x00,0x00,0x00,0x00,0x00,0x00,0x00,
  0xdf,0xff,0x70,0x3f,0xff,0xf6,0x00,0x00,0x00,0x00,0x00,0x00,0x00,0x00,0x00,0xdf,0xff,0x70,0x0f,0xff,0xf9,0x00,0x00,0x00,
  0x00,0x00,0x00,0x00,0x00,0x00,0xdf,0xff,0x70,0x0c,0xff,0xfd,0x00,0x00,0x00,0x00,0x00,0x00,0x00,0x00,0x00,0xdf,0xff,0x70,
  0x06,0xff,0xff,0x30,0x00,0x00,0x00,0x00,0x00,0x00,0x00,0x00,0xdf,0xff,0x70,0x01,0xff,0xff,0xa0,0x00,0x00,0x00,0x00,0x00,
  0x00,0x00,0x00,0xdf,0xff,0x70,0x00,0x8f,0xff,0xf4,0x00,0x00,0x00,0x00,0x00,0x00,0x00,0x00,0xdf,0xff,0x70,0x00,0x1e,0xff,
  0xfd,0x10,0x00,0x00,0x00,0x00,0x00,0x00,0x00,0xdf,0xff,0x70,0x00,0x04,0xff,0xff,0xd2,0x00,0x00,0x00,0x00,0x00,0x00,0x00,
  0xdf,0xff,0x70,0x00,0x00,0x6f,0xff,0xfe,0x70,0x00,0x00,0x00,0x00,0x00,0x06,0xff,0xff,0x70,0x00,0x00,0x05,0xff,0xff,0xfe,
  0xa5,0x21,0x00,0x12,0x59,0xef,0xff,0xff,0x70,0x00,0x00,0x00,0x3c,0xff,0xff,0xff,0xff,0xff,0xff,0xff,0xff,0xff,0xe7,0x00,
  0x00,0x00,0x00,0x00,0x5c,0xff,0xff,0xff,0xff,0xff,0xff,0xff,0xb6,0x00,0x00,0x00,0x00,0x00,0x00,0x00,0x26,0xac,0xef,0xff,
  0xed,0xa7,0x51,0x00,0x00,0x00,0xbf,0xff,0xa0,0x00,0x00,0x00,0x00,0x00,0x00,0x00,0x9f,0xff,0xc0,0xbf,0xff,0xa0,0x00,0x00,
  0x00,0x00,0x00,0x00,0x00,0x9f,0xff,0xc0,0xbf,0xff,0xa0,0x00,0x00,0x00,0x00,0x00,0x00,0x00,0x9f,0xff,0xc0,0xbf,0xff,0xa0,
  0x00,0x00,0x00,0x00,0x00,0x00,0x00,0x9f,0xff,0xc0,0xbf,0xff,0xa0,0x00,0x00,0x00,0x00,0x00,0x00,0x00,0x9f,0xff,0xc0,0xbf,
  0xff,0xa0,0x00,0x00,0x00,0x00,0x00,0x00,0x00,0x9f,0xff,0xc0,0xbf,0xff,0xa0,0x00,0x00,0x00,0x00,0x00,0x00,0x00,0x9f,0xff,
  0xc0,0xbf,0xff,0xa0,0x00,0x00,0x00,0x00,0x00,0x00,0x00,0x9f,0xff,0xc0,0xbf,0xff,0xa0,0x00,0x00,0x00,0x00,0x00,0x00,0x00,
  0x9f,0xff,0xc0,0xbf,0xff,0xa0,0x00,0x00,0x00,0x00,0x00,0x00,0x00,0x9f,0xff,0xc0,0xbf,0xff,0xa0,0x00,0x00,0x00,0x00,0x00,
  0x00,0x00,0x9f,0xff,0xc0,0xbf,0xff,0xa0,0x00,0x00,0x00,0x00,0x00,0x00,0x00,0x9f,0xff,0xc0,0xbf,0xff,0xa0,0x00,0x00,0x00,
  0x00,0x00,0x00,0x00,0x9f,0xff,0xc0,0xbf,0xff,0xff,0xff,0xff,0xff,0xff,0xff,0xff,0xff,0xff,0xff,0xc0,0xbf,0xff,0xff,0xff,
  0xff,0xff,0xff,0xff,0xff,0xff,0xff,0xff,0xc0,0xbf,0xff,0xff,0xff,0xff,0xff,0xff,0xff,0xff,0xff,0xff,0xff,0xc0,0xbf,0xff,
  0xa0,0x00,0x00,0x00,0x00,0x00,0x00,0x00,0x9f,0xff,0xc0,0xbf,0xff,0xa0,0x00,0x00,0x00,0x00,0x00,0x00,0x00,0x9f,0xff,0xc0,
  0xbf,0xff,0xa0,0x00,0x00,0x00,0x00,0x00,0x00,0x00,0x9f,0xff,0xc0,0xbf,0xff,0xa0,0x00,0x00,0x00,0x00,0x00,0x00,0x00,0x9f,
  0xff,0xc0,0xbf,0xff,0xa0,0x00,0x00,0x00,0x00,0x00,0x00,0x00,0x9f,0xff,0xc0,0xbf,0xff,0xa0,0x00,0x00,0x00,0x00,0x00,0x00,
  0x00,0x9f,0xff,0xc0,0xbf,0xff,0xa0,0x00,0x00,0x00,0x00,0x00,0x00,0x00,0x9f,0xff,0xc0,0xbf,0xff,0xa0,0x00,0x00,0x00,0x00,
  0x00,0x00,0x00,0x9f,0xff,0xc0,0xbf,0xff,0xa0,0x00,0x00,0x00,0x00,0x00,0x00,0x00,0x9f,0xff,0xc0,0xbf,0xff,0xa0,0x00,0x00,
  0x00,0x00,0x00,0x00,0x00,0x9f,0xff,0xc0,0xbf,0xff,0xa0,0x00,0x00,0x00,0x00,0x00,0x00,0x00,0x9f,0xff,0xc0,0xbf,0xff,0xa0,
  0x00,0x00,0x00,0x00,0x00,0x00,0x00,0x9f,0xff,0xc0,0xbf,0xff,0xa0,0x00,0x00,0x00,0x00,0x00,0x00,0x00,0x9f,0xff,0xc0,0xbf,
  0xff,0xa0,0x00,0x00,0x00,0x00,0x00,0x00,0x00,0x9f,0xff,0xc0,0xbf,0xff,0xa0,0x00,0x00,0x00,0x00,0x00,0x00,0x00,0x9f,0xff,
  0xc0,0xbf,0xff,0xa0,0x00,0x00,0x00,0x00,0x00,0x00,0x00,0x9f,0xff,0xc0,0xbf,0xff,0xa0,0xbf,0xff,0xa0,0xbf,0xff,0xa0,0xbf,
  0xff,0xa0,0xbf,0xff,0xa0,0xbf,0xff,0xa0,0xbf,0xff,0xa0,0xbf,0xff,0xa0,0xbf,0xff,0xa0,0xbf,0xff,0xa0,0xbf,0xff,0xa0,0xbf,
  0xff,0xa0,0xbf,0xff,0xa0,0xbf,0xff,0xa0,0xbf,0xff,0xa0,0xbf,0xff,0xa0,0xbf,0xff,0xa0,0xbf,0xff,0xa0,0xbf,0xff,0xa0,0xbf,
  0xff,0xa0,0xbf,0xff,0xa0,0xbf,0xff,0xa0,0xbf,0xff,0xa0,0xbf,0xff,0xa0,0xbf,0xff,0xa0,0xbf,0xff,0xa0,0xbf,0xff,0xa0,0xbf,
  0xff,0xa0,0xbf,0xff,0xa0,0xbf,0xff,0xa0,0xbf,0xff,0xa0,0xbf,0xff,0xa0,0x00,0x00,0x00,0x0b,0xff,0xfa,0x00,0x00,0x00,0x0b,
  0xff,0xfa,0x00,0x00,0x00,0x0b,0xff,0xfa,0x00,0x00,0x00,0x0b,0xff,0xfa,0x00,0x00,0x00,0x0b,0xff,0xfa,0x00,0x00,0x00,0x0b,
  0xff,0xfa,0x00,0x00,0x00,0x0b,0xff,0xfa,0x00,0x00,0x00,0x0b,0xff,0xfa,0x00,0x00,0x00,0x0b,0xff,0xfa,0x00,0x00,0x00,0x0b,
  0xff,0xfa,0x00,0x00,0x00,0x0b,0xff,0xfa,0x00,0x00,0x00,0x0b,0xff,0xfa,0x00,0x00,0x00,0x0b,0xff,0xfa,0x00,0x00,0x00,0x0b,
  0xff,0xfa,0x00,0x00,0x00,0x0b,0xff,0xfa,0x00,0x00,0x00,0x0b,0xff,0xfa,0x00,0x00,0x00,0x0b,0xff,0xfa,0x00,0x00,0x00,0x0b,
  0xff,0xfa,0x00,0x00,0x00,0x0b,0xff,0xfa,0x00,0x00,0x00,0x0b,0xff,0xfa,0x00,0x00,0x00,0x0b,0xff,0xfa,0x00,0x00,0x00,0x0b,
  0xff,0xfa,0x00,0x00,0x00,0x0b,0xff,0xfa,0x00,0x00,0x00,0x0b,0xff,0xfa,0x00,0x00,0x00,0x0b,0xff,0xfa,0x00,0x00,0x00,0x0b,
  0xff,0xfa,0x00,0x00,0x00,0x0b,0xff,0xfa,0x00,0x00,0x00,0x0b,0xff,0xfa,0x00,0x00,0x00,0x0b,0xff,0xfa,0x00,0x00,0x00,0x0b,
  0xff,0xfa,0x00,0x00,0x00,0x0b,0xff,0xfa,0x00,0x00,0x00,0x0b,0xff,0xf9,0x00,0x00,0x00,0x0c,0xff,0xf8,0x00,0x00,0x00,0x0e,
  0xff,0xf6,0x00,0x00,0x00,0x1f,0xff,0xf3,0x00,0x00,0x00,0x7f,0xff,0xf0,0x00,0x00,0x02,0xef,0xff,0xa0,0x00,0x02,0x6e,0xff,
  0xff,0x20,0x4f,0xff,0xff,0xff,0xf6,0x00,0x4f,0xff,0xff,0xfe,0x50,0x00,0x4f,0xfe,0xda,0x50,0x00,0x00,0xbf,0xff,0xa0,0x00,
  0x00,0x00,0x00,0x00,0x00,0x7f,0xff,0xfe,0x30,0xbf,0xff,0xa0,0x00,0x00,0x00,0x00,0x00,0x08,0xff,0xff,0xe2,0x00,0xbf,0xff,
  0xa0,0x00,0x00,0x00,0x00,0x00,0x9f,0xff,0xfd,0x10,0x00,0xbf,0xff,0xa0,0x00,0x00,0x00,0x00,0x0a,0xff,0xff,0xd1,0x00,0x00,
  0xbf,0xff,0xa0,0x00,0x00,0x00,0x00,0xbf,0xff,0xfc,0x10,0x00,0x00,0xbf,0xff,0xa0,0x00,0x00,0x00,0x0c,0xff,0xff,0xb0,0x00,
  0x00,0x00,0xbf,0xff,0xa0,0x00,0x00,0x01,0xcf,0xff,0xfa,0x00,0x00,0x00,0x00,0xbf,0xff,0xa0,0x00,0x00,0x1d,0xff,0xff,0x90,
  0x00,0x00,0x00,0x00,0xbf,0xff,0xa0,0x00,0x02,0xdf,0xff,0xf9,0x00,0x00,0x00,0x00,0x00,0xbf,0xff,0xa0,0x00,0x2e,0xff,0xff,
  0x80,0x00,0x00,0x00,0x00,0x00,0xbf,0xff,0xa0,0x03,0xef,0xff,0xf7,0x00,0x00,0x00,0x00,0x00,0x00,0xbf,0xff,0xa0,0x3f,0xff,
  0xff,0x60,0x00,0x00,0x00,0x00,0x00,0x00,0xbf,0xff,0xa4,0xff,0xff,0xf5,0x00,0x00,0x00,0x00,0x00,0x00,0x00,0xbf,0xff,0xdf,
  0xff,0xff,0x40,0x00,0x00,0x00,0x00,0x00,0x00,0x00,0xbf,0xff,0xff,0xff,0xf3,0x00,0x00,0x00,0x00,0x00,0x00,0x00,0x00,0xbf,
  0xff,0xff,0xff,0xf5,0x00,0x00,0x00,0x00,0x00,0x00,0x00,0x00,0xbf,0xff,0xef,0xff,0xff,0x50,0x00,0x00,0x00,0x00,0x00,0x00,
  0x00,0xbf,0xff,0xa7,0xff,0xff,0xf5,0x00,0x00,0x00,0x00,0x00,0x00,0x00,0xbf,0xff,0xa0,0x7f,0xff,0xff,0x50,0x00,0x00,0x00,
  0x00,0x00,0x00,0xbf,0xff,0xa0,0x07,0xff,0xff,0xf4,0x00,0x00,0x00,0x00,0x00,0x00,0xbf,0xff,0xa0,0x00,0x7f,0xff,0xff,0x40,
  0x00,0x00,0x00,0x00,0x00,0xbf,0xff,0xa0,0x00,0x07,0xff,0xff,0xf4,0x00,0x00,0x00,0x00,0x00,0xbf,0xff,0xa0,0x00,0x00,0x7f,
  0xff,0xff,0x40,0x00,0x00,0x00,0x00,0xbf,0xff,0xa0,0x00,0x00,0x07,0xff,0xff,0xf4,0x00,0x00,0x00,0x00,0xbf,0xff,0xa0,0x00,
  0x00,0x00,0x7f,0xff,0xff,0x40,0x00,0x00,0x00,0xbf,0xff,0xa0,0x00,0x00,0x00,0x07,0xff,0xff,0xf4,0x00,0x00,0x00,0xbf,0xff,
  0xa0,0x00,0x00,0x00,0x00,0x7f,0xff,0xff,0x40,0x00,0x00,0xbf,0xff,0xa0,0x00,0x00,0x00,0x00,0x07,0xff,0xff,0xf4,0x00,0x00,
  0xbf,0xff,0xa0,0x00,0x00,0x00,0x00,0x00,0x7f,0xff,0xff,0x40,0x00,0xbf,0xff,0xa0,0x00,0x00,0x00,0x00,0x00,0x07,0xff,0xff,
  0xf4,0x00,0xbf,0xff,0xa0,0x00,0x00,0x00,0x00,0x00,0x00,0x7f,0xff,0xff,0x40,0xbf,0xff,0xa0,0x00,0x00,0x00,0x00,0x00,0x00,
  0x07,0xff,0xff,0xf4,0xbf,0xff,0xa0,0x00,0x00,0x00,0x00,0x00,0x00,0x00,0x00,0xbf,0xff,0xa0,0x00,0x00,0x00,0x00,0x00,0x00,
  0x00,0x00,0xbf,0xff,0xa0,0x00,0x00,0x00,0x00,0x00,0x00,0x00,0x00,0xbf,0xff,0xa0,0x00,0x00,0x00,0x00,0x00,0x00,0x00,0x00,
  0xbf,0xff,0xa0,0x00,0x00,0x00,0x00,0x00,0x00,0x00,0x00,0xbf,0xff,0xa0,0x00,0x00,0x00,0x00,0x00,0x00,0x00,0x00,0xbf,0xff,
  0xa0,0x00,0x00,0x00,0x00,0x00,0x00,0x00,0x00,0xbf,0xff,0xa0,0x00,0x00,0x00,0x00,0x00,0x00,0x00,0x00,0xbf,0xff,0xa0,0x00,
  0x00,0x00,0x00,0x00,0x00,0x00,0x00,0xbf,0xff,0xa0,0x00,0x00,0x00,0x00,0x00,0x00,0x00,0x00,0xbf,0xff,0xa0,0x00,0x00,0x00,
  0x00,0x00,0x00,0x00,0x00,0xbf,0xff,0xa0,0x00,0x00,0x00,0x00,0x00,0x00,0x00,0x00,0xbf,0xff,0xa0,0x00,0x00,0x00,0x00,0x00,
  0x00,0x00,0x00,0xbf,0xff,0xa0,0x00,0x00,0x00,0x00,0x00,0x00,0x00,0x00,0xbf,0xff,0xa0,0x00,0x00,0x00,0x00,0x00,0x00,0x00,
  0x00,0xbf,0xff,0xa0,0x00,0x00,0x00,0x00,0x00,0x00,0x00,0x00,0xbf,0xff,0xa0,0x00,0x00,0x00,0x00,0x00,0x00,0x00,0x00,0xbf,
  0xff,0xa0,0x00,0x00,0x00,0x00,0x00,0x00,0x00,0x00,0xbf,0xff,0xa0,0x00,0x00,0x00,0x00,0x00,0x00,0x00,0x00,0xbf,0xff,0xa0,
  0x00,0x00,0x00,0x00,0x00,0x00,0x00,0x00,0xbf,0xff,0xa0,0x00,0x00,0x00,0x00,0x00,0x00,0x00,0x00,0xbf,0xff,0xa0,0x00,0x00,
  0x00,0x00,0x00,0x00,0x00,0x00,0xbf,0xff,0xa0,0x00,0x00,0x00,0x00,0x00,0x00,0x00,0x00,0xbf,0xff,0xa0,0x00,0x00,0x00,0x00,
  0x00,0x00,0x00,0x00,0xbf,0xff,0xa0,0x00,0x00,0x00,0x00,0x00,0x00,0x00,0x00,0xbf,0xff,0xa0,0x00,0x00,0x00,0x00,0x00,0x00,
  0x00,0x00,0xbf,0xff,0xa0,0x00,0x00,0x00,0x00,0x00,0x00,0x00,0x00,0xbf,0xff,0xa0,0x00,0x00,0x00,0x00,0x00,0x00,0x00,0x00,
  0xbf,0xff,0xa0,0x00,0x00,0x00,0x00,0x00,0x00,0x00,0x00,0xbf,0xff,0xff,0xff,0xff,0xff,0xff,0xff,0xff,0xff,0x40,0xbf,0xff,
  0xff,0xff,0xff,0xff,0xff,0xff,0xff,0xff,0x40,0xbf,0xff,0xff,0xff,0xff,0xff,0xff,0xff,0xff,0xff,0x40,0xbf,0xff,0xff,0xe0,
  0x00,0x00,0x00,0x00,0x00,0x00,0x00,0x0f,0xff,0xff,0xfa,0xbf,0xff,0xff,0xf5,0x00,0x00,0x00,0x00,0x00,0x00,0x00,0x5f,0xff,
  0xff,0xfa,0xbf,0xff,0xff,0xfb,0x00,0x00,0x00,0x00,0x00,0x00,0x00,0xbf,0xff,0xff,0xfa,0xbf,0xff,0xff,0xff,0x10,0x00,0x00,
  0x00,0x00,0x00,0x01,0xff,0xff,0xff,0xfa,0xbf,0xff,0xcf,0xff,0x70,0x00,0x00,0x00,0x00,0x00,0x07,0xff,0xfc,0xff,0xfa,0xbf,
  0xff,0x8d,0xff,0xd0,0x00,0x00,0x00,0x00,0x00,0x0d,0xff,0xd9,0xff,0xfa,0xbf,0xff,0x88,0xff,0xf3,0x00,0x00,0x00,0x00,0x00,
  0x3f,0xff,0x79,0xff,0xfa,0xbf,0xff,0x82,0xff,0xf9,0x00,0x00,0x00,0x00,0x00,0x9f,0xff,0x19,0xff,0xfa,0xbf,0xff,0x80,0xcf,
  0xfe,0x00,0x00,0x00,0x00,0x00,0xff,0xfb,0x09,0xff,0xfa,0xbf,0xff,0x80,0x6f,0xff,0x50,0x00,0x00,0x00,0x05,0xff,0xf5,0x09,
  0xff,0xfa,0xbf,0xff,0x80,0x0f,0xff,0xb0,0x00,0x00,0x00,0x0b,0xff,0xe0,0x09,0xff,0xfa,0xbf,0xff,0x80,0x0a,0xff,0xf1,0x00,
  0x00,0x00,0x2f,0xff,0x90,0x09,0xff,0xfa,0xbf,0xff,0x80,0x04,0xff,0xf7,0x00,0x00,0x00,0x7f,0xff,0x30,0x09,0xff,0xfa,0xbf,
  0xff,0x80,0x00,0xef,0xfd,0x00,0x00,0x00,0xdf,0xfd,0x00,0x09,0xff,0xfa,0xbf,0xff,0x80,0x00,0x8f,0xff,0x30,0x00,0x04,0xff,
  0xf7,0x00,0x09,0xff,0xfa,0xbf,0xff,0x80,0x00,0x2f,0xff,0x90,0x00,0x0a,0xff,0xf1,0x00,0x09,0xff,0xfa,0xbf,0xff,0x80,0x00,
  0x0c,0xff,0xe0,0x00,0x0f,0xff,0xb0,0x00,0x09,0xff,0xfa,0xbf,0xff,0x80,0x00,0x06,0xff,0xf5,0x00,0x6f,0xff,0x50,0x00,0x09,
  0xff,0xfa,0xbf,0xff,0x80,0x00,0x00,0xff,0xfb,0x00,0xcf,0xfe,0x00,0x00,0x09,0xff,0xfa,0xbf,0xff,0x80,0x00,0x00,0xaf,0xff,
  0x12,0xff,0xf9,0x00,0x00,0x09,0xff,0xfa,0xbf,0xff,0x80,0x00,0x00,0x4f,0xff,0x78,0xff,0xf3,0x00,0x00,0x09,0xff,0xfa,0xbf,
  0xff,0x80,0x00,0x00,0x0e,0xff,0xdd,0xff,0xd0,0x00,0x00,0x09,0xff,0xfa,0xbf,0xff,0x80,0x00,0x00,0x08,0xff,0xff,0xff,0x70,
  0x00,0x00,0x09,0xff,0xfa,0xbf,0xff,0x80,0x00,0x00,0x02,0xff,0xff,0xff,0x10,0x00,0x00,0x09,0xff,0xfa,0xbf,0xff,0x80,0x00,
  0x00,0x00,0xcf,0xff,0xfb,0x00,0x00,0x00,0x09,0xff,0xfa,0xbf,0xff,0x80,0x00,0x00,0x00,0x6f,0xff,0xf5,0x00,0x00,0x00,0x09,
  0xff,0xfa,0xbf,0xff,0x80,0x00,0x00,0x00,0x00,0x00,0x00,0x00,0x00,0x00,0x09,0xff,0xfa,0xbf,0xff,0x80,0x00,0x00,0x00,0x00,
  0x00,0x00,0x00,0x00,0x00,0x09,0xff,0xfa,0xbf,0xff,0x80,0x00,0x00,0x00,0x00,0x00,0x00,0x00,0x00,0x00,0x09,0xff,0xfa,0xbf,
  0xff,0x80,0x00,0x00,0x00,0x00,0x00,0x00,0x00,0x00,0x00,0x09,0xff,0xfa,0xbf,0xff,0x80,0x00,0x00,0x00,0x00,0x00,0x00,0x00,
  0x00,0x00,0x09,0xff,0xfa,0xbf,0xff,0x80,0x00,0x00,0x00,0x00,0x00,0x00,0x00,0x00,0x00,0x09,0xff,0xfa,0xbf,0xff,0xff,0x60,
  0x00,0x00,0x00,0x00,0x00,0x00,0x9f,0xff,0x90,0xbf,0xff,0xff,0xe0,0x00,0x00,0x00,0x00,0x00,0x00,0x9f,0xff,0x90,0xbf,0xff,
  0xff,0xf7,0x00,0x00,0x00,0x00,0x00,0x00,0x9f,0xff,0x90,0xbf,0xff,0xff,0xff,0x10,0x00,0x00,0x00,0x00,0x00,0x9f,0xff,0x90,
  0xbf,0xff,0xff,0xff,0x80,0x00,0x00,0x00,0x00,0x00,0x9f,0xff,0x90,0xbf,0xff,0xdf,0xff,0xf1,0x00,0x00,0x00,0x00,0x00,0x9f,
  0xff,0x90,0xbf,0xff,0x8c,0xff,0xf9,0x00,0x00,0x00,0x00,0x00,0x9f,0xff,0x90,0xbf,0xff,0x84,0xff,0xff,0x20,0x00,0x00,0x00,
  0x00,0x9f,0xff,0x90,0xbf,0xff,0x80,0xbf,0xff,0xa0,0x00,0x00,0x00,0x00,0x9f,0xff,0x90,0xbf,0xff,0x80,0x3f,0xff,0xf3,0x00,
  0x00,0x00,0x00,0x9f,0xff,0x90,0xbf,0xff,0x80,0x0a,0xff,0xfb,0x00,0x00,0x00,0x00,0x9f,0xff,0x90,0xbf,0xff,0x80,0x02,0xff,
  0xff,0x40,0x00,0x00,0x00,0x9f,0xff,0x90,0xbf,0xff,0x80,0x00,0x9f,0xff,0xc0,0x00,0x00,0x00,0x9f,0xff,0x90,0xbf,0xff,0x80,
  0x00,0x1f,0xff,0xf5,0x00,0x00,0x00,0x9f,0xff,0x90,0xbf,0xff,0x80,0x00,0x08,0xff,0xfd,0x00,0x00,0x00,0x9f,0xff,0x90,0xbf,
  0xff,0x80,0x00,0x01,0xff,0xff,0x60,0x00,0x00,0x9f,0xff,0x90,0xbf,0xff,0x80,0x00,0x00,0x7f,0xff,0xe0,0x00,0x00,0x9f,0xff,
  0x90,0xbf,0xff,0x80,0x00,0x00,0x0e,0xff,0xf7,0x00,0x00,0x9f,0xff,0x90,0xbf,0xff,0x80,0x00,0x00,0x06,0xff,0xfe,0x10,0x00,
  0x9f,0xff,0x90,0xbf,0xff,0x80,0x00,0x00,0x00,0xdf,0xff,0x80,0x00,0x9f,0xff,0x90,0xbf,0xff,0x80,0x00,0x00,0x00,0x5f,0xff,
  0xf1,0x00,0x9f,0xff,0x90,0xbf,0xff,0x80,0x00,0x00,0x00,0x0d,0xff,0xf9,0x00,0x9f,0xff,0x90,0xbf,0xff,0x80,0x00,0x00,0x00,
  0x04,0xff,0xff,0x20,0x9f,0xff,0x90,0xbf,0xff,0x80,0x00,0x00,0x00,0x00,0xcf,0xff,0xa0,0x9f,0xff,0x90,0xbf,0xff,0x80,0x00,
  0x00,0x00,0x00,0x3f,0xff,0xf3,0x9f,0xff,0x90,0xbf,0xff,0x80,0x00,0x00,0x00,0x00,0x0b,0xff,0xfb,0x9f,0xff,0x90,0xbf,0xff,
  0x80,0x00,0x00,0x00,0x00,0x02,0xff,0xff,0xdf,0xff,0x90,0xbf,0xff,0x80,0x00,0x00,0x00,0x00,0x00,0xaf,0xff,0xff,0xff,0x90,
  0xbf,0xff,0x80,0x00,0x00,0x00,0x00,0x00,0x2f,0xff,0xff,0xff,0x90,0xbf,0xff,0x80,0x00,0x00,0x00,0x00,0x00,0x09,0xff,0xff,
  0xff,0x90,0xbf,0xff,0x80,0x00,0x00,0x00,0x00,0x00,0x01,0xff,0xff,0xff,0x90,0xbf,0xff,0x80,0x00,0x00,0x00,0x00,0x00,0x00,
  0x8f,0xff,0xff,0x90,0x00,0x00,0x00,0x00,0x00,0x59,0xce,0xff,0xfd,0xb7,0x30,0x00,0x00,0x00,0x00,0x00,0x00,0x00,0x00,0x01,
  0x8e,0xff,0xff,0xff,0xff,0xff,0xfd,0x50,0x00,0x00,0x00,0x00,0x00,0x00,0x00,0x4e,0xff,0xff,0xff,0xff,0xff,0xff,0xff,0xfb,
  0x10,0x00,0x00,0x00,0x00,0x00,0x07,0xff,0xff,0xfc,0x63,0x10,0x13,0x8e,0xff,0xff,0xe3,0x00,0x00,0x00,0x00,0x00,0x7f,0xff,
  0xfe,0x40,0x00,0x00,0x00,0x00,0x8f,0xff,0xfe,0x20,0x00,0x00,0x00,0x03,0xff,0xff,0xd1,0x00,0x00,0x00,0x00,0x00,0x04,0xff,
  0xff,0xd0,0x00,0x00,0x00,0x1e,0xff,0xfe,0x10,0x00,0x00,0x00,0x00,0x00,0x00,0x5f,0xff,0xf9,0x00,0x00,0x00,0x8f,0xff,0xf4,
  0x00,0x00,0x00,0x00,0x00,0x00,0x00,0x0a,0xff,0xff,0x20,0x00,0x00,0xef,0xff,0xb0,0x00,0x00,0x00,0x00,0x00,0x00,0x00,0x01,
  0xff,0xff,0x90,0x00,0x06,0xff,0xff,0x40,0x00,0x00,0x00,0x00,0x00,0x00,0x00,0x00,0xaf,0xff,0xf1,0x00,0x0b,0xff,0xfe,0x00,
  0x00,0x00,0x00,0x00,0x00,0x00,0x00,0x00,0x4f,0xff,0xf5,0x00,0x0e,0xff,0xf9,0x00,0x00,0x00,0x00,0x00,0x00,0x00,0x00,0x00,
  0x0f,0xff,0xf8,0x00,0x2f,0xff,0xf6,0x00,0x00,0x00,0x00,0x00,0x00,0x00,0x00,0x00,0x0c,0xff,0xfc,0x00,0x5f,0xff,0xf3,0x00,
  0x00,0x00,0x00,0x00,0x00,0x00,0x00,0x00,0x09,0xff,0xff,0x00,0x6f,0xff,0xf2,0x00,0x00,0x00,0x00,0x00,0x00,0x00,0x00,0x00,
  0x08,0xff,0xff,0x00,0x7f,0xff,0xf1,0x00,0x00,0x00,0x00,0x00,0x00,0x00,0x00,0x00,0x07,0xff,0xff,0x10,0x8f,0xff,0xf0,0x00,
  0x00,0x00,0x00,0x00,0x00,0x00,0x00,0x00,0x06,0xff,0xff,0x20,0x7f,0xff,0xf1,0x00,0x00,0x00,0x00,0x00,0x00,0x00,0x00,0x00,
  0x07,0xff,0xff,0x10,0x6f,0xff,0xf2,0x00,0x00,0x00,0x00,0x00,0x00,0x00,0x00,0x00,0x08,0xff,0xff,0x00,0x5f,0xff,0xf3,0x00,
  0x00,0x00,0x00,0x00,0x00,0x00,0x00,0x00,0x09,0xff,0xff,0x00,0x2f,0xff,0xf6,0x00,0x00,0x00,0x00,0x00,0x00,0x00,0x00,0x00,
  0x0c,0xff,0xfc,0x00,0x0f,0xff,0xf9,0x00,0x00,0x00,0x00,0x00,0x00,0x00,0x00,0x00,0x0f,0xff,0xf9,0x00,0x0b,0xff,0xfe,0x00,
  0x00,0x00,0x00,0x00,0x00,0x00,0x00,0x00,0x4f,0xff,0xf5,0x00,0x06,0xff,0xff,0x40,0x00,0x00,0x00,0x00,0x00,0x00,0x00,0x00,
  0xaf,0xff,0xf1,0x00,0x00,0xef,0xff,0xb0,0x00,0x00,0x00,0x00,0x00,0x00,0x00,0x01,0xff,0xff,0x90,0x00,0x00,0x8f,0xff,0xf4,
  0x00,0x00,0x00,0x00,0x00,0x00,0x00,0x0a,0xff,0xff,0x20,0x00,0x00,0x1e,0xff,0xfe,0x10,0x00,0x00,0x00,0x00,0x00,0x00,0x5f,
  0xff,0xf9,0x00,0x00,0x00,0x04,0xff,0xff,0xd1,0x00,0x00,0x00,0x00,0x00,0x04,0xff,0xff,0xd0,0x00,0x00,0x00,0x00,0x7f,0xff,
  0xfe,0x40,0x00,0x00,0x00,0x00,0x8f,0xff,0xfe,0x20,0x00,0x00,0x00,0x00,0x07,0xff,0xff,0xfc,0x62,0x10,0x13,0x8e,0xff,0xff,
  0xe3,0x00,0x00,0x00,0x00,0x00,0x00,0x5e,0xff,0xff,0xff,0xff,0xff,0xff,0xff,0xfb,0x10,0x00,0x00,0x00,0x00,0x00,0x00,0x01,
  0x8f,0xff,0xff,0xff,0xff,0xff,0xfd,0x50,0x00,0x00,0x00,0x00,0x00,0x00,0x00,0x00,0x00,0x59,0xce,0xff,0xfd,0xb7,0x30,0x00,
  0x00,0x00,0x00,0x00,0xbf,0xff,0xff,0xff,0xff,0xfe,0xda,0x72,0x00,0x00,0x00,0xbf,0xff,0xff,0xff,0xff,0xff,0xff,0xff,0xb2,
  0x00,0x00,0xbf,0xff,0xff,0xff,0xff,0xff,0xff,0xff,0xff,0x50,0x00,0xbf,0xff,0xa0,0x00,0x00,0x02,0x5c,0xff,0xff,0xf3,0x00,
  0xbf,0xff,0xa0,0x00,0x00,0x00,0x00,0x7f,0xff,0xfd,0x00,0xbf,0xff,0xa0,0x00,0x00,0x00,0x00,0x09,0xff,0xff,0x50,0xbf,0xff,
  0xa0,0x00,0x00,0x00,0x00,0x01,0xff,0xff,0xa0,0xbf,0xff,0xa0,0x00,0x00,0x00,0x00,0x00,0xcf,0xff,0xd0,0xbf,0xff,0xa0,0x00,
  0x00,0x00,0x00,0x00,0x9f,0xff,0xf0,0xbf,0xff,0xa0,0x00,0x00,0x00,0x00,0x00,0x9f,0xff,0xf0,0xbf,0xff,0xa0,0x00,0x00,0x00,
  0x00,0x00,0x9f,0xff,0xf0,0xbf,0xff,0xa0,0x00,0x00,0x00,0x00,0x00,0xcf,0xff,0xd0,0xbf,0xff,0xa0,0x00,0x00,0x00,0x00,0x01,
  0xff,0xff,0xa0,0xbf,0xff,0xa0,0x00,0x00,0x00,0x00,0x09,0xff,0xff,0x50,0xbf,0xff,0xa0,0x00,0x00,0x00,0x00,0x7f,0xff,0xfd,
  0x00,0xbf,0xff,0xa0,0x00,0x00,0x01,0x5c,0xff,0xff,0xf4,0x00,0xbf,0xff,0xff,0xff,0xff,0xff,0xff,0xff,0xff,0x50,0x00,0xbf,
  0xff,0xff,0xff,0xff,0xff,0xff,0xff,0xb2,0x00,0x00,0xbf,0xff,0xff,0xff,0xff,0xfe,0xda,0x72,0x00,0x00,0x00,0xbf,0xff,0xa0,
  0x00,0x00,0x00,0x00,0x00,0x00,0x00,0x00,0xbf,0xff,0xa0,0x00,0x00,0x00,0x00,0x00,0x00,0x00,0x00,0xbf,0xff,0xa0,0x00,0x00,
  0x00,0x00,0x00,0x00,0x00,0x00,0xbf,0xff,0xa0,0x00,0x00,0x00,0x00,0x00,0x00,0x00,0x00,0xbf,0xff,0xa0,0x00,0x00,0x00,0x00,
  0x00,0x00,0x00,0x00,0xbf,0xff,0xa0,0x00,0x00,0x00,0x00,0x00,0x00,0x00,0x00,0xbf,0xff,0xa0,0x00,0x00,0x00,0x00,0x00,0x00,
  0x00,0x00,0xbf,0xff,0xa0,0x00,0x00,0x00,0x00,0x00,0x00,0x00,0x00,0xbf,0xff,0xa0,0x00,0x00,0x00,0x00,0x00,0x00,0x00,0x00,
  0xbf,0xff,0xa0,0x00,0x00,0x00,0x00,0x00,0x00,0x00,0x00,0xbf,0xff,0xa0,0x00,0x00,0x00,0x00,0x00,0x00,0x00,0x00,0xbf,0xff,
  0xa0,0x00,0x00,0x00,0x00,0x00,0x00,0x00,0x00,0xbf,0xff,0xa0,0x00,0x00,0x00,0x00,0x00,0x00,0x00,0x00,0x00,0x00,0x00,0x00,
  0x00,0x59,0xce,0xff,0xfd,0xb7,0x30,0x00,0x00,0x00,0x00,0x00,0x00,0x00,0x00,0x01,0x8e,0xff,0xff,0xff,0xff,0xff,0xfc,0x50,
  0x00,0x00,0x00,0x00,0x00,0x00,0x00,0x4e,0xff,0xff,0xff,0xff,0xff,0xff,0xff,0xfb,0x10,0x00,0x00,0x00,0x00,0x00,0x07,0xff,
  0xff,0xfc,0x63,0x10,0x13,0x8e,0xff,0xff,0xe2,0x00,0x00,0x00,0x00,0x00,0x7f,0xff,0xfe,0x40,0x00,0x00,0x00,0x00,0x8f,0xff,
  0xfe,0x20,0x00,0x00,0x00,0x03,0xff,0xff,0xd1,0x00,0x00,0x00,0x00,0x00,0x04,0xff,0xff,0xc0,0x00,0x00,0x00,0x1e,0xff,0xfe,
  0x10,0x00,0x00,0x00,0x00,0x00,0x00,0x5f,0xff,0xf8,0x00,0x00,0x00,0x8f,0xff,0xf4,0x00,0x00,0x00,0x00,0x00,0x00,0x00,0x0a,
  0xff,0xff,0x20,0x00,0x00,0xef,0xff,0xb0,0x00,0x00,0x00,0x00,0x00,0x00,0x00,0x01,0xff,0xff,0x90,0x00,0x06,0xff,0xff,0x40,
  0x00,0x00,0x00,0x00,0x00,0x00,0x00,0x00,0xaf,0xff,0xf0,0x00,0x0b,0xff,0xfe,0x00,0x00,0x00,0x00,0x00,0x00,0x00,0x00,0x00,
  0x4f,0xff,0xf4,0x00,0x0e,0xff,0xf9,0x00,0x00,0x00,0x00,0x00,0x00,0x00,0x00,0x00,0x0f,0xff,0xf8,0x00,0x2f,0xff,0xf6,0x00,
  0x00,0x00,0x00,0x00,0x00,0x00,0x00,0x00,0x0c,0xff,0xfc,0x00,0x5f,0xff,0xf3,0x00,0x00,0x00,0x00,0x00,0x00,0x00,0x00,0x00,
  0x09,0xff,0xfe,0x00,0x6f,0xff,0xf2,0x00,0x00,0x00,0x00,0x00,0x00,0x00,0x00,0x00,0x08,0xff,0xff,0x00,0x7f,0xff,0xf1,0x00,
  0x00,0x00,0x00,0x00,0x00,0x00,0x00,0x00,0x07,0xff,0xff,0x10,0x8f,0xff,0xf0,0x00,0x00,0x00,0x00,0x00,0x00,0x00,0x00,0x00,
  0x06,0xff,0xff,0x20,0x7f,0xff,0xf1,0x00,0x00,0x00,0x00,0x00,0x00,0x00,0x00,0x00,0x07,0xff,0xff,0x10,0x6f,0xff,0xf2,0x00,
  0x00,0x00,0x00,0x00,0x00,0x00,0x00,0x00,0x08,0xff,0xff,0x00,0x5f,0xff,0xf3,0x00,0x00,0x00,0x00,0x00,0x00,0x00,0x00,0x00,
  0x09,0xff,0xff,0x00,0x2f,0xff,0xf6,0x00,0x00,0x00,0x00,0x00,0x00,0x00,0x00,0x00,0x0c,0xff,0xfc,0x00,0x0e,0xff,0xf9,0x00,
  0x00,0x00,0x00,0x00,0x00,0x00,0x00,0x00,0x0f,0xff,0xfa,0x00,0x0b,0xff,0xfe,0x00,0x00,0x00,0x00,0x00,0x00,0x00,0x00,0x00,
  0x4f,0xff,0xf5,0x00,0x06,0xff,0xff,0x40,0x00,0x00,0x00,0x00,0x00,0x00,0x00,0x00,0xaf,0xff,0xf1,0x00,0x00,0xef,0xff,0xb0,
  0x00,0x00,0x00,0x00,0x00,0x00,0x00,0x01,0xff,0xff,0xa0,0x00,0x00,0x8f,0xff,0xf4,0x00,0x00,0x00,0x00,0x00,0x00,0x00,0x0a,
  0xff,0xff,0x30,0x00,0x00,0x1e,0xff,0xfe,0x10,0x00,0x00,0x00,0x00,0x00,0x00,0x5f,0xff,0xfa,0x00,0x00,0x00,0x03,0xff,0xff,
  0xd1,0x00,0x00,0x00,0x00,0x00,0x04,0xff,0xff,0xe1,0x00,0x00,0x00,0x00,0x7f,0xff,0xfe,0x40,0x00,0x00,0x00,0x00,0x8f,0xff,
  0xff,0x30,0x00,0x00,0x00,0x00,0x07,0xff,0xff,0xfc,0x62,0x10,0x13,0x8e,0xff,0xff,0xe4,0x00,0x00,0x00,0x00,0x00,0x00,0x5e,
  0xff,0xff,0xff,0xff,0xff,0xff,0xff,0xfc,0x20,0x00,0x00,0x00,0x00,0x00,0x00,0x01,0x8e,0xff,0xff,0xff,0xff,0xff,0xfe,0x60,
  0x00,0x00,0x00,0x00,0x00,0x00,0x00,0x00,0x00,0x59,0xce,0xff,0xff,0xff,0xfc,0x00,0x00,0x00,0x00,0x00,0x00,0x00,0x00,0x00,
  0x00,0x00,0x00,0x00,0x07,0xff,0xff,0xa0,0x00,0x00,0x00,0x00,0x00,0x00,0x00,0x00,0x00,0x00,0x00,0x00,0x00,0xaf,0xff,0xf7,
  0x00,0x00,0x00,0x00,0x00,0x00,0x00,0x00,0x00,0x00,0x00,0x00,0x00,0x0d,0xff,0xff,0x40,0x00,0x00,0x00,0x00,0x00,0x00,0x00,
  0x00,0x00,0x00,0x00,0x00,0x02,0xff,0xff,0xf2,0x00,0x00,0x00,0x00,0x00,0x00,0x00,0x00,0x00,0x00,0x00,0x00,0x00,0x4f,0xff,
  0xfd,0x10,0x00,0x00,0x00,0x00,0x00,0x00,0x00,0x00,0x00,0x00,0x00,0x00,0x08,0xff,0xff,0xb0,0x00,0x00,0xbf,0xff,0xff,0xff,
  0xff,0xfe,0xda,0x72,0x00,0x00,0x00,0x00,0x00,0xbf,0xff,0xff,0xff,0xff,0xff,0xff,0xff,0xc2,0x00,0x00,0x00,0x00,0xbf,0xff,
  0xff,0xff,0xff,0xff,0xff,0xff,0xff,0x50,0x00,0x00,0x00,0xbf,0xff,0xa0,0x00,0x00,0x01,0x5b,0xff,0xff,0xf4,0x00,0x00,0x00,
  0xbf,0xff,0xa0,0x00,0x00,0x00,0x00,0x5f,0xff,0xfd,0x00,0x00,0x00,0xbf,0xff,0xa0,0x00,0x00,0x00,0x00,0x08,0xff,0xff,0x50,
  0x00,0x00,0xbf,0xff,0xa0,0x00,0x00,0x00,0x00,0x01,0xff,0xff,0xa0,0x00,0x00,0xbf,0xff,0xa0,0x00,0x00,0x00,0x00,0x00,0xcf,
  0xff,0xd0,0x00,0x00,0xbf,0xff,0xa0,0x00,0x00,0x00,0x00,0x00,0x9f,0xff,0xf0,0x00,0x00,0xbf,0xff,0xa0,0x00,0x00,0x00,0x00,
  0x00,0x9f,0xff,0xf0,0x00,0x00,0xbf,0xff,0xa0,0x00,0x00,0x00,0x00,0x00,0x9f,0xff,0xf0,0x00,0x00,0xbf,0xff,0xa0,0x00,0x00,
  0x00,0x00,0x00,0xcf,0xff,0xd0,0x00,0x00,0xbf,0xff,0xa0,0x00,0x00,0x00,0x00,0x01,0xff,0xff,0xa0,0x00,0x00,0xbf,0xff,0xa0,
  0x00,0x00,0x00,0x00,0x08,0xff,0xff,0x50,0x00,0x00,0xbf,0xff,0xa0,0x00,0x00,0x00,0x00,0x6f,0xff,0xfc,0x00,0x00,0x00,0xbf,
  0xff,0xa0,0x00,0x00,0x01,0x5b,0xff,0xff,0xe2,0x00,0x00,0x00,0xbf,0xff,0xff,0xff,0xff,0xff,0xff,0xff,0xfd,0x20,0x00,0x00,
  0x00,0xbf,0xff,0xff,0xff,0xff,0xff,0xff,0xfe,0x60,0x00,0x00,0x00,0x00,0xbf,0xff,0xff,0xff,0xff,0xff,0xff,0xff,0xc2,0x00,
  0x00,0x00,0x00,0xbf,0xff,0xa0,0x00,0x00,0x13,0x8f,0xff,0xfe,0x20,0x00,0x00,0x00,0xbf,0xff,0xa0,0x00,0x00,0x00,0x02,0xdf,
  0xff,0xe1,0x00,0x00,0x00,0xbf,0xff,0xa0,0x00,0x00,0x00,0x00,0x2f,0xff,0xfa,0x00,0x00,0x00,0xbf,0xff,0xa0,0x00,0x00,0x00,
  0x00,0x06,0xff,0xff,0x40,0x00,0x00,0xbf,0xff,0xa0,0x00,0x00,0x00,0x00,0x00,0xcf,0xff,0xd0,0x00,0x00,0xbf,0xff,0xa0,0x00,
  0x00,0x00,0x00,0x00,0x4f,0xff,0xf6,0x00,0x00,0xbf,0xff,0xa0,0x00,0x00,0x00,0x00,0x00,0x0b,0xff,0xfe,0x00,0x00,0xbf,0xff,
  0xa0,0x00,0x00,0x00,0x00,0x00,0x03,0xff,0xff,0x60,0x00,0xbf,0xff,0xa0,0x00,0x00,0x00,0x00,0x00,0x00,0xbf,0xff,0xe0,0x00,
  0xbf,0xff,0xa0,0x00,0x00,0x00,0x00,0x00,0x00,0x2f,0xff,0xf7,0x00,0xbf,0xff,0xa0,0x00,0x00,0x00,0x00,0x00,0x00,0x0a,0xff,
  0xfe,0x10,0xbf,0xff,0xa0,0x00,0x00,0x00,0x00,0x00,0x00,0x02,0xff,0xff,0x80,0xbf,0xff,0xa0,0x00,0x00,0x00,0x00,0x00,0x00,
  0x00,0x9f,0xff,0xf1,0x00,0x00,0x00,0x06,0x9c,0xef,0xfe,0xdb,0x84,0x00,0x00,0x00,0x00,0x00,0x19,0xff,0xff,0xff,0xff,0xff,
  0xff,0xfb,0x60,0x00,0x00,0x03,0xef,0xff,0xff,0xff,0xff,0xff,0xff,0xff,0xf8,0x00,0x00,0x3f,0xff,0xff,0xb6,0x21,0x01,0x26,
  0xaf,0xff,0xf8,0x00,0x00,0xdf,0xff,0xe3,0x00,0x00,0x00,0x00,0x00,0x6d,0xf8,0x00,0x06,0xff,0xff,0x20,0x00,0x00,0x00,0x00,
  0x00,0x00,0x67,0x00,0x0b,0xff,0xf9,0x00,0x00,0x00,0x00,0x00,0x00,0x00,0x00,0x00,0x0f,0xff,0xf5,0x00,0x00,0x00,0x00,0x00,
  0x00,0x00,0x00,0x00,0x0f,0xff,0xf4,0x00,0x00,0x00,0x00,0x00,0x00,0x00,0x00,0x00,0x0f,0xff,0xf5,0x00,0x00,0x00,0x00,0x00,
  0x00,0x00,0x00,0x00,0x0f,0xff,0xfa,0x00,0x00,0x00,0x00,0x00,0x00,0x00,0x00,0x00,0x0b,0xff,0xff,0x50,0x00,0x00,0x00,0x00,
  0x00,0x00,0x00,0x00,0x05,0xff,0xff,0xfa,0x30,0x00,0x00,0x00,0x00,0x00,0x00,0x00,0x00,0xcf,0xff,0xff,0xfe,0xa6,0x30,0x00,
  0x00,0x00,0x00,0x00,0x00,0x1d,0xff,0xff,0xff,0xff,0xff,0xc8,0x40,0x00,0x00,0x00,0x00,0x00,0x9f,0xff,0xff,0xff,0xff,0xff,
  0xfe,0x70,0x00,0x00,0x00,0x00,0x01,0x8d,0xff,0xff,0xff,0xff,0xff,0xfe,0x30,0x00,0x00,0x00,0x00,0x00,0x26,0x9c,0xff,0xff,
  0xff,0xff,0xf4,0x00,0x00,0x00,0x00,0x00,0x00,0x00,0x03,0x8e,0xff,0xff,0xff,0x20,0x00,0x00,0x00,0x00,0x00,0x00,0x00,0x00,
  0x6f,0xff,0xff,0xa0,0x00,0x00,0x00,0x00,0x00,0x00,0x00,0x00,0x03,0xff,0xff,0xf0,0x00,0x00,0x00,0x00,0x00,0x00,0x00,0x00,
  0x00,0x9f,0xff,0xf4,0x00,0x00,0x00,0x00,0x00,0x00,0x00,0x00,0x00,0x3f,0xff,0xf6,0x00,0x00,0x00,0x00,0x00,0x00,0x00,0x00,
  0x00,0x1f,0xff,0xf7,0x00,0x00,0x00,0x00,0x00,0x00,0x00,0x00,0x00,0x1f,0xff,0xf6,0x00,0x00,0x00,0x00,0x00,0x00,0x00,0x00,
  0x00,0x3f,0xff,0xf4,0x0a,0x10,0x00,0x00,0x00,0x00,0x00,0x00,0x00,0x8f,0xff,0xf1,0x0f,0xe5,0x00,0x00,0x00,0x00,0x00,0x00,
  0x03,0xff,0xff,0xb0,0x0f,0xff,0xd5,0x00,0x00,0x00,0x00,0x00,0x4e,0xff,0xff,0x30,0x0f,0xff,0xff,0xe9,0x52,0x10,0x13,0x6c,
  0xff,0xff,0xf7,0x00,0x0f,0xff,0xff,0xff,0xff,0xff,0xff,0xff,0xff,0xff,0x70,0x00,0x02,0x7c,0xff,0xff,0xff,0xff,0xff,0xff,
  0xff,0xa2,0x00,0x00,0x00,0x00,0x14,0x8a,0xde,0xff,0xee,0xc9,0x61,0x00,0x00,0x00,0x2f,0xff,0xff,0xff,0xff,0xff,0xff,0xff,
  0xff,0xff,0xff,0xff,0xff,0xff,0x2f,0xff,0xff,0xff,0xff,0xff,0xff,0xff,0xff,0xff,0xff,0xff,0xff,0xff,0x2f,0xff,0xff,0xff,
  0xff,0xff,0xff,0xff,0xff,0xff,0xff,0xff,0xff,0xff,0x00,0x00,0x00,0x00,0x00,0x00,0xbf,0xff,0xa0,0x00,0x00,0x00,0x00,0x00,
  0x00,0x00,0x00,0x00,0x00,0x00,0xbf,0xff,0xa0,0x00,0x00,0x00,0x00,0x00,0x00,0x00,0x00,0x00,0x00,0x00,0xbf,0xff,0xa0,0x00,
  0x00,0x00,0x00,0x00,0x00,0x00,0x00,0x00,0x00,0x00,0xbf,0xff,0xa0,0x00,0x00,0x00,0x00,0x00,0x00,0x00,0x00,0x00,0x00,0x00,
  0xbf,0xff,0xa0,0x00,0x00,0x00,0x00,0x00,0x00,0x00,0x00,0x00,0x00,0x00,0xbf,0xff,0xa0,0x00,0x00,0x00,0x00,0x00,0x00,0x00,
  0x00,0x00,0x00,0x00,0xbf,0xff,0xa0,0x00,0x00,0x00,0x00,0x00,0x00,0x00,0x00,0x00,0x00,0x00,0xbf,0xff,0xa0,0x00,0x00,0x00,
  0x00,0x00,0x00,0x00,0x00,0x00,0x00,0x00,0xbf,0xff,0xa0,0x00,0x00,0x00,0x00,0x00,0x00,0x00,0x00,0x00,0x00,0x00,0xbf,0xff,
  0xa0,0x00,0x00,0x00,0x00,0x00,0x00,0x00,0x00,0x00,0x00,0x00,0xbf,0xff,0xa0,0x00,0x00,0x00,0x00,0x00,0x00,0x00,0x00,0x00,
  0x00,0x00,0xbf,0xff,0xa0,0x00,0x00,0x00,0x00,0x00,0x00,0x00,0x00,0x00,0x00,0x00,0xbf,0xff,0xa0,0x00,0x00,0x00,0x00,0x00,
  0x00,0x00,0x00,0x00,0x00,0x00,0xbf,0xff,0xa0,0x00,0x00,0x00,0x00,0x00,0x00,0x00,0x00,0x00,0x00,0x00,0xbf,0xff,0xa0,0x00,
  0x00,0x00,0x00,0x00,0x00,0x00,0x00,0x00,0x00,0x00,0xbf,0xff,0xa0,0x00,0x00,0x00,0x00,0x00,0x00,0x00,0x00,0x00,0x00,0x00,
  0xbf,0xff,0xa0,0x00,0x00,0x00,0x00,0x00,0x00,0x00,0x00,0x00,0x00,0x00,0xbf,0xff,0xa0,0x00,0x00,0x00,0x00,0x00,0x00,0x00,
  0x00,0x00,0x00,0x00,0xbf,0xff,0xa0,0x00,0x00,0x00,0x00,0x00,0x00,0x00,0x00,0x00,0x00,0x00,0xbf,0xff,0xa0,0x00,0x00,0x00,
  0x00,0x00,0x00,0x00,0x00,0x00,0x00,0x00,0xbf,0xff,0xa0,0x00,0x00,0x00,0x00,0x00,0x00,0x00,0x00,0x00,0x00,0x00,0xbf,0xff,
  0xa0,0x00,0x00,0x00,0x00,0x00,0x00,0x00,0x00,0x00,0x00,0x00,0xbf,0xff,0xa0,0x00,0x00,0x00,0x00,0x00,0x00,0x00,0x00,0x00,
  0x00,0x00,0xbf,0xff,0xa0,0x00,0x00,0x00,0x00,0x00,0x00,0x00,0x00,0x00,0x00,0x00,0xbf,0xff,0xa0,0x00,0x00,0x00,0x00,0x00,
  0x00,0x00,0x00,0x00,0x00,0x00,0xbf,0xff,0xa0,0x00,0x00,0x00,0x00,0x00,0x00,0x00,0x00,0x00,0x00,0x00,0xbf,0xff,0xa0,0x00,
  0x00,0x00,0x00,0x00,0x00,0x00,0x00,0x00,0x00,0x00,0xbf,0xff,0xa0,0x00,0x00,0x00,0x00,0x00,0x00,0x00,0x00,0x00,0x00,0x00,
  0xbf,0xff,0xa0,0x00,0x00,0x00,0x00,0x00,0x2f,0xff,0xf3,0x00,0x00,0x00,0x00,0x00,0x00,0x00,0x0f,0xff,0xf6,0x2f,0xff,0xf3,
  0x00,0x00,0x00,0x00,0x00,0x00,0x00,0x0f,0xff,0xf6,0x2f,0xff,0xf3,0x00,0x00,0x00,0x00,0x00,0x00,0x00,0x0f,0xff,0xf6,0x2f,
  0xff,0xf3,0x00,0x00,0x00,0x00,0x00,0x00,0x00,0x0f,0xff,0xf6,0x2f,0xff,0xf3,0x00,0x00,0x00,0x00,0x00,0x00,0x00,0x0f,0xff,
  0xf6,0x2f,0xff,0xf3,0x00,0x00,0x00,0x00,0x00,0x00,0x00,0x0f,0xff,0xf6,0x2f,0xff,0xf3,0x00,0x00,0x00,0x00,0x00,0x00,0x00,
  0x0f,0xff,0xf6,0x2f,0xff,0xf3,0x00,0x00,0x00,0x00,0x00,0x00,0x00,0x0f,0xff,0xf6,0x2f,0xff,0xf3,0x00,0x00,0x00,0x00,0x00,
  0x00,0x00,0x0f,0xff,0xf6,0x2f,0xff,0xf3,0x00,0x00,0x00,0x00,0x00,0x00,0x00,0x0f,0xff,0xf6,0x2f,0xff,0xf3,0x00,0x00,0x00,
  0x00,0x00,0x00,0x00,0x0f,0xff,0xf6,0x2f,0xff,0xf3,0x00,0x00,0x00,0x00,0x00,0x00,0x00,0x0f,0xff,0xf6,0x2f,0xff,0xf3,0x00,
  0x00,0x00,0x00,0x00,0x00,0x00,0x0f,0xff,0xf6,0x2f,0xff,0xf3,0x00,0x00,0x00,0x00,0x00,0x00,0x00,0x0f,0xff,0xf6,0x2f,0xff,
  0xf3,0x00,0x00,0x00,0x00,0x00,0x00,0x00,0x0f,0xff,0xf6,0x2f,0xff,0xf3,0x00,0x00,0x00,0x00,0x00,0x00,0x00,0x0f,0xff,0xf6,
  0x2f,0xff,0xf3,0x00,0x00,0x00,0x00,0x00,0x00,0x00,0x0f,0xff,0xf6,0x2f,0xff,0xf3,0x00,0x00,0x00,0x00,0x00,0x00,0x00,0x0f,
  0xff,0xf6,0x2f,0xff,0xf3,0x00,0x00,0x00,0x00,0x00,0x00,0x00,0x0f,0xff,0xf6,0x2f,0xff,0xf3,0x00,0x00,0x00,0x00,0x00,0x00,
  0x00,0x0f,0xff,0xf5,0x2f,0xff,0xf3,0x00,0x00,0x00,0x00,0x00,0x00,0x00,0x0f,0xff,0xf5,0x1f,0xff,0xf4,0x00,0x00,0x00,0x00,
  0x00,0x00,0x00,0x1f,0xff,0xf4,0x0f,0xff,0xf6,0x00,0x00,0x00,0x00,0x00,0x00,0x00,0x3f,0xff,0xf2,0x0c,0xff,0xf9,0x00,0x00,
  0x00,0x00,0x00,0x00,0x00,0x6f,0xff,0xf0,0x08,0xff,0xfe,0x00,0x00,0x00,0x00,0x00,0x00,0x00,0xbf,0xff,0xc0,0x03,0xff,0xff,
  0x40,0x00,0x00,0x00,0x00,0x00,0x01,0xff,0xff,0x60,0x00,0xcf,0xff,0xd0,0x00,0x00,0x00,0x00,0x00,0x0b,0xff,0xfe,0x00,0x00,
  0x3f,0xff,0xfc,0x10,0x00,0x00,0x00,0x00,0xaf,0xff,0xf6,0x00,0x00,0x07,0xff,0xff,0xf9,0x41,0x00,0x14,0x8e,0xff,0xff,0xa0,
  0x00,0x00,0x00,0x6f,0xff,0xff,0xff,0xff,0xff,0xff,0xff,0xf8,0x00,0x00,0x00,0x00,0x02,0xaf,0xff,0xff,0xff,0xff,0xff,0xfc,
  0x40,0x00,0x00,0x00,0x00,0x00,0x01,0x6a,0xde,0xff,0xed,0xb7,0x20,0x00,0x00,0x00,0x7f,0xff,0xf1,0x00,0x00,0x00,0x00,0x00,
  0x00,0x00,0x00,0x00,0x0e,0xff,0xf8,0x1f,0xff,0xf7,0x00,0x00,0x00,0x00,0x00,0x00,0x00,0x00,0x00,0x5f,0xff,0xf2,0x0b,0xff,
  0xfd,0x00,0x00,0x00,0x00,0x00,0x00,0x00,0x00,0x00,0xbf,0xff,0xc0,0x05,0xff,0xff,0x30,0x00,0x00,0x00,0x00,0x00,0x00,0x00,
  0x01,0xff,0xff,0x60,0x00,0xef,0xff,0x90,0x00,0x00,0x00,0x00,0x00,0x00,0x00,0x07,0xff,0xff,0x00,0x00,0x8f,0xff,0xe0,0x00,
  0x00,0x00,0x00,0x00,0x00,0x00,0x0d,0xff,0xfa,0x00,0x00,0x2f,0xff,0xf5,0x00,0x00,0x00,0x00,0x00,0x00,0x00,0x3f,0xff,0xf4,
  0x00,0x00,0x0c,0xff,0xfb,0x00,0x00,0x00,0x00,0x00,0x00,0x00,0x9f,0xff,0xd0,0x00,0x00,0x06,0xff,0xff,0x10,0x00,0x00,0x00,
  0x00,0x00,0x00,0xff,0xff,0x70,0x00,0x00,0x00,0xff,0xff,0x70,0x00,0x00,0x00,0x00,0x00,0x05,0xff,0xff,0x10,0x00,0x00,0x00,
  0xaf,0xff,0xd0,0x00,0x00,0x00,0x00,0x00,0x0b,0xff,0xfb,0x00,0x00,0x00,0x00,0x4f,0xff,0xf3,0x00,0x00,0x00,0x00,0x00,0x2f,
  0xff,0xf5,0x00,0x00,0x00,0x00,0x0d,0xff,0xf9,0x00,0x00,0x00,0x00,0x00,0x8f,0xff,0xe0,0x00,0x00,0x00,0x00,0x07,0xff,0xfe,
  0x00,0x00,0x00,0x00,0x00,0xdf,0xff,0x90,0x00,0x00,0x00,0x00,0x01,0xff,0xff,0x50,0x00,0x00,0x00,0x04,0xff,0xff,0x30,0x00,
  0x00,0x00,0x00,0x00,0xbf,0xff,0xb0,0x00,0x00,0x00,0x0a,0xff,0xfd,0x00,0x00,0x00,0x00,0x00,0x00,0x5f,0xff,0xf1,0x00,0x00,
  0x00,0x0f,0xff,0xf6,0x00,0x00,0x00,0x00,0x00,0x00,0x0e,0xff,0xf7,0x00,0x00,0x00,0x6f,0xff,0xf1,0x00,0x00,0x00,0x00,0x00,
  0x00,0x09,0xff,0xfd,0x00,0x00,0x00,0xcf,0xff,0xa0,0x00,0x00,0x00,0x00,0x00,0x00,0x03,0xff,0xff,0x30,0x00,0x02,0xff,0xff,
  0x40,0x00,0x00,0x00,0x00,0x00,0x00,0x00,0xcf,0xff,0x90,0x00,0x08,0xff,0xfe,0x00,0x00,0x00,0x00,0x00,0x00,0x00,0x00,0x6f,
  0xff,0xf0,0x00,0x0e,0xff,0xf8,0x00,0x00,0x00,0x00,0x00,0x00,0x00,0x00,0x1f,0xff,0xf5,0x00,0x4f,0xff,0xf2,0x00,0x00,0x00,
  0x00,0x00,0x00,0x00,0x00,0x0a,0xff,0xfb,0x00,0xaf,0xff,0xc0,0x00,0x00,0x00,0x00,0x00,0x00,0x00,0x00,0x04,0xff,0xff,0x21,
  0xff,0xff,0x60,0x00,0x00,0x00,0x00,0x00,0x00,0x00,0x00,0x00,0xef,0xff,0x86,0xff,0xff,0x00,0x00,0x00,0x00,0x00,0x00,0x00,
  0x00,0x00,0x00,0x8f,0xff,0xdc,0xff,0xf9,0x00,0x00,0x00,0x00,0x00,0x00,0x00,0x00,0x00,0x00,0x2f,0xff,0xff,0xff,0xf3,0x00,
  0x00,0x00,0x00,0x00,0x00,0x00,0x00,0x00,0x00,0x0c,0xff,0xff,0xff,0xd0,0x00,0x00,0x00,0x00,0x00,0x00,0x00,0x00,0x00,0x00,
  0x05,0xff,0xff,0xff,0x70,0x00,0x00,0x00,0x00,0x00,0x00,0x00,0x00,0x00,0x00,0x00,0xff,0xff,0xff,0x10,0x00,0x00,0x00,0x00,
  0x00,0x00,0x00,0x00,0x00,0x00,0x00,0x9f,0xff,0xfb,0x00,0x00,0x00,0x00,0x00,0x00,0x6f,0xff,0xf0,0x00,0x00,0x00,0x00,0x00,
  0x00,0xdf,0xff,0xf4,0x00,0x00,0x00,0x00,0x00,0x00,0x7f,0xff,0xe0,0x2f,0xff,0xf3,0x00,0x00,0x00,0x00,0x00,0x01,0xff,0xff,
  0xf8,0x00,0x00,0x00,0x00,0x00,0x00,0xbf,0xff,0xa0,0x0e,0xff,0xf7,0x00,0x00,0x00,0x00,0x00,0x04,0xff,0xff,0xfc,0x00,0x00,
  0x00,0x00,0x00,0x00,0xff,0xff,0x60,0x0a,0xff,0xfb,0x00,0x00,0x00,0x00,0x00,0x08,0xff,0xff,0xff,0x10,0x00,0x00,0x00,0x00,
  0x03,0xff,0xff,0x20,0x06,0xff,0xff,0x00,0x00,0x00,0x00,0x00,0x0c,0xff,0xdf,0xff,0x40,0x00,0x00,0x00,0x00,0x07,0xff,0xfe,
  0x00,0x02,0xff,0xff,0x30,0x00,0x00,0x00,0x00,0x1f,0xff,0x7e,0xff,0x80,0x00,0x00,0x00,0x00,0x0b,0xff,0xfa,0x00,0x00,0xef,
  0xff,0x70,0x00,0x00,0x00,0x00,0x4f,0xff,0x3a,0xff,0xc0,0x00,0x00,0x00,0x00,0x0f,0xff,0xf6,0x00,0x00,0xaf,0xff,0xb0,0x00,
  0x00,0x00,0x00,0x8f,0xff,0x06,0xff,0xf1,0x00,0x00,0x00,0x00,0x3f,0xff,0xf2,0x00,0x00,0x6f,0xff,0xf0,0x00,0x00,0x00,0x00,
  0xcf,0xfb,0x02,0xff,0xf4,0x00,0x00,0x00,0x00,0x7f,0xff,0xe0,0x00,0x00,0x2f,0xff,0xf3,0x00,0x00,0x00,0x00,0xff,0xf7,0x00,
  0xef,0xf8,0x00,0x00,0x00,0x00,0xbf,0xff,0xa0,0x00,0x00,0x0e,0xff,0xf7,0x00,0x00,0x00,0x04,0xff,0xf3,0x00,0xbf,0xfc,0x00,
  0x00,0x00,0x00,0xff,0xff,0x60,0x00,0x00,0x0a,0xff,0xfb,0x00,0x00,0x00,0x08,0xff,0xf0,0x00,0x7f,0xff,0x10,0x00,0x00,0x03,
  0xff,0xff,0x20,0x00,0x00,0x06,0xff,0xff,0x00,0x00,0x00,0x0c,0xff,0xb0,0x00,0x3f,0xff,0x40,0x00,0x00,0x07,0xff,0xfe,0x00,
  0x00,0x00,0x02,0xff,0xff,0x30,0x00,0x00,0x0f,0xff,0x70,0x00,0x0f,0xff,0x80,0x00,0x00,0x0b,0xff,0xfa,0x00,0x00,0x00,0x00,
  0xef,0xff,0x70,0x00,0x00,0x4f,0xff,0x40,0x00,0x0b,0xff,0xc0,0x00,0x00,0x0e,0xff,0xf6,0x00,0x00,0x00,0x00,0xaf,0xff,0xb0,
  0x00,0x00,0x8f,0xff,0x00,0x00,0x07,0xff,0xf1,0x00,0x00,0x3f,0xff,0xf2,0x00,0x00,0x00,0x00,0x6f,0xff,0xf0,0x00,0x00,0xcf,
  0xfc,0x00,0x00,0x03,0xff,0xf4,0x00,0x00,0x7f,0xff,0xe0,0x00,0x00,0x00,0x00,0x2f,0xff,0xf3,0x00,0x00,0xff,0xf8,0x00,0x00,
  0x00,0xff,0xf8,0x00,0x00,0xbf,0xff,0xa0,0x00,0x00,0x00,0x00,0x0e,0xff,0xf7,0x00,0x04,0xff,0xf4,0x00,0x00,0x00,0xbf,0xfc,
  0x00,0x00,0xef,0xff,0x60,0x00,0x00,0x00,0x00,0x0a,0xff,0xfb,0x00,0x08,0xff,0xf0,0x00,0x00,0x00,0x8f,0xff,0x10,0x03,0xff,
  0xff,0x20,0x00,0x00,0x00,0x00,0x06,0xff,0xff,0x00,0x0c,0xff,0xc0,0x00,0x00,0x00,0x4f,0xff,0x40,0x07,0xff,0xfe,0x00,0x00,
  0x00,0x00,0x00,0x02,0xff,0xff,0x30,0x0f,0xff,0x80,0x00,0x00,0x00,0x0f,0xff,0x80,0x0b,0xff,0xfa,0x00,0x00,0x00,0x00,0x00,
  0x00,0xef,0xff,0x70,0x4f,0xff,0x40,0x00,0x00,0x00,0x0c,0xff,0xc0,0x0e,0xff,0xf6,0x00,0x00,0x00,0x00,0x00,0x00,0xaf,0xff,
  0xb0,0x8f,0xff,0x00,0x00,0x00,0x00,0x08,0xff,0xf0,0x2f,0xff,0xf2,0x00,0x00,0x00,0x00,0x00,0x00,0x6f,0xff,0xf0,0xcf,0xfc,
  0x00,0x00,0x00,0x00,0x04,0xff,0xf4,0x6f,0xff,0xe0,0x00,0x00,0x00,0x00,0x00,0x00,0x2f,0xff,0xf4,0xff,0xf8,0x00,0x00,0x00,
  0x00,0x00,0xff,0xf8,0xaf,0xff,0xa0,0x00,0x00,0x00,0x00,0x00,0x00,0x0e,0xff,0xfb,0xff,0xf4,0x00,0x00,0x00,0x00,0x00,0xcf,
  0xfc,0xef,0xff,0x60,0x00,0x00,0x00,0x00,0x00,0x00,0x0a,0xff,0xff,0xff,0xf1,0x00,0x00,0x00,0x00,0x00,0x8f,0xff,0xff,0xff,
  0x20,0x00,0x00,0x00,0x00,0x00,0x00,0x06,0xff,0xff,0xff,0xc0,0x00,0x00,0x00,0x00,0x00,0x4f,0xff,0xff,0xfe,0x00,0x00,0x00,
  0x00,0x00,0x00,0x00,0x02,0xff,0xff,0xff,0x90,0x00,0x00,0x00,0x00,0x00,0x1f,0xff,0xff,0xfa,0x00,0x00,0x00,0x00,0x00,0x00,
  0x00,0x00,0xef,0xff,0xff,0x50,0x00,0x00,0x00,0x00,0x00,0x0d,0xff,0xff,0xf6,0x00,0x00,0x00,0x00,0x00,0x00,0x00,0x00,0xaf,
  0xff,0xff,0x10,0x00,0x00,0x00,0x00,0x00,0x09,0xff,0xff,0xf2,0x00,0x00,0x00,0x00,0x00,0xdf,0xff,0xb0,0x00,0x00,0x00,0x00,
  0x00,0x00,0x00,0xdf,0xff,0xb0,0x00,0x3f,0xff,0xf6,0x00,0x00,0x00,0x00,0x00,0x00,0x09,0xff,0xfe,0x10,0x00,0x09,0xff,0xff,
  0x20,0x00,0x00,0x00,0x00,0x00,0x4f,0xff,0xf5,0x00,0x00,0x00,0xdf,0xff,0xb0,0x00,0x00,0x00,0x00,0x01,0xef,0xff,0xa0,0x00,
  0x00,0x00,0x3f,0xff,0xf6,0x00,0x00,0x00,0x00,0x0a,0xff,0xfe,0x10,0x00,0x00,0x00,0x09,0xff,0xff,0x20,0x00,0x00,0x00,0x6f,
  0xff,0xf4,0x00,0x00,0x00,0x00,0x00,0xdf,0xff,0xc0,0x00,0x00,0x01,0xff,0xff,0x90,0x00,0x00,0x00,0x00,0x00,0x3f,0xff,0xf6,
  0x00,0x00,0x0c,0xff,0xfd,0x00,0x00,0x00,0x00,0x00,0x00,0x09,0xff,0xff,0x20,0x00,0x7f,0xff,0xf3,0x00,0x00,0x00,0x00,0x00,
  0x00,0x00,0xdf,0xff,0xc0,0x02,0xff,0xff,0x80,0x00,0x00,0x00,0x00,0x00,0x00,0x00,0x3f,0xff,0xf6,0x0c,0xff,0xfc,0x00,0x00,
  0x00,0x00,0x00,0x00,0x00,0x00,0x09,0xff,0xff,0xaf,0xff,0xf2,0x00,0x00,0x00,0x00,0x00,0x00,0x00,0x00,0x00,0xdf,0xff,0xff,
  0xff,0x70,0x00,0x00,0x00,0x00,0x00,0x00,0x00,0x00,0x00,0x3f,0xff,0xff,0xfc,0x00,0x00,0x00,0x00,0x00,0x00,0x00,0x00,0x00,
  0x00,0x09,0xff,0xff,0xf2,0x00,0x00,0x00,0x00,0x00,0x00,0x00,0x00,0x00,0x00,0x05,0xff,0xff,0xc0,0x00,0x00,0x00,0x00,0x00,
  0x00,0x00,0x00,0x00,0x00,0x1e,0xff,0xff,0xf6,0x00,0x00,0x00,0x00,0x00,0x00,0x00,0x00,0x00,0x00,0xaf,0xff,0xff,0xff,0x20,
  0x00,0x00,0x00,0x00,0x00,0x00,0x00,0x00,0x05,0xff,0xff,0xef,0xff,0xc0,0x00,0x00,0x00,0x00,0x00,0x00,0x00,0x00,0x1f,0xff,
  0xf9,0x3f,0xff,0xf6,0x00,0x00,0x00,0x00,0x00,0x00,0x00,0x00,0xbf,0xff,0xe0,0x09,0xff,0xff,0x20,0x00,0x00,0x00,0x00,0x00,
  0x00,0x06,0xff,0xff,0x30,0x00,0xdf,0xff,0xc0,0x00,0x00,0x00,0x00,0x00,0x00,0x2f,0xff,0xf8,0x00,0x00,0x3f,0xff,0xf6,0x00,
  0x00,0x00,0x00,0x00,0x00,0xcf,0xff,0xd0,0x00,0x00,0x09,0xff,0xff,0x20,0x00,0x00,0x00,0x00,0x08,0xff,0xff,0x30,0x00,0x00,
  0x00,0xdf,0xff,0xc0,0x00,0x00,0x00,0x00,0x3f,0xff,0xf7,0x00,0x00,0x00,0x00,0x3f,0xff,0xf6,0x00,0x00,0x00,0x00,0xdf,0xff,
  0xc0,0x00,0x00,0x00,0x00,0x09,0xff,0xff,0x20,0x00,0x00,0x09,0xff,0xff,0x20,0x00,0x00,0x00,0x00,0x00,0xdf,0xff,0xc0,0x00,
  0x00,0x4f,0xff,0xf6,0x00,0x00,0x00,0x00,0x00,0x00,0x3f,0xff,0xf6,0x00,0x01,0xef,0xff,0xb0,0x00,0x00,0x00,0x00,0x00,0x00,
  0x08,0xff,0xff,0x20,0x0a,0xff,0xfe,0x10,0x00,0x00,0x00,0x00,0x00,0x00,0x00,0xdf,0xff,0xc0,0x5f,0xff,0xf5,0x00,0x00,0x00,
  0x00,0x00,0x00,0x00,0x00,0x3f,0xff,0xf6,0x0b,0xff,0xfd,0x00,0x00,0x00,0x00,0x00,0x00,0x00,0x00,0x1e,0xff,0xfa,0x02,0xff,
  0xff,0x90,0x00,0x00,0x00,0x00,0x00,0x00,0x00,0xbf,0xff,0xe1,0x00,0x6f,0xff,0xf4,0x00,0x00,0x00,0x00,0x00,0x00,0x06,0xff,
  0xff,0x40,0x00,0x0b,0xff,0xfe,0x00,0x00,0x00,0x00,0x00,0x00,0x1f,0xff,0xf9,0x00,0x00,0x01,0xef,0xff,0x90,0x00,0x00,0x00,
  0x00,0x00,0xbf,0xff,0xd0,0x00,0x00,0x00,0x5f,0xff,0xf4,0x00,0x00,0x00,0x00,0x06,0xff,0xff,0x40,0x00,0x00,0x00,0x0b,0xff,
  0xfe,0x10,0x00,0x00,0x00,0x1f,0xff,0xf9,0x00,0x00,0x00,0x00,0x01,0xef,0xff,0xa0,0x00,0x00,0x00,0xbf,0xff,0xd0,0x00,0x00,
  0x00,0x00,0x00,0x5f,0xff,0xf5,0x00,0x00,0x06,0xff,0xff,0x30,0x00,0x00,0x00,0x00,0x00,0x0a,0xff,0xfe,0x10,0x00,0x2f,0xff,
  0xf8,0x00,0x00,0x00,0x00,0x00,0x00,0x01,0xef,0xff,0xa0,0x00,0xbf,0xff,0xd0,0x00,0x00,0x00,0x00,0x00,0x00,0x00,0x4f,0xff,
  0xf5,0x06,0xff,0xff,0x30,0x00,0x00,0x00,0x00,0x00,0x00,0x00,0x0a,0xff,0xfe,0x3f,0xff,0xf8,0x00,0x00,0x00,0x00,0x00,0x00,
  0x00,0x00,0x00,0xef,0xff,0xff,0xff,0xd0,0x00,0x00,0x00,0x00,0x00,0x00,0x00,0x00,0x00,0x4f,0xff,0xff,0xff,0x20,0x00,0x00,
  0x00,0x00,0x00,0x00,0x00,0x00,0x00,0x09,0xff,0xff,0xf7,0x00,0x00,0x00,0x00,0x00,0x00,0x00,0x00,0x00,0x00,0x00,0xef,0xff,
  0xc0,0x00,0x00,0x00,0x00,0x00,0x00,0x00,0x00,0x00,0x00,0x00,0xbf,0xff,0xa0,0x00,0x00,0x00,0x00,0x00,0x00,0x00,0x00,0x00,
  0x00,0x00,0xbf,0xff,0xa0,0x00,0x00,0x00,0x00,0x00,0x00,0x00,0x00,0x00,0x00,0x00,0xbf,0xff,0xa0,0x00,0x00,0x00,0x00,0x00,
  0x00,0x00,0x00,0x00,0x00,0x00,0xbf,0xff,0xa0,0x00,0x00,0x00,0x00,0x00,0x00,0x00,0x00,0x00,0x00,0x00,0xbf,0xff,0xa0,0x00,
  0x00,0x00,0x00,0x00,0x00,0x00,0x00,0x00,0x00,0x00,0xbf,0xff,0xa0,0x00,0x00,0x00,0x00,0x00,0x00,0x00,0x00,0x00,0x00,0x00,
  0xbf,0xff,0xa0,0x00,0x00,0x00,0x00,0x00,0x00,0x00,0x00,0x00,0x00,0x00,0xbf,0xff,0xa0,0x00,0x00,0x00,0x00,0x00,0x00,0x00,
  0x00,0x00,0x00,0x00,0xbf,0xff,0xa0,0x00,0x00,0x00,0x00,0x00,0x00,0x00,0x00,0x00,0x00,0x00,0xbf,0xff,0xa0,0x00,0x00,0x00,
  0x00,0x00,0x00,0x00,0x00,0x00,0x00,0x00,0xbf,0xff,0xa0,0x00,0x00,0x00,0x00,0x00,0x00,0x00,0x00,0x00,0x00,0x00,0xbf,0xff,
  0xa0,0x00,0x00,0x00,0x00,0x00,0x00,0x00,0x00,0x00,0x00,0x00,0xbf,0xff,0xa0,0x00,0x00,0x00,0x00,0x00,0x00,0x00,0x00,0x00,
  0x00,0x00,0xbf,0xff,0xa0,0x00,0x00,0x00,0x00,0x00,0x00,0x00,0x00,0x00,0x00,0x00,0xbf,0xff,0xa0,0x00,0x00,0x00,0x00,0x00,
  0x08,0xff,0xff,0xff,0xff,0xff,0xff,0xff,0xff,0xff,0xff,0xff,0xff,0xa0,0x08,0xff,0xff,0xff,0xff,0xff,0xff,0xff,0xff,0xff,
  0xff,0xff,0xff,0xa0,0x08,0xff,0xff,0xff,0xff,0xff,0xff,0xff,0xff,0xff,0xff,0xff,0xff,0xa0,0x00,0x00,0x00,0x00,0x00,0x00,
  0x00,0x00,0x00,0x00,0x2f,0xff,0xff,0x80,0x00,0x00,0x00,0x00,0x00,0x00,0x00,0x00,0x00,0x01,0xdf,0xff,0xfc,0x00,0x00,0x00,
  0x00,0x00,0x00,0x00,0x00,0x00,0x00,0x0b,0xff,0xff,0xe1,0x00,0x00,0x00,0x00,0x00,0x00,0x00,0x00,0x00,0x00,0x8f,0xff,0xff,
  0x30,0x00,0x00,0x00,0x00,0x00,0x00,0x00,0x00,0x00,0x04,0xff,0xff,0xf6,0x00,0x00,0x00,0x00,0x00,0x00,0x00,0x00,0x00,0x00,
  0x2f,0xff,0xff,0x90,0x00,0x00,0x00,0x00,0x00,0x00,0x00,0x00,0x00,0x00,0xdf,0xff,0xfc,0x00,0x00,0x00,0x00,0x00,0x00,0x00,
  0x00,0x00,0x00,0x0a,0xff,0xff,0xe1,0x00,0x00,0x00,0x00,0x00,0x00,0x00,0x00,0x00,0x00,0x7f,0xff,0xff,0x40,0x00,0x00,0x00,
  0x00,0x00,0x00,0x00,0x00,0x00,0x04,0xff,0xff,0xf7,0x00,0x00,0x00,0x00,0x00,0x00,0x00,0x00,0x00,0x00,0x1e,0xff,0xff,0xa0,
  0x00,0x00,0x00,0x00,0x00,0x00,0x00,0x00,0x00,0x00,0xcf,0xff,0xfd,0x00,0x00,0x00,0x00,0x00,0x00,0x00,0x00,0x00,0x00,0x0a,
  0xff,0xff,0xe2,0x00,0x00,0x00,0x00,0x00,0x00,0x00,0x00,0x00,0x00,0x6f,0xff,0xff,0x40,0x00,0x00,0x00,0x00,0x00,0x00,0x00,
  0x00,0x00,0x03,0xff,0xff,0xf7,0x00,0x00,0x00,0x00,0x00,0x00,0x00,0x00,0x00,0x00,0x1e,0xff,0xff,0xb0,0x00,0x00,0x00,0x00,
  0x00,0x00,0x00,0x00,0x00,0x00,0xcf,0xff,0xfd,0x00,0x00,0x00,0x00,0x00,0x00,0x00,0x00,0x00,0x00,0x09,0xff,0xff,0xf2,0x00,
  0x00,0x00,0x00,0x00,0x00,0x00,0x00,0x00,0x00,0x6f,0xff,0xff,0x50,0x00,0x00,0x00,0x00,0x00,0x00,0x00,0x00,0x00,0x03,0xff,
  0xff,0xf8,0x00,0x00,0x00,0x00,0x00,0x00,0x00,0x00,0x00,0x00,0x1e,0xff,0xff,0xb0,0x00,0x00,0x00,0x00,0x00,0x00,0x00,0x00,
  0x00,0x00,0xbf,0xff,0xfe,0x10,0x00,0x00,0x00,0x00,0x00,0x00,0x00,0x00,0x00,0x08,0xff,0xff,0xf3,0x00,0x00,0x00,0x00,0x00,
  0x00,0x00,0x00,0x00,0x00,0x5f,0xff,0xff,0x50,0x00,0x00,0x00,0x00,0x00,0x00,0x00,0x00,0x00,0x02,0xff,0xff,0xf9,0x00,0x00,
  0x00,0x00,0x00,0x00,0x00,0x00,0x00,0x00,0x0d,0xff,0xff,0xc0,0x00,0x00,0x00,0x00,0x00,0x00,0x00,0x00,0x00,0x00,0x0f,0xff,
  0xff,0xff,0xff,0xff,0xff,0xff,0xff,0xff,0xff,0xff,0xff,0xf2,0x0f,0xff,0xff,0xff,0xff,0xff,0xff,0xff,0xff,0xff,0xff,0xff,
  0xff,0xf2,0x0f,0xff,0xff,0xff,0xff,0xff,0xff,0xff,0xff,0xff,0xff,0xff,0xff,0xf2,0x3f,0xff,0xff,0xff,0xfe,0x3f,0xff,0xff,
  0xff,0xfe,0x3f,0xff,0xff,0xff,0xfe,0x3f,0xff,0xb0,0x00,0x00,0x3f,0xff,0xb0,0x00,0x00,0x3f,0xff,0xb0,0x00,0x00,0x3f,0xff,
  0xb0,0x00,0x00,0x3f,0xff,0xb0,0x00,0x00,0x3f,0xff,0xb0,0x00,0x00,0x3f,0xff,0xb0,0x00,0x00,0x3f,0xff,0xb0,0x00,0x00,0x3f,
  0xff,0xb0,0x00,0x00,0x3f,0xff,0xb0,0x00,0x00,0x3f,0xff,0xb0,0x00,0x00,0x3f,0xff,0xb0,0x00,0x00,0x3f,0xff,0xb0,0x00,0x00,
  0x3f,0xff,0xb0,0x00,0x00,0x3f,0xff,0xb0,0x00,0x00,0x3f,0xff,0xb0,0x00,0x00,0x3f,0xff,0xb0,0x00,0x00,0x3f,0xff,0xb0,0x00,
  0x00,0x3f,0xff,0xb0,0x00,0x00,0x3f,0xff,0xb0,0x00,0x00,0x3f,0xff,0xb0,0x00,0x00,0x3f,0xff,0xb0,0x00,0x00,0x3f,0xff,0xb0,
  0x00,0x00,0x3f,0xff,0xb0,0x00,0x00,0x3f,0xff,0xb0,0x00,0x00,0x3f,0xff,0xb0,0x00,0x00,0x3f,0xff,0xb0,0x00,0x00,0x3f,0xff,
  0xb0,0x00,0x00,0x3f,0xff,0xb0,0x00,0x00,0x3f,0xff,0xb0,0x00,0x00,0x3f,0xff,0xb0,0x00,0x00,0x3f,0xff,0xb0,0x00,0x00,0x3f,
  0xff,0xb0,0x00,0x00,0x3f,0xff,0xff,0xff,0xfe,0x3f,0xff,0xff,0xff,0xfe,0x3f,0xff,0xff,0xff,0xfe,0xdf,0xfc,0x00,0x00,0x00,
  0x00,0x00,0x00,0x8f,0xff,0x10,0x00,0x00,0x00,0x00,0x00,0x3f,0xff,0x60,0x00,0x00,0x00,0x00,0x00,0x0e,0xff,0xb0,0x00,0x00,
  0x00,0x00,0x00,0x09,0xff,0xf1,0x00,0x00,0x00,0x00,0x00,0x04,0xff,0xf5,0x00,0x00,0x00,0x00,0x00,0x00,0xff,0xfa,0x00,0x00,
  0x00,0x00,0x00,0x00,0xaf,0xff,0x00,0x00,0x00,0x00,0x00,0x00,0x5f,0xff,0x40,0x00,0x00,0x00,0x00,0x00,0x1f,0xff,0x90,0x00,
  0x00,0x00,0x00,0x00,0x0b,0xff,0xe0,0x00,0x00,0x00,0x00,0x00,0x06,0xff,0xf3,0x00,0x00,0x00,0x00,0x00,0x01,0xff,0xf8,0x00,
  0x00,0x00,0x00,0x00,0x00,0xdf,0xfd,0x00,0x00,0x00,0x00,0x00,0x00,0x8f,0xff,0x20,0x00,0x00,0x00,0x00,0x00,0x3f,0xff,0x70,
  0x00,0x00,0x00,0x00,0x00,0x0e,0xff,0xc0,0x00,0x00,0x00,0x00,0x00,0x09,0xff,0xf1,0x00,0x00,0x00,0x00,0x00,0x04,0xff,0xf6,
  0x00,0x00,0x00,0x00,0x00,0x00,0xef,0xfb,0x00,0x00,0x00,0x00,0x00,0x00,0xaf,0xff,0x00,0x00,0x00,0x00,0x00,0x00,0x5f,0xff,
  0x50,0x00,0x00,0x00,0x00,0x00,0x0f,0xff,0xa0,0x00,0x00,0x00,0x00,0x00,0x0b,0xff,0xe0,0x00,0x00,0x00,0x00,0x00,0x06,0xff,
  0xf4,0x00,0x00,0x00,0x00,0x00,0x01,0xff,0xf9,0x00,0x00,0x00,0x00,0x00,0x00,0xcf,0xfe,0x00,0x00,0x00,0x00,0x00,0x00,0x7f,
  0xff,0x30,0x00,0x00,0x00,0x00,0x00,0x2f,0xff,0x70,0x00,0x00,0x00,0x00,0x00,0x0d,0xff,0xc0,0x00,0x00,0x00,0x00,0x00,0x08,
  0xff,0xf1,0x00,0x00,0x00,0x00,0x00,0x03,0xff,0xf6,0x00,0x00,0x00,0x00,0x00,0x00,0xef,0xfb,0x00,0x00,0x00,0x00,0x00,0x00,
  0x9f,0xff,0x10,0x00,0x00,0x00,0x00,0x00,0x4f,0xff,0x50,0x00,0x00,0x00,0x00,0x00,0x0f,0xff,0xa0,0xbf,0xff,0xff,0xff,0xf6,
  0xbf,0xff,0xff,0xff,0xf6,0xbf,0xff,0xff,0xff,0xf6,0x00,0x00,0x09,0xff,0xf6,0x00,0x00,0x09,0xff,0xf6,0x00,0x00,0x09,0xff,
  0xf6,0x00,0x00,0x09,0xff,0xf6,0x00,0x00,0x09,0xff,0xf6,0x00,0x00,0x09,0xff,0xf6,0x00,0x00,0x09,0xff,0xf6,0x00,0x00,0x09,
  0xff,0xf6,0x00,0x00,0x09,0xff,0xf6,0x00,0x00,0x09,0xff,0xf6,0x00,0x00,0x09,0xff,0xf6,0x00,0x00,0x09,0xff,0xf6,0x00,0x00,
  0x09,0xff,0xf6,0x00,0x00,0x09,0xff,0xf6,0x00,0x00,0x09,0xff,0xf6,0x00,0x00,0x09,0xff,0xf6,0x00,0x00,0x09,0xff,0xf6,0x00,
  0x00,0x09,0xff,0xf6,0x00,0x00,0x09,0xff,0xf6,0x00,0x00,0x09,0xff,0xf6,0x00,0x00,0x09,0xff,0xf6,0x00,0x00,0x09,0xff,0xf6,
  0x00,0x00,0x09,0xff,0xf6,0x00,0x00,0x09,0xff,0xf6,0x00,0x00,0x09,0xff,0xf6,0x00,0x00,0x09,0xff,0xf6,0x00,0x00,0x09,0xff,
  0xf6,0x00,0x00,0x09,0xff,0xf6,0x00,0x00,0x09,0xff,0xf6,0x00,0x00,0x09,0xff,0xf6,0x00,0x00,0x09,0xff,0xf6,0x00,0x00,0x09,
  0xff,0xf6,0x00,0x00,0x09,0xff,0xf6,0xbf,0xff,0xff,0xff,0xf6,0xbf,0xff,0xff,0xff,0xf6,0xbf,0xff,0xff,0xff,0xf6,0x00,0x00,
  0x00,0x00,0x00,0x03,0xff,0xff,0xe2,0x00,0x00,0x00,0x00,0x00,0x00,0x00,0x00,0x00,0x00,0x00,0x3e,0xff,0xff,0xfd,0x10,0x00,
  0x00,0x00,0x00,0x00,0x00,0x00,0x00,0x00,0x02,0xef,0xff,0xff,0xff,0xd1,0x00,0x00,0x00,0x00,0x00,0x00,0x00,0x00,0x00,0x2e,
  0xff,0xff,0xbf,0xff,0xfd,0x10,0x00,0x00,0x00,0x00,0x00,0x00,0x00,0x02,0xef,0xff,0xf5,0x07,0xff,0xff,0xd1,0x00,0x00,0x00,
  0x00,0x00,0x00,0x00,0x2e,0xff,0xff,0x40,0x00,0x5f,0xff,0xfc,0x10,0x00,0x00,0x00,0x00,0x00,0x01,0xef,0xff,0xe3,0x00,0x00,
  0x04,0xff,0xff,0xc0,0x00,0x00,0x00,0x00,0x00,0x1d,0xff,0xfd,0x20,0x00,0x00,0x00,0x3e,0xff,0xfc,0x00,0x00,0x00,0x00,0x01,
  0xdf,0xff,0xc1,0x00,0x00,0x00,0x00,0x02,0xdf,0xff,0xc0,0x00,0x00,0x00,0x1d,0xff,0xfb,0x00,0x00,0x00,0x00,0x00,0x00,0x1c,
  0xff,0xfb,0x00,0x00,0x01,0xdf,0xff,0xa0,0x00,0x00,0x00,0x00,0x00,0x00,0x00,0xbf,0xff,0xb0,0x00,0x0c,0xff,0xf8,0x00,0x00,
  0x00,0x00,0x00,0x00,0x00,0x00,0x0a,0xff,0xfb,0x00,0x7f,0xff,0xff,0xff,0xff,0xff,0xff,0xff,0xff,0xff,0xff,0xf7,0x7f,0xff,
  0xff,0xff,0xff,0xff,0xff,0xff,0xff,0xff,0xff,0xf7,0x7f,0xff,0xff,0xff,0xff,0xff,0xff,0xff,0xff,0xff,0xff,0xf7,0x1d,0xff,
  0xf4,0x00,0x00,0x00,0x02,0xef,0xfe,0x10,0x00,0x00,0x00,0x3f,0xff,0xc0,0x00,0x00,0x00,0x04,0xff,0xf8,0x00,0x00,0x00,0x00,
  0x6f,0xff,0x40,0x00,0x00,0x00,0x08,0xff,0xe1,0x00,0x00,0x00,0x00,0xaf,0xfc,0x00,0x00,0x00,0x00,0x0c,0xff,0x80,0x00,0x03,
  0x58,0xbc,0xde,0xfe,0xdb,0x72,0x00,0x00,0x00,0x00,0x9f,0xff,0xff,0xff,0xff,0xff,0xff,0x91,0x00,0x00,0x00,0x9f,0xff,0xff,
  0xff,0xff,0xff,0xff,0xfd,0x20,0x00,0x00,0x9f,0xfb,0x74,0x10,0x01,0x4a,0xff,0xff,0xd0,0x00,0x00,0x87,0x10,0x00,0x00,0x00,
  0x00,0x3e,0xff,0xf8,0x00,0x00,0x00,0x00,0x00,0x00,0x00,0x00,0x02,0xff,0xfe,0x00,0x00,0x00,0x00,0x00,0x00,0x00,0x00,0x00,
  0x9f,0xff,0x50,0x00,0x00,0x00,0x00,0x00,0x00,0x00,0x00,0x3f,0xff,0x80,0x00,0x00,0x00,0x00,0x00,0x00,0x00,0x00,0x1f,0xff,
  0xc0,0x00,0x00,0x00,0x00,0x00,0x00,0x00,0x00,0x0f,0xff,0xd0,0x00,0x00,0x01,0x6a,0xce,0xff,0xff,0xff,0xff,0xff,0xe0,0x00,
  0x02,0xaf,0xff,0xff,0xff,0xff,0xff,0xff,0xff,0xf0,0x00,0x4f,0xff,0xff,0xff,0xff,0xff,0xff,0xff,0xff,0xf0,0x02,0xff,0xff,
  0xfa,0x63,0x10,0x00,0x00,0x0f,0xff,0xf0,0x0b,0xff,0xfc,0x10,0x00,0x00,0x00,0x00,0x0f,0xff,0xf0,0x1f,0xff,0xf1,0x00,0x00,
  0x00,0x00,0x00,0x1f,0xff,0xf0,0x3f,0xff,0xb0,0x00,0x00,0x00,0x00,0x00,0x5f,0xff,0xf0,0x5f,0xff,0x90,0x00,0x00,0x00,0x00,
  0x00,0xaf,0xff,0xf0,0x4f,0xff,0xb0,0x00,0x00,0x00,0x00,0x02,0xff,0xff,0xf0,0x2f,0xff,0xf0,0x00,0x00,0x00,0x00,0x0c,0xff,
  0xff,0xf0,0x0d,0xff,0xfa,0x00,0x00,0x00,0x01,0xbf,0xff,0xff,0xf0,0x06,0xff,0xff,0xc5,0x10,0x13,0x8e,0xff,0xaf,0xff,0xf0,
  0x00,0xaf,0xff,0xff,0xff,0xff,0xff,0xfb,0x0f,0xff,0xf0,0x00,0x08,0xff,0xff,0xff,0xff,0xff,0x80,0x0f,0xff,0xf0,0x00,0x00,
  0x28,0xce,0xfe,0xdb,0x61,0x00,0x0f,0xff,0xf0,0xff,0xff,0x00,0x00,0x00,0x00,0x00,0x00,0x00,0x00,0x00,0xff,0xff,0x00,0x00,
  0x00,0x00,0x00,0x00,0x00,0x00,0x00,0xff,0xff,0x00,0x00,0x00,0x00,0x00,0x00,0x00,0x00,0x00,0xff,0xff,0x00,0x00,0x00,0x00,
  0x00,0x00,0x00,0x00,0x00,0xff,0xff,0x00,0x00,0x00,0x00,0x00,0x00,0x00,0x00,0x00,0xff,0xff,0x00,0x00,0x00,0x00,0x00,0x00,
  0x00,0x00,0x00,0xff,0xff,0x00,0x00,0x00,0x00,0x00,0x00,0x00,0x00,0x00,0xff,0xff,0x00,0x00,0x00,0x00,0x00,0x00,0x00,0x00,
  0x00,0xff,0xff,0x00,0x02,0x8c,0xef,0xec,0x82,0x00,0x00,0x00,0xff,0xff,0x00,0xaf,0xff,0xff,0xff,0xff,0x90,0x00,0x00,0xff,
  0xff,0x0c,0xff,0xff,0xff,0xff,0xff,0xfc,0x00,0x00,0xff,0xff,0xaf,0xfd,0x62,0x01,0x4a,0xff,0xff,0xc0,0x00,0xff,0xff,0xff,
  0xa0,0x00,0x00,0x00,0x5f,0xff,0xf7,0x00,0xff,0xff,0xfc,0x00,0x00,0x00,0x00,0x07,0xff,0xff,0x10,0xff,0xff,0xf3,0x00,0x00,
  0x00,0x00,0x00,0xdf,0xff,0x70,0xff,0xff,0xc0,0x00,0x00,0x00,0x00,0x00,0x6f,0xff,0xd0,0xff,0xff,0x70,0x00,0x00,0x00,0x00,
  0x00,0x1f,0xff,0xf1,0xff,0xff,0x30,0x00,0x00,0x00,0x00,0x00,0x0d,0xff,0xf4,0xff,0xff,0x10,0x00,0x00,0x00,0x00,0x00,0x0b,
  0xff,0xf6,0xff,0xff,0x00,0x00,0x00,0x00,0x00,0x00,0x0a,0xff,0xf7,0xff,0xff,0x00,0x00,0x00,0x00,0x00,0x00,0x09,0xff,0xf8,
  0xff,0xff,0x00,0x00,0x00,0x00,0x00,0x00,0x0a,0xff,0xf7,0xff,0xff,0x10,0x00,0x00,0x00,0x00,0x00,0x0b,0xff,0xf6,0xff,0xff,
  0x30,0x00,0x00,0x00,0x00,0x00,0x0d,0xff,0xf4,0xff,0xff,0x70,0x00,0x00,0x00,0x00,0x00,0x1f,0xff,0xf1,0xff,0xff,0xc0,0x00,
  0x00,0x00,0x00,0x00,0x6f,0xff,0xd0,0xff,0xff,0xf3,0x00,0x00,0x00,0x00,0x00,0xdf,0xff,0x70,0xff,0xff,0xfc,0x00,0x00,0x00,
  0x00,0x07,0xff,0xff,0x10,0xff,0xff,0xff,0xa0,0x00,0x00,0x00,0x5f,0xff,0xf7,0x00,0xff,0xff,0xaf,0xfd,0x62,0x01,0x4a,0xff,
  0xff,0xc0,0x00,0xff,0xff,0x0c,0xff,0xff,0xff,0xff,0xff,0xfc,0x10,0x00,0xff,0xff,0x00,0xaf,0xff,0xff,0xff,0xff,0x90,0x00,
  0x00,0xff,0xff,0x00,0x02,0x8c,0xef,0xec,0x82,0x00,0x00,0x00,0x00,0x00,0x00,0x02,0x6b,0xde,0xfe,0xdc,0xa6,0x30,0x00,0x00,
  0x02,0xaf,0xff,0xff,0xff,0xff,0xff,0xf7,0x00,0x00,0x5f,0xff,0xff,0xff,0xff,0xff,0xff,0xf7,0x00,0x07,0xff,0xff,0xf9,0x41,
  0x00,0x25,0xaf,0xf7,0x00,0x4f,0xff,0xfb,0x10,0x00,0x00,0x00,0x00,0x76,0x00,0xef,0xff,0xb0,0x00,0x00,0x00,0x00,0x00,0x00,
  0x06,0xff,0xfe,0x10,0x00,0x00,0x00,0x00,0x00,0x00,0x0c,0xff,0xf8,0x00,0x00,0x00,0x00,0x00,0x00,0x00,0x1f,0xff,0xf2,0x00,
  0x00,0x00,0x00,0x00,0x00,0x00,0x5f,0xff,0xe0,0x00,0x00,0x00,0x00,0x00,0x00,0x00,0x6f,0xff,0xb0,0x00,0x00,0x00,0x00,0x00,
  0x00,0x00,0x8f,0xff,0xa0,0x00,0x00,0x00,0x00,0x00,0x00,0x00,0x8f,0xff,0x90,0x00,0x00,0x00,0x00,0x00,0x00,0x00,0x8f,0xff,
  0xa0,0x00,0x00,0x00,0x00,0x00,0x00,0x00,0x6f,0xff,0xb0,0x00,0x00,0x00,0x00,0x00,0x00,0x00,0x4f,0xff,0xe0,0x00,0x00,0x00,
  0x00,0x00,0x00,0x00,0x1f,0xff,0xf2,0x00,0x00,0x00,0x00,0x00,0x00,0x00,0x0c,0xff,0xf8,0x00,0x00,0x00,0x00,0x00,0x00,0x00,
  0x06,0xff,0xfe,0x10,0x00,0x00,0x00,0x00,0x00,0x00,0x00,0xef,0xff,0xb0,0x00,0x00,0x00,0x00,0x00,0x00,0x00,0x3f,0xff,0xfb,
  0x10,0x00,0x00,0x00,0x00,0x76,0x00,0x07,0xff,0xff,0xf9,0x41,0x00,0x25,0xaf,0xf7,0x00,0x00,0x5f,0xff,0xff,0xff,0xff,0xff,
  0xff,0xf7,0x00,0x00,0x02,0xbf,0xff,0xff,0xff,0xff,0xff,0xf7,0x00,0x00,0x00,0x02,0x7b,0xdf,0xfe,0xdc,0xa6,0x30,0x00,0x00,
  0x00,0x00,0x00,0x00,0x00,0x00,0x00,0xff,0xff,0x00,0x00,0x00,0x00,0x00,0x00,0x00,0x00,0x00,0xff,0xff,0x00,0x00,0x00,0x00,
  0x00,0x00,0x00,0x00,0x00,0xff,0xff,0x00,0x00,0x00,0x00,0x00,0x00,0x00,0x00,0x00,0xff,0xff,0x00,0x00,0x00,0x00,0x00,0x00,
  0x00,0x00,0x00,0xff,0xff,0x00,0x00,0x00,0x00,0x00,0x00,0x00,0x00,0x00,0xff,0xff,0x00,0x00,0x00,0x00,0x00,0x00,0x00,0x00,
  0x00,0xff,0xff,0x00,0x00,0x00,0x00,0x00,0x00,0x00,0x00,0x00,0xff,0xff,0x00,0x00,0x00,0x38,0xce,0xfe,0xc7,0x20,0x00,0xff,
  0xff,0x00,0x00,0x19,0xff,0xff,0xff,0xff,0xf9,0x00,0xff,0xff,0x00,0x01,0xdf,0xff,0xff,0xff,0xff,0xff,0xc0,0xff,0xff,0x00,
  0x0c,0xff,0xff,0xa4,0x10,0x27,0xef,0xfa,0xff,0xff,0x00,0x8f,0xff,0xf4,0x00,0x00,0x00,0x1b,0xff,0xff,0xff,0x02,0xff,0xff,
  0x50,0x00,0x00,0x00,0x00,0xdf,0xff,0xff,0x08,0xff,0xfc,0x00,0x00,0x00,0x00,0x00,0x4f,0xff,0xff,0x0e,0xff,0xf5,0x00,0x00,
  0x00,0x00,0x00,0x0d,0xff,0xff,0x2f,0xff,0xf0,0x00,0x00,0x00,0x00,0x00,0x08,0xff,0xff,0x5f,0xff,0xc0,0x00,0x00,0x00,0x00,
  0x00,0x04,0xff,0xff,0x7f,0xff,0xa0,0x00,0x00,0x00,0x00,0x00,0x02,0xff,0xff,0x8f,0xff,0x90,0x00,0x00,0x00,0x00,0x00,0x01,
  0xff,0xff,0x9f,0xff,0x80,0x00,0x00,0x00,0x00,0x00,0x00,0xff,0xff,0x8f,0xff,0x90,0x00,0x00,0x00,0x00,0x00,0x01,0xff,0xff,
  0x7f,0xff,0xa0,0x00,0x00,0x00,0x00,0x00,0x02,0xff,0xff,0x5f,0xff,0xc0,0x00,0x00,0x00,0x00,0x00,0x04,0xff,0xff,0x2f,0xff,
  0xf0,0x00,0x00,0x00,0x00,0x00,0x08,0xff,0xff,0x0e,0xff,0xf5,0x00,0x00,0x00,0x00,0x00,0x0d,0xff,0xff,0x08,0xff,0xfc,0x00,
  0x00,0x00,0x00,0x00,0x4f,0xff,0xff,0x02,0xff,0xff,0x50,0x00,0x00,0x00,0x00,0xdf,0xff,0xff,0x00,0x8f,0xff,0xf4,0x00,0x00,
  0x00,0x1b,0xff,0xff,0xff,0x00,0x0d,0xff,0xff,0xa4,0x10,0x26,0xef,0xfa,0xff,0xff,0x00,0x01,0xdf,0xff,0xff,0xff,0xff,0xff,
  0xc0,0xff,0xff,0x00,0x00,0x1a,0xff,0xff,0xff,0xff,0xf9,0x00,0xff,0xff,0x00,0x00,0x00,0x38,0xde,0xfe,0xc7,0x20,0x00,0xff,
  0xff,0x00,0x00,0x00,0x02,0x7b,0xdf,0xfe,0xc8,0x20,0x00,0x00,0x00,0x00,0x00,0x02,0xaf,0xff,0xff,0xff,0xff,0xfa,0x10,0x00,
  0x00,0x00,0x00,0x5f,0xff,0xff,0xff,0xff,0xff,0xff,0xe2,0x00,0x00,0x00,0x06,0xff,0xff,0xe7,0x31,0x02,0x6e,0xff,0xfe,0x10,
  0x00,0x00,0x3f,0xff,0xfa,0x00,0x00,0x00,0x00,0xbf,0xff,0xc0,0x00,0x00,0xdf,0xff,0xa0,0x00,0x00,0x00,0x00,0x0c,0xff,0xf5,
  0x00,0x05,0xff,0xfe,0x00,0x00,0x00,0x00,0x00,0x03,0xff,0xfc,0x00,0x0c,0xff,0xf7,0x00,0x00,0x00,0x00,0x00,0x00,0xcf,0xff,
  0x10,0x0f,0xff,0xf2,0x00,0x00,0x00,0x00,0x00,0x00,0x8f,0xff,0x50,0x4f,0xff,0xe0,0x00,0x00,0x00,0x00,0x00,0x00,0x5f,0xff,
  0x80,0x6f,0xff,0xc0,0x00,0x00,0x00,0x00,0x00,0x00,0x4f,0xff,0x90,0x7f,0xff,0xff,0xff,0xff,0xff,0xff,0xff,0xff,0xff,0xff,
  0xb0,0x8f,0xff,0xff,0xff,0xff,0xff,0xff,0xff,0xff,0xff,0xff,0xb0,0x8f,0xff,0xff,0xff,0xff,0xff,0xff,0xff,0xff,0xff,0xff,
  0xb0,0x7f,0xff,0x90,0x00,0x00,0x00,0x00,0x00,0x00,0x00,0x00,0x00,0x5f,0xff,0xc0,0x00,0x00,0x00,0x00,0x00,0x00,0x00,0x00,
  0x00,0x1f,0xff,0xf0,0x00,0x00,0x00,0x00,0x00,0x00,0x00,0x00,0x00,0x0c,0xff,0xf5,0x00,0x00,0x00,0x00,0x00,0x00,0x00,0x00,
  0x00,0x06,0xff,0xfd,0x00,0x00,0x00,0x00,0x00,0x00,0x00,0x00,0x00,0x00,0xdf,0xff,0x90,0x00,0x00,0x00,0x00,0x00,0x00,0x00,
  0x00,0x00,0x3f,0xff,0xfa,0x10,0x00,0x00,0x00,0x00,0x01,0x7a,0x00,0x00,0x05,0xff,0xff,0xf9,0x41,0x00,0x12,0x57,0xcf,0xfd,
  0x00,0x00,0x00,0x4e,0xff,0xff,0xff,0xff,0xff,0xff,0xff,0xfd,0x00,0x00,0x00,0x01,0x9f,0xff,0xff,0xff,0xff,0xff,0xff,0xfd,
  0x00,0x00,0x00,0x00,0x01,0x59,0xde,0xff,0xed,0xcb,0x96,0x30,0x00,0x00,0x00,0x00,0x05,0xad,0xef,0xff,0xf5,0x00,0x00,0x02,
  0xdf,0xff,0xff,0xff,0xf5,0x00,0x00,0x1d,0xff,0xff,0xff,0xff,0xf5,0x00,0x00,0x8f,0xff,0xd5,0x10,0x00,0x00,0x00,0x00,0xdf,
  0xff,0x30,0x00,0x00,0x00,0x00,0x01,0xff,0xfe,0x00,0x00,0x00,0x00,0x00,0x02,0xff,0xfc,0x00,0x00,0x00,0x00,0x00,0x03,0xff,
  0xfc,0x00,0x00,0x00,0x00,0x00,0x03,0xff,0xfc,0x00,0x00,0x00,0x00,0xff,0xff,0xff,0xff,0xff,0xff,0xff,0x40,0xff,0xff,0xff,
  0xff,0xff,0xff,0xff,0x40,0xff,0xff,0xff,0xff,0xff,0xff,0xff,0x40,0x00,0x03,0xff,0xfc,0x00,0x00,0x00,0x00,0x00,0x03,0xff,
  0xfc,0x00,0x00,0x00,0x00,0x00,0x03,0xff,0xfc,0x00,0x00,0x00,0x00,0x00,0x03,0xff,0xfc,0x00,0x00,0x00,0x00,0x00,0x03,0xff,
  0xfc,0x00,0x00,0x00,0x00,0x00,0x03,0xff,0xfc,0x00,0x00,0x00,0x00,0x00,0x03,0xff,0xfc,0x00,0x00,0x00,0x00,0x00,0x03,0xff,
  0xfc,0x00,0x00,0x00,0x00,0x00,0x03,0xff,0xfc,0x00,0x00,0x00,0x00,0x00,0x03,0xff,0xfc,0x00,0x00,0x00,0x00,0x00,0x03,0xff,
  0xfc,0x00,0x00,0x00,0x00,0x00,0x03,0xff,0xfc,0x00,0x00,0x00,0x00,0x00,0x03,0xff,0xfc,0x00,0x00,0x00,0x00,0x00,0x03,0xff,
  0xfc,0x00,0x00,0x00,0x00,0x00,0x03,0xff,0xfc,0x00,0x00,0x00,0x00,0x00,0x03,0xff,0xfc,0x00,0x00,0x00,0x00,0x00,0x03,0xff,
  0xfc,0x00,0x00,0x00,0x00,0x00,0x03,0xff,0xfc,0x00,0x00,0x00,0x00,0x00,0x03,0xff,0xfc,0x00,0x00,0x00,0x00,0x00,0x03,0xff,
  0xfc,0x00,0x00,0x00,0x00,0x00,0x03,0xff,0xfc,0x00,0x00,0x00,0x00,0x00,0x00,0x00,0x38,0xde,0xfe,0xc7,0x20,0x00,0x00,0x00,
  0x00,0x00,0x1a,0xff,0xff,0xff,0xff,0xf9,0x00,0xff,0xff,0x00,0x01,0xdf,0xff,0xff,0xff,0xff,0xff,0xc0,0xff,0xff,0x00,0x0d,
  0xff,0xff,0x93,0x10,0x26,0xdf,0xfa,0xff,0xff,0x00,0x9f,0xff,0xf4,0x00,0x00,0x00,0x0b,0xff,0xff,0xff,0x02,0xff,0xff,0x50,
  0x00,0x00,0x00,0x00,0xcf,0xff,0xff,0x08,0xff,0xfb,0x00,0x00,0x00,0x00,0x00,0x3f,0xff,0xff,0x0e,0xff,0xf4,0x00,0x00,0x00,
  0x00,0x00,0x0c,0xff,0xff,0x2f,0xff,0xf0,0x00,0x00,0x00,0x00,0x00,0x07,0xff,0xff,0x5f,0xff,0xc0,0x00,0x00,0x00,0x00,0x00,
  0x04,0xff,0xff,0x7f,0xff,0xa0,0x00,0x00,0x00,0x00,0x00,0x02,0xff,0xff,0x8f,0xff,0x90,0x00,0x00,0x00,0x00,0x00,0x01,0xff,
  0xff,0x9f,0xff,0x80,0x00,0x00,0x00,0x00,0x00,0x00,0xff,0xff,0x8f,0xff,0x90,0x00,0x00,0x00,0x00,0x00,0x01,0xff,0xff,0x7f,
  0xff,0x90,0x00,0x00,0x00,0x00,0x00,0x02,0xff,0xff,0x5f,0xff,0xc0,0x00,0x00,0x00,0x00,0x00,0x04,0xff,0xff,0x2f,0xff,0xf0,
  0x00,0x00,0x00,0x00,0x00,0x07,0xff,0xff,0x0e,0xff,0xf4,0x00,0x00,0x00,0x00,0x00,0x0c,0xff,0xff,0x08,0xff,0xfb,0x00,0x00,
  0x00,0x00,0x00,0x3f,0xff,0xff,0x02,0xff,0xff,0x40,0x00,0x00,0x00,0x00,0xcf,0xff,0xff,0x00,0x9f,0xff,0xf4,0x00,0x00,0x00,
  0x0a,0xff,0xff,0xff,0x00,0x0d,0xff,0xff,0x93,0x10,0x26,0xdf,0xfa,0xff,0xff,0x00,0x01,0xdf,0xff,0xff,0xff,0xff,0xff,0xc0,
  0xff,0xfe,0x00,0x00,0x1a,0xff,0xff,0xff,0xff,0xf9,0x00,0xff,0xfd,0x00,0x00,0x00,0x39,0xde,0xfe,0xc7,0x20,0x01,0xff,0xfc,
  0x00,0x00,0x00,0x00,0x00,0x00,0x00,0x00,0x04,0xff,0xfa,0x00,0x00,0x00,0x00,0x00,0x00,0x00,0x00,0x08,0xff,0xf7,0x00,0x00,
  0x00,0x00,0x00,0x00,0x00,0x00,0x0e,0xff,0xf3,0x00,0x00,0x00,0x00,0x00,0x00,0x00,0x00,0x9f,0xff,0xc0,0x00,0x08,0x60,0x00,
  0x00,0x00,0x00,0x08,0xff,0xff,0x50,0x00,0x0a,0xfe,0x95,0x20,0x01,0x37,0xef,0xff,0xfa,0x00,0x00,0x0a,0xff,0xff,0xff,0xff,
  0xff,0xff,0xff,0xa0,0x00,0x00,0x0a,0xff,0xff,0xff,0xff,0xff,0xff,0xe6,0x00,0x00,0x00,0x00,0x48,0xbc,0xde,0xff,0xec,0x95,
  0x00,0x00,0x00,0xff,0xff,0x00,0x00,0x00,0x00,0x00,0x00,0x00,0x00,0x00,0xff,0xff,0x00,0x00,0x00,0x00,0x00,0x00,0x00,0x00,
  0x00,0xff,0xff,0x00,0x00,0x00,0x00,0x00,0x00,0x00,0x00,0x00,0xff,0xff,0x00,0x00,0x00,0x00,0x00,0x00,0x00,0x00,0x00,0xff,
  0xff,0x00,0x00,0x00,0x00,0x00,0x00,0x00,0x00,0x00,0xff,0xff,0x00,0x00,0x00,0x00,0x00,0x00,0x00,0x00,0x00,0xff,0xff,0x00,
  0x00,0x00,0x00,0x00,0x00,0x00,0x00,0x00,0xff,0xff,0x00,0x00,0x00,0x00,0x00,0x00,0x00,0x00,0x00,0xff,0xff,0x00,0x01,0x6b,
  0xdf,0xed,0x94,0x00,0x00,0x00,0xff,0xff,0x00,0x7f,0xff,0xff,0xff,0xff,0xb1,0x00,0x00,0xff,0xff,0x0b,0xff,0xff,0xff,0xff,
  0xff,0xfd,0x10,0x00,0xff,0xff,0xaf,0xfd,0x62,0x00,0x3a,0xff,0xff,0xa0,0x00,0xff,0xff,0xff,0x80,0x00,0x00,0x00,0x6f,0xff,
  0xf2,0x00,0xff,0xff,0xf9,0x00,0x00,0x00,0x00,0x0b,0xff,0xf8,0x00,0xff,0xff,0xe0,0x00,0x00,0x00,0x00,0x04,0xff,0xfc,0x00,
  0xff,0xff,0x80,0x00,0x00,0x00,0x00,0x00,0xff,0xff,0x00,0xff,0xff,0x30,0x00,0x00,0x00,0x00,0x00,0xef,0xff,0x10,0xff,0xff,
  0x10,0x00,0x00,0x00,0x00,0x00,0xdf,0xff,0x20,0xff,0xff,0x00,0x00,0x00,0x00,0x00,0x00,0xcf,0xff,0x20,0xff,0xff,0x00,0x00,
  0x00,0x00,0x00,0x00,0xcf,0xff,0x20,0xff,0xff,0x00,0x00,0x00,0x00,0x00,0x00,0xcf,0xff,0x20,0xff,0xff,0x00,0x00,0x00,0x00,
  0x00,0x00,0xcf,0xff,0x20,0xff,0xff,0x00,0x00,0x00,0x00,0x00,0x00,0xcf,0xff,0x20,0xff,0xff,0x00,0x00,0x00,0x00,0x00,0x00,
  0xcf,0xff,0x20,0xff,0xff,0x00,0x00,0x00,0x00,0x00,0x00,0xcf,0xff,0x20,0xff,0xff,0x00,0x00,0x00,0x00,0x00,0x00,0xcf,0xff,
  0x20,0xff,0xff,0x00,0x00,0x00,0x00,0x00,0x00,0xcf,0xff,0x20,0xff,0xff,0x00,0x00,0x00,0x00,0x00,0x00,0xcf,0xff,0x20,0xff,
  0xff,0x00,0x00,0x00,0x00,0x00,0x00,0xcf,0xff,0x20,0xff,0xff,0x00,0x00,0x00,0x00,0x00,0x00,0xcf,0xff,0x20,0xff,0xff,0x00,
  0x00,0x00,0x00,0x00,0x00,0xcf,0xff,0x20,0xff,0xff,0x00,0x00,0x00,0x00,0x00,0x00,0xcf,0xff,0x20,0xff,0xff,0x00,0x00,0x00,
  0x00,0x00,0x00,0xcf,0xff,0x20,0xdf,0xff,0x10,0xdf,0xff,0x10,0xdf,0xff,0x10,0xdf,0xff,0x10,0xdf,0xff,0x10,0x00,0x00,0x00,
  0x00,0x00,0x00,0x00,0x00,0x00,0x00,0x00,0x00,0xdf,0xff,0x10,0xdf,0xff,0x10,0xdf,0xff,0x10,0xdf,0xff,0x10,0xdf,0xff,0x10,
  0xdf,0xff,0x10,0xdf,0xff,0x10,0xdf,0xff,0x10,0xdf,0xff,0x10,0xdf,0xff,0x10,0xdf,0xff,0x10,0xdf,0xff,0x10,0xdf,0xff,0x10,
  0xdf,0xff,0x10,0xdf,0xff,0x10,0xdf,0xff,0x10,0xdf,0xff,0x10,0xdf,0xff,0x10,0xdf,0xff,0x10,0xdf,0xff,0x10,0xdf,0xff,0x10,
  0xdf,0xff,0x10,0xdf,0xff,0x10,0xdf,0xff,0x10,0x00,0x00,0x0d,0xff,0xf1,0x00,0x00,0x0d,0xff,0xf1,0x00,0x00,0x0d,0xff,0xf1,
  0x00,0x00,0x0d,0xff,0xf1,0x00,0x00,0x0d,0xff,0xf1,0x00,0x00,0x00,0x00,0x00,0x00,0x00,0x00,0x00,0x00,0x00,0x00,0x00,0x00,
  0x00,0x00,0x00,0x00,0x00,0x00,0x00,0x00,0x0d,0xff,0xf1,0x00,0x00,0x0d,0xff,0xf1,0x00,0x00,0x0d,0xff,0xf1,0x00,0x00,0x0d,
  0xff,0xf1,0x00,0x00,0x0d,0xff,0xf1,0x00,0x00,0x0d,0xff,0xf1,0x00,0x00,0x0d,0xff,0xf1,0x00,0x00,0x0d,0xff,0xf1,0x00,0x00,
  0x0d,0xff,0xf1,0x00,0x00,0x0d,0xff,0xf1,0x00,0x00,0x0d,0xff,0xf1,0x00,0x00,0x0d,0xff,0xf1,0x00,0x00,0x0d,0xff,0xf1,0x00,
  0x00,0x0d,0xff,0xf1,0x00,0x00,0x0d,0xff,0xf1,0x00,0x00,0x0d,0xff,0xf1,0x00,0x00,0x0d,0xff,0xf1,0x00,0x00,0x0d,0xff,0xf1,
  0x00,0x00,0x0d,0xff,0xf1,0x00,0x00,0x0d,0xff,0xf1,0x00,0x00,0x0d,0xff,0xf1,0x00,0x00,0x0d,0xff,0xf1,0x00,0x00,0x0d,0xff,
  0xf1,0x00,0x00,0x0d,0xff,0xf1,0x00,0x00,0x0d,0xff,0xf1,0x00,0x00,0x0e,0xff,0xf0,0x00,0x00,0x0f,0xff,0xf0,0x00,0x00,0x1f,
  0xff,0xd0,0x00,0x00,0x7f,0xff,0x90,0x00,0x16,0xff,0xff,0x30,0xcf,0xff,0xff,0xfa,0x00,0xcf,0xff,0xff,0xb0,0x00,0xcf,0xfd,
  0xa4,0x00,0x00,0xff,0xff,0x00,0x00,0x00,0x00,0x00,0x00,0x00,0x00,0x00,0xff,0xff,0x00,0x00,0x00,0x00,0x00,0x00,0x00,0x00,
  0x00,0xff,0xff,0x00,0x00,0x00,0x00,0x00,0x00,0x00,0x00,0x00,0xff,0xff,0x00,0x00,0x00,0x00,0x00,0x00,0x00,0x00,0x00,0xff,
  0xff,0x00,0x00,0x00,0x00,0x00,0x00,0x00,0x00,0x00,0xff,0xff,0x00,0x00,0x00,0x00,0x00,0x00,0x00,0x00,0x00,0xff,0xff,0x00,
  0x00,0x00,0x00,0x00,0x00,0x00,0x00,0x00,0xff,0xff,0x00,0x00,0x00,0x00,0x00,0x00,0x00,0x00,0x00,0xff,0xff,0x00,0x00,0x00,
  0x00,0x00,0x00,0x00,0x00,0x00,0xff,0xff,0x00,0x00,0x00,0x00,0x00,0x0b,0xff,0xff,0x40,0xff,0xff,0x00,0x00,0x00,0x00,0x01,
  0xdf,0xff,0xe3,0x00,0xff,0xff,0x00,0x00,0x00,0x00,0x3e,0xff,0xfd,0x20,0x00,0xff,0xff,0x00,0x00,0x00,0x04,0xff,0xff,0xc1,
  0x00,0x00,0xff,0xff,0x00,0x00,0x00,0x6f,0xff,0xfa,0x00,0x00,0x00,0xff,0xff,0x00,0x00,0x08,0xff,0xff,0x80,0x00,0x00,0x00,
  0xff,0xff,0x00,0x00,0xaf,0xff,0xf6,0x00,0x00,0x00,0x00,0xff,0xff,0x00,0x0b,0xff,0xff,0x50,0x00,0x00,0x00,0x00,0xff,0xff,
  0x01,0xdf,0xff,0xe3,0x00,0x00,0x00,0x00,0x00,0xff,0xff,0x2e,0xff,0xfd,0x20,0x00,0x00,0x00,0x00,0x00,0xff,0xff,0xff,0xff,
  0xc1,0x00,0x00,0x00,0x00,0x00,0x00,0xff,0xff,0xff,0xff,0x60,0x00,0x00,0x00,0x00,0x00,0x00,0xff,0xff,0xcf,0xff,0xf6,0x00,
  0x00,0x00,0x00,0x00,0x00,0xff,0xff,0x0b,0xff,0xff,0x60,0x00,0x00,0x00,0x00,0x00,0xff,0xff,0x00,0xbf,0xff,0xf7,0x00,0x00,
  0x00,0x00,0x00,0xff,0xff,0x00,0x0a,0xff,0xff,0x70,0x00,0x00,0x00,0x00,0xff,0xff,0x00,0x00,0x9f,0xff,0xf8,0x00,0x00,0x00,
  0x00,0xff,0xff,0x00,0x00,0x09,0xff,0xff,0x90,0x00,0x00,0x00,0xff,0xff,0x00,0x00,0x00,0x8f,0xff,0xf9,0x00,0x00,0x00,0xff,
  0xff,0x00,0x00,0x00,0x07,0xff,0xff,0xa0,0x00,0x00,0xff,0xff,0x00,0x00,0x00,0x00,0x7f,0xff,0xfa,0x00,0x00,0xff,0xff,0x00,
  0x00,0x00,0x00,0x06,0xff,0xff,0xb0,0x00,0xff,0xff,0x00,0x00,0x00,0x00,0x00,0x6f,0xff,0xfb,0x00,0xff,0xff,0x00,0x00,0x00,
  0x00,0x00,0x05,0xff,0xff,0xc0,0xdf,0xff,0x10,0xdf,0xff,0x10,0xdf,0xff,0x10,0xdf,0xff,0x10,0xdf,0xff,0x10,0xdf,0xff,0x10,
  0xdf,0xff,0x10,0xdf,0xff,0x10,0xdf,0xff,0x10,0xdf,0xff,0x10,0xdf,0xff,0x10,0xdf,0xff,0x10,0xdf,0xff,0x10,0xdf,0xff,0x10,
  0xdf,0xff,0x10,0xdf,0xff,0x10,0xdf,0xff,0x10,0xdf,0xff,0x10,0xdf,0xff,0x10,0xdf,0xff,0x10,0xdf,0xff,0x10,0xdf,0xff,0x10,
  0xdf,0xff,0x10,0xdf,0xff,0x10,0xdf,0xff,0x10,0xdf,0xff,0x10,0xdf,0xff,0x10,0xdf,0xff,0x10,0xdf,0xff,0x10,0xdf,0xff,0x10,
  0xdf,0xff,0x10,0xdf,0xff,0x10,0xdf,0xff,0x10,0x00,0x00,0x00,0x01,0x7c,0xef,0xfc,0x82,0x00,0x00,0x00,0x04,0xad,0xff,0xeb,
  0x50,0x00,0x00,0xff,0xff,0x00,0x9f,0xff,0xff,0xff,0xff,0x70,0x00,0x02,0xcf,0xff,0xff,0xff,0xfc,0x10,0x00,0xff,0xff,0x0c,
  0xff,0xff,0xff,0xff,0xff,0xf7,0x00,0x4f,0xff,0xff,0xff,0xff,0xff,0xd1,0x00,0xff,0xff,0xaf,0xfb,0x51,0x01,0x5d,0xff,0xff,
  0x33,0xff,0xf8,0x31,0x02,0x8f,0xff,0xfa,0x00,0xff,0xff,0xff,0x70,0x00,0x00,0x01,0xdf,0xff,0xbd,0xfd,0x20,0x00,0x00,0x05,
  0xff,0xff,0x20,0xff,0xff,0xf8,0x00,0x00,0x00,0x00,0x4f,0xff,0xff,0xf2,0x00,0x00,0x00,0x00,0xaf,0xff,0x80,0xff,0xff,0xe0,
  0x00,0x00,0x00,0x00,0x0d,0xff,0xff,0x70,0x00,0x00,0x00,0x00,0x4f,0xff,0xc0,0xff,0xff,0x70,0x00,0x00,0x00,0x00,0x0a,0xff,
  0xff,0x10,0x00,0x00,0x00,0x00,0x1f,0xff,0xf0,0xff,0xff,0x30,0x00,0x00,0x00,0x00,0x08,0xff,0xfc,0x00,0x00,0x00,0x00,0x00,
  0x0e,0xff,0xf0,0xff,0xff,0x10,0x00,0x00,0x00,0x00,0x07,0xff,0xfa,0x00,0x00,0x00,0x00,0x00,0x0e,0xff,0xf1,0xff,0xff,0x00,
  0x00,0x00,0x00,0x00,0x06,0xff,0xf9,0x00,0x00,0x00,0x00,0x00,0x0d,0xff,0xf2,0xff,0xff,0x00,0x00,0x00,0x00,0x00,0x06,0xff,
  0xf8,0x00,0x00,0x00,0x00,0x00,0x0d,0xff,0xf2,0xff,0xff,0x00,0x00,0x00,0x00,0x00,0x06,0xff,0xf8,0x00,0x00,0x00,0x00,0x00,
  0x0d,0xff,0xf2,0xff,0xff,0x00,0x00,0x00,0x00,0x00,0x06,0xff,0xf8,0x00,0x00,0x00,0x00,0x00,0x0d,0xff,0xf2,0xff,0xff,0x00,
  0x00,0x00,0x00,0x00,0x06,0xff,0xf8,0x00,0x00,0x00,0x00,0x00,0x0d,0xff,0xf2,0xff,0xff,0x00,0x00,0x00,0x00,0x00,0x06,0xff,
  0xf8,0x00,0x00,0x00,0x00,0x00,0x0d,0xff,0xf2,0xff,0xff,0x00,0x00,0x00,0x00,0x00,0x06,0xff,0xf8,0x00,0x00,0x00,0x00,0x00,
  0x0d,0xff,0xf2,0xff,0xff,0x00,0x00,0x00,0x00,0x00,0x06,0xff,0xf8,0x00,0x00,0x00,0x00,0x00,0x0d,0xff,0xf2,0xff,0xff,0x00,
  0x00,0x00,0x00,0x00,0x06,0xff,0xf8,0x00,0x00,0x00,0x00,0x00,0x0d,0xff,0xf2,0xff,0xff,0x00,0x00,0x00,0x00,0x00,0x06,0xff,
  0xf8,0x00,0x00,0x00,0x00,0x00,0x0d,0xff,0xf2,0xff,0xff,0x00,0x00,0x00,0x00,0x00,0x06,0xff,0xf8,0x00,0x00,0x00,0x00,0x00,
  0x0d,0xff,0xf2,0xff,0xff,0x00,0x00,0x00,0x00,0x00,0x06,0xff,0xf8,0x00,0x00,0x00,0x00,0x00,0x0d,0xff,0xf2,0xff,0xff,0x00,
  0x00,0x00,0x00,0x00,0x06,0xff,0xf8,0x00,0x00,0x00,0x00,0x00,0x0d,0xff,0xf2,0xff,0xff,0x00,0x00,0x00,0x00,0x00,0x06,0xff,
  0xf8,0x00,0x00,0x00,0x00,0x00,0x0d,0xff,0xf2,0xff,0xff,0x00,0x00,0x00,0x00,0x00,0x06,0xff,0xf8,0x00,0x00,0x00,0x00,0x00,
  0x0d,0xff,0xf2,0x00,0x00,0x00,0x01,0x6b,0xdf,0xed,0x94,0x00,0x00,0x00,0xff,0xff,0x00,0x7f,0xff,0xff,0xff,0xff,0xb1,0x00,
  0x00,0xff,0xff,0x0b,0xff,0xff,0xff,0xff,0xff,0xfd,0x10,0x00,0xff,0xff,0xaf,0xfd,0x62,0x00,0x3a,0xff,0xff,0xa0,0x00,0xff,
  0xff,0xff,0x80,0x00,0x00,0x00,0x6f,0xff,0xf2,0x00,0xff,0xff,0xf9,0x00,0x00,0x00,0x00,0x0b,0xff,0xf8,0x00,0xff,0xff,0xe0,
  0x00,0x00,0x00,0x00,0x04,0xff,0xfc,0x00,0xff,0xff,0x80,0x00,0x00,0x00,0x00,0x00,0xff,0xff,0x00,0xff,0xff,0x30,0x00,0x00,
  0x00,0x00,0x00,0xef,0xff,0x10,0xff,0xff,0x10,0x00,0x00,0x00,0x00,0x00,0xdf,0xff,0x20,0xff,0xff,0x00,0x00,0x00,0x00,0x00,
  0x00,0xcf,0xff,0x20,0xff,0xff,0x00,0x00,0x00,0x00,0x00,0x00,0xcf,0xff,0x20,0xff,0xff,0x00,0x00,0x00,0x00,0x00,0x00,0xcf,
  0xff,0x20,0xff,0xff,0x00,0x00,0x00,0x00,0x00,0x00,0xcf,0xff,0x20,0xff,0xff,0x00,0x00,0x00,0x00,0x00,0x00,0xcf,0xff,0x20,
  0xff,0xff,0x00,0x00,0x00,0x00,0x00,0x00,0xcf,0xff,0x20,0xff,0xff,0x00,0x00,0x00,0x00,0x00,0x00,0xcf,0xff,0x20,0xff,0xff,
  0x00,0x00,0x00,0x00,0x00,0x00,0xcf,0xff,0x20,0xff,0xff,0x00,0x00,0x00,0x00,0x00,0x00,0xcf,0xff,0x20,0xff,0xff,0x00,0x00,
  0x00,0x00,0x00,0x00,0xcf,0xff,0x20,0xff,0xff,0x00,0x00,0x00,0x00,0x00,0x00,0xcf,0xff,0x20,0xff,0xff,0x00,0x00,0x00,0x00,
  0x00,0x00,0xcf,0xff,0x20,0xff,0xff,0x00,0x00,0x00,0x00,0x00,0x00,0xcf,0xff,0x20,0xff,0xff,0x00,0x00,0x00,0x00,0x00,0x00,
  0xcf,0xff,0x20,0xff,0xff,0x00,0x00,0x00,0x00,0x00,0x00,0xcf,0xff,0x20,0x00,0x00,0x00,0x05,0xad,0xef,0xed,0x95,0x00,0x00,
  0x00,0x00,0x00,0x00,0x06,0xef,0xff,0xff,0xff,0xff,0xe6,0x00,0x00,0x00,0x00,0x00,0xbf,0xff,0xff,0xff,0xff,0xff,0xff,0xa0,
  0x00,0x00,0x00,0x0b,0xff,0xff,0xb5,0x10,0x15,0xcf,0xff,0xfa,0x00,0x00,0x00,0x7f,0xff,0xf7,0x00,0x00,0x00,0x08,0xff,0xff,
  0x60,0x00,0x01,0xff,0xff,0x80,0x00,0x00,0x00,0x00,0x9f,0xff,0xf0,0x00,0x08,0xff,0xfd,0x00,0x00,0x00,0x00,0x00,0x1e,0xff,
  0xf7,0x00,0x0e,0xff,0xf6,0x00,0x00,0x00,0x00,0x00,0x08,0xff,0xfd,0x00,0x1f,0xff,0xf1,0x00,0x00,0x00,0x00,0x00,0x02,0xff,
  0xff,0x00,0x5f,0xff,0xe0,0x00,0x00,0x00,0x00,0x00,0x00,0xff,0xff,0x40,0x7f,0xff,0xb0,0x00,0x00,0x00,0x00,0x00,0x00,0xcf,
  0xff,0x60,0x8f,0xff,0xa0,0x00,0x00,0x00,0x00,0x00,0x00,0xbf,0xff,0x70,0x9f,0xff,0x90,0x00,0x00,0x00,0x00,0x00,0x00,0xbf,
  0xff,0x70,0x8f,0xff,0xa0,0x00,0x00,0x00,0x00,0x00,0x00,0xbf,0xff,0x70,0x7f,0xff,0xb0,0x00,0x00,0x00,0x00,0x00,0x00,0xcf,
  0xff,0x60,0x5f,0xff,0xd0,0x00,0x00,0x00,0x00,0x00,0x00,0xff,0xff,0x40,0x1f,0xff,0xf1,0x00,0x00,0x00,0x00,0x00,0x02,0xff,
  0xff,0x00,0x0e,0xff,0xf6,0x00,0x00,0x00,0x00,0x00,0x08,0xff,0xfd,0x00,0x08,0xff,0xfd,0x00,0x00,0x00,0x00,0x00,0x0e,0xff,
  0xf6,0x00,0x01,0xff,0xff,0x70,0x00,0x00,0x00,0x00,0x9f,0xff,0xf0,0x00,0x00,0x7f,0xff,0xf6,0x00,0x00,0x00,0x08,0xff,0xff,
  0x60,0x00,0x00,0x0b,0xff,0xff,0xb5,0x10,0x15,0xcf,0xff,0xfa,0x00,0x00,0x00,0x00,0xbf,0xff,0xff,0xff,0xff,0xff,0xff,0xa0,
  0x00,0x00,0x00,0x00,0x06,0xef,0xff,0xff,0xff,0xff,0xe6,0x00,0x00,0x00,0x00,0x00,0x00,0x05,0xad,0xef,0xed,0xa5,0x00,0x00,
  0x00,0x00,0x00,0x00,0x00,0x02,0x8c,0xef,0xec,0x82,0x00,0x00,0x00,0xff,0xff,0x00,0xaf,0xff,0xff,0xff,0xff,0x90,0x00,0x00,
  0xff,0xff,0x0c,0xff,0xff,0xff,0xff,0xff,0xfc,0x00,0x00,0xff,0xff,0xaf,0xfd,0x62,0x01,0x4a,0xff,0xff,0xc0,0x00,0xff,0xff,
  0xff,0xa0,0x00,0x00,0x00,0x5f,0xff,0xf7,0x00,0xff,0xff,0xfc,0x00,0x00,0x00,0x00,0x07,0xff,0xff,0x10,0xff,0xff,0xf3,0x00,
  0x00,0x00,0x00,0x00,0xdf,0xff,0x70,0xff,0xff,0xc0,0x00,0x00,0x00,0x00,0x00,0x6f,0xff,0xd0,0xff,0xff,0x70,0x00,0x00,0x00,
  0x00,0x00,0x1f,0xff,0xf1,0xff,0xff,0x30,0x00,0x00,0x00,0x00,0x00,0x0d,0xff,0xf4,0xff,0xff,0x10,0x00,0x00,0x00,0x00,0x00,
  0x0b,0xff,0xf6,0xff,0xff,0x00,0x00,0x00,0x00,0x00,0x00,0x0a,0xff,0xf7,0xff,0xff,0x00,0x00,0x00,0x00,0x00,0x00,0x09,0xff,
  0xf8,0xff,0xff,0x00,0x00,0x00,0x00,0x00,0x00,0x0a,0xff,0xf7,0xff,0xff,0x10,0x00,0x00,0x00,0x00,0x00,0x0b,0xff,0xf6,0xff,
  0xff,0x30,0x00,0x00,0x00,0x00,0x00,0x0d,0xff,0xf4,0xff,0xff,0x70,0x00,0x00,0x00,0x00,0x00,0x1f,0xff,0xf1,0xff,0xff,0xc0,
  0x00,0x00,0x00,0x00,0x00,0x6f,0xff,0xd0,0xff,0xff,0xf3,0x00,0x00,0x00,0x00,0x00,0xdf,0xff,0x70,0xff,0xff,0xfc,0x00,0x00,
  0x00,0x00,0x07,0xff,0xff,0x10,0xff,0xff,0xff,0xa0,0x00,0x00,0x00,0x5f,0xff,0xf7,0x00,0xff,0xff,0xaf,0xfd,0x62,0x01,0x4a,
  0xff,0xff,0xc0,0x00,0xff,0xff,0x0c,0xff,0xff,0xff,0xff,0xff,0xfc,0x10,0x00,0xff,0xff,0x00,0xaf,0xff,0xff,0xff,0xff,0x90,
  0x00,0x00,0xff,0xff,0x00,0x02,0x8c,0xef,0xec,0x82,0x00,0x00,0x00,0xff,0xff,0x00,0x00,0x00,0x00,0x00,0x00,0x00,0x00,0x00,
  0xff,0xff,0x00,0x00,0x00,0x00,0x00,0x00,0x00,0x00,0x00,0xff,0xff,0x00,0x00,0x00,0x00,0x00,0x00,0x00,0x00,0x00,0xff,0xff,
  0x00,0x00,0x00,0x00,0x00,0x00,0x00,0x00,0x00,0xff,0xff,0x00,0x00,0x00,0x00,0x00,0x00,0x00,0x00,0x00,0xff,0xff,0x00,0x00,
  0x00,0x00,0x00,0x00,0x00,0x00,0x00,0xff,0xff,0x00,0x00,0x00,0x00,0x00,0x00,0x00,0x00,0x00,0xff,0xff,0x00,0x00,0x00,0x00,
  0x00,0x00,0x00,0x00,0x00,0xff,0xff,0x00,0x00,0x00,0x00,0x00,0x00,0x00,0x00,0x00,0x00,0x00,0x00,0x38,0xce,0xfe,0xc7,0x20,
  0x00,0x00,0x00,0x00,0x00,0x19,0xff,0xff,0xff,0xff,0xf9,0x00,0xff,0xff,0x00,0x01,0xdf,0xff,0xff,0xff,0xff,0xff,0xc0,0xff,
  0xff,0x00,0x0c,0xff,0xff,0xa4,0x10,0x27,0xef,0xfa,0xff,0xff,0x00,0x8f,0xff,0xf4,0x00,0x00,0x00,0x1b,0xff,0xff,0xff,0x02,
  0xff,0xff,0x50,0x00,0x00,0x00,0x00,0xdf,0xff,0xff,0x08,0xff,0xfc,0x00,0x00,0x00,0x00,0x00,0x4f,0xff,0xff,0x0e,0xff,0xf5,
  0x00,0x00,0x00,0x00,0x00,0x0d,0xff,0xff,0x2f,0xff,0xf0,0x00,0x00,0x00,0x00,0x00,0x08,0xff,0xff,0x5f,0xff,0xc0,0x00,0x00,
  0x00,0x00,0x00,0x04,0xff,0xff,0x7f,0xff,0xa0,0x00,0x00,0x00,0x00,0x00,0x02,0xff,0xff,0x8f,0xff,0x90,0x00,0x00,0x00,0x00,
  0x00,0x01,0xff,0xff,0x9f,0xff,0x80,0x00,0x00,0x00,0x00,0x00,0x00,0xff,0xff,0x8f,0xff,0x90,0x00,0x00,0x00,0x00,0x00,0x01,
  0xff,0xff,0x7f,0xff,0xa0,0x00,0x00,0x00,0x00,0x00,0x02,0xff,0xff,0x5f,0xff,0xc0,0x00,0x00,0x00,0x00,0x00,0x04,0xff,0xff,
  0x2f,0xff,0xf0,0x00,0x00,0x00,0x00,0x00,0x08,0xff,0xff,0x0e,0xff,0xf5,0x00,0x00,0x00,0x00,0x00,0x0d,0xff,0xff,0x08,0xff,
  0xfc,0x00,0x00,0x00,0x00,0x00,0x4f,0xff,0xff,0x02,0xff,0xff,0x50,0x00,0x00,0x00,0x00,0xdf,0xff,0xff,0x00,0x8f,0xff,0xf4,
  0x00,0x00,0x00,0x1b,0xff,0xff,0xff,0x00,0x0d,0xff,0xff,0xa4,0x10,0x26,0xef,0xfa,0xff,0xff,0x00,0x01,0xdf,0xff,0xff,0xff,
  0xff,0xff,0xc0,0xff,0xff,0x00,0x00,0x1a,0xff,0xff,0xff,0xff,0xf9,0x00,0xff,0xff,0x00,0x00,0x00,0x38,0xde,0xfe,0xc7,0x20,
  0x00,0xff,0xff,0x00,0x00,0x00,0x00,0x00,0x00,0x00,0x00,0x00,0xff,0xff,0x00,0x00,0x00,0x00,0x00,0x00,0x00,0x00,0x00,0xff,
  0xff,0x00,0x00,0x00,0x00,0x00,0x00,0x00,0x00,0x00,0xff,0xff,0x00,0x00,0x00,0x00,0x00,0x00,0x00,0x00,0x00,0xff,0xff,0x00,
  0x00,0x00,0x00,0x00,0x00,0x00,0x00,0x00,0xff,0xff,0x00,0x00,0x00,0x00,0x00,0x00,0x00,0x00,0x00,0xff,0xff,0x00,0x00,0x00,
  0x00,0x00,0x00,0x00,0x00,0x00,0xff,0xff,0x00,0x00,0x00,0x00,0x00,0x00,0x00,0x00,0x00,0xff,0xff,0x00,0x00,0x00,0x00,0x00,
  0x00,0x00,0x00,0x00,0xff,0xff,0x00,0x00,0x00,0x01,0x7b,0xdf,0xff,0x10,0xff,0xff,0x00,0x9f,0xff,0xff,0xff,0x10,0xff,0xff,
  0x0c,0xff,0xff,0xff,0xff,0x10,0xff,0xff,0xaf,0xfd,0x62,0x01,0x3a,0x10,0xff,0xff,0xff,0x90,0x00,0x00,0x00,0x00,0xff,0xff,
  0xfa,0x00,0x00,0x00,0x00,0x00,0xff,0xff,0xf1,0x00,0x00,0x00,0x00,0x00,0xff,0xff,0xa0,0x00,0x00,0x00,0x00,0x00,0xff,0xff,
  0x50,0x00,0x00,0x00,0x00,0x00,0xff,0xff,0x20,0x00,0x00,0x00,0x00,0x00,0xff,0xff,0x00,0x00,0x00,0x00,0x00,0x00,0xff,0xff,
  0x00,0x00,0x00,0x00,0x00,0x00,0xff,0xff,0x00,0x00,0x00,0x00,0x00,0x00,0xff,0xff,0x00,0x00,0x00,0x00,0x00,0x00,0xff,0xff,
  0x00,0x00,0x00,0x00,0x00,0x00,0xff,0xff,0x00,0x00,0x00,0x00,0x00,0x00,0xff,0xff,0x00,0x00,0x00,0x00,0x00,0x00,0xff,0xff,
  0x00,0x00,0x00,0x00,0x00,0x00,0xff,0xff,0x00,0x00,0x00,0x00,0x00,0x00,0xff,0xff,0x00,0x00,0x00,0x00,0x00,0x00,0xff,0xff,
  0x00,0x00,0x00,0x00,0x00,0x00,0xff,0xff,0x00,0x00,0x00,0x00,0x00,0x00,0xff,0xff,0x00,0x00,0x00,0x00,0x00,0x00,0xff,0xff,
  0x00,0x00,0x00,0x00,0x00,0x00,0xff,0xff,0x00,0x00,0x00,0x00,0x00,0x00,0x00,0x00,0x06,0xad,0xef,0xfe,0xdc,0xa7,0x40,0x00,
  0x00,0x07,0xff,0xff,0xff,0xff,0xff,0xff,0xf7,0x00,0x00,0xaf,0xff,0xff,0xff,0xff,0xff,0xff,0xf7,0x00,0x07,0xff,0xff,0xa4,
  0x10,0x01,0x36,0xaf,0xf7,0x00,0x0e,0xff,0xf4,0x00,0x00,0x00,0x00,0x01,0x76,0x00,0x3f,0xff,0x90,0x00,0x00,0x00,0x00,0x00,
  0x00,0x00,0x6f,0xff,0x60,0x00,0x00,0x00,0x00,0x00,0x00,0x00,0x6f,0xff,0x70,0x00,0x00,0x00,0x00,0x00,0x00,0x00,0x5f,0xff,
  0xd0,0x00,0x00,0x00,0x00,0x00,0x00,0x00,0x1f,0xff,0xfd,0x50,0x00,0x00,0x00,0x00,0x00,0x00,0x0a,0xff,0xff,0xfe,0xa5,0x20,
  0x00,0x00,0x00,0x00,0x01,0xdf,0xff,0xff,0xff,0xfe,0xa5,0x00,0x00,0x00,0x00,0x09,0xff,0xff,0xff,0xff,0xff,0xf8,0x00,0x00,
  0x00,0x00,0x17,0xcf,0xff,0xff,0xff,0xff,0xd1,0x00,0x00,0x00,0x00,0x00,0x48,0xcf,0xff,0xff,0xfd,0x00,0x00,0x00,0x00,0x00,
  0x00,0x01,0x6e,0xff,0xff,0x50,0x00,0x00,0x00,0x00,0x00,0x00,0x01,0xdf,0xff,0xa0,0x00,0x00,0x00,0x00,0x00,0x00,0x00,0x6f,
  0xff,0xb0,0x00,0x00,0x00,0x00,0x00,0x00,0x00,0x4f,0xff,0xb0,0x00,0x00,0x00,0x00,0x00,0x00,0x00,0x7f,0xff,0x90,0x88,0x20,
  0x00,0x00,0x00,0x00,0x03,0xff,0xff,0x30,0x9f,0xfd,0x95,0x21,0x00,0x14,0x9f,0xff,0xfa,0x00,0x9f,0xff,0xff,0xff,0xff,0xff,
  0xff,0xff,0xb0,0x00,0x9f,0xff,0xff,0xff,0xff,0xff,0xff,0xf7,0x00,0x00,0x03,0x58,0xbc,0xde,0xff,0xec,0x95,0x00,0x00,0x00,
  0x00,0x0e,0xff,0xf1,0x00,0x00,0x00,0x00,0x00,0x0e,0xff,0xf1,0x00,0x00,0x00,0x00,0x00,0x0e,0xff,0xf1,0x00,0x00,0x00,0x00,
  0x00,0x0e,0xff,0xf1,0x00,0x00,0x00,0x00,0x00,0x0e,0xff,0xf1,0x00,0x00,0x00,0x00,0x00,0x0e,0xff,0xf1,0x00,0x00,0x00,0x00,
  0x00,0x0e,0xff,0xf1,0x00,0x00,0x00,0x00,0xdf,0xff,0xff,0xff,0xff,0xff,0xff,0xf3,0xdf,0xff,0xff,0xff,0xff,0xff,0xff,0xf3,
  0xdf,0xff,0xff,0xff,0xff,0xff,0xff,0xf3,0x00,0x0e,0xff,0xf1,0x00,0x00,0x00,0x00,0x00,0x0e,0xff,0xf1,0x00,0x00,0x00,0x00,
  0x00,0x0e,0xff,0xf1,0x00,0x00,0x00,0x00,0x00,0x0e,0xff,0xf1,0x00,0x00,0x00,0x00,0x00,0x0e,0xff,0xf1,0x00,0x00,0x00,0x00,
  0x00,0x0e,0xff,0xf1,0x00,0x00,0x00,0x00,0x00,0x0e,0xff,0xf1,0x00,0x00,0x00,0x00,0x00,0x0e,0xff,0xf1,0x00,0x00,0x00,0x00,
  0x00,0x0e,0xff,0xf1,0x00,0x00,0x00,0x00,0x00,0x0e,0xff,0xf1,0x00,0x00,0x00,0x00,0x00,0x0e,0xff,0xf1,0x00,0x00,0x00,0x00,
  0x00,0x0e,0xff,0xf1,0x00,0x00,0x00,0x00,0x00,0x0e,0xff,0xf1,0x00,0x00,0x00,0x00,0x00,0x0e,0xff,0xf1,0x00,0x00,0x00,0x00,
  0x00,0x0d,0xff,0xf1,0x00,0x00,0x00,0x00,0x00,0x0c,0xff,0xf3,0x00,0x00,0x00,0x00,0x00,0x09,0xff,0xf8,0x00,0x00,0x00,0x00,
  0x00,0x04,0xff,0xff,0x72,0x00,0x00,0x00,0x00,0x00,0xcf,0xff,0xff,0xff,0xff,0xf3,0x00,0x00,0x1c,0xff,0xff,0xff,0xff,0xf3,
  0x00,0x00,0x00,0x49,0xce,0xff,0xff,0xf3,0x4f,0xff,0xb0,0x00,0x00,0x00,0x00,0x00,0x1f,0xff,0xe0,0x4f,0xff,0xb0,0x00,0x00,
  0x00,0x00,0x00,0x1f,0xff,0xe0,0x4f,0xff,0xb0,0x00,0x00,0x00,0x00,0x00,0x1f,0xff,0xe0,0x4f,0xff,0xb0,0x00,0x00,0x00,0x00,
  0x00,0x1f,0xff,0xe0,0x4f,0xff,0xb0,0x00,0x00,0x00,0x00,0x00,0x1f,0xff,0xe0,0x4f,0xff,0xb0,0x00,0x00,0x00,0x00,0x00,0x1f,
  0xff,0xe0,0x4f,0xff,0xb0,0x00,0x00,0x00,0x00,0x00,0x1f,0xff,0xe0,0x4f,0xff,0xb0,0x00,0x00,0x00,0x00,0x00,0x1f,0xff,0xe0,
  0x4f,0xff,0xb0,0x00,0x00,0x00,0x00,0x00,0x1f,0xff,0xe0,0x4f,0xff,0xb0,0x00,0x00,0x00,0x00,0x00,0x1f,0xff,0xe0,0x4f,0xff,
  0xb0,0x00,0x00,0x00,0x00,0x00,0x1f,0xff,0xe0,0x4f,0xff,0xb0,0x00,0x00,0x00,0x00,0x00,0x1f,0xff,0xe0,0x4f,0xff,0xb0,0x00,
  0x00,0x00,0x00,0x00,0x1f,0xff,0xe0,0x4f,0xff,0xb0,0x00,0x00,0x00,0x00,0x00,0x1f,0xff,0xe0,0x4f,0xff,0xb0,0x00,0x00,0x00,
  0x00,0x00,0x2f,0xff,0xe0,0x3f,0xff,0xc0,0x00,0x00,0x00,0x00,0x00,0x4f,0xff,0xe0,0x1f,0xff,0xe0,0x00,0x00,0x00,0x00,0x00,
  0x8f,0xff,0xe0,0x0e,0xff,0xf2,0x00,0x00,0x00,0x00,0x00,0xef,0xff,0xe0,0x0b,0xff,0xf8,0x00,0x00,0x00,0x00,0x09,0xff,0xff,
  0xe0,0x05,0xff,0xff,0x40,0x00,0x00,0x00,0x8f,0xff,0xff,0xe0,0x00,0xcf,0xff,0xf8,0x30,0x02,0x6d,0xff,0x9f,0xff,0xe0,0x00,
  0x2e,0xff,0xff,0xff,0xff,0xff,0xfa,0x1f,0xff,0xe0,0x00,0x02,0xdf,0xff,0xff,0xff,0xff,0x70,0x1f,0xff,0xe0,0x00,0x00,0x05,
  0xad,0xff,0xdb,0x61,0x00,0x1f,0xff,0xe0,0x8f,0xff,0xa0,0x00,0x00,0x00,0x00,0x00,0x00,0x0a,0xff,0xf8,0x2f,0xff,0xf1,0x00,
  0x00,0x00,0x00,0x00,0x00,0x0f,0xff,0xf2,0x0c,0xff,0xf6,0x00,0x00,0x00,0x00,0x00,0x00,0x6f,0xff,0xc0,0x06,0xff,0xfc,0x00,
  0x00,0x00,0x00,0x00,0x00,0xcf,0xff,0x60,0x00,0xff,0xff,0x20,0x00,0x00,0x00,0x00,0x02,0xff,0xff,0x10,0x00,0xaf,0xff,0x80,
  0x00,0x00,0x00,0x00,0x08,0xff,0xfa,0x00,0x00,0x3f,0xff,0xe0,0x00,0x00,0x00,0x00,0x0e,0xff,0xf4,0x00,0x00,0x0d,0xff,0xf4,
  0x00,0x00,0x00,0x00,0x4f,0xff,0xe0,0x00,0x00,0x07,0xff,0xfa,0x00,0x00,0x00,0x00,0xaf,0xff,0x80,0x00,0x00,0x02,0xff,0xff,
  0x10,0x00,0x00,0x00,0xff,0xff,0x20,0x00,0x00,0x00,0xbf,0xff,0x60,0x00,0x00,0x06,0xff,0xfc,0x00,0x00,0x00,0x00,0x5f,0xff,
  0xc0,0x00,0x00,0x0c,0xff,0xf6,0x00,0x00,0x00,0x00,0x0f,0xff,0xf2,0x00,0x00,0x2f,0xff,0xf1,0x00,0x00,0x00,0x00,0x09,0xff,
  0xf8,0x00,0x00,0x8f,0xff,0xa0,0x00,0x00,0x00,0x00,0x03,0xff,0xfe,0x00,0x00,0xdf,0xff,0x40,0x00,0x00,0x00,0x00,0x00,0xdf,
  0xff,0x40,0x04,0xff,0xfe,0x00,0x00,0x00,0x00,0x00,0x00,0x7f,0xff,0xa0,0x0a,0xff,0xf8,0x00,0x00,0x00,0x00,0x00,0x00,0x1f,
  0xff,0xf0,0x0f,0xff,0xf2,0x00,0x00,0x00,0x00,0x00,0x00,0x0b,0xff,0xf6,0x5f,0xff,0xc0,0x00,0x00,0x00,0x00,0x00,0x00,0x05,
  0xff,0xfc,0xbf,0xff,0x60,0x00,0x00,0x00,0x00,0x00,0x00,0x00,0xff,0xff,0xff,0xff,0x00,0x00,0x00,0x00,0x00,0x00,0x00,0x00,
  0x9f,0xff,0xff,0xfa,0x00,0x00,0x00,0x00,0x00,0x00,0x00,0x00,0x3f,0xff,0xff,0xf4,0x00,0x00,0x00,0x00,0x00,0x00,0x00,0x00,
  0x0d,0xff,0xff,0xe0,0x00,0x00,0x00,0x00,0x0f,0xff,0xe0,0x00,0x00,0x00,0x00,0x7f,0xff,0xf7,0x00,0x00,0x00,0x00,0x0e,0xff,
  0xf0,0x0c,0xff,0xf3,0x00,0x00,0x00,0x00,0xbf,0xff,0xfb,0x00,0x00,0x00,0x00,0x3f,0xff,0xb0,0x08,0xff,0xf7,0x00,0x00,0x00,
  0x00,0xff,0xff,0xff,0x00,0x00,0x00,0x00,0x7f,0xff,0x70,0x03,0xff,0xfb,0x00,0x00,0x00,0x04,0xff,0xff,0xff,0x30,0x00,0x00,
  0x00,0xbf,0xff,0x30,0x00,0xff,0xff,0x00,0x00,0x00,0x08,0xff,0xff,0xff,0x80,0x00,0x00,0x00,0xff,0xff,0x00,0x00,0xbf,0xff,
  0x40,0x00,0x00,0x0c,0xff,0xbb,0xff,0xc0,0x00,0x00,0x04,0xff,0xfb,0x00,0x00,0x7f,0xff,0x80,0x00,0x00,0x0f,0xff,0x66,0xff,
  0xf0,0x00,0x00,0x08,0xff,0xf6,0x00,0x00,0x3f,0xff,0xc0,0x00,0x00,0x4f,0xff,0x22,0xff,0xf4,0x00,0x00,0x0c,0xff,0xf2,0x00,
  0x00,0x0e,0xff,0xf0,0x00,0x00,0x9f,0xfe,0x00,0xef,0xf9,0x00,0x00,0x0f,0xff,0xe0,0x00,0x00,0x0a,0xff,0xf4,0x00,0x00,0xdf,
  0xfa,0x00,0xaf,0xfd,0x00,0x00,0x4f,0xff,0xa0,0x00,0x00,0x06,0xff,0xf9,0x00,0x01,0xff,0xf5,0x00,0x6f,0xff,0x10,0x00,0x9f,
  0xff,0x60,0x00,0x00,0x02,0xff,0xfd,0x00,0x05,0xff,0xf1,0x00,0x1f,0xff,0x50,0x00,0xdf,0xff,0x10,0x00,0x00,0x00,0xef,0xff,
  0x10,0x09,0xff,0xd0,0x00,0x0d,0xff,0x90,0x01,0xff,0xfd,0x00,0x00,0x00,0x00,0x9f,0xff,0x50,0x0e,0xff,0x90,0x00,0x09,0xff,
  0xe0,0x05,0xff,0xf9,0x00,0x00,0x00,0x00,0x5f,0xff,0xa0,0x2f,0xff,0x50,0x00,0x05,0xff,0xf2,0x09,0xff,0xf5,0x00,0x00,0x00,
  0x00,0x1f,0xff,0xe0,0x6f,0xff,0x10,0x00,0x01,0xff,0xf6,0x0e,0xff,0xf1,0x00,0x00,0x00,0x00,0x0d,0xff,0xf2,0xaf,0xfc,0x00,
  0x00,0x00,0xcf,0xfa,0x2f,0xff,0xc0,0x00,0x00,0x00,0x00,0x09,0xff,0xf6,0xef,0xf8,0x00,0x00,0x00,0x8f,0xfe,0x6f,0xff,0x80,
  0x00,0x00,0x00,0x00,0x04,0xff,0xfd,0xff,0xf4,0x00,0x00,0x00,0x4f,0xff,0xdf,0xff,0x40,0x00,0x00,0x00,0x00,0x00,0xff,0xff,
  0xff,0xf0,0x00,0x00,0x00,0x0f,0xff,0xff,0xff,0x00,0x00,0x00,0x00,0x00,0x00,0xcf,0xff,0xff,0xb0,0x00,0x00,0x00,0x0b,0xff,
  0xff,0xfc,0x00,0x00,0x00,0x00,0x00,0x00,0x8f,0xff,0xff,0x70,0x00,0x00,0x00,0x07,0xff,0xff,0xf7,0x00,0x00,0x00,0x00,0x00,
  0x00,0x4f,0xff,0xff,0x30,0x00,0x00,0x00,0x03,0xff,0xff,0xf3,0x00,0x00,0x00,0x00,0x00,0x00,0x0f,0xff,0xfe,0x00,0x00,0x00,
  0x00,0x00,0xef,0xff,0xf0,0x00,0x00,0x00,0x09,0xff,0xff,0x20,0x00,0x00,0x00,0x00,0x00,0xdf,0xff,0xc0,0x00,0xcf,0xff,0xc0,
  0x00,0x00,0x00,0x00,0x09,0xff,0xfe,0x10,0x00,0x2f,0xff,0xf9,0x00,0x00,0x00,0x00,0x5f,0xff,0xf4,0x00,0x00,0x05,0xff,0xff,
  0x50,0x00,0x00,0x02,0xff,0xff,0x80,0x00,0x00,0x00,0x9f,0xff,0xf2,0x00,0x00,0x0d,0xff,0xfc,0x00,0x00,0x00,0x00,0x0c,0xff,
  0xfc,0x00,0x00,0x9f,0xff,0xe1,0x00,0x00,0x00,0x00,0x02,0xff,0xff,0x90,0x05,0xff,0xff,0x40,0x00,0x00,0x00,0x00,0x00,0x5f,
  0xff,0xf5,0x2f,0xff,0xf8,0x00,0x00,0x00,0x00,0x00,0x00,0x09,0xff,0xff,0xdf,0xff,0xc0,0x00,0x00,0x00,0x00,0x00,0x00,0x00,
  0xcf,0xff,0xff,0xff,0x20,0x00,0x00,0x00,0x00,0x00,0x00,0x00,0x2f,0xff,0xff,0xf5,0x00,0x00,0x00,0x00,0x00,0x00,0x00,0x00,
  0x09,0xff,0xff,0xa0,0x00,0x00,0x00,0x00,0x00,0x00,0x00,0x00,0x3f,0xff,0xff,0xf2,0x00,0x00,0x00,0x00,0x00,0x00,0x00,0x00,
  0xdf,0xff,0xff,0xfc,0x00,0x00,0x00,0x00,0x00,0x00,0x00,0x0a,0xff,0xfe,0xff,0xff,0x80,0x00,0x00,0x00,0x00,0x00,0x00,0x6f,
  0xff,0xf4,0x6f,0xff,0xf4,0x00,0x00,0x00,0x00,0x00,0x03,0xff,0xff,0x80,0x0a,0xff,0xfe,0x10,0x00,0x00,0x00,0x00,0x0d,0xff,
  0xfc,0x00,0x00,0xdf,0xff,0xc0,0x00,0x00,0x00,0x00,0xaf,0xff,0xe1,0x00,0x00,0x2f,0xff,0xf8,0x00,0x00,0x00,0x06,0xff,0xff,
  0x40,0x00,0x00,0x06,0xff,0xff,0x40,0x00,0x00,0x2f,0xff,0xf8,0x00,0x00,0x00,0x00,0xaf,0xff,0xe1,0x00,0x00,0xdf,0xff,0xc0,
  0x00,0x00,0x00,0x00,0x0d,0xff,0xfb,0x00,0x09,0xff,0xfe,0x10,0x00,0x00,0x00,0x00,0x03,0xff,0xff,0x70,0x5f,0xff,0xf4,0x00,
  0x00,0x00,0x00,0x00,0x00,0x6f,0xff,0xf3,0x7f,0xff,0xb0,0x00,0x00,0x00,0x00,0x00,0x00,0x0a,0xff,0xf8,0x1f,0xff,0xf1,0x00,
  0x00,0x00,0x00,0x00,0x00,0x1f,0xff,0xf2,0x0a,0xff,0xf8,0x00,0x00,0x00,0x00,0x00,0x00,0x7f,0xff,0xb0,0x03,0xff,0xfe,0x00,
  0x00,0x00,0x00,0x00,0x00,0xdf,0xff,0x50,0x00,0xdf,0xff,0x40,0x00,0x00,0x00,0x00,0x04,0xff,0xfe,0x00,0x00,0x6f,0xff,0xb0,
  0x00,0x00,0x00,0x00,0x0a,0xff,0xf8,0x00,0x00,0x0f,0xff,0xf1,0x00,0x00,0x00,0x00,0x1f,0xff,0xf2,0x00,0x00,0x09,0xff,0xf8,
  0x00,0x00,0x00,0x00,0x7f,0xff,0xb0,0x00,0x00,0x03,0xff,0xfe,0x00,0x00,0x00,0x00,0xdf,0xff,0x50,0x00,0x00,0x00,0xcf,0xff,
  0x40,0x00,0x00,0x04,0xff,0xfe,0x00,0x00,0x00,0x00,0x5f,0xff,0xb0,0x00,0x00,0x0a,0xff,0xf8,0x00,0x00,0x00,0x00,0x0e,0xff,
  0xf1,0x00,0x00,0x1f,0xff,0xf2,0x00,0x00,0x00,0x00,0x08,0xff,0xf8,0x00,0x00,0x7f,0xff,0xb0,0x00,0x00,0x00,0x00,0x02,0xff,
  0xfe,0x00,0x00,0xdf,0xff,0x50,0x00,0x00,0x00,0x00,0x00,0xbf,0xff,0x40,0x04,0xff,0xfe,0x00,0x00,0x00,0x00,0x00,0x00,0x4f,
  0xff,0xb0,0x0a,0xff,0xf8,0x00,0x00,0x00,0x00,0x00,0x00,0x0e,0xff,0xf1,0x1f,0xff,0xf2,0x00,0x00,0x00,0x00,0x00,0x00,0x07,
  0xff,0xf8,0x7f,0xff,0xb0,0x00,0x00,0x00,0x00,0x00,0x00,0x01,0xff,0xfe,0xdf,0xff,0x50,0x00,0x00,0x00,0x00,0x00,0x00,0x00,
  0xaf,0xff,0xff,0xfe,0x00,0x00,0x00,0x00,0x00,0x00,0x00,0x00,0x4f,0xff,0xff,0xf8,0x00,0x00,0x00,0x00,0x00,0x00,0x00,0x00,
  0x0d,0xff,0xff,0xf1,0x00,0x00,0x00,0x00,0x00,0x00,0x00,0x00,0x06,0xff,0xff,0xb0,0x00,0x00,0x00,0x00,0x00,0x00,0x00,0x00,
  0x01,0xff,0xff,0x40,0x00,0x00,0x00,0x00,0x00,0x00,0x00,0x00,0x04,0xff,0xfe,0x00,0x00,0x00,0x00,0x00,0x00,0x00,0x00,0x00,
  0x0b,0xff,0xf8,0x00,0x00,0x00,0x00,0x00,0x00,0x00,0x00,0x00,0x1f,0xff,0xf1,0x00,0x00,0x00,0x00,0x00,0x00,0x00,0x00,0x00,
  0x8f,0xff,0xa0,0x00,0x00,0x00,0x00,0x00,0x00,0x00,0x00,0x02,0xff,0xff,0x30,0x00,0x00,0x00,0x00,0x00,0x00,0x00,0x01,0x5e,
  0xff,0xfa,0x00,0x00,0x00,0x00,0x00,0x00,0x00,0x8f,0xff,0xff,0xff,0xe1,0x00,0x00,0x00,0x00,0x00,0x00,0x00,0x8f,0xff,0xff,
  0xfe,0x30,0x00,0x00,0x00,0x00,0x00,0x00,0x00,0x8f,0xff,0xfc,0x81,0x00,0x00,0x00,0x00,0x00,0x00,0x00,0x09,0xff,0xff,0xff,
  0xff,0xff,0xff,0xff,0xff,0xff,0x30,0x09,0xff,0xff,0xff,0xff,0xff,0xff,0xff,0xff,0xff,0x30,0x09,0xff,0xff,0xff,0xff,0xff,
  0xff,0xff,0xff,0xff,0x30,0x00,0x00,0x00,0x00,0x00,0x00,0x00,0x0a,0xff,0xff,0x20,0x00,0x00,0x00,0x00,0x00,0x00,0x00,0x8f,
  0xff,0xf7,0x00,0x00,0x00,0x00,0x00,0x00,0x00,0x06,0xff,0xff,0x90,0x00,0x00,0x00,0x00,0x00,0x00,0x00,0x4f,0xff,0xfb,0x00,
  0x00,0x00,0x00,0x00,0x00,0x00,0x02,0xef,0xff,0xd0,0x00,0x00,0x00,0x00,0x00,0x00,0x00,0x1d,0xff,0xfe,0x20,0x00,0x00,0x00,
  0x00,0x00,0x00,0x00,0xcf,0xff,0xf3,0x00,0x00,0x00,0x00,0x00,0x00,0x00,0x0a,0xff,0xff,0x50,0x00,0x00,0x00,0x00,0x00,0x00,
  0x00,0x8f,0xff,0xf7,0x00,0x00,0x00,0x00,0x00,0x00,0x00,0x05,0xff,0xff,0x90,0x00,0x00,0x00,0x00,0x00,0x00,0x00,0x3f,0xff,
  0xfb,0x00,0x00,0x00,0x00,0x00,0x00,0x00,0x02,0xef,0xff,0xd1,0x00,0x00,0x00,0x00,0x00,0x00,0x00,0x1d,0xff,0xfe,0x20,0x00,
  0x00,0x00,0x00,0x00,0x00,0x00,0xcf,0xff,0xf3,0x00,0x00,0x00,0x00,0x00,0x00,0x00,0x0a,0xff,0xff,0x50,0x00,0x00,0x00,0x00,
  0x00,0x00,0x00,0x8f,0xff,0xf7,0x00,0x00,0x00,0x00,0x00,0x00,0x00,0x05,0xff,0xff,0x90,0x00,0x00,0x00,0x00,0x00,0x00,0x00,
  0x1f,0xff,0xfb,0x00,0x00,0x00,0x00,0x00,0x00,0x00,0x00,0x1f,0xff,0xff,0xff,0xff,0xff,0xff,0xff,0xff,0xff,0x30,0x1f,0xff,
  0xff,0xff,0xff,0xff,0xff,0xff,0xff,0xff,0x30,0x1f,0xff,0xff,0xff,0xff,0xff,0xff,0xff,0xff,0xff,0x30,0x00,0x00,0x00,0x00,
  0x00,0x38,0xbd,0xef,0xf8,0x00,0x00,0x00,0x00,0x1b,0xff,0xff,0xff,0xf8,0x00,0x00,0x00,0x00,0xbf,0xff,0xff,0xff,0xf8,0x00,
  0x00,0x00,0x02,0xff,0xff,0xa4,0x10,0x00,0x00,0x00,0x00,0x07,0xff,0xfc,0x00,0x00,0x00,0x00,0x00,0x00,0x0a,0xff,0xf6,0x00,
  0x00,0x00,0x00,0x00,0x00,0x0b,0xff,0xf3,0x00,0x00,0x00,0x00,0x00,0x00,0x0c,0xff,0xf2,0x00,0x00,0x00,0x00,0x00,0x00,0x0d,
  0xff,0xf2,0x00,0x00,0x00,0x00,0x00,0x00,0x0d,0xff,0xf2,0x00,0x00,0x00,0x00,0x00,0x00,0x0d,0xff,0xf2,0x00,0x00,0x00,0x00,
  0x00,0x00,0x0d,0xff,0xf2,0x00,0x00,0x00,0x00,0x00,0x00,0x0d,0xff,0xf2,0x00,0x00,0x00,0x00,0x00,0x00,0x0d,0xff,0xf2,0x00,
  0x00,0x00,0x00,0x00,0x00,0x0e,0xff,0xf1,0x00,0x00,0x00,0x00,0x00,0x00,0x0f,0xff,0xf0,0x00,0x00,0x00,0x00,0x00,0x00,0x4f,
  0xff,0xe0,0x00,0x00,0x00,0x00,0x00,0x00,0xcf,0xff,0x90,0x00,0x00,0x00,0x00,0x02,0x5d,0xff,0xff,0x20,0x00,0x00,0x00,0x8f,
  0xff,0xff,0xff,0xd3,0x00,0x00,0x00,0x00,0x8f,0xff,0xff,0xf9,0x00,0x00,0x00,0x00,0x00,0x8f,0xff,0xff,0xff,0xd3,0x00,0x00,
  0x00,0x00,0x00,0x02,0x5c,0xff,0xfe,0x10,0x00,0x00,0x00,0x00,0x00,0x00,0xcf,0xff,0x90,0x00,0x00,0x00,0x00,0x00,0x00,0x3f,
  0xff,0xd0,0x00,0x00,0x00,0x00,0x00,0x00,0x0f,0xff,0xf0,0x00,0x00,0x00,0x00,0x00,0x00,0x0d,0xff,0xf1,0x00,0x00,0x00,0x00,
  0x00,0x00,0x0d,0xff,0xf2,0x00,0x00,0x00,0x00,0x00,0x00,0x0d,0xff,0xf2,0x00,0x00,0x00,0x00,0x00,0x00,0x0d,0xff,0xf2,0x00,
  0x00,0x00,0x00,0x00,0x00,0x0d,0xff,0xf2,0x00,0x00,0x00,0x00,0x00,0x00,0x0d,0xff,0xf2,0x00,0x00,0x00,0x00,0x00,0x00,0x0d,
  0xff,0xf2,0x00,0x00,0x00,0x00,0x00,0x00,0x0c,0xff,0xf2,0x00,0x00,0x00,0x00,0x00,0x00,0x0b,0xff,0xf3,0x00,0x00,0x00,0x00,
  0x00,0x00,0x0a,0xff,0xf6,0x00,0x00,0x00,0x00,0x00,0x00,0x07,0xff,0xfb,0x00,0x00,0x00,0x00,0x00,0x00,0x02,0xff,0xff,0xa4,
  0x10,0x00,0x00,0x00,0x00,0x00,0xbf,0xff,0xff,0xff,0xf8,0x00,0x00,0x00,0x00,0x1b,0xff,0xff,0xff,0xf8,0x00,0x00,0x00,0x00,
  0x00,0x38,0xbd,0xff,0xf8,0x6f,0xff,0x30,0x6f,0xff,0x30,0x6f,0xff,0x30,0x6f,0xff,0x30,0x6f,0xff,0x30,0x6f,0xff,0x30,0x6f,
  0xff,0x30,0x6f,0xff,0x30,0x6f,0xff,0x30,0x6f,0xff,0x30,0x6f,0xff,0x30,0x6f,0xff,0x30,0x6f,0xff,0x30,0x6f,0xff,0x30,0x6f,
  0xff,0x30,0x6f,0xff,0x30,0x6f,0xff,0x30,0x6f,0xff,0x30,0x6f,0xff,0x30,0x6f,0xff,0x30,0x6f,0xff,0x30,0x6f,0xff,0x30,0x6f,
  0xff,0x30,0x6f,0xff,0x30,0x6f,0xff,0x30,0x6f,0xff,0x30,0x6f,0xff,0x30,0x6f,0xff,0x30,0x6f,0xff,0x30,0x6f,0xff,0x30,0x6f,
  0xff,0x30,0x6f,0xff,0x30,0x6f,0xff,0x30,0x6f,0xff,0x30,0x6f,0xff,0x30,0x6f,0xff,0x30,0x6f,0xff,0x30,0x6f,0xff,0x30,0x6f,
  0xff,0x30,0x6f,0xff,0x30,0x6f,0xff,0x30,0x6f,0xff,0x30,0x6f,0xff,0x30,0x6f,0xff,0x30,0x8f,0xfe,0xdb,0x83,0x00,0x00,0x00,
  0x00,0x00,0x8f,0xff,0xff,0xff,0xb1,0x00,0x00,0x00,0x00,0x8f,0xff,0xff,0xff,0xfa,0x00,0x00,0x00,0x00,0x00,0x01,0x4a,0xff,
  0xff,0x20,0x00,0x00,0x00,0x00,0x00,0x00,0xbf,0xff,0x70,0x00,0x00,0x00,0x00,0x00,0x00,0x6f,0xff,0xa0,0x00,0x00,0x00,0x00,
  0x00,0x00,0x3f,0xff,0xb0,0x00,0x00,0x00,0x00,0x00,0x00,0x2f,0xff,0xc0,0x00,0x00,0x00,0x00,0x00,0x00,0x2f,0xff,0xc0,0x00,
  0x00,0x00,0x00,0x00,0x00,0x2f,0xff,0xc0,0x00,0x00,0x00,0x00,0x00,0x00,0x2f,0xff,0xc0,0x00,0x00,0x00,0x00,0x00,0x00,0x2f,
  0xff,0xc0,0x00,0x00,0x00,0x00,0x00,0x00,0x2f,0xff,0xc0,0x00,0x00,0x00,0x00,0x00,0x00,0x2f,0xff,0xc0,0x00,0x00,0x00,0x00,
  0x00,0x00,0x1f,0xff,0xd0,0x00,0x00,0x00,0x00,0x00,0x00,0x0f,0xff,0xf0,0x00,0x00,0x00,0x00,0x00,0x00,0x0e,0xff,0xf4,0x00,
  0x00,0x00,0x00,0x00,0x00,0x09,0xff,0xfc,0x00,0x00,0x00,0x00,0x00,0x00,0x02,0xff,0xff,0xd5,0x20,0x00,0x00,0x00,0x00,0x00,
  0x3e,0xff,0xff,0xff,0xf8,0x00,0x00,0x00,0x00,0x00,0x9f,0xff,0xff,0xf8,0x00,0x00,0x00,0x00,0x3d,0xff,0xff,0xff,0xf8,0x00,
  0x00,0x00,0x01,0xef,0xff,0xc5,0x20,0x00,0x00,0x00,0x00,0x09,0xff,0xfb,0x00,0x00,0x00,0x00,0x00,0x00,0x0d,0xff,0xf3,0x00,
  0x00,0x00,0x00,0x00,0x00,0x0f,0xff,0xf0,0x00,0x00,0x00,0x00,0x00,0x00,0x1f,0xff,0xd0,0x00,0x00,0x00,0x00,0x00,0x00,0x2f,
  0xff,0xc0,0x00,0x00,0x00,0x00,0x00,0x00,0x2f,0xff,0xc0,0x00,0x00,0x00,0x00,0x00,0x00,0x2f,0xff,0xc0,0x00,0x00,0x00,0x00,
  0x00,0x00,0x2f,0xff,0xc0,0x00,0x00,0x00,0x00,0x00,0x00,0x2f,0xff,0xc0,0x00,0x00,0x00,0x00,0x00,0x00,0x2f,0xff,0xc0,0x00,
  0x00,0x00,0x00,0x00,0x00,0x2f,0xff,0xc0,0x00,0x00,0x00,0x00,0x00,0x00,0x3f,0xff,0xb0,0x00,0x00,0x00,0x00,0x00,0x00,0x6f,
  0xff,0xa0,0x00,0x00,0x00,0x00,0x00,0x00,0xbf,0xff,0x70,0x00,0x00,0x00,0x00,0x01,0x4a,0xff,0xff,0x20,0x00,0x00,0x00,0x8f,
  0xff,0xff,0xff,0xfb,0x00,0x00,0x00,0x00,0x8f,0xff,0xff,0xff,0xb1,0x00,0x00,0x00,0x00,0x8f,0xff,0xdb,0x83,0x00,0x00,0x00,
  0x00,0x00,0x00,0x00,0x00,0x00,0x00,0x00,0x00,0x00,0x00,0x00,0x00,0x00,0x00,0x01,0x10,0x00,0x00,0x16,0xbd,0xff,0xda,0x50,
  0x00,0x00,0x00,0x00,0x00,0x00,0x3e,0x30,0x00,0x08,0xff,0xff,0xff,0xff,0xff,0x93,0x00,0x00,0x00,0x00,0x19,0xff,0x30,0x03,
  0xef,0xff,0xff,0xff,0xff,0xff,0xff,0xd8,0x41,0x01,0x49,0xff,0xff,0x30,0x3f,0xff,0xff,0xff,0xff,0xff,0xff,0xff,0xff,0xff,
  0xff,0xff,0xff,0xff,0x20,0x5f,0xff,0xe8,0x31,0x01,0x49,0xef,0xff,0xff,0xff,0xff,0xff,0xff,0xd2,0x00,0x5f,0xe7,0x00,0x00,
  0x00,0x00,0x04,0xaf,0xff,0xff,0xff,0xff,0xf7,0x00,0x00,0x5c,0x10,0x00,0x00,0x00,0x00,0x00,0x01,0x6a,0xdf,0xfd,0xa6,0x00,
  0x00,0x00,0x10,0x00,0x00,0x00,0x00,0x00,0x00,0x00,0x00,0x00,0x00,0x00,0x00,0x00,0x00,0xdf,0xff,0xff,0xff,0xff,0xff,0xff,
  0xff,0xff,0xff,0xff,0xff,0xff,0xff,0xff,0xff,0xff,0xff,0xff,0xfd,0xdf,0xff,0xff,0xff,0xff,0xff,0xff,0xff,0xff,0xff,0xff,
  0xff,0xff,0xff,0xff,0xff,0xff,0xff,0xff,0xfd,0xdf,0xff,0xff,0xff,0xff,0xff,0xff,0xff,0xff,0xff,0xff,0xff,0xff,0xff,0xff,
  0xff,0xff,0xff,0xff,0xfd,0x00,0x00,0x00,0x00,0x00,0x00,0x01,0x69,0xce,0xff,0xfd,0xb8,0x40,0x00,0x00,0x00,0x00,0x00,0x00,
  0x00,0x00,0x00,0x00,0x00,0x06,0xcf,0xff,0xff,0xff,0xff,0xff,0xff,0xa3,0x00,0x00,0x00,0x00,0x00,0x00,0x00,0x00,0x00,0x07,
  0xef,0xff,0xff,0xff,0xee,0xef,0xff,0xff,0xff,0xc3,0x00,0x00,0x00,0x00,0x00,0x00,0x00,0x04,0xdf,0xff,0xd9,0x53,0x10,0x00,
  0x00,0x13,0x6a,0xef,0xff,0xa1,0x00,0x00,0x00,0x00,0x00,0x00,0x8f,0xfe,0x82,0x00,0x00,0x00,0x00,0x00,0x00,0x00,0x04,0xbf,
  0xfe,0x20,0x00,0x00,0x00,0x00,0x0a,0xfe,0x60,0x00,0x00,0x00,0x00,0x00,0x00,0x00,0x00,0x00,0x03,0xcf,0xe3,0x00,0x00,0x00,
  0x00,0xaf,0x91,0x00,0x00,0x00,0x00,0x00,0x00,0x00,0x00,0x00,0x00,0x00,0x06,0xff,0x30,0x00,0x00,0x08,0xf5,0x00,0x00,0x00,
  0x00,0x00,0x00,0x00,0x00,0x00,0x00,0x00,0x00,0x00,0x2d,0xe2,0x00,0x00,0x5d,0x20,0x00,0x00,0x00,0x00,0x00,0x00,0x00,0x00,
  0x00,0x00,0x00,0x00,0x00,0x00,0xbd,0x00,0x02,0xc1,0x00,0x00,0x00,0x00,0x00,0x00,0x00,0x00,0x00,0x00,0x00,0x00,0x00,0x00,
  0x00,0x09,0xa0,0x0a,0x10,0x00,0x00,0x00,0x00,0x00,0x00,0x00,0x00,0x00,0x00,0x00,0x00,0x00,0x00,0x00,0x00,0x95,0x31,0x00,
  0x00,0x00,0x00,0x00,0x00,0x00,0x00,0x00,0x00,0x00,0x00,0x00,0x00,0x00,0x00,0x00,0x06,0x00,0x00,0x02,0x8c,0xee,0xc6,0x00,
  0x00,0x00,0x00,0x03,0xae,0xfe,0xb6,0x00,0x00,0x00,0x00,0x00,0x8f,0xa4,0x22,0x5b,0xd2,0x00,0x00,0x00,0x9e,0x83,0x23,0x7d,
  0xd2,0x00,0x00,0x00,0x0a,0xd2,0x00,0x00,0x00,0x5e,0x10,0x00,0x09,0xc1,0x00,0x00,0x00,0x8e,0x30,0x00,0x00,0x8d,0x10,0x00,
  0x00,0x00,0x05,0xc0,0x00,0x5d,0x00,0x00,0x00,0x00,0x06,0xe1,0x00,0x02,0xf3,0x00,0x00,0x00,0x00,0x00,0xa6,0x00,0xe3,0x00,
  0x00,0x00,0x00,0x00,0x99,0x00,0x09,0xa0,0x00,0x00,0x00,0x00,0x00,0x1d,0x06,0xa0,0x00,0x00,0x00,0x00,0x00,0x1f,0x00,0x0d,
  0x40,0x00,0x00,0x00,0x00,0x00,0x0a,0x4d,0x30,0x00,0x00,0x00,0x00,0x00,0x0c,0x40,0x0f,0x20,0x00,0x00,0x00,0x00,0x00,0x05,
  0xad,0x00,0x00,0x00,0x00,0x00,0x00,0x0a,0x60,0x0f,0x10,0x00,0x00,0x00,0x00,0x00,0x00,0xf8,0x00,0x00,0x00,0x00,0x00,0x00,
  0x0a,0x70,0x0e,0x20,0x00,0x00,0x00,0x00,0x00,0x00,0xc4,0x00,0x00,0x00,0x00,0x00,0x00,0x0b,0x60,0x0c,0x50,0x00,0x00,0x00,
  0x00,0x00,0x00,0x81,0x00,0x00,0x00,0x00,0x00,0x00,0x0d,0x30,0x08,0x90,0x00,0x00,0x00,0x00,0x00,0x00,0x30,0x00,0x00,0x00,
  0x00,0x00,0x00,0x1f,0x00,0x03,0xe0,0x00,0x00,0x00,0x00,0x00,0x00,0x00,0x00,0x00,0x00,0x00,0x00,0x00,0x6b,0x00,0x00,0xc6,
  0x00,0x00,0x00,0x00,0x00,0x00,0x00,0x00,0x00,0x00,0x00,0x00,0x00,0xd5,0x00,0x00,0x4e,0x10,0x00,0x00,0x00,0x00,0x00,0x00,
  0x00,0x00,0x00,0x00,0x00,0x06,0xd0,0x00,0x00,0x0a,0xa0,0x00,0x00,0x00,0x00,0x00,0x00,0x00,0x00,0x00,0x00,0x00,0x1e,0x40,
  0x00,0x00,0x01,0xe6,0x00,0x00,0x00,0x00,0x00,0x00,0x00,0x00,0x00,0x00,0x00,0xc9,0x00,0x00,0x00,0x00,0x3e,0x30,0x00,0x00,
  0x00,0x00,0x00,0x00,0x00,0x00,0x00,0x0a,0xc0,0x00,0x00,0x00,0x00,0x05,0xe2,0x00,0x00,0x00,0x00,0x00,0x00,0x00,0x00,0x00,
  0x7d,0x10,0x00,0x00,0x00,0x00,0x00,0x8d,0x00,0x00,0x00,0x00,0x00,0x00,0x00,0x00,0x04,0xe2,0x00,0x00,0x00,0x00,0x00,0x00,
  0x0b,0xa0,0x00,0x00,0x00,0x00,0x00,0x00,0x00,0x2e,0x40,0x00,0x00,0x00,0x00,0x00,0x00,0x00,0xd8,0x00,0x00,0x00,0x00,0x00,
  0x00,0x01,0xd7,0x00,0x00,0x00,0x00,0x00,0x00,0x00,0x00,0x2e,0x50,0x00,0x00,0x00,0x00,0x00,0x0b,0x90,0x00,0x00,0x00,0x00,
  0x00,0x00,0x00,0x00,0x04,0xf2,0x00,0x00,0x00,0x00,0x00,0x9c,0x00,0x00,0x00,0x00,0x00,0x00,0x00,0x00,0x00,0x00,0x7e,0x10,
  0x00,0x00,0x00,0x06,0xe1,0x00,0x00,0x00,0x00,0x00,0x00,0x00,0x00,0x00,0x00,0x0a,0xc0,0x00,0x00,0x00,0x3e,0x30,0x00,0x00,
  0x00,0x00,0x00,0x00,0x00,0x00,0x00,0x00,0x00,0xc9,0x00,0x00,0x01,0xe5,0x00,0x00,0x00,0x00,0x00,0x00,0x00,0x00,0x00,0x00,
  0x00,0x00,0x1e,0x60,0x00,0x0c,0x80,0x00,0x00,0x00,0x00,0x00,0x00,0x00,0x00,0x00,0x00,0x00,0x00,0x03,0xf4,0x00,0xaa,0x00,
  0x00,0x00,0x00,0x00,0x00,0x00,0x00,0x00,0x00,0x00,0x00,0x00,0x00,0x6e,0x27,0xc0,0x00,0x00,0x00,0x00,0x00,0x00,0x00,0x00,
  0x00,0x00,0x00,0x00,0x00,0x00,0x09,0xee,0x10,0x00,0x00,0x00,0x00,0x00,0x00,0x00,0x00,0x00,0x00,0x00,0x00,0x00,0x00,0x00,
  0xb3,0x00,0x00,0x00,0x00,0x00,0x00,0x00,0x00,0x01,0x11,0x10,0x00,0x00,0x00,0x00,0x00,0x00,0x00,0x00,0x00,0x00,0x11,0x10,
  0x7f,0xff,0xf2,0x00,0x00,0x00,0x00,0x00,0x00,0x00,0x00,0x00,0x0f,0xff,0xf8,0x1f,0xff,0xf7,0x00,0x00,0x00,0x00,0x00,0x00,
  0x00,0x00,0x00,0x5f,0xff,0xf2,0x0a,0xff,0xfd,0x00,0x00,0x00,0x00,0x00,0x00,0x00,0x00,0x00,0xbf,0xff,0xc0,0x04,0xff,0xff,
  0x30,0x00,0x00,0x00,0x00,0x00,0x00,0x00,0x01,0xff,0xff,0x50,0x00,0xef,0xff,0x80,0x00,0x00,0x00,0x00,0x00,0x00,0x00,0x06,
  0xff,0xff,0x00,0x00,0x8f,0xff,0xe0,0x00,0x00,0x00,0x00,0x00,0x00,0x00,0x0c,0xff,0xf9,0x00,0x00,0x2f,0xff,0xf4,0x00,0x00,
  0x00,0x00,0x00,0x00,0x00,0x1f,0xff,0xf3,0x00,0x00,0x0c,0xff,0xf9,0x00,0x00,0x00,0x00,0x00,0x00,0x00,0x7f,0xff,0xd0,0x00,
  0x00,0x06,0xff,0xff,0xdd,0xdd,0xdd,0xdd,0xdd,0xdd,0xdd,0xff,0xff,0x70,0x00,0x00,0x00,0xff,0xff,0xff,0xff,0xff,0xff,0xff,
  0xff,0xff,0xff,0xff,0x10,0x00,0x00,0x00,0x9f,0xff,0xff,0xff,0xff,0xff,0xff,0xff,0xff,0xff,0xfb,0x00,0x00,0x00,0x00,0x3f,
  0xff,0xfc,0xcc,0xcc,0xcc,0xcc,0xcc,0xcf,0xff,0xf5,0x00,0x00,0x00,0x00,0x0d,0xff,0xf6,0x00,0x00,0x00,0x00,0x00,0x5f,0xff,
  0xe0,0x00,0x00,0x00,0x00,0x07,0xff,0xfc,0x00,0x00,0x00,0x00,0x00,0xbf,0xff,0x80,0x00,0x00,0x00,0x00,0x01,0xff,0xff,0x20,
  0x00,0x00,0x00,0x01,0xff,0xff,0x20,0x00,0x00,0x00,0x00,0x00,0xbf,0xff,0x80,0x00,0x00,0x00,0x06,0xff,0xfc,0x00,0x00,0x00,
  0x00,0x00,0x00,0x5f,0xff,0xe0,0x00,0x00,0x00,0x0c,0xff,0xf6,0x00,0x00,0x00,0x00,0x00,0x00,0x0e,0xff,0xf4,0x00,0x00,0x00,
  0x2f,0xff,0xf1,0x00,0x00,0x00,0x00,0x00,0x00,0x09,0xff,0xfa,0x00,0x00,0x00,0x8f,0xff,0xa0,0x00,0x00,0x00,0x00,0x00,0x00,
  0x02,0xff,0xff,0x00,0x00,0x00,0xef,0xff,0x40,0x00,0x00,0x00,0x00,0x00,0x00,0x00,0xcf,0xff,0x60,0x00,0x04,0xff,0xfe,0x00,
  0x00,0x00,0x00,0x00,0x00,0x00,0x00,0x6f,0xff,0xb0,0x00,0x0a,0xff,0xf8,0x00,0x00,0x00,0x00,0x00,0x00,0x00,0x00,0x1f,0xff,
  0xf1,0x00,0x0f,0xff,0xf2,0x00,0x00,0x00,0x00,0x00,0x00,0x00,0x00,0x0a,0xff,0xf7,0x00,0x6f,0xff,0xc0,0x00,0x00,0x00,0x00,
  0x00,0x00,0x00,0x00,0x04,0xff,0xfd,0x00,0xcf,0xff,0x50,0x00,0x00,0x00,0x00,0x00,0x00,0x00,0x00,0x00,0xef,0xff,0x32,0xff,
  0xff,0x00,0x00,0x00,0x00,0x00,0x00,0x00,0x00,0x00,0x00,0x8f,0xff,0x98,0xff,0xf9,0x00,0x00,0x00,0x00,0x00,0x00,0x00,0x00,
  0x00,0x00,0x2f,0xff,0xed,0xff,0xf3,0x00,0x00,0x00,0x00,0x00,0x00,0x00,0x00,0x00,0x00,0x0b,0xff,0xff,0xff,0xd0,0x00,0x00,
  0x00,0x00,0x00,0x00,0x00,0x00,0x00,0x00,0x05,0xff,0xff,0xff,0x70,0x00,0x00,0x00,0x00,0x00,0x00,0x00,0x00,0x00,0x00,0x00,
  0xff,0xff,0xff,0x10,0x00,0x00,0x00,0x00,0x00,0x00,0x00,0x00,0x00,0x00,0x00,0x9f,0xff,0xfb,0x00,0x00,0x00,0x00,0x00,0x00,
  0x00,0x00,0xff,0xff,0x40,0x00,0x00,0x00,0x00,0x00,0x00,0x00,0x8f,0xff,0xb0,0x00,0x00,0x07,0xff,0xfd,0x00,0x00,0x00,0x00,
  0x00,0x00,0x00,0x00,0x2f,0xff,0xf3,0x00,0x00,0x0e,0xff,0xf7,0x00,0x00,0x00,0x00,0x00,0x00,0x00,0x00,0x0b,0xff,0xfa,0x00,
  0x00,0x4f,0xff,0xf1,0x00,0x00,0x00,0x00,0x00,0x00,0x00,0x00,0x05,0xff,0xff,0x10,0x00,0xaf,0xff,0xc0,0x00,0x00,0x00,0x00,
  0x00,0x00,0x00,0x00,0x00,0xff,0xff,0x60,0x00,0xff,0xff,0x70,0x00,0x00,0x00,0x00,0x00,0x00,0x00,0x00,0x00,0xbf,0xff,0xc0,
  0x05,0xff,0xff,0x20,0x00,0x00,0x00,0x00,0x00,0x00,0x00,0x00,0x00,0x6f,0xff,0xf1,0x08,0xff,0xfe,0x00,0x00,0x00,0x00,0x00,
  0x00,0x00,0x00,0x00,0x00,0x3f,0xff,0xf4,0x0c,0xff,0xfb,0x00,0x00,0x00,0x00,0x00,0x00,0x00,0x00,0x00,0x00,0x0f,0xff,0xf8,
  0x0e,0xff,0xf9,0x00,0x00,0x00,0x00,0x00,0x00,0x00,0x00,0x00,0x00,0x0d,0xff,0xfa,0x0f,0xff,0xf8,0x00,0x00,0x00,0x00,0x7f,
  0xff,0x30,0x00,0x00,0x00,0x0c,0xff,0xfc,0x1f,0xff,0xf6,0x00,0x00,0x00,0x00,0x7f,0xff,0x30,0x00,0x00,0x00,0x0b,0xff,0xfd,
  0x0f,0xff,0xf6,0x00,0x00,0x00,0x00,0x8f,0xff,0x40,0x00,0x00,0x00,0x0b,0xff,0xfc,0x0f,0xff,0xf7,0x00,0x00,0x00,0x00,0x9f,
  0xff,0x50,0x00,0x00,0x00,0x0b,0xff,0xfc,0x0f,0xff,0xf8,0x00,0x00,0x00,0x00,0xbf,0xff,0x70,0x00,0x00,0x00,0x0d,0xff,0xfb,
  0x0c,0xff,0xfa,0x00,0x00,0x00,0x00,0xdf,0xff,0x90,0x00,0x00,0x00,0x0e,0xff,0xf8,0x0a,0xff,0xfd,0x00,0x00,0x00,0x00,0xff,
  0xff,0xc0,0x00,0x00,0x00,0x2f,0xff,0xf5,0x06,0xff,0xff,0x10,0x00,0x00,0x05,0xff,0xff,0xf1,0x00,0x00,0x00,0x6f,0xff,0xf2,
  0x01,0xff,0xff,0x80,0x00,0x00,0x0a,0xff,0xaf,0xf6,0x00,0x00,0x00,0xcf,0xff,0xc0,0x00,0xaf,0xff,0xf2,0x00,0x00,0x3f,0xfe,
  0x4f,0xfe,0x10,0x00,0x06,0xff,0xff,0x60,0x00,0x1f,0xff,0xfe,0x61,0x05,0xef,0xf8,0x0d,0xff,0xd3,0x02,0x8f,0xff,0xfd,0x00,
  0x00,0x05,0xff,0xff,0xff,0xff,0xff,0xe1,0x05,0xff,0xff,0xff,0xff,0xff,0xe2,0x00,0x00,0x00,0x4e,0xff,0xff,0xff,0xfe,0x30,
  0x00,0x7f,0xff,0xff,0xff,0xfc,0x20,0x00,0x00,0x00,0x00,0x6b,0xef,0xfd,0x81,0x00,0x00,0x03,0xad,0xff,0xda,0x50,0x00,0x00,
  0x00,0x00,0x06,0xff,0xfc,0x00,0x00,0x00,0x2f,0xff,0xd1,0x00,0x00,0x00,0xdf,0xfe,0x20,0x00,0x00,0x0a,0xff,0xf3,0x00,0x00,
  0x00,0x6f,0xff,0x50,0x00,0x00,0x02,0xff,0xf7,0x00,0x00,0x00,0x0d,0xff,0x90,0x00,0x00,0x00,0xaf,0xfa,0x00,0x00,0x00,0x00,
  0x04,0xdf,0xd5,0x00,0x4f,0xff,0xff,0x50,0xdf,0xff,0xff,0xd0,0xff,0xff,0xff,0xf0,0xdf,0xff,0xff,0xe0,0x5f,0xff,0xff,0x60,
  0x05,0xdf,0xd5,0x00,0x00,0x01,0x8d,0xff,0xc7,0x00,0x00,0x00,0x4e,0xff,0xff,0xff,0xe3,0x00,0x03,0xff,0xff,0xff,0xff,0xff,
  0x30,0x0d,0xff,0xd4,0x00,0x4d,0xff,0xd0,0x5f,0xfc,0x00,0x00,0x00,0xcf,0xf5,0xaf,0xf3,0x00,0x00,0x00,0x3f,0xfa,0xcf,0xf0,
  0x00,0x00,0x00,0x0f,0xfc,0xcf,0xf0,0x00,0x00,0x00,0x0f,0xfc,0xaf,0xf3,0x00,0x00,0x00,0x3f,0xfa,0x6f,0xfc,0x00,0x00,0x00,
  0xcf,0xf6,0x0e,0xff,0xc4,0x00,0x4c,0xff,0xe0,0x04,0xff,0xff,0xff,0xff,0xff,0x30,0x00,0x5f,0xff,0xff,0xff,0xe4,0x00,0x00,
  0x01,0x8d,0xff,0xd8,0x10,0x00,0xaf,0xf0,0x00,0x00,0x00,0x0f,0xfa,0x7f,0xf7,0x00,0x00,0x00,0x7f,0xf7,0x2f,0xff,0x92,0x00,
  0x39,0xff,0xf2,0x0a,0xff,0xff,0xff,0xff,0xff,0x90,0x00,0xbf,0xff,0xff,0xff,0xfb,0x00,0x00,0x04,0xae,0xff,0xea,0x40,0x00,
  0x01,0x10,0x00,0x00,0x00,0x00,0x11,0x00,0x6f,0xf3,0x00,0x00,0x00,0x03,0xff,0x60,0x5f,0xf5,0x00,0x00,0x00,0x05,0xff,0x40,
  0x1f,0xfa,0x00,0x00,0x00,0x0a,0xff,0x10,0x0b,0xff,0x30,0x00,0x00,0x3f,0xfb,0x00,0x02,0xff,0xe5,0x00,0x05,0xff,0xf2,0x00,
  0x00,0x3e,0xff,0xfe,0xff,0xfe,0x30,0x00,0x00,0x00,0x7c,0xef,0xeb,0x70,0x00,0x00,0x00,0x00,0x00,0x00,0x00,0x00,0x00,0x00,
  0x00,0x00,0x00,0x00,0x00,0x00,0x00,0x4d,0x84,0x00,0x00,0x00,0x00,0x00,0x00,0x00,0x00,0x00,0x00,0x00,0x00,0x00,0x5f,0xff,
  0xfb,0x62,0x00,0x00,0x00,0x00,0x00,0x00,0x00,0x00,0x00,0x00,0x00,0x5f,0xff,0xff,0xff,0xd8,0x40,0x00,0x00,0x00,0x00,0x00,
  0x00,0x00,0x00,0x00,0x3e,0xff,0xff,0xff,0xff,0xff,0xb6,0x20,0x00,0x00,0x00,0x00,0x00,0x00,0x00,0x00,0x38,0xcf,0xff,0xff,
  0xff,0xff,0xfd,0x84,0x00,0x00,0x00,0x00,0x00,0x00,0x00,0x00,0x01,0x6a,0xff,0xff,0xff,0xff,0xff,0xfb,0x62,0x00,0x00,0x00,
  0x00,0x00,0x00,0x00,0x00,0x04,0x8d,0xff,0xff,0xff,0xff,0xff,0xd8,0x40,0x00,0x00,0x00,0x00,0x00,0x00,0x00,0x00,0x16,0xbf,
  0xff,0xff,0xff,0xff,0xff,0xb6,0x00,0x00,0x00,0x00,0x00,0x00,0x00,0x00,0x00,0x48,0xdf,0xff,0xff,0xff,0xff,0x30,0x00,0x00,
  0x00,0x00,0x00,0x00,0x00,0x00,0x00,0x02,0x8f,0xff,0xff,0xff,0x30,0x00,0x00,0x00,0x00,0x00,0x00,0x00,0x00,0x04,0x8d,0xff,
  0xff,0xff,0xff,0x30,0x00,0x00,0x00,0x00,0x00,0x00,0x01,0x6a,0xff,0xff,0xff,0xff,0xff,0xea,0x10,0x00,0x00,0x00,0x00,0x00,
  0x48,0xdf,0xff,0xff,0xff,0xff,0xfd,0x83,0x00,0x00,0x00,0x00,0x00,0x16,0xbf,0xff,0xff,0xff,0xff,0xff,0xa6,0x10,0x00,0x00,
  0x00,0x00,0x04,0x8d,0xff,0xff,0xff,0xff,0xff,0xd8,0x30,0x00,0x00,0x00,0x00,0x00,0x2b,0xff,0xff,0xff,0xff,0xff,0xfa,0x61,
  0x00,0x00,0x00,0x00,0x00,0x00,0x00,0x5f,0xff,0xff,0xff,0xfd,0x84,0x00,0x00,0x00,0x00,0x00,0x00,0x00,0x00,0x00,0x5f,0xff,
  0xff,0xb6,0x10,0x00,0x00,0x00,0x00,0x00,0x00,0x00,0x00,0x00,0x00,0x5f,0xd8,0x40,0x00,0x00,0x00,0x00,0x00,0x00,0x00,0x00,
  0x00,0x00,0x00,0x00,0x12,0x00,0x00,0x00,0x00,0x00,0x00,0x00,0x00,0x00,0x00,0x00,0x00,0x00,0x00,0x00,0x00,0x00,0x00,0x00,
  0x00,0x00,0x00,0x00,0x00,0x00,0x00,0x00,0x00,0x00,0x02,0x22,0x22,0x22,0x22,0x22,0x22,0x22,0x22,0x22,0x22,0x22,0x22,0x22,
  0x00,0x5f,0xff,0xff,0xff,0xff,0xff,0xff,0xff,0xff,0xff,0xff,0xff,0xff,0xff,0x30,0x5f,0xff,0xff,0xff,0xff,0xff,0xff,0xff,
  0xff,0xff,0xff,0xff,0xff,0xff,0x30,0x5f,0xff,0xff,0xff,0xff,0xff,0xff,0xff,0xff,0xff,0xff,0xff,0xff,0xff,0x30,0x28,0x88,
  0x88,0x88,0x88,0x88,0x88,0x88,0x88,0x88,0x88,0x88,0x88,0x88,0x10,0x00,0x00,0x00,0x00,0x00,0x00,0x00,0x00,0x00,0x00,0x00,
  0x00,0x00,0x00,0x00,0x00,0x00,0x00,0x00,0x00,0x00,0x00,0x00,0x00,0x00,0x00,0x00,0x00,0x00,0x00,0x5f,0xff,0xff,0xff,0xff,
  0xff,0xff,0xff,0xff,0xff,0xff,0xff,0xff,0xff,0x30,0x5f,0xff,0xff,0xff,0xff,0xff,0xff,0xff,0xff,0xff,0xff,0xff,0xff,0xff,
  0x30,0x5f,0xff,0xff,0xff,0xff,0xff,0xff,0xff,0xff,0xff,0xff,0xff,0xff,0xff,0x30,0x3a,0xaa,0xaa,0xaa,0xaa,0xaa,0xaa,0xaa,
  0xaa,0xaa,0xaa,0xaa,0xaa,0xaa,0x20,0x00,0x00,0x00,0x00,0x00,0x00,0x00,0x00,0x00,0x00,0x00,0x00,0x00,0x00,0x00,0x00,0x00,
  0x00,0x00,0x00,0x00,0x00,0x00,0x00,0x00,0x00,0x00,0x04,0x9d,0x30,0x00,0x00,0x00,0x00,0x00,0x00,0x00,0x00,0x00,0x00,0x02,
  0x6b,0xff,0xff,0x30,0x00,0x00,0x00,0x00,0x00,0x00,0x00,0x00,0x00,0x49,0xdf,0xff,0xff,0xff,0x30,0x00,0x00,0x00,0x00,0x00,
  0x00,0x00,0x26,0xbf,0xff,0xff,0xff,0xff,0xfe,0x20,0x00,0x00,0x00,0x00,0x00,0x04,0x9d,0xff,0xff,0xff,0xff,0xff,0xc7,0x30,
  0x00,0x00,0x00,0x00,0x02,0x6b,0xff,0xff,0xff,0xff,0xff,0xea,0x51,0x00,0x00,0x00,0x00,0x00,0x49,0xdf,0xff,0xff,0xff,0xff,
  0xfc,0x83,0x00,0x00,0x00,0x00,0x00,0x16,0xbf,0xff,0xff,0xff,0xff,0xff,0xa6,0x10,0x00,0x00,0x00,0x00,0x00,0x00,0x5f,0xff,
  0xff,0xff,0xff,0xd8,0x30,0x00,0x00,0x00,0x00,0x00,0x00,0x00,0x00,0x5f,0xff,0xff,0xff,0x71,0x00,0x00,0x00,0x00,0x00,0x00,
  0x00,0x00,0x00,0x00,0x5f,0xff,0xff,0xff,0xfc,0x83,0x00,0x00,0x00,0x00,0x00,0x00,0x00,0x00,0x00,0x2b,0xff,0xff,0xff,0xff,
  0xff,0xea,0x61,0x00,0x00,0x00,0x00,0x00,0x00,0x00,0x00,0x04,0x8d,0xff,0xff,0xff,0xff,0xff,0xc8,0x30,0x00,0x00,0x00,0x00,
  0x00,0x00,0x00,0x00,0x16,0xbf,0xff,0xff,0xff,0xff,0xff,0xa6,0x10,0x00,0x00,0x00,0x00,0x00,0x00,0x00,0x00,0x48,0xdf,0xff,
  0xff,0xff,0xff,0xfd,0x83,0x00,0x00,0x00,0x00,0x00,0x00,0x00,0x00,0x02,0x6b,0xff,0xff,0xff,0xff,0xff,0xfa,0x10,0x00,0x00,
  0x00,0x00,0x00,0x00,0x00,0x00,0x04,0x9d,0xff,0xff,0xff,0xff,0x30,0x00,0x00,0x00,0x00,0x00,0x00,0x00,0x00,0x00,0x00,0x26,
  0xbf,0xff,0xff,0x30,0x00,0x00,0x00,0x00,0x00,0x00,0x00,0x00,0x00,0x00,0x00,0x00,0x49,0xdf,0x30,0x00,0x00,0x00,0x00,0x00,
  0x00,0x00,0x00,0x00,0x00,0x00,0x00,0x00,0x02,0x10,0x00,0x00,0x00,0x00,0x00,0x00,0x00,0x00,0x00,0x00,0x00,0x00,0x00,0x00,
  0x00,0x02,0x22,0x22,0x22,0x22,0x22,0x22,0x22,0x22,0x22,0x22,0x22,0x22,0x22,0x00,0x5f,0xff,0xff,0xff,0xff,0xff,0xff,0xff,
  0xff,0xff,0xff,0xff,0xff,0xff,0x30,0x5f,0xff,0xff,0xff,0xff,0xff,0xff,0xff,0xff,0xff,0xff,0xff,0xff,0xff,0x30,0x5f,0xff,
  0xff,0xff,0xff,0xff,0xff,0xff,0xff,0xff,0xff,0xff,0xff,0xff,0x30,0x28,0x88,0x88,0x88,0x88,0x88,0x88,0x88,0x88,0x88,0x88,
  0x88,0x88,0x88,0x10,0x00,0x00,0x00,0x00,0x00,0x00,0x00,0x00,0x00,0x00,0x00,0x00,0x00,0x00,0x00,0x00,0x00,0x00,0x00,0x00,
  0x00,0x00,0x00,0x00,0x00,0x00,0x00,0x00,0x00,0x00,0x5f,0xff,0xff,0xff,0xff,0xff,0xff,0xff,0xff,0xff,0xff,0xff,0xff,0xff,
  0x30,0x5f,0xff,0xff,0xff,0xff,0xff,0xff,0xff,0xff,0xff,0xff,0xff,0xff,0xff,0x30,0x5f,0xff,0xff,0xff,0xff,0xff,0xff,0xff,
  0xff,0xff,0xff,0xff,0xff,0xff,0x30,0x3a,0xaa,0xaa,0xaa,0xaa,0xaa,0xaa,0xaa,0xaa,0xaa,0xaa,0xaa,0xaa,0xaa,0x20,0x00,0x00,
  0x00,0x00,0x00,0x00,0x00,0x13,0x55,0x42,0x00,0x00,0x00,0x00,0x00,0x00,0x00,0x00,0x00,0x00,0x00,0x00,0x03,0x9e,0xff,0xff,
  0xff,0xfb,0x50,0x00,0x00,0x00,0x00,0x00,0x00,0x00,0x00,0x00,0x04,0xcf,0xff,0xff,0xff,0xff,0xff,0xff,0x81,0x00,0x00,0x00,
  0x00,0x00,0x00,0x00,0x02,0xbf,0xff,0xfb,0x74,0x32,0x46,0x9e,0xff,0xfe,0x50,0x00,0x00,0x00,0x00,0x00,0x00,0x5f,0xff,0xf7,
  0x10,0x00,0x00,0x00,0x00,0x5c,0xff,0xfa,0x00,0x00,0x00,0x00,0x00,0x08,0xff,0xf9,0x10,0x00,0x00,0x00,0x00,0x00,0x00,0x5e,
  0xff,0xd1,0x00,0x00,0x00,0x00,0x8f,0xfe,0x40,0x00,0x00,0x00,0x00,0x00,0x00,0x00,0x01,0xbf,0xfd,0x10,0x00,0x00,0x06,0xff,
  0xe2,0x00,0x00,0x00,0x00,0x00,0x00,0x00,0x00,0x00,0x09,0xff,0xc0,0x00,0x00,0x2f,0xfe,0x20,0x00,0x00,0x00,0x00,0x00,0x00,
  0x00,0x00,0x00,0x00,0xaf,0xf7,0x00,0x00,0xaf,0xf4,0x00,0x00,0x00,0x00,0x00,0x00,0x00,0x00,0x00,0x00,0x00,0x0d,0xff,0x10,
  0x02,0xff,0xa0,0x00,0x00,0x00,0x00,0x00,0x00,0x00,0x00,0x00,0x00,0x00,0x04,0xff,0x80,0x09,0xff,0x20,0x00,0x00,0x00,0x00,
  0x00,0x00,0x00,0x00,0x00,0x00,0x00,0x00,0xcf,0xe0,0x0e,0xfc,0x00,0x00,0x00,0x00,0x00,0x00,0x00,0x00,0x00,0x00,0x00,0x00,
  0x00,0x6f,0xf4,0x2f,0xf7,0x00,0x00,0x00,0x00,0x00,0x00,0x00,0x00,0x00,0x00,0x00,0x00,0x00,0x1f,0xf8,0x5f,0xf3,0x00,0x00,
  0x00,0x00,0x00,0x00,0x00,0x00,0x00,0x00,0x00,0x00,0x00,0x0d,0xfb,0x7f,0xf0,0x00,0x00,0x00,0x00,0x00,0x00,0x00,0x00,0x00,
  0x00,0x00,0x00,0x00,0x0a,0xfd,0x8f,0xf0,0x00,0x00,0x00,0x00,0x00,0x00,0x00,0x00,0x00,0x00,0x00,0x00,0x00,0x09,0xfe,0x9f,
  0xe0,0x00,0x00,0x00,0x00,0x00,0x00,0x00,0x00,0x00,0x00,0x00,0x00,0x00,0x08,0xff,0x8f,0xf0,0x00,0x00,0x00,0x00,0x00,0x00,
  0x00,0x00,0x00,0x00,0x00,0x00,0x00,0x09,0xfe,0x7f,0xf0,0x00,0x00,0x00,0x00,0x00,0x00,0x00,0x00,0x00,0x00,0x00,0x00,0x00,
  0x0a,0xfd,0x5f,0xf3,0x00,0x00,0x00,0x00,0x00,0x00,0x00,0x00,0x00,0x00,0x00,0x00,0x00,0x0d,0xfb,0x2f,0xf6,0x00,0x00,0x00,
  0x00,0x00,0x00,0x00,0x00,0x00,0x00,0x00,0x00,0x00,0x0f,0xf9,0x0e,0xfb,0x00,0x00,0x00,0x00,0x00,0x00,0x00,0x00,0x00,0x00,
  0x00,0x00,0x00,0x5f,0xf5,0x0a,0xff,0x10,0x00,0x00,0x00,0x00,0x00,0x00,0x00,0x00,0x00,0x00,0x00,0x00,0xbf,0xf0,0x03,0xff,
  0x90,0x00,0x00,0x00,0x00,0x00,0x00,0x00,0x00,0x00,0x00,0x00,0x03,0xff,0xa0,0x00,0xcf,0xf3,0x00,0x00,0x00,0x00,0x00,0x00,
  0x00,0x00,0x00,0x00,0x00,0x0c,0xff,0x20,0x00,0x3f,0xfd,0x10,0x00,0x00,0x00,0x00,0x00,0x00,0x00,0x00,0x00,0x00,0x8f,0xf9,
  0x00,0x00,0x07,0xff,0xc1,0x00,0x00,0x00,0x00,0x00,0x00,0x00,0x00,0x00,0x07,0xff,0xd0,0x00,0x00,0x00,0xaf,0xfd,0x20,0x00,
  0x00,0x00,0x00,0x00,0x00,0x00,0x00,0x9f,0xfe,0x20,0x00,0x00,0x00,0x0a,0xff,0xf7,0x00,0x00,0x00,0x00,0x00,0x00,0x00,0x3d,
  0xff,0xe2,0x00,0x00,0x00,0x00,0x00,0x8f,0xff,0xd5,0x00,0x00,0x00,0x00,0x00,0x2a,0xff,0xfc,0x10,0x00,0x00,0x00,0x00,0x00,
  0x03,0xdf,0xff,0xe9,0x52,0x10,0x14,0x7c,0xff,0xff,0x80,0x00,0x00,0x00,0x00,0x00,0x00,0x00,0x07,0xef,0xff,0xff,0xff,0xff,
  0xff,0xff,0xa2,0x00,0x00,0x00,0x00,0x00,0x00,0x00,0x00,0x00,0x05,0xbf,0xff,0xff,0xff,0xfd,0x82,0x00,0x00,0x00,0x00,0x00,
  0x00,0x00,0x00,0x00,0x00,0x00,0x00,0x36,0x77,0x65,0x10,0x00,0x00,0x00,0x00,0x00,0x00,0x00,0x00,0x00,0x00,0x00,0x00,0x48,
  0xce,0xff,0xed,0xa6,0x10,0x00,0x00,0x00,0x00,0x00,0x00,0x00,0x00,0x00,0x01,0x9e,0xff,0xff,0xff,0xff,0xff,0xfb,0x40,0x00,
  0x00,0x00,0x00,0x00,0x00,0x00,0x00,0x8f,0xff,0xff,0xff,0xff,0xff,0xff,0xff,0xfb,0x20,0x00,0x00,0x00,0x00,0x00,0x00,0x2d,
  0xff,0xff,0xff,0xff,0xff,0xff,0xff,0xff,0xff,0xf6,0x00,0x00,0x00,0x00,0x00,0x03,0xef,0xff,0xff,0xff,0xff,0xff,0xff,0xff,
  0xff,0xff,0xff,0x80,0x00,0x00,0x00,0x00,0x3f,0xff,0xff,0xff,0xff,0xff,0xff,0xff,0xff,0xff,0xff,0xff,0xf8,0x00,0x00,0x00,
  0x01,0xef,0xff,0xff,0xff,0xff,0xff,0xff,0xff,0xff,0xff,0xff,0xff,0xff,0x60,0x00,0x00,0x0b,0xff,0xff,0xff,0xff,0xff,0xff,
  0xff,0xff,0xff,0xff,0xff,0xff,0xff,0xf2,0x00,0x00,0x5f,0xff,0xff,0xff,0xff,0xff,0xff,0xff,0xff,0xff,0xff,0xff,0xff,0xff,
  0xfb,0x00,0x00,0xdf,0xff,0xff,0xff,0xff,0xff,0xff,0xff,0xff,0xff,0xff,0xff,0xff,0xff,0xff,0x30,0x04,0xff,0xff,0xff,0xff,
  0xff,0xff,0xff,0xff,0xff,0xff,0xff,0xff,0xff,0xff,0xff,0xb0,0x0a,0xff,0xff,0xff,0xff,0xff,0xff,0xff,0xff,0xff,0xff,0xff,
  0xff,0xff,0xff,0xff,0xf1,0x0f,0xff,0xff,0xff,0xff,0xff,0xff,0xff,0xff,0xff,0xff,0xff,0xff,0xff,0xff,0xff,0xf6,0x3f,0xff,
  0xff,0xff,0xff,0xff,0xff,0xff,0xff,0xff,0xff,0xff,0xff,0xff,0xff,0xff,0xf9,0x6f,0xff,0xff,0xff,0xff,0xff,0xff,0xff,0xff,
  0xff,0xff,0xff,0xff,0xff,0xff,0xff,0xfc,0x8f,0xff,0xff,0xff,0xff,0xff,0xff,0xff,0xff,0xff,0xff,0xff,0xff,0xff,0xff,0xff,
  0xfe,0x9f,0xff,0xff,0xff,0xff,0xff,0xff,0xff,0xff,0xff,0xff,0xff,0xff,0xff,0xff,0xff,0xff,0x9f,0xff,0xff,0xff,0xff,0xff,
  0xff,0xff,0xff,0xff,0xff,0xff,0xff,0xff,0xff,0xff,0xff,0x8f,0xff,0xff,0xff,0xff,0xff,0xff,0xff,0xff,0xff,0xff,0xff,0xff,
  0xff,0xff,0xff,0xfe,0x6f,0xff,0xff,0xff,0xff,0xff,0xff,0xff,0xff,0xff,0xff,0xff,0xff,0xff,0xff,0xff,0xfc,0x3f,0xff,0xff,
  0xff,0xff,0xff,0xff,0xff,0xff,0xff,0xff,0xff,0xff,0xff,0xff,0xff,0xf9,0x0f,0xff,0xff,0xff,0xff,0xff,0xff,0xff,0xff,0xff,
  0xff,0xff,0xff,0xff,0xff,0xff,0xf6,0x0a,0xff,0xff,0xff,0xff,0xff,0xff,0xff,0xff,0xff,0xff,0xff,0xff,0xff,0xff,0xff,0xf1,
  0x04,0xff,0xff,0xff,0xff,0xff,0xff,0xff,0xff,0xff,0xff,0xff,0xff,0xff,0xff,0xff,0xb0,0x00,0xdf,0xff,0xff,0xff,0xff,0xff,
  0xff,0xff,0xff,0xff,0xff,0xff,0xff,0xff,0xff,0x30,0x00,0x5f,0xff,0xff,0xff,0xff,0xff,0xff,0xff,0xff,0xff,0xff,0xff,0xff,
  0xff,0xfb,0x00,0x00,0x0b,0xff,0xff,0xff,0xff,0xff,0xff,0xff,0xff,0xff,0xff,0xff,0xff,0xff,0xf2,0x00,0x00,0x01,0xef,0xff,
  0xff,0xff,0xff,0xff,0xff,0xff,0xff,0xff,0xff,0xff,0xff,0x60,0x00,0x00,0x00,0x3f,0xff,0xff,0xff,0xff,0xff,0xff,0xff,0xff,
  0xff,0xff,0xff,0xf8,0x00,0x00,0x00,0x00,0x03,0xef,0xff,0xff,0xff,0xff,0xff,0xff,0xff,0xff,0xff,0xff,0x80,0x00,0x00,0x00,
  0x00,0x00,0x2d,0xff,0xff,0xff,0xff,0xff,0xff,0xff,0xff,0xff,0xf6,0x00,0x00,0x00,0x00,0x00,0x00,0x00,0x8f,0xff,0xff,0xff,
  0xff,0xff,0xff,0xff,0xfb,0x20,0x00,0x00,0x00,0x00,0x00,0x00,0x00,0x01,0x9f,0xff,0xff,0xff,0xff,0xff,0xfb,0x40,0x00,0x00,
  0x00,0x00,0x00,0x00,0x00,0x00,0x00,0x00,0x49,0xce,0xff,0xed,0xa6,0x10,0x00,0x00,0x00,0x00,0x00,0x00,0x00,0x00,0x00,0x00,
  0x00,0x00,0x01,0x22,0x10,0x00,0x00,0x00,0x00,0x00,0x00,0x00,0x00,0x00,0x00,0x00,0x00,0x02,0x7b,0xff,0xff,0xff,0xd9,0x40,
  0x00,0x00,0x00,0x00,0x00,0x00,0x00,0x00,0x00,0x04,0xcf,0xff,0xff,0xff,0xff,0xff,0xfe,0x70,0x00,0x00,0x00,0x00,0x00,0x00,
  0x00,0x01,0xbf,0xff,0xfb,0x74,0x3d,0xff,0xff,0xff,0xfe,0x50,0x00,0x00,0x00,0x00,0x00,0x00,0x5f,0xff,0xf7,0x10,0x00,0x0d,
  0xff,0xff,0xff,0xff,0xf9,0x00,0x00,0x00,0x00,0x00,0x06,0xff,0xf9,0x10,0x00,0x00,0x0d,0xff,0xff,0xff,0xff,0xff,0xb0,0x00,
  0x00,0x00,0x00,0x5f,0xfe,0x40,0x00,0x00,0x00,0x0d,0xff,0xff,0xff,0xff,0xff,0xfb,0x00,0x00,0x00,0x03,0xff,0xe2,0x00,0x00,
  0x00,0x00,0x0d,0xff,0xff,0xff,0xff,0xff,0xff,0x90,0x00,0x00,0x0d,0xfe,0x20,0x00,0x00,0x00,0x00,0x0d,0xff,0xff,0xff,0xff,
  0xff,0xff,0xf4,0x00,0x00,0x7f,0xf4,0x00,0x00,0x00,0x00,0x00,0x0d,0xff,0xff,0xff,0xff,0xff,0xff,0xfd,0x00,0x00,0xef,0xa0,
  0x00,0x00,0x00,0x00,0x00,0x0d,0xff,0xff,0xff,0xff,0xff,0xff,0xff,0x50,0x06,0xff,0x20,0x00,0x00,0x00,0x00,0x00,0x0d,0xff,
  0xff,0xff,0xff,0xff,0xff,0xff,0xc0,0x0c,0xfc,0x00,0x00,0x00,0x00,0x00,0x00,0x0d,0xff,0xff,0xff,0xff,0xff,0xff,0xff,0xf2,
  0x1f,0xf7,0x00,0x00,0x00,0x00,0x00,0x00,0x0d,0xff,0xff,0xff,0xff,0xff,0xff,0xff,0xf7,0x4f,0xf3,0x00,0x00,0x00,0x00,0x00,
  0x00,0x0d,0xff,0xff,0xff,0xff,0xff,0xff,0xff,0xfa,0x7f,0xf0,0x00,0x00,0x00,0x00,0x00,0x00,0x0d,0xff,0xff,0xff,0xff,0xff,
  0xff,0xff,0xfd,0x8f,0xf0,0x00,0x00,0x00,0x00,0x00,0x00,0x0d,0xff,0xff,0xff,0xff,0xff,0xff,0xff,0xfe,0x9f,0xf7,0x77,0x77,
  0x77,0x77,0x77,0x77,0x7e,0xff,0xff,0xff,0xff,0xff,0xff,0xff,0xff,0x8f,0xff,0xff,0xff,0xff,0xff,0xff,0xff,0xff,0xff,0xff,
  0xff,0xff,0xff,0xff,0xff,0xfe,0x7f,0xff,0xff,0xff,0xff,0xff,0xff,0xff,0xff,0xff,0xff,0xff,0xff,0xff,0xff,0xff,0xfd,0x5f,
  0xff,0xff,0xff,0xff,0xff,0xff,0xff,0xff,0xff,0xff,0xff,0xff,0xff,0xff,0xff,0xfb,0x2f,0xff,0xff,0xff,0xff,0xff,0xff,0xff,
  0xff,0xff,0xff,0xff,0xff,0xff,0xff,0xff,0xf8,0x0d,0xff,0xff,0xff,0xff,0xff,0xff,0xff,0xff,0xff,0xff,0xff,0xff,0xff,0xff,
  0xff,0xf3,0x08,0xff,0xff,0xff,0xff,0xff,0xff,0xff,0xff,0xff,0xff,0xff,0xff,0xff,0xff,0xff,0xe0,0x02,0xff,0xff,0xff,0xff,
  0xff,0xff,0xff,0xff,0xff,0xff,0xff,0xff,0xff,0xff,0xff,0x70,0x00,0x9f,0xff,0xff,0xff,0xff,0xff,0xff,0xff,0xff,0xff,0xff,
  0xff,0xff,0xff,0xfe,0x00,0x00,0x1e,0xff,0xff,0xff,0xff,0xff,0xff,0xff,0xff,0xff,0xff,0xff,0xff,0xff,0xf6,0x00,0x00,0x05,
  0xff,0xff,0xff,0xff,0xff,0xff,0xff,0xff,0xff,0xff,0xff,0xff,0xff,0xb0,0x00,0x00,0x00,0x9f,0xff,0xff,0xff,0xff,0xff,0xff,
  0xff,0xff,0xff,0xff,0xff,0xfd,0x10,0x00,0x00,0x00,0x0a,0xff,0xff,0xff,0xff,0xff,0xff,0xff,0xff,0xff,0xff,0xff,0xe2,0x00,
  0x00,0x00,0x00,0x00,0x8f,0xff,0xff,0xff,0xff,0xff,0xff,0xff,0xff,0xff,0xfd,0x10,0x00,0x00,0x00,0x00,0x00,0x04,0xef,0xff,
  0xff,0xff,0xff,0xff,0xff,0xff,0xff,0x90,0x00,0x00,0x00,0x00,0x00,0x00,0x00,0x18,0xff,0xff,0xff,0xff,0xff,0xff,0xff,0xb3,
  0x00,0x00,0x00,0x00,0x00,0x00,0x00,0x00,0x00,0x16,0xbf,0xff,0xff,0xff,0xfd,0x82,0x00,0x00,0x00,0x00,0x00,0x00,0x00,0x00,
  0x00,0x00,0x00,0x00,0x25,0x66,0x54,0x10,0x00,0x00,0x00,0x00,0x00,0x00,0x47,0x60,0x00,0x00,0x00,0x00,0x00,0x00,0x00,0x00,
  0x00,0x00,0x00,0x00,0x00,0x03,0x76,0x8f,0xf0,0x00,0x00,0x00,0x00,0x00,0x00,0x00,0x00,0x00,0x00,0x00,0x00,0x00,0x09,0xfe,
  0x7f,0xf0,0x00,0x00,0x00,0x00,0x00,0x00,0x00,0x00,0x00,0x00,0x00,0x00,0x00,0x0a,0xfd,0x5f,0xf3,0x00,0x00,0x00,0x00,0x00,
  0x00,0x00,0x00,0x00,0x00,0x00,0x00,0x00,0x0d,0xfb,0x2f,0xf6,0x00,0x00,0x00,0x00,0x00,0x00,0x00,0x00,0x00,0x00,0x00,0x00,
  0x00,0x0f,0xf9,0x0e,0xfb,0x00,0x00,0x00,0x00,0x00,0x00,0x00,0x00,0x00,0x00,0x00,0x00,0x00,0x5f,0xf5,0x09,0xff,0x10,0x00,
  0x00,0x00,0x00,0x00,0x00,0x00,0x00,0x00,0x00,0x00,0x00,0xbf,0xf0,0x03,0xff,0x90,0x00,0x00,0x00,0x00,0x00,0x00,0x00,0x00,
  0x00,0x00,0x00,0x03,0xff,0x90,0x00,0xcf,0xf3,0x00,0x00,0x00,0x00,0x00,0x00,0x00,0x00,0x00,0x00,0x00,0x0c,0xff,0x20,0x00,
  0x3f,0xfd,0x10,0x00,0x00,0x00,0x00,0x00,0x00,0x00,0x00,0x00,0x00,0x8f,0xf9,0x00,0x00,0x07,0xff,0xc1,0x00,0x00,0x00,0x00,
  0x00,0x00,0x00,0x00,0x00,0x07,0xff,0xd0,0x00,0x00,0x00,0xaf,0xfd,0x20,0x00,0x00,0x00,0x00,0x00,0x00,0x00,0x00,0x9f,0xfe,
  0x20,0x00,0x00,0x00,0x0a,0xff,0xf7,0x00,0x00,0x00,0x00,0x00,0x00,0x00,0x3d,0xff,0xe2,0x00,0x00,0x00,0x00,0x00,0x8f,0xff,
  0xd5,0x00,0x00,0x00,0x00,0x00,0x2a,0xff,0xfc,0x10,0x00,0x00,0x00,0x00,0x00,0x03,0xdf,0xff,0xe9,0x52,0x10,0x14,0x7c,0xff,
  0xff,0x80,0x00,0x00,0x00,0x00,0x00,0x00,0x00,0x07,0xef,0xff,0xff,0xff,0xff,0xff,0xff,0xa2,0x00,0x00,0x00,0x00,0x00,0x00,
  0x00,0x00,0x00,0x05,0xbf,0xff,0xff,0xff,0xfd,0x82,0x00,0x00,0x00,0x00,0x00,0x00,0x00,0x00,0x00,0x00,0x00,0x00,0x36,0x77,
  0x65,0x10,0x00,0x00,0x00,0x00,0x00,0x00,0x6f,0xff,0xff,0xff,0xff,0xff,0xff,0xff,0xff,0xff,0xff,0xff,0xff,0xfe,0x7f,0xff,
  0xff,0xff,0xff,0xff,0xff,0xff,0xff,0xff,0xff,0xff,0xff,0xfe,0x7f,0xff,0xff,0xff,0xff,0xff,0xff,0xff,0xff,0xff,0xff,0xff,
  0xff,0xfe,0x5b,0xbb,0xbb,0xbb,0xbf,0xff,0xdb,0xbb,0xff,0xfd,0xbb,0xbb,0xbb,0xba,0x00,0x00,0x00,0x00,0x0e,0xff,0x80,0x00,
  0xff,0xf6,0x00,0x00,0x00,0x00,0x00,0x00,0x00,0x00,0x0e,0xff,0x80,0x00,0xff,0xf6,0x00,0x00,0x00,0x00,0x00,0x00,0x00,0x00,
  0x0e,0xff,0x80,0x00,0xff,0xf6,0x00,0x00,0x00,0x00,0x00,0x00,0x00,0x00,0x0e,0xff,0x80,0x00,0xff,0xf6,0x00,0x00,0x00,0x00,
  0x00,0x00,0x00,0x00,0x0e,0xff,0x80,0x00,0xff,0xf6,0x00,0x00,0x00,0x00,0x00,0x00,0x00,0x00,0x0e,0xff,0x80,0x00,0xff,0xf6,
  0x00,0x00,0x00,0x00,0x00,0x00,0x00,0x00,0x0e,0xff,0x80,0x00,0xff,0xf6,0x00,0x00,0x00,0x00,0x00,0x00,0x00,0x00,0x0e,0xff,
  0x80,0x00,0xff,0xf6,0x00,0x00,0x00,0x00,0x00,0x00,0x00,0x00,0x0e,0xff,0x80,0x00,0xff,0xf6,0x00,0x00,0x00,0x00,0x00,0x00,
  0x00,0x00,0x0e,0xff,0x80,0x00,0xff,0xf6,0x00,0x00,0x00,0x00,0x00,0x00,0x00,0x00,0x0e,0xff,0x80,0x00,0xff,0xf6,0x00,0x00,
  0x00,0x00,0x00,0x00,0x00,0x00,0x0e,0xff,0x80,0x00,0xff,0xf6,0x00,0x00,0x00,0x00,0x00,0x00,0x00,0x00,0x0e,0xff,0x80,0x00,
  0xff,0xf6,0x00,0x00,0x00,0x00,0x00,0x00,0x00,0x00,0x0e,0xff,0x80,0x00,0xff,0xf6,0x00,0x00,0x00,0x00,0x00,0x00,0x00,0x00,
  0x0e,0xff,0x80,0x00,0xff,0xf6,0x00,0x00,0x00,0x00,0x00,0x00,0x00,0x00,0x0e,0xff,0x80,0x00,0xff,0xf6,0x00,0x00,0x00,0x00,
  0x00,0x00,0x00,0x00,0x0e,0xff,0x80,0x00,0xff,0xf6,0x00,0x00,0x00,0x00,0x00,0x00,0x00,0x00,0x0e,0xff,0x80,0x00,0xff,0xf6,
  0x00,0x00,0x00,0x00,0x00,0x00,0x00,0x00,0x0e,0xff,0x80,0x00,0xff,0xf6,0x00,0x00,0x00,0x00,0x00,0x00,0x00,0x00,0x0e,0xff,
  0x80,0x00,0xff,0xf6,0x00,0x00,0x00,0x00,0x00,0x00,0x00,0x00,0x0e,0xff,0x80,0x00,0xff,0xf6,0x00,0x00,0x00,0x00,0x00,0x00,
  0x00,0x00,0x0e,0xff,0x80,0x00,0xff,0xf6,0x00,0x00,0x00,0x00,0x00,0x00,0x00,0x00,0x0e,0xff,0x80,0x00,0xff,0xf6,0x00,0x00,
  0x00,0x00,0x00,0x00,0x00,0x00,0x0e,0xff,0x80,0x00,0xff,0xf6,0x00,0x00,0x00,0x00,0x5f,0xff,0xff,0xff,0xff,0xff,0xff,0xff,
  0xff,0xff,0xff,0xff,0xff,0xff,0x30,0x5f,0xff,0xff,0xff,0xff,0xff,0xff,0xff,0xff,0xff,0xff,0xff,0xff,0xff,0x30,0x5f,0xff,
  0xff,0xff,0xff,0xff,0xff,0xff,0xff,0xff,0xff,0xff,0xff,0xff,0x30,0x5f,0xff,0xff,0xff,0xff,0xff,0xff,0xff,0xff,0xff,0xff,
  0xff,0xff,0xff,0x30,0x00,0x00,0x00,0x00,0x00,0x00,0x00,0x00,0x00,0x00,0x00,0x00,0x6f,0xff,0x30,0x00,0x00,0x00,0x00,0x00,
  0x00,0x00,0x00,0x00,0x00,0x00,0x00,0x6f,0xff,0x30,0x00,0x00,0x00,0x00,0x00,0x00,0x00,0x00,0x00,0x00,0x00,0x00,0x6f,0xff,
  0x30,0x00,0x00,0x00,0x00,0x00,0x00,0x00,0x00,0x00,0x00,0x00,0x00,0x6f,0xff,0x30,0x00,0x00,0x00,0x00,0x00,0x00,0x00,0x00,
  0x00,0x00,0x00,0x00,0x6f,0xff,0x30,0x00,0x00,0x00,0x00,0x00,0x00,0x00,0x00,0x00,0x00,0x00,0x00,0x6f,0xff,0x30,0x00,0x00,
  0x00,0x00,0x00,0x00,0x00,0x00,0x00,0x00,0x00,0x00,0x6f,0xff,0x30,0x00,0x00,0x00,0x00,0x00,0x00,0x00,0x00,0x00,0x00,0x00,
  0x00,0x6f,0xff,0x30,0x00,0x00,0x7c,0xff,0xc7,0x00,0x00,0x00,0x3e,0xff,0xff,0xff,0xe2,0x00,0x02,0xef,0xff,0xff,0xff,0xfe,
  0x10,0x0b,0xff,0xff,0xff,0xff,0xff,0xa0,0x1f,0xff,0xff,0xff,0xff,0xff,0xf1,0x5f,0xff,0xff,0xff,0xff,0xff,0xf4,0x6f,0xff,
  0xff,0xff,0xff,0xff,0xf5,0x5f,0xff,0xff,0xff,0xff,0xff,0xf4,0x1f,0xff,0xff,0xff,0xff,0xff,0xf0,0x0b,0xff,0xff,0xff,0xff,
  0xff,0xa0,0x02,0xef,0xff,0xff,0xff,0xfe,0x10,0x00,0x3e,0xff,0xff,0xff,0xd2,0x00,0x00,0x00,0x7d,0xff,0xc7,0x00,0x00,0x3f,
  0xff,0xf3,0x3f,0xff,0xf3,0x3f,0xff,0xf3,0x3f,0xff,0xf3,0x00,0x00,0x00,0x00,0x00,0x00,0x00,0x00,0x00,0x00,0x00,0x00,0x00,
  0x00,0x00,0x00,0x00,0x00,0x00,0x00,0x00,0x00,0x00,0x00,0x00,0x10,0x00,0x00,0x00,0x00,0x00,0x00,0x00,0x00,0x00,0x00,0x00,
  0x00,0x00,0x00,0x00,0x00,0x50,0x00,0x00,0x00,0x00,0x00,0x00,0x00,0x00,0x00,0x00,0x00,0x00,0x00,0x00,0x00,0x00,0x90,0x00,
  0x00,0x00,0x00,0x00,0x00,0x00,0x00,0x00,0x00,0x00,0x00,0x00,0x00,0x00,0x01,0xf0,0x00,0x00,0x00,0x00,0x00,0x00,0x00,0x00,
  0x00,0x00,0x00,0x00,0x00,0x00,0x00,0x05,0xf4,0x00,0x00,0x00,0x00,0x00,0x00,0x00,0x00,0x00,0x00,0x00,0x00,0x00,0x00,0x00,
  0x0b,0xea,0x00,0x00,0x00,0x00,0x00,0x00,0x00,0x00,0x00,0x00,0x00,0x00,0x00,0x00,0x00,0x3f,0xbf,0x10,0x00,0x00,0x00,0x00,
  0x00,0x00,0x00,0x00,0x00,0x00,0x00,0x00,0x00,0x00,0xbf,0x6f,0x90,0x00,0x00,0x00,0x00,0x00,0x00,0x00,0x00,0x00,0x00,0x00,
  0x00,0x00,0x05,0xfd,0x0f,0xf4,0x00,0x00,0x00,0x00,0x00,0x00,0x00,0x00,0x00,0x00,0x00,0x00,0x00,0x2f,0xf8,0x09,0xfe,0x10,
  0x00,0x00,0x00,0x00,0x00,0x00,0x00,0x00,0x00,0x00,0x00,0x01,0xdf,0xe0,0x01,0xff,0xc0,0x00,0x00,0x00,0x00,0x00,0x00,0x00,
  0x00,0x00,0x00,0x00,0x1d,0xff,0x50,0x00,0x6f,0xfc,0x10,0x00,0x00,0x00,0x00,0x00,0x00,0x00,0x00,0x00,0x03,0xef,0xf7,0x00,
  0x00,0x08,0xff,0xd2,0x00,0x00,0x00,0x00,0x00,0x00,0x00,0x00,0x00,0x8f,0xff,0x60,0x00,0x00,0x00,0x7f,0xff,0x70,0x00,0x00,
  0x00,0x00,0x00,0x00,0x01,0x7e,0xff,0xb2,0x00,0x00,0x00,0x00,0x03,0xcf,0xfe,0x71,0x00,0x00,0x00,0x02,0x47,0xbf,0xdb,0x83,
  0x00,0x00,0x00,0x00,0x00,0x00,0x03,0x8c,0xdf,0xb7,0x42,0x00,0x00,0x25,0x9e,0xfe,0xa5,0x00,0x00,0x00,0x00,0x00,0x00,0x05,
  0xae,0xfe,0x95,0x20,0x00,0x00,0x00,0x00,0x5d,0xff,0xd4,0x00,0x00,0x00,0x00,0x05,0xef,0xfc,0x40,0x00,0x00,0x00,0x00,0x00,
  0x00,0x00,0x6f,0xff,0x80,0x00,0x00,0x00,0x9f,0xfe,0x50,0x00,0x00,0x00,0x00,0x00,0x00,0x00,0x00,0x02,0xdf,0xf9,0x00,0x00,
  0x0a,0xff,0xc1,0x00,0x00,0x00,0x00,0x00,0x00,0x00,0x00,0x00,0x00,0x0b,0xff,0x60,0x00,0x8f,0xfa,0x00,0x00,0x00,0x00,0x00,
  0x00,0x00,0x00,0x00,0x00,0x00,0x00,0xcf,0xf1,0x02,0xff,0xb0,0x00,0x00,0x00,0x00,0x00,0x00,0x00,0x00,0x00,0x00,0x00,0x00,
  0x1e,0xf9,0x0a,0xfd,0x00,0x00,0x00,0x00,0x00,0x00,0x00,0x00,0x00,0x00,0x00,0x00,0x00,0x04,0xfe,0x0f,0xf2,0x00,0x00,0x00,
  0x00,0x00,0x00,0x00,0x00,0x00,0x00,0x00,0x00,0x00,0x00,0xaf,0x7f,0x80,0x00,0x00,0x00,0x00,0x00,0x00,0x00,0x00,0x00,0x00,
  0x00,0x00,0x00,0x00,0x2f,0xcf,0x10,0x00,0x00,0x00,0x00,0x00,0x00,0x00,0x00,0x00,0x00,0x00,0x00,0x00,0x00,0x0a,0xf9,0x00,
  0x00,0x00,0x00,0x00,0x00,0x00,0x00,0x00,0x00,0x00,0x00,0x00,0x00,0x00,0x05,0xf3,0x00,0x00,0x00,0x00,0x00,0x00,0x00,0x00,
  0x00,0x00,0x00,0x00,0x00,0x00,0x00,0x00,0xe0,0x00,0x00,0x00,0x00,0x00,0x00,0x00,0x00,0x00,0x00,0x00,0x00,0x00,0x00,0x00,
  0x00,0x90,0x00,0x00,0x00,0x00,0x00,0x00,0x00,0x00,0x00,0x00,0x00,0x00,0x00,0x00,0x00,0x00,0x40,0x00,0x00,0x00,0x00,0x00,
  0x00,0x00,0x00,0x00,0x00,0x00,0x00,0x00,0x00,0x00,0x00,0x10,0x00,0x00,0x00,0x00,0x00,0x00,0x00,0x00,0x00,0x00,0x00,0x00,
  0x00,0x00,0x00,0x00,0x00,0x00,0x00,0x00,0x00,0x00,0x00,0x00,0x00,0x00,0x00,0x00,0x00,0x00,0x00,0x00,0x00,0x03,0x00,0x00,
  0x00,0x00,0x00,0x00,0x00,0x00,0x00,0x00,0x00,0x00,0x00,0x00,0x00,0x00,0x00,0x0b,0x20,0x00,0x00,0x00,0x00,0x00,0x00,0x00,
  0x00,0x00,0x00,0x00,0x00,0x00,0x00,0x00,0x00,0x0f,0x70,0x00,0x00,0x00,0x00,0x00,0x00,0x00,0x00,0x00,0x00,0x00,0x00,0x00,
  0x00,0x00,0x00,0x5f,0xc0,0x00,0x00,0x00,0x00,0x00,0x00,0x00,0x00,0x00,0x00,0x00,0x00,0x00,0x00,0x00,0x00,0xbb,0xf2,0x00,
  0x00,0x00,0x00,0x00,0x00,0x00,0x00,0x00,0x00,0x00,0x00,0x00,0x00,0x00,0x00,0xf3,0xc7,0x00,0x00,0x00,0x00,0x00,0x00,0x00,
  0x00,0x00,0x00,0x00,0x00,0x00,0x00,0x00,0x05,0xe0,0x7c,0x00,0x00,0x00,0x00,0x00,0x00,0x00,0x00,0x00,0x00,0x00,0x00,0x00,
  0x00,0x00,0x0a,0x90,0x2f,0x10,0x00,0x00,0x00,0x00,0x00,0x00,0x00,0x00,0x00,0x00,0x00,0x00,0x00,0x00,0x0f,0x40,0x0c,0x70,
  0x00,0x00,0x00,0x00,0x00,0x00,0x00,0x00,0x00,0x00,0x00,0x00,0x00,0x00,0x5e,0x00,0x07,0xc0,0x00,0x00,0x00,0x00,0x00,0x00,
  0x00,0x00,0x00,0x00,0x00,0x00,0x00,0x00,0xaa,0x00,0x02,0xf1,0x00,0x00,0x00,0x00,0x00,0x00,0x00,0x00,0x00,0x00,0x00,0x00,
  0x00,0x00,0xf4,0x00,0x00,0xd6,0x00,0x00,0x00,0x00,0x00,0x00,0x00,0x06,0x99,0x99,0x99,0x99,0x99,0x9a,0xf0,0x00,0x00,0x7d,
  0x99,0x99,0x99,0x99,0x99,0x99,0x20,0x00,0x9f,0xc7,0x77,0x77,0x77,0x77,0x50,0x00,0x00,0x17,0x77,0x77,0x77,0x77,0x8f,0xd3,
  0x00,0x00,0x05,0xe9,0x00,0x00,0x00,0x00,0x00,0x00,0x00,0x00,0x00,0x00,0x00,0x04,0xea,0x00,0x00,0x00,0x00,0x2c,0xd3,0x00,
  0x00,0x00,0x00,0x00,0x00,0x00,0x00,0x00,0x00,0x9f,0x60,0x00,0x00,0x00,0x00,0x00,0x8f,0x70,0x00,0x00,0x00,0x00,0x00,0x00,
  0x00,0x00,0x3d,0xd2,0x00,0x00,0x00,0x00,0x00,0x00,0x04,0xeb,0x10,0x00,0x00,0x00,0x00,0x00,0x00,0x07,0xf9,0x00,0x00,0x00,
  0x00,0x00,0x00,0x00,0x00,0x1b,0xe5,0x00,0x00,0x00,0x00,0x00,0x01,0xce,0x40,0x00,0x00,0x00,0x00,0x00,0x00,0x00,0x00,0x00,
  0x7f,0x70,0x00,0x00,0x00,0x00,0x2f,0xb1,0x00,0x00,0x00,0x00,0x00,0x00,0x00,0x00,0x00,0x00,0x0e,0x60,0x00,0x00,0x00,0x00,
  0x0e,0x50,0x00,0x00,0x00,0x00,0x00,0x00,0x00,0x00,0x00,0x00,0x3f,0x10,0x00,0x00,0x00,0x00,0x09,0xa0,0x00,0x00,0x00,0x00,
  0x00,0x00,0x00,0x00,0x00,0x00,0x9c,0x00,0x00,0x00,0x00,0x00,0x04,0xf0,0x00,0x00,0x00,0x00,0x00,0x00,0x00,0x00,0x00,0x00,
  0xe6,0x00,0x00,0x1a,0x50,0x00,0x00,0xe5,0x00,0x00,0x00,0x00,0x00,0x00,0x00,0x00,0x00,0x03,0xf1,0x00,0x04,0xed,0xf9,0x00,
  0x00,0x9a,0x00,0x00,0x00,0x00,0x00,0x00,0x00,0x00,0x00,0x08,0xc0,0x00,0x9f,0x80,0x3d,0xd2,0x00,0x4f,0x00,0x00,0x00,0x00,
  0x00,0x00,0x00,0x00,0x00,0x0d,0x70,0x2d,0xe3,0x00,0x00,0xaf,0x60,0x0e,0x50,0x00,0x00,0x00,0x00,0x00,0x00,0x00,0x00,0x3f,
  0x26,0xfa,0x10,0x00,0x00,0x05,0xfa,0x09,0xa0,0x00,0x00,0x00,0x00,0x00,0x00,0x00,0x00,0x8e,0xbf,0x60,0x00,0x00,0x00,0x00,
  0x2c,0xd7,0xf0,0x00,0x00,0x00,0x00,0x00,0x00,0x00,0x00,0xdf,0xd2,0x00,0x00,0x00,0x00,0x00,0x00,0x8f,0xf4,0x00,0x00,0x00,
  0x00,0x00,0x00,0x00,0x02,0xf9,0x00,0x00,0x00,0x00,0x00,0x00,0x00,0x04,0xea,0x00,0x00,0x00,0x00,0x00,0x00,0x00,0x06,0x40,
  0x00,0x00,0x00,0x00,0x00,0x00,0x00,0x00,0x1a,0x00,0x00,0x00,0x00,0x00,0x00,0x00,0x00,0x00,0x00,0x00,0x00,0x00,0x00,0x00,
  0x00,0x00,0x00,0x00,0x00,0x00,0x00,0x00,0x00,0x00,0x00,0x00,0x00,0x00,0x00,0x03,0x00,0x00,0x00,0x00,0x00,0x00,0x00,0x00,
  0x00,0x00,0x00,0x00,0x00,0x00,0x00,0x00,0x00,0x0b,0x20,0x00,0x00,0x00,0x00,0x00,0x00,0x00,0x00,0x00,0x00,0x00,0x00,0x00,
  0x00,0x00,0x00,0x0f,0x70,0x00,0x00,0x00,0x00,0x00,0x00,0x00,0x00,0x00,0x00,0x00,0x00,0x00,0x00,0x00,0x00,0x5f,0xc0,0x00,
  0x00,0x00,0x00,0x00,0x00,0x00,0x00,0x00,0x00,0x00,0x00,0x00,0x00,0x00,0x00,0xbf,0xf2,0x00,0x00,0x00,0x00,0x00,0x00,0x00,
  0x00,0x00,0x00,0x00,0x00,0x00,0x00,0x00,0x00,0xff,0xf7,0x00,0x00,0x00,0x00,0x00,0x00,0x00,0x00,0x00,0x00,0x00,0x00,0x00,
  0x00,0x00,0x05,0xff,0xfc,0x00,0x00,0x00,0x00,0x00,0x00,0x00,0x00,0x00,0x00,0x00,0x00,0x00,0x00,0x00,0x0a,0xff,0xff,0x10,
  0x00,0x00,0x00,0x00,0x00,0x00,0x00,0x00,0x00,0x00,0x00,0x00,0x00,0x00,0x0f,0xff,0xff,0x70,0x00,0x00,0x00,0x00,0x00,0x00,
  0x00,0x00,0x00,0x00,0x00,0x00,0x00,0x00,0x5f,0xff,0xff,0xc0,0x00,0x00,0x00,0x00,0x00,0x00,0x00,0x00,0x00,0x00,0x00,0x00,
  0x00,0x00,0xaf,0xff,0xff,0xf1,0x00,0x00,0x00,0x00,0x00,0x00,0x00,0x00,0x00,0x00,0x00,0x00,0x00,0x00,0xff,0xff,0xff,0xf6,
  0x00,0x00,0x00,0x00,0x00,0x00,0x00,0x06,0x99,0x99,0x99,0x99,0x99,0x9a,0xff,0xff,0xff,0xfd,0x99,0x99,0x99,0x99,0x99,0x99,
  0x20,0x00,0x9f,0xff,0xff,0xff,0xff,0xff,0xff,0xff,0xff,0xff,0xff,0xff,0xff,0xff,0xff,0xd3,0x00,0x00,0x05,0xff,0xff,0xff,
  0xff,0xff,0xff,0xff,0xff,0xff,0xff,0xff,0xff,0xff,0xfa,0x00,0x00,0x00,0x00,0x2c,0xff,0xff,0xff,0xff,0xff,0xff,0xff,0xff,
  0xff,0xff,0xff,0xff,0x60,0x00,0x00,0x00,0x00,0x00,0x8f,0xff,0xff,0xff,0xff,0xff,0xff,0xff,0xff,0xff,0xff,0xd2,0x00,0x00,
  0x00,0x00,0x00,0x00,0x04,0xef,0xff,0xff,0xff,0xff,0xff,0xff,0xff,0xff,0xf9,0x00,0x00,0x00,0x00,0x00,0x00,0x00,0x00,0x1b,
  0xff,0xff,0xff,0xff,0xff,0xff,0xff,0xfe,0x40,0x00,0x00,0x00,0x00,0x00,0x00,0x00,0x00,0x00,0x7f,0xff,0xff,0xff,0xff,0xff,
  0xff,0xb1,0x00,0x00,0x00,0x00,0x00,0x00,0x00,0x00,0x00,0x00,0x0e,0xff,0xff,0xff,0xff,0xff,0xff,0x50,0x00,0x00,0x00,0x00,
  0x00,0x00,0x00,0x00,0x00,0x00,0x3f,0xff,0xff,0xff,0xff,0xff,0xff,0xa0,0x00,0x00,0x00,0x00,0x00,0x00,0x00,0x00,0x00,0x00,
  0x9f,0xff,0xff,0xff,0xff,0xff,0xff,0xf0,0x00,0x00,0x00,0x00,0x00,0x00,0x00,0x00,0x00,0x00,0xef,0xff,0xff,0xff,0xff,0xff,
  0xff,0xf5,0x00,0x00,0x00,0x00,0x00,0x00,0x00,0x00,0x00,0x03,0xff,0xff,0xff,0xfd,0xff,0xff,0xff,0xfa,0x00,0x00,0x00,0x00,
  0x00,0x00,0x00,0x00,0x00,0x08,0xff,0xff,0xff,0x80,0x3d,0xff,0xff,0xff,0x00,0x00,0x00,0x00,0x00,0x00,0x00,0x00,0x00,0x0d,
  0xff,0xff,0xe3,0x00,0x00,0xaf,0xff,0xff,0x50,0x00,0x00,0x00,0x00,0x00,0x00,0x00,0x00,0x3f,0xff,0xfa,0x10,0x00,0x00,0x05,
  0xff,0xff,0xa0,0x00,0x00,0x00,0x00,0x00,0x00,0x00,0x00,0x8f,0xff,0x60,0x00,0x00,0x00,0x00,0x2c,0xff,0xf0,0x00,0x00,0x00,
  0x00,0x00,0x00,0x00,0x00,0xdf,0xd2,0x00,0x00,0x00,0x00,0x00,0x00,0x8f,0xf4,0x00,0x00,0x00,0x00,0x00,0x00,0x00,0x02,0xf9,
  0x00,0x00,0x00,0x00,0x00,0x00,0x00,0x04,0xea,0x00,0x00,0x00,0x00,0x00,0x00,0x00,0x06,0x40,0x00,0x00,0x00,0x00,0x00,0x00,
  0x00,0x00,0x1a,0x00,0x00,0x00,0x00,0x00,0x00,0x00,0x00,0x00,0x00,0x00,0x00,0x00,0x00,0x00,0x00,0x00,0x00,0x00,0x00,0x00,
  0x00,0x00,0x00,0x00,0x00,0x00,0x11,0x00,0x00,0x00,0x00,0x00,0x00,0x00,0x00,0x00,0x04,0xfe,0x00,0x00,0x00,0x00,0x00,0x00,
  0x00,0x00,0x00,0x04,0xff,0x70,0x00,0x00,0x00,0x00,0x00,0x00,0x00,0x00,0x04,0xff,0xfc,0x40,0x00,0x00,0x00,0x00,0x00,0x00,
  0x00,0x04,0xff,0xff,0xfd,0x72,0x00,0x00,0x00,0x00,0x00,0x00,0x04,0xff,0xff,0xff,0xff,0xb2,0x00,0x00,0x00,0x00,0x00,0x04,
  0xff,0x7f,0xff,0xff,0xff,0x50,0x00,0x00,0x00,0x00,0x04,0xff,0x01,0x8d,0xff,0xff,0xf1,0x00,0x00,0x00,0x00,0x04,0xff,0x00,
  0x00,0x4b,0xff,0xf5,0x00,0x00,0x00,0x00,0x04,0xff,0x00,0x00,0x00,0x5f,0xf5,0x00,0x00,0x00,0x00,0x04,0xff,0x00,0x00,0x00,
  0x0b,0xf2,0x00,0x00,0x00,0x00,0x04,0xff,0x00,0x00,0x00,0x0c,0xd0,0x00,0x00,0x00,0x00,0x04,0xff,0x00,0x00,0x00,0x3f,0x30,
  0x00,0x00,0x00,0x00,0x04,0xff,0x00,0x00,0x00,0xb6,0x00,0x00,0x00,0x00,0x00,0x04,0xff,0x00,0x00,0x00,0x00,0x00,0x00,0x00,
  0x00,0x00,0x04,0xff,0x00,0x00,0x00,0x00,0x00,0x00,0x00,0x00,0x00,0x04,0xff,0x00,0x00,0x00,0x00,0x00,0x00,0x00,0x00,0x00,
  0x04,0xff,0x00,0x00,0x00,0x00,0x00,0x00,0x00,0x00,0x00,0x04,0xff,0x00,0x00,0x00,0x00,0x00,0x00,0x00,0x00,0x00,0x04,0xff,
  0x00,0x00,0x00,0x00,0x00,0x00,0x00,0x00,0x00,0x04,0xff,0x00,0x00,0x00,0x00,0x00,0x00,0x00,0x00,0x00,0x04,0xff,0x00,0x00,
  0x00,0x00,0x00,0x00,0x00,0x00,0x00,0x04,0xff,0x00,0x00,0x00,0x00,0x00,0x00,0x00,0x00,0x00,0x04,0xff,0x00,0x00,0x00,0x00,
  0x00,0x00,0x00,0x00,0x00,0x04,0xff,0x00,0x00,0x00,0x00,0x00,0x00,0x00,0x00,0x00,0x04,0xff,0x00,0x00,0x00,0x00,0x00,0x00,
  0x05,0x9b,0xa6,0x14,0xff,0x00,0x00,0x00,0x00,0x00,0x05,0xef,0xff,0xff,0xfa,0xff,0x00,0x00,0x00,0x00,0x00,0x1f,0xff,0xff,
  0xff,0xff,0xfe,0x00,0x00,0x00,0x00,0x00,0x4f,0xff,0xff,0xff,0xff,0xfd,0x00,0x00,0x00,0x00,0x00,0x2f,0xff,0xff,0xff,0xff,
  0xf9,0x00,0x00,0x00,0x00,0x00,0x0c,0xff,0xff,0xff,0xff,0xc1,0x00,0x00,0x00,0x00,0x00,0x00,0x9f,0xff,0xff,0xd7,0x00,0x00,
  0x00,0x00,0x00,0x00,0x00,0x00,0x23,0x31,0x00,0x00,0x00,0x00,0x00,0x00,0x00,0x00,0x01,0x7c,0xef,0xd9,0x30,0x00,0x00,0x00,
  0x00,0x00,0x00,0x00,0x00,0x5f,0xff,0xff,0xff,0xfd,0x50,0x00,0x00,0x00,0x00,0x1f,0xfe,0x06,0xff,0xff,0xff,0xff,0xff,0xfd,
  0x40,0x00,0x00,0x00,0xaf,0xfa,0x2f,0xff,0xd5,0x10,0x3a,0xff,0xff,0xfd,0x60,0x00,0x4c,0xff,0xf2,0xaf,0xfc,0x00,0x00,0x00,
  0x29,0xff,0xff,0xff,0xff,0xff,0xff,0x40,0xef,0xf2,0x00,0x00,0x00,0x00,0x29,0xff,0xff,0xff,0xff,0xc2,0x00,0x44,0x40,0x00,
  0x00,0x00,0x00,0x00,0x06,0xbe,0xfe,0xb5,0x00,0x00,0x99,0x99,0x99,0x99,0x99,0x99,0x99,0x99,0x99,0x99,0x99,0x99,0x99,0x99,
  0x99,0x99,0x99,0x99,0x94,0xff,0xff,0xff,0xff,0xff,0xff,0xff,0xff,0xff,0xff,0xff,0xff,0xff,0xff,0xff,0xff,0xff,0xff,0xf7,
  0xff,0xff,0xff,0xff,0xff,0xff,0xff,0xff,0xff,0xff,0xff,0xff,0xff,0xff,0xff,0xff,0xff,0xff,0xf7,0x44,0x44,0x44,0x44,0x44,
  0x44,0x44,0x44,0x44,0x44,0x44,0x44,0x44,0x44,0x44,0x44,0x42,0xff,0xff,0xff,0xff,0xff,0xff,0xff,0xff,0xff,0xff,0xff,0xff,
  0xff,0xff,0xff,0xff,0xf9,0xff,0xff,0xff,0xff,0xff,0xff,0xff,0xff,0xff,0xff,0xff,0xff,0xff,0xff,0xff,0xff,0xf9,0xff,0x82,
  0x22,0x22,0x22,0x22,0x22,0x22,0x22,0x22,0x22,0x22,0x22,0x22,0x22,0x2e,0xf9,0xff,0x70,0x00,0x00,0x00,0x00,0x00,0x00,0x00,
  0x00,0x00,0x00,0x00,0x00,0x00,0x0e,0xf9,0xff,0x70,0x00,0x00,0x00,0x00,0x00,0x00,0x00,0x00,0x00,0x00,0x00,0x00,0x00,0x0e,
  0xf9,0xff,0x70,0x00,0x00,0x00,0x00,0x00,0x00,0x00,0x00,0x00,0x00,0x00,0x00,0x00,0x0e,0xf9,0xff,0x70,0x00,0x00,0x00,0x00,
  0x00,0x00,0x00,0x00,0x00,0x00,0x00,0x00,0x00,0x0e,0xf9,0xff,0x70,0x00,0x00,0x00,0x00,0x00,0x00,0x00,0x00,0x00,0x00,0x00,
  0x00,0x00,0x0e,0xf9,0xff,0x70,0x00,0x00,0x00,0x00,0x00,0x00,0x00,0x00,0x00,0x00,0x00,0x00,0x00,0x0e,0xf9,0xff,0x70,0x00,
  0x00,0x00,0x00,0x00,0x00,0x00,0x00,0x00,0x00,0x00,0x00,0x00,0x0e,0xf9,0xff,0x70,0x00,0x00,0x00,0x00,0x00,0x00,0x00,0x00,
  0x00,0x00,0x00,0x00,0x00,0x0e,0xf9,0xff,0x70,0x00,0x00,0x00,0x00,0x00,0x00,0x00,0x00,0x00,0x00,0x00,0x00,0x00,0x0e,0xf9,
  0xff,0x70,0x00,0x00,0x00,0x00,0x00,0x00,0x00,0x00,0x00,0x00,0x00,0x00,0x00,0x0e,0xf9,0xff,0x70,0x00,0x00,0x00,0x00,0x00,
  0x00,0x00,0x00,0x00,0x00,0x00,0x00,0x00,0x0e,0xf9,0xff,0x70,0x00,0x00,0x00,0x00,0x00,0x00,0x00,0x00,0x00,0x00,0x00,0x00,
  0x00,0x0e,0xf9,0xff,0x70,0x00,0x00,0x00,0x00,0x00,0x00,0x00,0x00,0x00,0x00,0x00,0x00,0x00,0x0e,0xf9,0xff,0x70,0x00,0x00,
  0x00,0x00,0x00,0x00,0x00,0x00,0x00,0x00,0x00,0x00,0x00,0x0e,0xf9,0xff,0x70,0x00,0x00,0x00,0x00,0x00,0x00,0x00,0x00,0x00,
  0x00,0x00,0x00,0x00,0x0e,0xf9,0xff,0x70,0x00,0x00,0x00,0x00,0x00,0x00,0x00,0x00,0x00,0x00,0x00,0x00,0x00,0x0e,0xf9,0xff,
  0x70,0x00,0x00,0x00,0x00,0x00,0x00,0x00,0x00,0x00,0x00,0x00,0x00,0x00,0x0e,0xf9,0xff,0x70,0x00,0x00,0x00,0x00,0x00,0x00,
  0x00,0x00,0x00,0x00,0x00,0x00,0x00,0x0e,0xf9,0xff,0x70,0x00,0x00,0x00,0x00,0x00,0x00,0x00,0x00,0x00,0x00,0x00,0x00,0x00,
  0x0e,0xf9,0xff,0x70,0x00,0x00,0x00,0x00,0x00,0x00,0x00,0x00,0x00,0x00,0x00,0x00,0x00,0x0e,0xf9,0xff,0x70,0x00,0x00,0x00,
  0x00,0x00,0x00,0x00,0x00,0x00,0x00,0x00,0x00,0x00,0x0e,0xf9,0xff,0x70,0x00,0x00,0x00,0x00,0x00,0x00,0x00,0x00,0x00,0x00,
  0x00,0x00,0x00,0x0e,0xf9,0xff,0x70,0x00,0x00,0x00,0x00,0x00,0x00,0x00,0x00,0x00,0x00,0x00,0x00,0x00,0x0e,0xf9,0xff,0x70,
  0x00,0x00,0x00,0x00,0x00,0x00,0x00,0x00,0x00,0x00,0x00,0x00,0x00,0x0e,0xf9,0xff,0x70,0x00,0x00,0x00,0x00,0x00,0x00,0x00,
  0x00,0x00,0x00,0x00,0x00,0x00,0x0e,0xf9,0xff,0x70,0x00,0x00,0x00,0x00,0x00,0x00,0x00,0x00,0x00,0x00,0x00,0x00,0x00,0x0e,
  0xf9,0xff,0x70,0x00,0x00,0x00,0x00,0x00,0x00,0x00,0x00,0x00,0x00,0x00,0x00,0x00,0x0e,0xf9,0xff,0x70,0x00,0x00,0x00,0x00,
  0x00,0x00,0x00,0x00,0x00,0x00,0x00,0x00,0x00,0x0e,0xf9,0xff,0xff,0xff,0xff,0xff,0xff,0xff,0xff,0xff,0xff,0xff,0xff,0xff,
  0xff,0xff,0xff,0xf9,0xff,0xff,0xff,0xff,0xff,0xff,0xff,0xff,0xff,0xff,0xff,0xff,0xff,0xff,0xff,0xff,0xf9,0x66,0x66,0x66,
  0x66,0x66,0x66,0x66,0x66,0x66,0x66,0x66,0x66,0x66,0x66,0x66,0x66,0x63,0x00,0x00,0x00,0x08,0xff,0xff,0xff,0xff,0xff,0xff,
  0xff,0xff,0xff,0x80,0x00,0x00,0x00,0x00,0x00,0x08,0xff,0xff,0xff,0xff,0xff,0xff,0xff,0xff,0xff,0x80,0x00,0x00,0x00,0x00,
  0x00,0x08,0xff,0xff,0xff,0xff,0xff,0xff,0xff,0xff,0xff,0x80,0x00,0x00,0x00,0x00,0x00,0x08,0xff,0xfc,0x00,0x00,0x00,0x00,
  0x00,0xcf,0xff,0x80,0x00,0x00,0x00,0x00,0x00,0x08,0xff,0xfc,0x00,0x00,0x00,0x00,0x00,0xcf,0xff,0x80,0x00,0x00,0x00,0x00,
  0x00,0x08,0xff,0xfc,0x00,0x00,0x00,0x00,0x00,0xcf,0xff,0x80,0x00,0x00,0x00,0x00,0x00,0x08,0xff,0xfc,0x00,0x00,0x00,0x00,
  0x00,0xcf,0xff,0x80,0x00,0x00,0x00,0x00,0x00,0x08,0xff,0xfc,0x00,0x00,0x00,0x00,0x00,0xcf,0xff,0x80,0x00,0x00,0x00,0x00,
  0x00,0x08,0xff,0xfc,0x00,0x00,0x00,0x00,0x00,0xcf,0xff,0x80,0x00,0x00,0x00,0x00,0x00,0x09,0xff,0xfb,0x00,0x00,0x00,0x00,
  0x00,0xcf,0xff,0x80,0x00,0x00,0x00,0x00,0x00,0x09,0xff,0xfb,0x00,0x00,0x00,0x00,0x00,0xcf,0xff,0x80,0x00,0x00,0x00,0x00,
  0x00,0x0a,0xff,0xfb,0x00,0x00,0x00,0x00,0x00,0xcf,0xff,0x80,0x00,0x00,0x00,0x00,0x00,0x0b,0xff,0xfa,0x00,0x00,0x00,0x00,
  0x00,0xcf,0xff,0x80,0x00,0x00,0x00,0x00,0x00,0x0c,0xff,0xf9,0x00,0x00,0x00,0x00,0x00,0xcf,0xff,0x80,0x00,0x00,0x00,0x00,
  0x00,0x0d,0xff,0xf8,0x00,0x00,0x00,0x00,0x00,0xcf,0xff,0x80,0x00,0x00,0x00,0x00,0x00,0x0e,0xff,0xf6,0x00,0x00,0x00,0x00,
  0x00,0xcf,0xff,0x80,0x00,0x00,0x00,0x00,0x00,0x0f,0xff,0xf5,0x00,0x00,0x00,0x00,0x00,0xcf,0xff,0x80,0x00,0x00,0x00,0x00,
  0x00,0x2f,0xff,0xf3,0x00,0x00,0x00,0x00,0x00,0xcf,0xff,0x80,0x00,0x00,0x00,0x00,0x00,0x4f,0xff,0xf1,0x00,0x00,0x00,0x00,
  0x00,0xcf,0xff,0x80,0x00,0x00,0x00,0x00,0x00,0x6f,0xff,0xf0,0x00,0x00,0x00,0x00,0x00,0xcf,0xff,0x80,0x00,0x00,0x00,0x00,
  0x00,0x9f,0xff,0xc0,0x00,0x00,0x00,0x00,0x00,0xcf,0xff,0x80,0x00,0x00,0x00,0x00,0x00,0xcf,0xff,0x90,0x00,0x00,0x00,0x00,
  0x00,0xcf,0xff,0x80,0x00,0x00,0x00,0x00,0x00,0xff,0xff,0x60,0x00,0x00,0x00,0x00,0x00,0xcf,0xff,0x80,0x00,0x00,0x00,0x00,
  0x03,0xff,0xff,0x20,0x00,0x00,0x00,0x00,0x00,0xcf,0xff,0x80,0x00,0x00,0x00,0x00,0x07,0xff,0xfe,0x00,0x00,0x00,0x00,0x00,
  0x00,0xcf,0xff,0x80,0x00,0x00,0x00,0x00,0x0d,0xff,0xfa,0x00,0x00,0x00,0x00,0x00,0x00,0xcf,0xff,0x80,0x00,0x00,0x00,0x00,
  0x5f,0xff,0xf5,0x00,0x00,0x00,0x00,0x00,0x00,0xcf,0xff,0x80,0x00,0x00,0x00,0x03,0xff,0xff,0xe0,0x00,0x00,0x00,0x00,0x00,
  0x00,0xcf,0xff,0x80,0x00,0x00,0x00,0x7f,0xff,0xff,0x60,0x00,0x00,0x00,0x00,0x00,0x00,0xcf,0xff,0x80,0x00,0x00,0xdf,0xff,
  0xff,0xff,0xff,0xff,0xff,0xff,0xff,0xff,0xff,0xff,0xff,0xff,0xff,0x30,0xdf,0xff,0xff,0xff,0xff,0xff,0xff,0xff,0xff,0xff,
  0xff,0xff,0xff,0xff,0xff,0x30,0xdf,0xff,0xff,0xff,0xff,0xff,0xff,0xff,0xff,0xff,0xff,0xff,0xff,0xff,0xff,0x30,0xdf,0xfd,
  0x00,0x00,0x00,0x00,0x00,0x00,0x00,0x00,0x00,0x00,0x00,0x7f,0xff,0x30,0xdf,0xfd,0x00,0x00,0x00,0x00,0x00,0x00,0x00,0x00,
  0x00,0x00,0x00,0x7f,0xff,0x30,0xdf,0xfd,0x00,0x00,0x00,0x00,0x00,0x00,0x00,0x00,0x00,0x00,0x00,0x7f,0xff,0x30,0xdf,0xfd,
  0x00,0x00,0x00,0x00,0x00,0x00,0x00,0x00,0x00,0x00,0x00,0x7f,0xff,0x30,0xdf,0xfd,0x00,0x00,0x00,0x00,0x00,0x00,0x00,0x00,
  0x00,0x00,0x00,0x7f,0xff,0x30,0xdf,0xfd,0x00,0x00,0x00,0x00,0x00,0x00,0x00,0x00,0x00,0x00,0x00,0x7f,0xff,0x30,0xdf,0xfd,
  0x00,0x00,0x00,0x00,0x00,0x00,0x00,0x00,0x00,0x00,0x00,0x7f,0xff,0x30,0x5f,0xff,0xff,0xff,0xff,0xff,0xff,0xff,0xff,0xff,
  0xff,0xff,0xff,0xff,0x30,0x5f,0xff,0xff,0xff,0xff,0xff,0xff,0xff,0xff,0xff,0xff,0xff,0xff,0xff,0x30,0x5f,0xff,0xff,0xff,
  0xff,0xff,0xff,0xff,0xff,0xff,0xff,0xff,0xff,0xff,0x30,0x5f,0xff,0xff,0xff,0xff,0xff,0xff,0xff,0xff,0xff,0xff,0xff,0xff,
  0xff,0x30,0x00,0x00,0x00,0x00,0x00,0x00,0x00,0x00,0x00,0x00,0x00,0x00,0x00,0x00,0x00,0x00,0x00,0x00,0x00,0x00,0x00,0x00,
  0x00,0x00,0x00,0x00,0x00,0x00,0x00,0x00,0x00,0x00,0x00,0x00,0x00,0x00,0x00,0x00,0x00,0x00,0x00,0x00,0x00,0x00,0x00,0x00,
  0x00,0x00,0x00,0x00,0x00,0x00,0x00,0x00,0x00,0x00,0x00,0x00,0x00,0x00,0x5f,0xff,0xff,0xff,0xff,0xff,0xff,0xff,0xff,0xff,
  0xff,0xff,0xff,0xff,0x30,0x5f,0xff,0xff,0xff,0xff,0xff,0xff,0xff,0xff,0xff,0xff,0xff,0xff,0xff,0x30,0x5f,0xff,0xff,0xff,
  0xff,0xff,0xff,0xff,0xff,0xff,0xff,0xff,0xff,0xff,0x30,0x5f,0xff,0xff,0xff,0xff,0xff,0xff,0xff,0xff,0xff,0xff,0xff,0xff,
  0xff,0x30,0x00,0x00,0x00,0x00,0x00,0x00,0x00,0x00,0x00,0x00,0x00,0x00,0x00,0x00,0x00,0x00,0x00,0x00,0x00,0x00,0x00,0x00,
  0x00,0x00,0x00,0x00,0x00,0x00,0x00,0x00,0x00,0x00,0x00,0x00,0x00,0x00,0x00,0x00,0x00,0x00,0x00,0x00,0x00,0x00,0x00,0x00,
  0x00,0x00,0x00,0x00,0x00,0x00,0x00,0x00,0x00,0x00,0x00,0x00,0x00,0x00,0x5f,0xff,0xff,0xff,0xff,0xff,0xff,0xff,0xff,0xff,
  0xff,0xff,0xff,0xff,0x30,0x5f,0xff,0xff,0xff,0xff,0xff,0xff,0xff,0xff,0xff,0xff,0xff,0xff,0xff,0x30,0x5f,0xff,0xff,0xff,
  0xff,0xff,0xff,0xff,0xff,0xff,0xff,0xff,0xff,0xff,0x30,0x5f,0xff,0xff,0xff,0xff,0xff,0xff,0xff,0xff,0xff,0xff,0xff,0xff,
  0xff,0x30,0x00,0x00,0x00,0x33,0x33,0x00,0x00,0x00,0x08,0xff,0xfa,0x00,0x00,0x00,0x4f,0xff,0xc0,0x00,0x00,0x01,0xef,0xfd,
  0x10,0x00,0x00,0x0c,0xff,0xe2,0x00,0x00,0x00,0x8f,0xff,0x30,0x00,0x00,0x04,0xff,0xf5,0x00,0x00,0x00,0x1e,0xff,0x70,0x00,
  0x00,0x00,0x9e,0xe9,0x00,0x00,0x00,0x00,0x03,0x33,0x20,0x00,0x00,0x00,0x0b,0xff,0xf6,0x00,0x00,0x00,0x00,0xdf,0xff,0x30,
  0x00,0x00,0x00,0x1e,0xff,0xd0,0x00,0x00,0x00,0x02,0xff,0xfa,0x00,0x00,0x00,0x00,0x4f,0xff,0x60,0x00,0x00,0x00,0x06,0xff,
  0xf3,0x00,0x00,0x00,0x00,0x8f,0xfd,0x00,0x00,0x00,0x00,0x09,0xdd,0x80,0x00,0x00,0x00,0x00,0x31,0x00,0x00,0x00,0x00,0x00,
  0x00,0x00,0x00,0x00,0x26,0x00,0x00,0x00,0x00,0x00,0x00,0x00,0x00,0x00,0x04,0xfc,0x00,0x00,0x00,0x00,0x00,0x00,0x00,0x00,
  0x00,0xcf,0xe7,0x00,0x00,0x00,0x00,0x00,0x00,0x00,0x00,0x3f,0xff,0xb0,0x00,0x00,0x00,0x00,0x00,0x00,0x00,0x07,0xff,0xfd,
  0x00,0x00,0x00,0x00,0x00,0x00,0x00,0x00,0x0b,0xff,0xfa,0x00,0x00,0x00,0x00,0x00,0x00,0x00,0x3f,0xff,0xf3,0x00,0x00,0x00,
  0x00,0x00,0x00,0x00,0x00,0x00,0xcf,0xff,0x80,0x00,0x00,0x00,0x00,0x00,0x01,0xdf,0xff,0x60,0x00,0x00,0x00,0x00,0x00,0x00,
  0x00,0x00,0x00,0x1d,0xff,0xf6,0x00,0x00,0x00,0x00,0x00,0x0b,0xff,0xf9,0x00,0x00,0x00,0x00,0x00,0x00,0x00,0x00,0x00,0x00,
  0x01,0xef,0xff,0x30,0x00,0x00,0x00,0x00,0xaf,0xff,0xa0,0x00,0x00,0x00,0x00,0x00,0x00,0x00,0x00,0x00,0x00,0x00,0x3f,0xff,
  0xe1,0x00,0x00,0x00,0x0a,0xff,0xfa,0x00,0x00,0x00,0x00,0x00,0x00,0x00,0x00,0x00,0x00,0x00,0x00,0x05,0xff,0xfc,0x00,0x00,
  0x01,0xcf,0xff,0x80,0x00,0x00,0x00,0x00,0x00,0x00,0x00,0x23,0x22,0x11,0x11,0x11,0x11,0x9f,0xf8,0x11,0x11,0x14,0xef,0xf8,
  0x11,0x11,0x11,0x11,0x11,0x22,0x33,0x00,0xaf,0xff,0xff,0xff,0xff,0xff,0xff,0xff,0xff,0xff,0xff,0xff,0xff,0xff,0xff,0xff,
  0xff,0xff,0xff,0xfd,0x00,0xaf,0xff,0xff,0xff,0xff,0xff,0xff,0xff,0xff,0xff,0xff,0xff,0xff,0xff,0xff,0xff,0xff,0xff,0xff,
  0xfd,0x00,0x00,0x00,0x00,0x00,0x00,0x00,0x09,0x40,0x00,0x00,0x00,0x02,0xd4,0x00,0x00,0x00,0x00,0x00,0x00,0x00,0x00,0x00,
  0x00,0x00,0x00,0x00,0x00,0x9f,0xf5,0x00,0x00,0x00,0x0d,0xff,0x80,0x00,0x00,0x00,0x00,0x00,0x00,0x00,0x00,0x00,0x00,0x00,
  0x00,0x09,0xff,0xfd,0x00,0x00,0x00,0x5f,0xff,0xfb,0x00,0x00,0x00,0x00,0x00,0x00,0x00,0x00,0x00,0x00,0x00,0x00,0x9f,0xff,
  0xd1,0x00,0x00,0x00,0x04,0xef,0xff,0xd2,0x00,0x00,0x00,0x00,0x00,0x00,0x00,0x00,0x00,0x00,0x0a,0xff,0xfe,0x20,0x00,0x00,
  0x00,0x00,0x2d,0xff,0xff,0x40,0x00,0x00,0x00,0x00,0x00,0x00,0x00,0x00,0x00,0xbf,0xff,0xd2,0x00,0x00,0x00,0x00,0x00,0x00,
  0xaf,0xff,0xf6,0x00,0x00,0x00,0x00,0x00,0x00,0x00,0x00,0x1c,0xff,0xfd,0x10,0x00,0x00,0x00,0x00,0x00,0x00,0x07,0xff,0xff,
  0x80,0x00,0x00,0x00,0x00,0x00,0x00,0x04,0xef,0xff,0xb0,0x00,0x00,0x00,0x00,0x00,0x00,0x00,0x00,0x4f,0xff,0xfa,0x00,0x00,
  0x00,0x00,0x00,0x00,0x7f,0xff,0xf8,0x00,0x00,0x00,0x00,0x00,0x00,0x00,0x00,0x00,0x02,0xef,0xff,0xc1,0x00,0x00,0x00,0x00,
  0x2b,0xff,0xfe,0x50,0x00,0x00,0x00,0x00,0x00,0x00,0x00,0x00,0x00,0x00,0x1d,0xff,0xfd,0x20,0x00,0x00,0x07,0xff,0xff,0xc1,
  0x00,0x00,0x00,0x00,0x00,0x00,0x00,0x00,0x00,0x00,0x00,0x00,0xbf,0xff,0xc0,0x00,0x00,0x1c,0xff,0xf7,0x00,0x00,0x00,0x00,
  0x00,0x00,0x00,0x00,0x00,0x00,0x00,0x00,0x00,0x09,0xfe,0x20,0x00,0x00,0x01,0xec,0x20,0x00,0x00,0x00,0x00,0x00,0x00,0x00,
  0x00,0x00,0x00,0x00,0x00,0x00,0x00,0x72,0x00,0x00,0x00,0x00,0x20,0x00,0xff,0xff,0xff,0xff,0xff,0xff,0xff,0xff,0xff,0xff,
  0xff,0xff,0xff,0xff,0xf0,0x00,0x00,0x00,0x00,0x00,0x00,0xff,0xff,0xff,0xff,0xff,0xff,0xff,0xff,0xff,0xff,0xff,0xff,0xff,
  0xff,0xf0,0x00,0x00,0x00,0x00,0x00,0x00,0xff,0xf9,0x99,0x99,0xff,0xf9,0x99,0x99,0xff,0xf9,0x99,0x99,0x99,0xff,0xf0,0x00,
  0x00,0x00,0x00,0x00,0x00,0xff,0xf0,0x00,0x00,0xff,0xf0,0x00,0x00,0xff,0xf0,0x00,0x00,0x00,0xff,0xf0,0x00,0x00,0x00,0x00,
  0x00,0x00,0xff,0xf0,0x00,0x00,0xff,0xf0,0x00,0x00,0xff,0xf0,0x00,0x00,0x00,0xff,0xf0,0x00,0x00,0x00,0x00,0x00,0x00,0xff,
  0xf0,0x00,0x00,0xff,0xf0,0x00,0x00,0xff,0xf0,0x00,0x00,0x00,0xff,0xf0,0x00,0x00,0x00,0x00,0x00,0x00,0xff,0xf0,0x00,0x00,
  0xff,0xf0,0x00,0x00,0xff,0xf0,0x00,0x00,0x00,0xff,0xf0,0x00,0x00,0x00,0x00,0x00,0x00,0xff,0xf0,0x00,0x00,0xff,0xf0,0x00,
  0x00,0xff,0xf0,0x00,0x00,0x00,0xff,0xf0,0x00,0x00,0x00,0x00,0x00,0x00,0xff,0xf0,0x00,0x00,0xff,0xf0,0x00,0x00,0xff,0xf0,
  0x00,0x00,0x00,0xff,0xf0,0x00,0x00,0x00,0x00,0x00,0x00,0xff,0xf0,0x00,0x00,0xff,0xf0,0x00,0x00,0xff,0xf0,0x00,0x00,0x00,
  0xff,0xf0,0x00,0x00,0x00,0x00,0x00,0x00,0xff,0xf0,0x00,0x00,0xff,0xf0,0x00,0x00,0xff,0xf0,0x00,0x00,0x00,0xff,0xf0,0x00,
  0x00,0x00,0x00,0x00,0x00,0xff,0xf0,0x00,0x00,0xff,0xf0,0x00,0x00,0xff,0xf0,0x00,0x00,0x00,0xff,0xf0,0x00,0x00,0x00,0x00,
  0x00,0x00,0xff,0xf0,0x00,0x00,0xff,0xf0,0x00,0x00,0xff,0xf0,0x00,0x00,0x00,0xff,0xf0,0x00,0x00,0x00,0x1e,0xed,0xdc,0xff,
  0xfc,0xcc,0xcc,0xff,0xfc,0xcc,0xcc,0xff,0xfc,0xcc,0xcc,0xcc,0xff,0xfc,0xcc,0xdd,0xea,0x1f,0xff,0xff,0xff,0xff,0xff,0xff,
  0xff,0xff,0xff,0xff,0xff,0xff,0xff,0xff,0xff,0xff,0xff,0xff,0xff,0xfa,0x1f,0xff,0xee,0xee,0xee,0xee,0xee,0xee,0xee,0xee,
  0xee,0xee,0xee,0xee,0xee,0xee,0xee,0xee,0xee,0xff,0xfb,0x00,0x00,0x00,0x00,0x00,0x00,0x00,0x00,0x00,0x00,0x00,0x00,0x00,
  0x00,0x00,0x00,0x00,0x00,0x00,0x00,0x00,0xff,0xff,0xff,0xff,0xff,0xff,0xff,0xff,0xff,0xff,0xff,0xff,0xf1,0xff,0xff,0xff,
  0xff,0xff,0xff,0xff,0xff,0xff,0xff,0xff,0xff,0xf1,0xff,0xfd,0xdd,0xdd,0xdd,0xdd,0xdd,0xdd,0xdd,0xdd,0xdd,0xff,0xf1,0xff,
  0xf1,0x00,0x00,0x00,0x00,0x00,0x00,0x00,0x00,0x00,0xff,0xf1,0xff,0xf1,0x00,0x00,0x00,0x00,0x00,0x00,0x00,0x00,0x00,0xff,
  0xf1,0xff,0xf1,0x00,0x00,0x00,0x00,0x00,0x00,0x00,0x00,0x00,0xff,0xf1,0xff,0xf1,0x00,0x00,0x00,0x00,0x00,0x00,0x00,0x00,
  0x00,0xff,0xf0,0xff,0xf1,0x00,0x00,0x00,0x00,0x00,0x00,0x00,0x00,0x01,0xff,0xf0,0xff,0xf1,0x00,0x00,0x00,0x00,0x00,0x00,
  0x00,0x00,0x03,0xff,0xd0,0xff,0xf1,0x00,0x00,0x00,0x00,0x00,0x00,0x00,0x00,0x05,0xff,0xb0,0xff,0xf1,0x00,0x00,0x00,0x00,
  0x00,0x00,0x00,0x00,0x08,0xff,0x80,0xff,0xf1,0x00,0x00,0x00,0x00,0x00,0x00,0x00,0x00,0x0c,0xff,0x40,0xff,0xf1,0x00,0x00,
  0x00,0x00,0x00,0x00,0x00,0x00,0x1f,0xff,0x10,0x66,0x60,0x00,0x00,0x00,0x00,0x00,0x00,0x00,0x00,0x5f,0xfc,0x00,0x00,0x00,
  0x00,0x00,0x00,0x00,0x00,0x00,0x00,0x00,0xcf,0xf6,0x00,0x00,0x00,0x00,0x00,0x00,0x00,0x00,0x00,0x00,0x03,0xff,0xf1,0x00,
  0x00,0x00,0x00,0x00,0x00,0x00,0x00,0x00,0x00,0x0b,0xff,0x90,0x00,0x00,0x00,0x00,0x00,0x00,0x00,0x00,0x00,0x00,0x4f,0xff,
  0x20,0x00,0x00,0x00,0x00,0x00,0x00,0x00,0x00,0x00,0x00,0xdf,0xf9,0x00,0x00,0x00,0x00,0x00,0x00,0x00,0x00,0x00,0x00,0x09,
  0xff,0xf1,0x00,0x00,0x00,0x00,0x00,0x00,0x00,0x00,0x00,0x00,0x5f,0xff,0x60,0x00,0x00,0x00,0x00,0x00,0x00,0x00,0x00,0x00,
  0x04,0xff,0xfb,0x00,0x00,0x00,0x00,0x00,0x00,0x00,0x00,0x00,0x00,0x3f,0xff,0xd1,0x00,0x00,0x00,0x00,0x00,0x00,0x00,0x00,
  0x00,0x04,0xff,0xff,0x20,0x00,0x00,0x00,0x00,0x00,0x00,0x00,0x00,0x00,0x5f,0xff,0xf4,0x00,0x00,0x00,0x00,0x00,0x00,0x00,
  0x00,0x00,0x09,0xff,0xff,0x40,0x00,0x00,0x00,0x00,0x00,0x00,0x00,0x00,0x00,0x5f,0xff,0xf4,0x00,0x00,0x00,0x00,0x00,0x00,
  0x00,0x00,0x00,0x00,0x03,0xcd,0x20,0x00,0x00,0x00,0x00,0x00,0x00,0x00,0x00,0x00,0x00,0x00,0x01,0x00,0x00,0x00,0x00,0x00,
  0x00,0x00,0x00,0x00,0x00,0x00,0x00,0x00,0x00,0x00,0x00,0x00,0x00,0x00,0xb5,0x00,0x00,0x00,0x00,0x00,0x00,0x00,0x00,0x00,
  0x00,0x00,0x00,0x00,0x00,0x02,0xff,0xd5,0x00,0x00,0x00,0x00,0x00,0x00,0x00,0x00,0x00,0x00,0x00,0x00,0x00,0x08,0xff,0xff,
  0x30,0x00,0x00,0x00,0x00,0x00,0x00,0x00,0x00,0x00,0x00,0x00,0x00,0x0d,0xff,0xf8,0x00,0x00,0x00,0x00,0x00,0x00,0x00,0x00,
  0x00,0x00,0x00,0x00,0x00,0x2f,0xff,0xb0,0x00,0x00,0x00,0x00,0x00,0x00,0x00,0x00,0x00,0x00,0x00,0x00,0x00,0x9f,0xff,0x20,
  0x00,0x00,0x00,0x00,0x00,0x00,0x00,0x00,0x00,0x00,0x00,0x00,0x00,0xff,0xfb,0x00,0x00,0x00,0x00,0x00,0x00,0x00,0x00,0x00,
  0x00,0x00,0x00,0x00,0x06,0xff,0xf4,0x00,0x00,0x00,0x00,0x00,0x00,0x00,0x00,0x00,0x00,0x00,0x00,0x00,0x0d,0xff,0xc0,0x00,
  0x00,0x00,0x00,0x00,0x00,0x00,0x00,0x00,0x00,0x00,0x00,0x00,0x5f,0xff,0x50,0x00,0x00,0x00,0x00,0x00,0x00,0x00,0x00,0x00,
  0x00,0x00,0x00,0x00,0xdf,0xfc,0x00,0x00,0x00,0x00,0x00,0x00,0x00,0x00,0x00,0x00,0x00,0x00,0x00,0x06,0xff,0xf4,0x00,0x00,
  0x00,0x00,0x00,0x00,0x00,0x00,0x00,0x00,0x00,0x00,0x00,0x0e,0xff,0xb0,0x00,0x00,0x00,0x00,0x00,0x00,0x00,0x00,0x00,0x00,
  0x00,0x00,0x00,0x8f,0xff,0x30,0x00,0x00,0x00,0x00,0x00,0x00,0x00,0x00,0x00,0x00,0x00,0x00,0x02,0xff,0xf9,0x00,0x00,0x00,
  0x00,0x00,0x00,0x00,0x00,0x00,0x00,0x00,0x00,0x00,0x0c,0xff,0xe1,0x00,0x00,0x00,0x00,0x00,0x00,0x00,0x00,0x00,0x00,0x00,
  0x00,0x00,0x6f,0xff,0x60,0x00,0x00,0x00,0x00,0x00,0x00,0x00,0x00,0x00,0x00,0x00,0x00,0x02,0xff,0xfb,0x00,0x00,0x00,0x00,
  0x00,0x00,0x00,0x00,0x00,0x00,0x00,0x00,0x00,0x0d,0xff,0xe1,0x00,0x00,0x00,0x00,0x00,0x00,0x00,0x00,0x00,0x00,0x00,0x00,
  0x00,0xaf,0xff,0x50,0x00,0x00,0x00,0x00,0x00,0x00,0x00,0x00,0x00,0x00,0x00,0x00,0x07,0xff,0xfa,0x00,0x00,0x00,0x00,0x00,
  0x00,0x00,0x00,0x00,0x00,0x00,0x00,0x00,0x5f,0xff,0xd0,0x00,0x00,0x00,0x00,0x00,0x00,0x00,0x00,0x00,0x00,0x00,0x00,0x04,
  0xff,0xfe,0x20,0x00,0x00,0x00,0x00,0x00,0x00,0x00,0x00,0x00,0x00,0x00,0x00,0x3f,0xff,0xf4,0x00,0x00,0x00,0x00,0x00,0x00,
  0x00,0x00,0x00,0x00,0x00,0x00,0x03,0xff,0xff,0x50,0x00,0x00,0x00,0x00,0x00,0x00,0x00,0x00,0x00,0x00,0x00,0x00,0x4f,0xff,
  0xf7,0x00,0x00,0x00,0x00,0x00,0x00,0x00,0x00,0x00,0x00,0x00,0x00,0x07,0xff,0xff,0x80,0x00,0x00,0x00,0x00,0x00,0x00,0x00,
  0x00,0x00,0x00,0x00,0x00,0xaf,0xff,0xf7,0x00,0x00,0x00,0x00,0x00,0x00,0x00,0x00,0x00,0x00,0x00,0x00,0x3d,0xff,0xff,0x60,
  0x00,0x00,0x00,0x00,0x00,0x00,0x00,0x00,0x00,0x00,0x00,0x08,0xff,0xff,0xe4,0x00,0x00,0x00,0x00,0x00,0x00,0x00,0x00,0x00,
  0x00,0x00,0x05,0xef,0xff,0xfd,0x20,0x00,0x00,0x00,0x00,0x00,0x00,0x00,0x00,0x00,0x00,0x05,0xdf,0xff,0xff,0x90,0x00,0x00,
  0x00,0x00,0x00,0x00,0x00,0x00,0x00,0x00,0x00,0x3f,0xff,0xff,0xe4,0x00,0x00,0x00,0x00,0x00,0x00,0x00,0x00,0x00,0x00,0x00,
  0x00,0x03,0xef,0xf9,0x10,0x00,0x00,0x00,0x00,0x00,0x00,0x00,0x00,0x00,0x00,0x00,0x00,0x00,0x2a,0x20,0x00,0x00,0x00,0x00,
  0x00,0x00,0x00,0x00,0x00,0x00,0x00,0x00,0x00,0x2f,0xff,0xff,0xff,0xff,0xff,0xff,0xff,0xff,0xff,0xff,0xff,0xff,0xff,0x2f,
  0xff,0xff,0xff,0xff,0xff,0xff,0xff,0xff,0xff,0xff,0xff,0xff,0xff,0x2f,0xff,0xff,0xff,0xff,0xff,0xff,0xff,0xff,0xff,0xff,
  0xff,0xff,0xff,0x00,0x00,0x00,0x00,0x00,0x00,0xbf,0xff,0xa0,0x00,0x00,0x00,0x00,0x00,0x00,0x00,0x00,0x00,0x00,0x00,0xbf,
  0xff,0xa0,0x00,0x00,0x00,0x00,0x00,0x00,0x00,0x00,0x00,0x00,0x00,0xbf,0xff,0xa0,0x00,0x00,0x00,0x00,0x00,0x00,0x00,0x00,
  0x00,0x00,0x00,0xbf,0xff,0xa0,0x00,0x00,0x00,0x00,0x00,0x00,0x00,0x00,0x00,0x00,0x00,0xbf,0xff,0xa0,0x00,0x00,0x00,0x00,
  0x00,0x00,0x00,0x00,0x00,0x00,0x00,0xbf,0xff,0xa0,0x00,0x00,0x00,0x00,0x00,0x00,0x00,0x00,0x00,0x00,0x00,0xbf,0xff,0xa0,
  0x00,0x00,0x00,0x00,0x00,0x00,0x00,0x00,0x00,0x00,0x00,0xbf,0xff,0xa0,0x00,0x00,0x00,0x00,0x00,0x00,0x00,0x00,0x00,0x00,
  0x00,0xbf,0xff,0xa0,0x00,0x00,0x00,0x00,0x00,0x00,0x00,0x00,0x00,0x00,0x00,0xbf,0xff,0xa0,0x00,0x00,0x00,0x00,0x00,0x00,
  0x00,0x00,0x00,0x00,0x00,0xbf,0xff,0xa0,0x00,0x00,0x00,0x00,0x00,0x00,0x00,0x00,0x00,0x00,0x00,0xbf,0xff,0xa0,0x00,0x00,
  0x00,0x00,0x00,0x00,0x00,0x00,0x00,0x00,0x00,0xbf,0xff,0xa0,0x00,0x00,0x00,0x00,0x00,0x00,0x00,0x00,0x00,0x00,0x00,0xbf,
  0xff,0xa0,0x00,0x00,0x00,0x00,0x00,0x00,0x00,0x00,0x00,0x00,0x00,0xbf,0xff,0xa0,0x00,0x00,0x00,0x00,0x00,0x00,0x00,0x00,
  0x00,0x00,0x00,0xbf,0xff,0xa0,0x00,0x00,0x00,0x00,0x00,0x00,0x00,0x00,0x00,0x00,0x00,0xbf,0xff,0xa0,0x00,0x00,0x00,0x00,
  0x00,0x00,0x00,0x00,0x00,0x00,0x00,0xbf,0xff,0xa0,0x00,0x00,0x00,0x00,0x00,0x00,0x00,0x00,0x00,0x00,0x00,0xbf,0xff,0xa0,
  0x00,0x00,0x00,0x00,0x00,0x00,0x00,0x00,0x00,0x00,0x00,0xbf,0xff,0xa0,0x00,0x00,0x00,0x00,0x00,0x00,0x00,0x00,0x00,0x00,
  0x00,0xbf,0xff,0xa0,0x00,0x00,0x00,0x00,0x00,0x00,0x00,0x00,0x00,0x00,0x00,0xbf,0xff,0xa0,0x00,0x00,0x00,0x00,0x00,0x00,
  0x00,0x00,0x00,0x00,0x00,0xbf,0xff,0xa0,0x00,0x00,0x00,0x00,0x00,0x00,0x00,0x00,0x00,0x00,0x00,0xbf,0xff,0xa0,0x00,0x00,
  0x00,0x00,0x00,0x00,0x00,0x00,0x00,0x00,0x00,0xbf,0xff,0xa0,0x00,0x00,0x00,0x00,0x00,0x00,0x00,0x00,0x00,0x00,0x00,0xbf,
  0xff,0xa0,0x00,0x00,0x00,0x00,0x00,0x00,0x00,0x00,0x00,0x00,0x00,0xbf,0xff,0xa0,0x00,0x00,0x00,0x00,0x00,0x00,0x00,0x00,
  0x00,0x00,0x00,0xbf,0xff,0xa0,0x00,0x00,0x00,0x00,0x00,0x00,0x00,0x00,0x00,0x00,0x00,0xbf,0xff,0xa0,0x00,0x00,0x00,0x00,
  0x00,0x34,0x44,0x44,0x44,0x44,0x44,0x44,0x44,0x44,0x44,0x44,0x44,0x44,0x44,0x44,0x44,0x42,0x7f,0xff,0xff,0xff,0xff,0xff,
  0xff,0xff,0xff,0xff,0xff,0xff,0xff,0xff,0xff,0xff,0xf5,0x0e,0xff,0xff,0xff,0xff,0xff,0xff,0xff,0xff,0xff,0xff,0xff,0xff,
  0xff,0xff,0xff,0xc0,0x07,0xff,0x32,0x22,0x22,0x22,0x22,0x22,0x22,0x22,0x22,0x22,0x22,0x22,0x25,0xff,0x50,0x00,0xef,0x70,
  0x00,0x00,0x00,0x00,0x00,0x00,0x00,0x00,0x00,0x00,0x00,0x0a,0xfd,0x00,0x00,0x7f,0xe0,0x00,0x00,0x00,0x00,0x00,0x00,0x00,
  0x00,0x00,0x00,0x00,0x2f,0xf5,0x00,0x00,0x0e,0xf7,0x00,0x00,0x00,0x00,0x00,0x00,0x00,0x00,0x00,0x00,0x00,0xaf,0xd0,0x00,
  0x00,0x08,0xfe,0x00,0x00,0x00,0x00,0x00,0x00,0x00,0x00,0x00,0x00,0x02,0xff,0x50,0x00,0x00,0x01,0xff,0x70,0x00,0x00,0x00,
  0x00,0x00,0x00,0x00,0x00,0x00,0x0a,0xfd,0x00,0x00,0x00,0x00,0x8f,0xe0,0x00,0x00,0x00,0x00,0x00,0x00,0x00,0x00,0x00,0x2f,
  0xf5,0x00,0x00,0x00,0x00,0x1f,0xf7,0x00,0x00,0x00,0x00,0x00,0x00,0x00,0x00,0x00,0x9f,0xd0,0x00,0x00,0x00,0x00,0x08,0xfe,
  0x00,0x00,0x00,0x00,0x00,0x00,0x00,0x00,0x02,0xff,0x50,0x00,0x00,0x00,0x00,0x01,0xff,0x70,0x00,0x00,0x00,0x00,0x00,0x00,
  0x00,0x09,0xfd,0x00,0x00,0x00,0x00,0x00,0x00,0x8f,0xe0,0x00,0x00,0x00,0x00,0x00,0x00,0x00,0x2f,0xf5,0x00,0x00,0x00,0x00,
  0x00,0x00,0x1f,0xf6,0x00,0x00,0x00,0x00,0x00,0x00,0x00,0x9f,0xd0,0x00,0x00,0x00,0x00,0x00,0x00,0x08,0xfe,0x00,0x00,0x00,
  0x00,0x00,0x00,0x02,0xff,0x50,0x00,0x00,0x00,0x00,0x00,0x00,0x01,0xff,0x60,0x00,0x00,0x00,0x00,0x00,0x09,0xfd,0x00,0x00,
  0x00,0x00,0x00,0x00,0x00,0x00,0x8f,0xe0,0x00,0x00,0x00,0x00,0x00,0x2f,0xf5,0x00,0x00,0x00,0x00,0x00,0x00,0x00,0x00,0x1f,
  0xf6,0x00,0x00,0x00,0x00,0x00,0x9f,0xd0,0x00,0x00,0x00,0x00,0x00,0x00,0x00,0x00,0x08,0xfe,0x00,0x00,0x00,0x00,0x02,0xff,
  0x50,0x00,0x00,0x00,0x00,0x00,0x00,0x00,0x00,0x01,0xff,0x60,0x00,0x00,0x00,0x09,0xfd,0x00,0x00,0x00,0x00,0x00,0x00,0x00,
  0x00,0x00,0x00,0x8f,0xe0,0x00,0x00,0x00,0x1f,0xf5,0x00,0x00,0x00,0x00,0x00,0x00,0x00,0x00,0x00,0x00,0x1f,0xf6,0x00,0x00,
  0x00,0x9f,0xd0,0x00,0x00,0x00,0x00,0x00,0x00,0x00,0x00,0x00,0x00,0x08,0xfe,0x00,0x00,0x01,0xff,0x50,0x00,0x00,0x00,0x00,
  0x00,0x00,0x00,0x00,0x00,0x00,0x01,0xff,0x60,0x00,0x09,0xfd,0x00,0x00,0x00,0x00,0x00,0x00,0x00,0x00,0x00,0x00,0x00,0x00,
  0x8f,0xe0,0x00,0x1f,0xf5,0x00,0x00,0x00,0x00,0x00,0x00,0x00,0x00,0x00,0x00,0x00,0x00,0x1f,0xf6,0x00,0x9f,0xd0,0x00,0x00,
  0x00,0x00,0x00,0x00,0x00,0x00,0x00,0x00,0x00,0x00,0x08,0xfe,0x01,0xff,0x50,0x00,0x00,0x00,0x00,0x00,0x00,0x00,0x00,0x00,
  0x00,0x00,0x00,0x01,0xff,0x69,0xfd,0x00,0x00,0x00,0x00,0x00,0x00,0x00,0x00,0x00,0x00,0x00,0x00,0x00,0x00,0x8f,0xef,0xf5,
  0x00,0x00,0x00,0x00,0x00,0x00,0x00,0x00,0x00,0x00,0x00,0x00,0x00,0x00,0x1f,0xff,0xd0,0x00,0x00,0x00,0x00,0x00,0x00,0x00,
  0x00,0x00,0x00,0x00,0x00,0x00,0x00,0x08,0xff,0x50,0x00,0x00,0x00,0x00,0x00,0x00,0x00,0x00,0x00,0x00,0x00,0x00,0x00,0x00,
  0x01,0xfd,0x00,0x00,0x00,0x00,0x00,0x00,0x00,0x00,0x00,0x00,0x00,0x00,0x00,0x00,0x00,0x00,0x85,0x00,0x00,0x00,0x00,0x00,
  0x00,0x00,0x00,0x00,0x00,0x00,0x00,0x00,0x00,0x00,0x00,0x10,0x00,0x00,0x00,0x00,0x00,0x00,0x00,0x00,0x09,0xaa,0xaa,0xaa,
  0xaa,0xaa,0xaa,0xaa,0xaa,0xaa,0xaa,0xaa,0xaa,0xaa,0xaa,0x40,0x0a,0xff,0xff,0xff,0xff,0xff,0xff,0xff,0xff,0xff,0xff,0xff,
  0xff,0xff,0xff,0x10,0x04,0xff,0xff,0xff,0xff,0xff,0xff,0xff,0xff,0xff,0xff,0xff,0xff,0xff,0xfb,0x00,0x00,0xef,0xff,0xff,
  0xff,0xff,0xff,0xff,0xff,0xff,0xff,0xff,0xff,0xff,0xf5,0x00,0x00,0x8f,0xff,0xe2,0x22,0x22,0x22,0x22,0x22,0x22,0x22,0x22,
  0x9f,0xff,0xe0,0x00,0x00,0x1f,0xff,0xf3,0x00,0x00,0x00,0x00,0x00,0x00,0x00,0x00,0xdf,0xff,0x80,0x00,0x00,0x0b,0xff,0xf9,
  0x00,0x00,0x00,0x00,0x00,0x00,0x00,0x03,0xff,0xff,0x20,0x00,0x00,0x05,0xff,0xff,0x00,0x00,0x00,0x00,0x00,0x00,0x00,0x09,
  0xff,0xfc,0x00,0x00,0x00,0x00,0xef,0xff,0x60,0x00,0x00,0x00,0x00,0x00,0x00,0x0f,0xff,0xf5,0x00,0x00,0x00,0x00,0x8f,0xff,
  0xc0,0x00,0x00,0x00,0x00,0x00,0x00,0x6f,0xff,0xe0,0x00,0x00,0x00,0x00,0x2f,0xff,0xf2,0x00,0x00,0x00,0x00,0x00,0x00,0xcf,
  0xff,0x90,0x00,0x00,0x00,0x00,0x0b,0xff,0xf8,0x00,0x00,0x00,0x00,0x00,0x02,0xff,0xff,0x20,0x00,0x00,0x00,0x00,0x05,0xff,
  0xfe,0x00,0x00,0x00,0x00,0x00,0x08,0xff,0xfc,0x00,0x00,0x00,0x00,0x00,0x00,0xef,0xff,0x50,0x00,0x00,0x00,0x00,0x0e,0xff,
  0xf6,0x00,0x00,0x00,0x00,0x00,0x00,0x9f,0xff,0xb0,0x00,0x00,0x00,0x00,0x4f,0xff,0xf0,0x00,0x00,0x00,0x00,0x00,0x00,0x2f,
  0xff,0xf1,0x00,0x00,0x00,0x00,0xbf,0xff,0x90,0x00,0x00,0x00,0x00,0x00,0x00,0x0c,0xff,0xf7,0x00,0x00,0x00,0x01,0xff,0xff,
  0x30,0x00,0x00,0x00,0x00,0x00,0x00,0x06,0xff,0xfd,0x00,0x00,0x00,0x07,0xff,0xfd,0x00,0x00,0x00,0x00,0x00,0x00,0x00,0x00,
  0xff,0xff,0x30,0x00,0x00,0x0d,0xff,0xf6,0x00,0x00,0x00,0x00,0x00,0x00,0x00,0x00,0x9f,0xff,0xa0,0x00,0x00,0x3f,0xff,0xf1,
  0x00,0x00,0x00,0x00,0x00,0x00,0x00,0x00,0x3f,0xff,0xf0,0x00,0x00,0x9f,0xff,0xa0,0x00,0x00,0x00,0x00,0x00,0x00,0x00,0x00,
  0x0d,0xff,0xf6,0x00,0x00,0xff,0xff,0x40,0x00,0x00,0x00,0x00,0x00,0x00,0x00,0x00,0x06,0xff,0xfc,0x00,0x06,0xff,0xfd,0x00,
  0x00,0x00,0x00,0x00,0x00,0x00,0x00,0x00,0x01,0xff,0xff,0x20,0x0c,0xff,0xf7,0x00,0x00,0x00,0x00,0x00,0x00,0x00,0x00,0x00,
  0x00,0xaf,0xff,0x80,0x2f,0xff,0xf1,0x00,0x00,0x00,0x00,0x00,0x00,0x00,0x00,0x00,0x00,0x3f,0xff,0xe0,0x8f,0xff,0xa0,0x00,
  0x00,0x00,0x00,0x00,0x00,0x00,0x00,0x00,0x00,0x0d,0xff,0xf5,0xef,0xff,0x40,0x00,0x00,0x00,0x00,0x00,0x00,0x00,0x00,0x00,
  0x00,0x07,0xff,0xfe,0xff,0xfe,0x00,0x00,0x00,0x00,0x00,0x00,0x00,0x00,0x00,0x00,0x00,0x01,0xff,0xff,0xff,0xf7,0x00,0x00,
  0x00,0x00,0x00,0x00,0x00,0x00,0x00,0x00,0x00,0x00,0xaf,0xff,0xff,0xf1,0x00,0x00,0x00,0x00,0x00,0x00,0x00,0x00,0x00,0x00,
  0x00,0x00,0x4f,0xff,0xff,0xb0,0x00,0x00,0x00,0x00,0x00,0x00,0x00,0x00,0x00,0x00,0x00,0x00,0x0e,0xff,0xff,0x50,0x00,0x00,
  0x00,0x00,0x00,0x00,0x8f,0xf7,0x00,0x00,0x00,0x8f,0xf8,0x0d,0xff,0x30,0x00,0x04,0xff,0xd0,0x03,0xff,0xe1,0x00,0x1e,0xff,
  0x30,0x00,0x8f,0xfb,0x00,0xbf,0xf8,0x00,0x00,0x0d,0xff,0x77,0xff,0xd0,0x00,0x00,0x03,0xff,0xff,0xff,0x30,0x00,0x00,0x00,
  0x9f,0xff,0xf9,0x00,0x00,0x00,0x00,0x0d,0xff,0xd0,0x00,0x00,0x6d,0xdd,0xdd,0xdd,0xdd,0xdd,0xdd,0xdd,0xdd,0xdd,0xdd,0xdd,
  0xdd,0xdd,0xdd,0xdd,0xdd,0xd3,0x7f,0xff,0xff,0xff,0xff,0xff,0xff,0xff,0xff,0xff,0xff,0xff,0xff,0xff,0xff,0xff,0xff,0xf4,
  0x7f,0xff,0xff,0xff,0xff,0xff,0xff,0xff,0xff,0xff,0xff,0xff,0xff,0xff,0xff,0xff,0xff,0xf4,0x7f,0xff,0xff,0xff,0xff,0xff,
  0xff,0xff,0xff,0xff,0xff,0xff,0xff,0xff,0xff,0xff,0xff,0xf4,0x7f,0xff,0xff,0xff,0xff,0xff,0xff,0xff,0xff,0xff,0xff,0xff,
  0xff,0xff,0xff,0xff,0xff,0xf4,0x7f,0xff,0xff,0xff,0xff,0xff,0xff,0xff,0xff,0xff,0xff,0xff,0xff,0xff,0xff,0xff,0xff,0xf4,
  0x7f,0xff,0xff,0xff,0xff,0xff,0xff,0xff,0xff,0xff,0xff,0xff,0xff,0xff,0xff,0xff,0xff,0xf4,0x02,0x22,0x22,0x22,0x22,0x22,
  0x22,0x22,0x22,0x22,0x22,0x22,0x22,0x22,0x22,0x20,0x2f,0xff,0xff,0xff,0xff,0xff,0xff,0xff,0xff,0xff,0xff,0xff,0xff,0xff,
  0xff,0xf2,0x2f,0xff,0xff,0xff,0xff,0xff,0xff,0xff,0xff,0xff,0xff,0xff,0xff,0xff,0xff,0xf2,0x00,0x40,0x00,0x00,0x00,0x00,
  0x03,0xfc,0x30,0x00,0x00,0x00,0x0c,0xff,0xf9,0x10,0x00,0x00,0x0a,0xff,0xff,0xf6,0x00,0x00,0x00,0x18,0xef,0xff,0xd4,0x00,
  0x00,0x00,0x06,0xdf,0xff,0xa0,0x00,0x00,0x00,0x04,0xbf,0xc0,0x00,0x00,0x00,0x00,0x02,0x30,0x00,0x00,0x00,0x00,0x22,0x00,
  0x00,0x00,0x00,0x00,0x00,0x00,0x05,0xff,0x40,0x00,0x00,0x00,0x00,0x00,0x00,0x0c,0xff,0xa0,0x00,0x00,0x00,0x00,0x00,0x00,
  0x2f,0xff,0xf1,0x00,0x00,0x00,0x00,0x00,0x00,0x8f,0xff,0xf7,0x00,0x00,0x00,0x00,0x00,0x00,0xef,0xcc,0xfd,0x00,0x00,0x00,
  0x00,0x00,0x05,0xff,0x66,0xff,0x40,0x00,0x00,0x00,0x00,0x0c,0xff,0x00,0xff,0xb0,0x00,0x00,0x00,0x00,0x2f,0xf9,0x00,0x9f,
  0xf1,0x00,0x00,0x00,0x00,0x9f,0xf2,0x00,0x2f,0xf8,0x00,0x00,0x00,0x00,0xef,0xc0,0x00,0x0c,0xfe,0x00,0x00,0x00,0x05,0xff,
  0x50,0x00,0x05,0xff,0x50,0x00,0x00,0x0c,0xfe,0x00,0x00,0x00,0xef,0xb0,0x00,0x00,0x2f,0xf8,0x00,0x00,0x00,0x8f,0xf2,0x00,
  0x00,0x9f,0xf2,0x00,0x00,0x00,0x2f,0xf8,0x00,0x00,0xef,0xb0,0x00,0x00,0x00,0x0b,0xfe,0x00,0x06,0xff,0x50,0x00,0x00,0x00,
  0x05,0xff,0x50,0x0c,0xfe,0x00,0x00,0x00,0x00,0x00,0xef,0xc0,0x2f,0xf8,0x00,0x00,0x00,0x00,0x00,0x8f,0xf2,0x5a,0xa1,0x00,
  0x00,0x00,0x00,0x00,0x1a,0xa5,0x00,0x00,0x00,0x5a,0xdf,0xfe,0xb7,0x10,0x00,0x00,0x00,0x00,0x4d,0xff,0xff,0xff,0xff,0xf6,
  0x00,0x00,0x00,0x06,0xff,0xff,0xfe,0xef,0xff,0xff,0x80,0x00,0x00,0x5f,0xff,0xe6,0x00,0x01,0x7e,0xff,0xf6,0x00,0x02,0xff,
  0xfe,0x20,0x00,0x00,0x03,0xef,0xff,0x20,0x09,0xff,0xf4,0x00,0x00,0x00,0x00,0x4f,0xff,0x90,0x1f,0xff,0xc0,0x00,0x00,0x00,
  0x00,0x0c,0xff,0xf1,0x6f,0xff,0x60,0x00,0x00,0x00,0x00,0x06,0xff,0xf6,0xaf,0xff,0x20,0x00,0x00,0x00,0x00,0x02,0xff,0xfa,
  0xdf,0xff,0x00,0x00,0x00,0x00,0x00,0x00,0xff,0xfd,0xef,0xfe,0x00,0x00,0x00,0x00,0x00,0x00,0xef,0xfe,0xff,0xfd,0x00,0x00,
  0x00,0x00,0x00,0x00,0xdf,0xff,0xff,0xfd,0x00,0x00,0x00,0x00,0x00,0x00,0xdf,0xff,0xef,0xfe,0x00,0x00,0x00,0x00,0x00,0x00,
  0xef,0xfe,0xcf,0xff,0x00,0x00,0x00,0x00,0x00,0x00,0xff,0xfc,0x9f,0xff,0x20,0x00,0x00,0x00,0x00,0x03,0xff,0xf9,0x5f,0xff,
  0x70,0x00,0x00,0x00,0x00,0x07,0xff,0xf4,0x1f,0xff,0xd0,0x00,0x00,0x00,0x00,0x0d,0xff,0xe0,0x09,0xff,0xf5,0x00,0x00,0x00,
  0x00,0x5f,0xff,0x70,0x01,0xff,0xff,0x30,0x00,0x00,0x03,0xff,0xfd,0x00,0x00,0x6f,0xff,0xf9,0x30,0x03,0x8f,0xff,0xf2,0x00,
  0x00,0x07,0xff,0xff,0xff,0xff,0xff,0xfe,0x30,0x00,0x00,0x00,0x5e,0xff,0xff,0xff,0xff,0xa1,0x00,0x00,0x00,0x00,0x00,0x59,
  0xcd,0xca,0x72,0x00,0x00,0x00,0x00,0x00,0x23,0x33,0x10,0x00,0x03,0x33,0x30,0x00,0x00,0xcf,0xff,0x80,0x00,0x0f,0xff,0xf3,
  0x00,0x00,0xbf,0xff,0x20,0x00,0x0f,0xff,0xf0,0x00,0x00,0xaf,0xfe,0x00,0x00,0x0e,0xff,0xa0,0x00,0x00,0xaf,0xfb,0x00,0x00,
  0x0f,0xff,0x70,0x00,0x00,0xbf,0xf8,0x00,0x00,0x0f,0xff,0x40,0x00,0x00,0xcf,0xf6,0x00,0x00,0x0f,0xff,0x10,0x00,0x00,0xcf,
  0xf3,0x00,0x00,0x1f,0xfe,0x00,0x00,0x00,0xef,0xf0,0x00,0x00,0x2f,0xfa,0x00,0x00,0x00,0xff,0xc0,0x00,0x00,0x4f,0xf7,0x00,
  0x00,0x02,0xff,0x90,0x00,0x00,0x6f,0xf3,0x00,0x00,0x05,0xff,0x40,0x00,0x00,0x9f,0xf0,0x00,0x00,0x08,0xff,0x00,0x00,0x00,
  0xbf,0xb0,0x00,0x00,0x0b,0xfb,0x00,0x00,0x00,0xff,0x60,0x00,0x00,0x0f,0xf5,0x00,0x00,0x03,0xff,0x10,0x00,0x00,0x3f,0xf0,
  0x00,0x00,0x06,0xfb,0x00,0x00,0x00,0x7f,0x90,0x00,0x00,0x0b,0xf4,0x00,0x00,0x00,0xcf,0x20,0x00,0x00,0x0f,0xd0,0x00,0x00,
  0x01,0xfa,0x00,0x00,0x00,0x5f,0x40,0x00,0x00,0x07,0xf2,0x00,0x00,0x00,0xbc,0x00,0x00,0x00,0x0c,0x80,0x00,0x00,0x01,0xf3,
  0x00,0x00,0x00,0x2c,0x00,0x00,0x00,0x06,0x80,0x00,0x00,0x00,0x00,0x00,0x00,0x00,0x01,0x00,0x00,0x00,0x00,0x00,0x00,0x00,
  0x00,0x00,0x16,0xad,0xff,0xfe,0xc9,0x50,0x00,0x00,0x00,0x00,0x00,0x00,0x00,0x00,0x00,0x3b,0xff,0xff,0xff,0xff,0xff,0xfe,
  0x80,0x00,0x00,0x00,0x00,0x00,0x00,0x00,0x09,0xff,0xff,0xff,0xff,0xff,0xff,0xff,0xfe,0x40,0x00,0x00,0x00,0x00,0x00,0x01,
  0xcf,0xff,0xfe,0x94,0x20,0x12,0x5b,0xff,0xff,0xf7,0x00,0x00,0x00,0x00,0x00,0x1d,0xff,0xff,0x80,0x00,0x00,0x00,0x00,0x2c,
  0xff,0xff,0x70,0x00,0x00,0x00,0x00,0xbf,0xff,0xf4,0x00,0x00,0x00,0x00,0x00,0x00,0x9f,0xff,0xf5,0x00,0x00,0x00,0x07,0xff,
  0xff,0x40,0x00,0x00,0x00,0x00,0x00,0x00,0x0a,0xff,0xfe,0x10,0x00,0x00,0x1f,0xff,0xf8,0x00,0x00,0x00,0x00,0x00,0x00,0x00,
  0x01,0xef,0xff,0xa0,0x00,0x00,0x8f,0xff,0xe0,0x00,0x00,0x00,0x00,0x00,0x00,0x00,0x00,0x5f,0xff,0xf2,0x00,0x00,0xef,0xff,
  0x80,0x00,0x00,0x00,0x00,0x00,0x00,0x00,0x00,0x0e,0xff,0xf8,0x00,0x03,0xff,0xff,0x20,0x00,0x00,0x00,0x00,0x00,0x00,0x00,
  0x00,0x09,0xff,0xfd,0x00,0x07,0xff,0xfe,0x00,0x00,0x00,0x00,0x00,0x00,0x00,0x00,0x00,0x05,0xff,0xff,0x10,0x0b,0xff,0xfb,
  0x00,0x00,0x00,0x00,0x00,0x00,0x00,0x00,0x00,0x01,0xff,0xff,0x40,0x0d,0xff,0xf9,0x00,0x00,0x00,0x00,0x00,0x00,0x00,0x00,
  0x00,0x00,0xff,0xff,0x70,0x0e,0xff,0xf8,0x00,0x00,0x00,0x00,0x00,0x00,0x00,0x00,0x00,0x00,0xff,0xff,0x80,0x0f,0xff,0xf7,
  0x00,0x00,0x00,0x00,0x00,0x00,0x00,0x00,0x00,0x00,0xef,0xff,0x90,0x0f,0xff,0xf8,0x00,0x00,0x00,0x00,0x00,0x00,0x00,0x00,
  0x00,0x00,0xff,0xff,0x80,0x0e,0xff,0xf9,0x00,0x00,0x00,0x00,0x00,0x00,0x00,0x00,0x00,0x00,0xff,0xff,0x70,0x0d,0xff,0xfc,
  0x00,0x00,0x00,0x00,0x00,0x00,0x00,0x00,0x00,0x02,0xff,0xff,0x60,0x0a,0xff,0xff,0x00,0x00,0x00,0x00,0x00,0x00,0x00,0x00,
  0x00,0x05,0xff,0xff,0x40,0x07,0xff,0xff,0x30,0x00,0x00,0x00,0x00,0x00,0x00,0x00,0x00,0x0a,0xff,0xff,0x00,0x03,0xff,0xff,
  0x80,0x00,0x00,0x00,0x00,0x00,0x00,0x00,0x00,0x0e,0xff,0xfc,0x00,0x00,0xdf,0xff,0xe0,0x00,0x00,0x00,0x00,0x00,0x00,0x00,
  0x00,0x5f,0xff,0xf7,0x00,0x00,0x6f,0xff,0xf6,0x00,0x00,0x00,0x00,0x00,0x00,0x00,0x00,0xdf,0xff,0xf1,0x00,0x00,0x0e,0xff,
  0xfe,0x10,0x00,0x00,0x00,0x00,0x00,0x00,0x06,0xff,0xff,0x80,0x00,0x00,0x05,0xff,0xff,0xa0,0x00,0x00,0x00,0x00,0x00,0x00,
  0x1f,0xff,0xfe,0x00,0x00,0x00,0x00,0x9f,0xff,0xf6,0x00,0x00,0x00,0x00,0x00,0x00,0xcf,0xff,0xf4,0x00,0x00,0x00,0x00,0x0c,
  0xff,0xff,0x50,0x00,0x00,0x00,0x00,0x0b,0xff,0xff,0x70,0x00,0x00,0x00,0x00,0x01,0xdf,0xff,0xf7,0x00,0x00,0x00,0x01,0xcf,
  0xff,0xf9,0x00,0x00,0x00,0x00,0x00,0x00,0x1d,0xff,0xff,0xb1,0x00,0x00,0x4e,0xff,0xff,0x90,0x00,0x00,0x00,0x5f,0xff,0xff,
  0xff,0xff,0xff,0xf9,0x00,0x00,0xff,0xff,0xff,0xff,0xff,0xff,0xf0,0x5f,0xff,0xff,0xff,0xff,0xff,0xf9,0x00,0x00,0xff,0xff,
  0xff,0xff,0xff,0xff,0xf0,0x5f,0xff,0xff,0xff,0xff,0xff,0xf9,0x00,0x00,0xff,0xff,0xff,0xff,0xff,0xff,0xf0,0x00,0x8d,0xfe,
  0x91,0x00,0x1d,0xd5,0x34,0xbe,0x20,0x9e,0x10,0x00,0x0b,0xb0,0xe9,0x00,0x00,0x05,0xf0,0xf7,0x00,0x00,0x03,0xf1,0xe8,0x00,
  0x00,0x06,0xf0,0x8e,0x10,0x00,0x0d,0xb0,0x0d,0xd6,0x34,0xce,0x20,0x01,0x9e,0xfe,0x91,0x00,0x00,0x00,0x02,0x7b,0xdf,0xfe,
  0xdc,0xa8,0x51,0x00,0x00,0x01,0xaf,0xff,0xff,0xff,0xff,0xff,0xff,0x00,0x00,0x1d,0xff,0xff,0xff,0xff,0xff,0xff,0xff,0x00,
  0x00,0xcf,0xff,0xfc,0x51,0x00,0x25,0x9e,0xff,0x00,0x03,0xff,0xff,0x80,0x00,0x00,0x00,0x00,0x5c,0x00,0x06,0xff,0xfc,0x00,
  0x00,0x00,0x00,0x00,0x00,0x00,0x07,0xff,0xf6,0x00,0x00,0x00,0x00,0x00,0x00,0x00,0x05,0xff,0xf6,0x00,0x00,0x00,0x00,0x00,
  0x00,0x00,0x00,0xff,0xfb,0x00,0x00,0x00,0x00,0x00,0x00,0x00,0x00,0x5f,0xff,0x70,0x00,0x00,0x00,0x00,0x00,0x00,0x00,0x04,
  0xdf,0xfb,0x51,0x00,0x00,0x00,0x00,0x00,0x00,0x00,0x07,0xff,0xff,0xff,0xff,0x10,0x00,0x00,0x00,0x04,0xdf,0xff,0xff,0xff,
  0xff,0x10,0x00,0x00,0x00,0x7f,0xff,0xff,0xff,0xff,0xff,0x10,0x00,0x00,0x04,0xff,0xff,0xe8,0x31,0x00,0x00,0x00,0x00,0x00,
  0x0c,0xff,0xfc,0x10,0x00,0x00,0x00,0x00,0x00,0x00,0x0f,0xff,0xf2,0x00,0x00,0x00,0x00,0x00,0x00,0x00,0x1f,0xff,0xc0,0x00,
  0x00,0x00,0x00,0x00,0x00,0x00,0x0f,0xff,0xd0,0x00,0x00,0x00,0x00,0x00,0x00,0x00,0x0d,0xff,0xf3,0x00,0x00,0x00,0x00,0x00,
  0x00,0x00,0x08,0xff,0xfe,0x30,0x00,0x00,0x00,0x00,0x04,0x90,0x00,0xdf,0xff,0xfa,0x52,0x00,0x02,0x48,0xdf,0xc0,0x00,0x2d,
  0xff,0xff,0xff,0xff,0xff,0xff,0xff,0xc0,0x00,0x01,0x8f,0xff,0xff,0xff,0xff,0xff,0xff,0xc0,0x00,0x00,0x00,0x59,0xce,0xff,
  0xed,0xca,0x74,0x10,0x00,0x07,0xff,0xff,0xf0,0x00,0x00,0x07,0xff,0xff,0xf0,0x00,0x03,0x37,0xbb,0xbb,0xb3,0x32,0x3f,0xf7,
  0x00,0x00,0x0f,0xfb,0x3f,0xf7,0x00,0x00,0x0f,0xfb,0x3f,0xf7,0x00,0x00,0x0f,0xfb,0x3f,0xf7,0x00,0x00,0x0f,0xfb,0x3f,0xf7,
  0x00,0x00,0x0f,0xfb,0x03,0x37,0xbb,0xbb,0xb3,0x32,0x00,0x07,0xff,0xff,0xf0,0x00,0x00,0x07,0xff,0xff,0xf0,0x00,0x00,0x00,
  0x00,0x00,0x00,0x00,0x00,0x00,0x00,0x00,0x00,0x00,0x8f,0xff,0xa0,0x00,0x00,0x00,0x00,0x00,0x00,0xbf,0xff,0x70,0x7f,0xff,
  0xb0,0x00,0x00,0x00,0x00,0x00,0x00,0xbf,0xff,0x60,0x6f,0xff,0xd0,0x00,0x00,0x00,0x00,0x00,0x00,0xdf,0xff,0x50,0x3f,0xff,
  0xf0,0x00,0x00,0x00,0x00,0x00,0x00,0xff,0xff,0x20,0x0f,0xff,0xf5,0x00,0x00,0x00,0x00,0x00,0x05,0xff,0xff,0x00,0x0b,0xff,
  0xfb,0x00,0x00,0x00,0x00,0x00,0x0c,0xff,0xfa,0x00,0x05,0xff,0xff,0x50,0x00,0x00,0x00,0x00,0x5f,0xff,0xf4,0x00,0x00,0xdf,
  0xff,0xf3,0x00,0x00,0x00,0x03,0xff,0xff,0xc0,0x00,0x00,0x3f,0xff,0xff,0x71,0x00,0x01,0x7f,0xff,0xff,0x20,0x00,0x00,0x06,
  0xff,0xff,0xff,0xdc,0xdf,0xff,0xff,0xf5,0x00,0x00,0x00,0x00,0x5f,0xff,0xff,0xff,0xff,0xff,0xfe,0x40,0x00,0x00,0x00,0x00,
  0x01,0x9f,0xff,0xff,0xff,0xff,0x81,0x00,0x00,0x00,0x00,0x00,0x00,0x00,0x47,0x89,0x87,0x40,0x00,0x00,0x00,0x00,0x00,0x00,
  0x00,0x00,0x00,0x00,0x00,0x00,0x01,0x12,0x10,0x00,0x00,0x00,0x00,0x00,0x00,0x00,0x00,0x00,0x00,0x00,0x00,0x00,0x02,0x69,
  0xce,0xff,0xff,0xff,0xec,0x96,0x20,0x00,0x00,0x00,0x00,0x00,0x00,0x00,0x00,0x00,0x49,0xef,0xff,0xff,0xff,0xff,0xff,0xff,
  0xff,0xfd,0x82,0x00,0x00,0x00,0x00,0x00,0x00,0x00,0x6d,0xff,0xfc,0x96,0x42,0x10,0x00,0x01,0x34,0x79,0xcf,0xff,0xb4,0x00,
  0x00,0x00,0x00,0x00,0x6e,0xfd,0x84,0x00,0x00,0x00,0x00,0x00,0x00,0x00,0x00,0x00,0x49,0xef,0xc3,0x00,0x00,0x00,0x2c,0xfa,
  0x30,0x00,0x00,0x00,0x00,0x00,0x00,0x00,0x00,0x00,0x00,0x00,0x04,0xaf,0xa1,0x00,0x06,0xe8,0x10,0x00,0x00,0x00,0x00,0x00,
  0x00,0x00,0x00,0x00,0x00,0x00,0x00,0x00,0x02,0x9e,0x50,0x18,0x10,0x00,0x00,0x00,0x00,0x00,0x00,0x00,0x00,0x00,0x00,0x00,
  0x00,0x00,0x00,0x00,0x01,0x91,0x57,0x70,0x00,0x00,0x00,0x05,0x77,0x00,0x00,0x00,0x00,0x57,0x70,0xbf,0xf0,0x00,0x00,0x00,
  0x0b,0xff,0x00,0x00,0x00,0x00,0xbf,0xf0,0xbf,0xf0,0x00,0x00,0x00,0x0b,0xff,0x00,0x00,0x00,0x00,0xbf,0xf0,0xbf,0xf0,0x00,
  0x00,0x00,0x0b,0xff,0x00,0x00,0x00,0x00,0xbf,0xf0,0xbf,0xf0,0x00,0x00,0x00,0x0b,0xff,0x00,0x00,0x00,0x00,0xbf,0xf0,0xbf,
  0xf0,0x00,0x00,0x00,0x0b,0xff,0x00,0x00,0x00,0x00,0xbf,0xf0,0xbf,0xf0,0x00,0x00,0x00,0x0b,0xff,0x00,0x00,0x00,0x00,0xbf,
  0xf0,0xbf,0xf0,0x00,0x00,0x00,0x0b,0xff,0x00,0x00,0x00,0x00,0xbf,0xf0,0x8b,0xb3,0x33,0x33,0x33,0x39,0xbb,0x33,0x33,0x33,
  0x33,0x9b,0xb0,0x00,0x0f,0xff,0xff,0xff,0xf3,0x00,0xff,0xff,0xff,0xff,0x30,0x00,0x00,0x0f,0xff,0xff,0xff,0xf3,0x00,0xff,
  0xff,0xff,0xff,0x30,0x00,0x00,0x07,0x77,0x77,0x77,0x71,0x00,0x77,0x77,0x77,0x77,0x10,0x00,0xef,0xff,0xa0,0x00,0x00,0x00,
  0x00,0x4f,0xff,0xf4,0x00,0x00,0x00,0x00,0x0a,0xff,0xff,0xef,0xff,0xa0,0x00,0x00,0x00,0x00,0x4f,0xff,0xf4,0x00,0x00,0x00,
  0x00,0x0a,0xff,0xff,0xef,0xff,0xa0,0x00,0x00,0x00,0x00,0x4f,0xff,0xf4,0x00,0x00,0x00,0x00,0x0a,0xff,0xff,0xef,0xff,0xa0,
  0x00,0x00,0x00,0x00,0x4f,0xff,0xf4,0x00,0x00,0x00,0x00,0x0a,0xff,0xff,0xef,0xff,0xa0,0x00,0x00,0x00,0x00,0x4f,0xff,0xf4,
  0x00,0x00,0x00,0x00,0x0a,0xff,0xff,0x00,0x00,0x00,0x2f,0xf3,0x00,0x00,0x00,0xdf,0x90,0x00,0x00,0x07,0xff,0x10,0x00,0x00,
  0x1f,0xf8,0x00,0x00,0x00,0xaf,0xf1,0x00,0x00,0x02,0xff,0x90,0x00,0x00,0x09,0xff,0x30,0x00,0x00,0x1f,0xfd,0x00,0x00,0x00,
  0x6f,0xf8,0x00,0x00,0x00,0xcf,0xf3,0x00,0x00,0x01,0xff,0xf0,0x00,0x00,0x05,0xff,0xb0,0x00,0x00,0x09,0xff,0x80,0x00,0x00,
  0x0c,0xff,0x50,0x00,0x00,0x0f,0xff,0x30,0x00,0x00,0x1f,0xff,0x10,0x00,0x00,0x2f,0xff,0x00,0x00,0x00,0x3f,0xff,0x00,0x00,
  0x00,0x4f,0xff,0x00,0x00,0x00,0x3f,0xff,0x00,0x00,0x00,0x3f,0xff,0x00,0x00,0x00,0x2f,0xff,0x10,0x00,0x00,0x0f,0xff,0x20,
  0x00,0x00,0x0e,0xff,0x40,0x00,0x00,0x0b,0xff,0x70,0x00,0x00,0x08,0xff,0xa0,0x00,0x00,0x04,0xff,0xd0,0x00,0x00,0x00,0xff,
  0xf1,0x00,0x00,0x00,0xbf,0xf5,0x00,0x00,0x00,0x5f,0xfa,0x00,0x00,0x00,0x0f,0xff,0x00,0x00,0x00,0x08,0xff,0x60,0x00,0x00,
  0x01,0xff,0xc0,0x00,0x00,0x00,0x8f,0xf4,0x00,0x00,0x00,0x0e,0xfc,0x00,0x00,0x00,0x05,0xff,0x40,0x00,0x00,0x00,0xaf,0xd0,
  0x00,0x00,0x00,0x0a,0xb3,0x12,0x20,0x00,0x00,0x00,0x1f,0xf3,0x00,0x00,0x00,0x07,0xfe,0x00,0x00,0x00,0x00,0xef,0x90,0x00,
  0x00,0x00,0x6f,0xf2,0x00,0x00,0x00,0x0e,0xfb,0x00,0x00,0x00,0x07,0xff,0x30,0x00,0x00,0x01,0xff,0xa0,0x00,0x00,0x00,0xbf,
  0xf1,0x00,0x00,0x00,0x6f,0xf7,0x00,0x00,0x00,0x1f,0xfc,0x00,0x00,0x00,0x0d,0xff,0x10,0x00,0x00,0x0a,0xff,0x50,0x00,0x00,
  0x07,0xff,0x90,0x00,0x00,0x04,0xff,0xc0,0x00,0x00,0x03,0xff,0xf0,0x00,0x00,0x01,0xff,0xf1,0x00,0x00,0x00,0xff,0xf2,0x00,
  0x00,0x00,0xff,0xf3,0x00,0x00,0x00,0xff,0xf3,0x00,0x00,0x00,0xff,0xf3,0x00,0x00,0x00,0xff,0xf2,0x00,0x00,0x01,0xff,0xf1,
  0x00,0x00,0x03,0xff,0xf0,0x00,0x00,0x05,0xff,0xd0,0x00,0x00,0x08,0xff,0xb0,0x00,0x00,0x0a,0xff,0x70,0x00,0x00,0x0e,0xff,
  0x30,0x00,0x00,0x2f,0xff,0x00,0x00,0x00,0x6f,0xfa,0x00,0x00,0x00,0xcf,0xf4,0x00,0x00,0x01,0xff,0xe0,0x00,0x00,0x07,0xff,
  0x70,0x00,0x00,0x0e,0xfe,0x00,0x00,0x00,0x5f,0xf6,0x00,0x00,0x00,0xdf,0xd0,0x00,0x00,0x05,0xff,0x30,0x00,0x00,0x0e,0xf7,
  0x00,0x00,0x00,0x38,0x70,0x00,0x00,0x00,0x00,0x00,0x00,0x00,0x00,0x00,0x00,0x00,0x00,0x00,0x04,0x00,0x00,0x00,0x00,0x00,
  0x00,0x00,0x00,0x00,0x28,0xfc,0x00,0x00,0x00,0x00,0x00,0x00,0x00,0x00,0x4b,0xff,0xfc,0x00,0x00,0x00,0x00,0x00,0x00,0x00,
  0x7d,0xff,0xff,0xb4,0x00,0x00,0x00,0x00,0x00,0x02,0x9f,0xff,0xfe,0x81,0x00,0x00,0x00,0x00,0x00,0x05,0xbf,0xff,0xfc,0x50,
  0x00,0x00,0x00,0x00,0x00,0x17,0xef,0xff,0xf9,0x20,0x00,0x00,0x00,0x00,0x00,0x39,0xff,0xff,0xd6,0x00,0x00,0x00,0x00,0x00,
  0x00,0x5c,0xff,0xff,0xa3,0x00,0x00,0x00,0x00,0x00,0x00,0x6e,0xff,0xfd,0x71,0x00,0x00,0x00,0x00,0x00,0x00,0x00,0xbf,0xff,
  0xd3,0x00,0x00,0x00,0x00,0x00,0x00,0x00,0x00,0x29,0xff,0xff,0xc6,0x00,0x00,0x00,0x00,0x00,0x00,0x00,0x00,0x06,0xdf,0xff,
  0xf9,0x20,0x00,0x00,0x00,0x00,0x00,0x00,0x00,0x04,0xbf,0xff,0xfc,0x50,0x00,0x00,0x00,0x00,0x00,0x00,0x00,0x02,0x8e,0xff,
  0xfe,0x81,0x00,0x00,0x00,0x00,0x00,0x00,0x00,0x00,0x6c,0xff,0xff,0xb4,0x00,0x00,0x00,0x00,0x00,0x00,0x00,0x00,0x3a,0xff,
  0xff,0xd7,0x10,0x00,0x00,0x00,0x00,0x00,0x00,0x00,0x18,0xef,0xff,0xf8,0x00,0x00,0x00,0x00,0x00,0x00,0x00,0x00,0x05,0xcf,
  0xfc,0x00,0x00,0x00,0x00,0x00,0x00,0x00,0x00,0x00,0x03,0xab,0x00,0x00,0x00,0x00,0x00,0x00,0x00,0x00,0x00,0x00,0x00,0x40,
  0x00,0x00,0x00,0x00,0x00,0x00,0x00,0x00,0x00,0x00,0xbf,0x92,0x00,0x00,0x00,0x00,0x00,0x00,0x00,0x00,0x00,0xbf,0xff,0xb4,
  0x00,0x00,0x00,0x00,0x00,0x00,0x00,0x00,0x4b,0xff,0xff,0xd7,0x10,0x00,0x00,0x00,0x00,0x00,0x00,0x00,0x28,0xef,0xff,0xf9,
  0x20,0x00,0x00,0x00,0x00,0x00,0x00,0x00,0x05,0xcf,0xff,0xfc,0x50,0x00,0x00,0x00,0x00,0x00,0x00,0x00,0x03,0x9f,0xff,0xfe,
  0x71,0x00,0x00,0x00,0x00,0x00,0x00,0x00,0x01,0x7d,0xff,0xff,0xa3,0x00,0x00,0x00,0x00,0x00,0x00,0x00,0x00,0x4b,0xff,0xff,
  0xc5,0x00,0x00,0x00,0x00,0x00,0x00,0x00,0x00,0x18,0xef,0xff,0xe6,0x00,0x00,0x00,0x00,0x00,0x00,0x00,0x00,0x4e,0xff,0xfc,
  0x00,0x00,0x00,0x00,0x00,0x00,0x01,0x7d,0xff,0xff,0x92,0x00,0x00,0x00,0x00,0x00,0x03,0x9f,0xff,0xfd,0x60,0x00,0x00,0x00,
  0x00,0x00,0x05,0xcf,0xff,0xfb,0x40,0x00,0x00,0x00,0x00,0x00,0x28,0xef,0xff,0xe8,0x20,0x00,0x00,0x00,0x00,0x00,0x4b,0xff,
  0xff,0xd6,0x00,0x00,0x00,0x00,0x00,0x01,0x7e,0xff,0xff,0xa3,0x00,0x00,0x00,0x00,0x00,0x00,0x8f,0xff,0xfe,0x81,0x00,0x00,
  0x00,0x00,0x00,0x00,0x00,0xbf,0xfc,0x50,0x00,0x00,0x00,0x00,0x00,0x00,0x00,0x00,0xba,0x30,0x00,0x00,0x00,0x00,0x00,0x00,
  0x00,0x00,0x00,0x00,0x00,0x00,0x00,0x00,0x00,0x00,0x00,0x00,0x00,0x00,0x00,0x00,0x00,0x00,0x00,0x00,0x00,0x00,0x00,0x00,
  0x00,0x00,0x00,0x00,0x00,0x00,0x19,0x00,0x00,0x00,0x00,0x00,0x00,0x00,0x00,0x00,0x00,0x00,0x00,0x00,0x00,0x00,0x00,0x01,
  0xdf,0xc1,0x00,0x00,0x00,0x00,0x00,0x00,0x00,0x00,0x00,0x00,0x00,0x00,0x00,0x00,0x00,0x0c,0xff,0xc0,0x00,0x00,0x00,0x00,
  0x00,0x00,0x00,0x00,0x00,0x00,0x00,0x00,0x00,0x00,0x00,0xbf,0xfd,0x10,0x00,0x00,0x00,0x00,0x00,0x00,0x00,0x00,0x00,0x00,
  0x00,0x00,0x00,0x00,0x09,0xff,0xe1,0x00,0x00,0x00,0x00,0x00,0x00,0x00,0x00,0x00,0x00,0x00,0x00,0x00,0x00,0x00,0x8f,0xfe,
  0x20,0x00,0x00,0x00,0x00,0x00,0x00,0x00,0x00,0x00,0x00,0x00,0x00,0x00,0x00,0x06,0xff,0xf3,0x00,0x00,0x00,0x00,0x00,0x00,
  0x00,0x00,0x00,0x00,0x00,0x00,0x00,0x00,0x00,0x5f,0xff,0x40,0x00,0x00,0x00,0x00,0x00,0x00,0x00,0x00,0x00,0x00,0x00,0x00,
  0x00,0x00,0x04,0xff,0xf5,0x00,0x00,0x00,0x00,0x00,0x00,0x00,0x00,0x00,0x00,0x00,0x00,0x00,0x00,0x00,0x3f,0xff,0x60,0x00,
  0x00,0x00,0x00,0x00,0x00,0x00,0x00,0x00,0x00,0x00,0x00,0x00,0x00,0x02,0xef,0xf8,0x00,0x00,0x00,0x00,0x00,0x00,0x00,0x00,
  0x00,0x00,0x00,0x00,0x00,0x00,0x00,0x1d,0xff,0x90,0x00,0x00,0x00,0x00,0x00,0x00,0x00,0x00,0x00,0x00,0x00,0x00,0x00,0x00,
  0x00,0xdf,0xfa,0x00,0x00,0x00,0x00,0x00,0x00,0x00,0x00,0x00,0x00,0x00,0x00,0x00,0x00,0x00,0x0b,0xff,0xb0,0x00,0x00,0x00,
  0x00,0x00,0x00,0x00,0x00,0x00,0x00,0x00,0x00,0x00,0x00,0x00,0xaf,0xfc,0x00,0x00,0x00,0x00,0x00,0x00,0x00,0x00,0x00,0x00,
  0x00,0x00,0x00,0x00,0x00,0x09,0xff,0xd1,0x00,0x00,0x00,0x00,0x00,0x00,0x00,0x00,0x00,0x00,0x00,0x00,0x00,0x00,0x00,0x8f,
  0xfe,0x20,0x00,0x00,0x00,0x00,0x00,0x00,0x00,0x00,0x00,0x00,0x00,0x00,0x00,0x00,0x06,0xff,0xe2,0x00,0x00,0x00,0x00,0x00,
  0x00,0x00,0x00,0x00,0x00,0x00,0x00,0x00,0x00,0x00,0x5f,0xff,0x30,0x00,0x00,0x00,0x00,0x00,0x00,0x00,0x00,0x00,0x00,0x00,
  0x00,0x00,0x00,0x03,0xff,0xf4,0x00,0x00,0x00,0x00,0x00,0x00,0x00,0x00,0x00,0x00,0x00,0x00,0x00,0x00,0x00,0x2f,0xff,0x50,
  0x00,0x00,0x00,0x00,0x00,0x00,0x00,0x00,0x00,0x00,0x00,0x00,0x00,0x00,0x02,0xef,0xf7,0x00,0x00,0x00,0x00,0x00,0x00,0x00,
  0x00,0x00,0x00,0x00,0x00,0x00,0x00,0x00,0x1d,0xff,0x80,0x00,0x00,0x00,0x00,0x00,0x00,0x00,0x00,0x00,0x00,0x00,0x00,0x00,
  0x00,0x00,0xcf,0xf9,0x00,0x00,0x00,0x00,0x00,0x00,0x00,0x00,0x00,0x00,0x00,0x00,0x00,0x00,0x00,0x0b,0xff,0xb0,0x00,0x00,
  0x00,0x00,0x00,0x00,0x00,0x00,0x00,0x00,0x00,0x00,0x00,0x00,0x00,0xaf,0xfc,0x00,0x00,0x00,0x00,0x00,0x00,0x00,0x00,0x00,
  0x00,0x00,0x00,0x00,0x00,0x00,0x08,0xff,0xd0,0x00,0x00,0x00,0x00,0x00,0x00,0x00,0x00,0x00,0x00,0x00,0x00,0x00,0x00,0x00,
  0x7f,0xfd,0x10,0x00,0x00,0x00,0x00,0x00,0x00,0x00,0x00,0x00,0x00,0x00,0x00,0x00,0x00,0x06,0xff,0xe2,0x00,0x00,0x00,0x00,
  0x00,0x00,0x00,0x00,0x00,0x00,0x00,0x00,0x00,0x00,0x00,0x4f,0xff,0x20,0x00,0x00,0x00,0x00,0x00,0x00,0x00,0x00,0x00,0x00,
  0x00,0x00,0x00,0x00,0x03,0xff,0xf3,0x00,0x00,0x00,0x00,0x00,0x00,0x00,0x00,0x00,0x00,0x00,0x00,0x00,0x00,0x00,0x2e,0xff,
  0x40,0x00,0x00,0x00,0x00,0x00,0x00,0x00,0x00,0x00,0x00,0x00,0x00,0x00,0x00,0x01,0xef,0xf6,0x00,0x00,0x00,0x00,0x00,0x00,
  0x00,0x00,0x00,0x00,0x00,0x00,0x00,0x00,0x00,0x1d,0xff,0x70,0x00,0x00,0x00,0x00,0x00,0x00,0x00,0x00,0x00,0x00,0x00,0x00,
  0x00,0x00,0x00,0xcf,0xf8,0x00,0x00,0x00,0x00,0x00,0x00,0x00,0x00,0x00,0x00,0x00,0x00,0x00,0x00,0x00,0x0b,0xff,0xa0,0x00,
  0x00,0x00,0x00,0x00,0x00,0x00,0x00,0x00,0x00,0x00,0x00,0x00,0x00,0x00,0x9f,0xfb,0x00,0x00,0x00,0x00,0x00,0x00,0x00,0x00,
  0x00,0x00,0x00,0x00,0x00,0x00,0x00,0x00,0x3f,0xc0,0x00,0x00,0x00,0x00,0x00,0x00,0x00,0x00,0x00,0x00,0x00,0x00,0x00,0x00,
  0x00,0x00,0x03,0x10,0x00,0x00,0x00,0x00,0x00,0x00,0x00,0x00,0x00,0x00,0x00,0x00,0x00,0x00,0x00,0x00,0x00,0x00,0x00,0x00,
  0x00,0x00,0x00,0x00,0x00,0x00,0x00,0x00,0x00,0x00,0x00,0x00,0x00,0x07,0xd0,0x00,0x00,0x00,0x00,0x00,0x00,0x00,0x00,0x00,
  0x00,0x00,0x00,0x00,0x00,0x00,0x8f,0xfb,0x00,0x00,0x00,0x00,0x00,0x00,0x00,0x00,0x00,0x00,0x00,0x00,0x00,0x00,0x00,0x2f,
  0xff,0x90,0x00,0x00,0x00,0x00,0x00,0x00,0x00,0x00,0x00,0x00,0x00,0x00,0x00,0x00,0x04,0xff,0xf7,0x00,0x00,0x00,0x00,0x00,
  0x00,0x00,0x00,0x00,0x00,0x00,0x00,0x00,0x00,0x00,0x6f,0xff,0x50,0x00,0x00,0x00,0x00,0x00,0x00,0x00,0x00,0x00,0x00,0x00,
  0x00,0x00,0x00,0x08,0xff,0xf4,0x00,0x00,0x00,0x00,0x00,0x00,0x00,0x00,0x00,0x00,0x00,0x00,0x00,0x00,0x00,0xaf,0xfe,0x20,
  0x00,0x00,0x00,0x00,0x00,0x00,0x00,0x00,0x00,0x00,0x00,0x00,0x00,0x00,0x0c,0xff,0xd1,0x00,0x00,0x00,0x00,0x00,0x00,0x00,
  0x00,0x00,0x00,0x00,0x00,0x00,0x00,0x01,0xdf,0xfc,0x00,0x00,0x00,0x00,0x00,0x00,0x00,0x00,0x00,0x00,0x00,0x00,0x00,0x00,
  0x00,0x2f,0xff,0xa0,0x00,0x00,0x00,0x00,0x00,0x00,0x00,0x00,0x00,0x00,0x00,0x00,0x00,0x00,0x04,0xff,0xf8,0x00,0x00,0x00,
  0x00,0x00,0x00,0x00,0x00,0x00,0x00,0x00,0x00,0x00,0x00,0x00,0x6f,0xff,0x60,0x00,0x00,0x00,0x00,0x00,0x00,0x00,0x00,0x00,
  0x00,0x00,0x00,0x00,0x00,0x08,0xff,0xf4,0x00,0x00,0x00,0x00,0x00,0x00,0x00,0x00,0x00,0x00,0x00,0x00,0x00,0x00,0x00,0xaf,
  0xff,0x30,0x00,0x00,0x00,0x00,0x00,0x00,0x00,0x00,0x00,0x00,0x00,0x00,0x00,0x00,0x0c,0xff,0xe1,0x00,0x00,0x00,0x00,0x00,
  0x00,0x00,0x00,0x00,0x00,0x00,0x00,0x00,0x00,0x01,0xdf,0xfd,0x00,0x00,0x00,0x00,0x00,0x00,0x00,0x00,0x00,0x00,0x00,0x00,
  0x00,0x00,0x00,0x2f,0xff,0xb0,0x00,0x00,0x00,0x00,0x00,0x00,0x00,0x00,0x00,0x00,0x00,0x00,0x00,0x00,0x04,0xff,0xf9,0x00,
  0x00,0x00,0x00,0x00,0x00,0x00,0x00,0x00,0x00,0x00,0x00,0x00,0x00,0x00,0x6f,0xff,0x70,0x00,0x00,0x00,0x00,0x00,0x00,0x00,
  0x00,0x00,0x00,0x00,0x00,0x00,0x00,0x08,0xff,0xf5,0x00,0x00,0x00,0x00,0x00,0x00,0x00,0x00,0x00,0x00,0x00,0x00,0x00,0x00,
  0x00,0xaf,0xff,0x30,0x00,0x00,0x00,0x00,0x00,0x00,0x00,0x00,0x00,0x00,0x00,0x00,0x00,0x00,0x0c,0xff,0xe2,0x00,0x00,0x00,
  0x00,0x00,0x00,0x00,0x00,0x00,0x00,0x00,0x00,0x00,0x00,0x01,0xdf,0xfd,0x10,0x00,0x00,0x00,0x00,0x00,0x00,0x00,0x00,0x00,
  0x00,0x00,0x00,0x00,0x00,0x2e,0xff,0xc0,0x00,0x00,0x00,0x00,0x00,0x00,0x00,0x00,0x00,0x00,0x00,0x00,0x00,0x00,0x04,0xff,
  0xfa,0x00,0x00,0x00,0x00,0x00,0x00,0x00,0x00,0x00,0x00,0x00,0x00,0x00,0x00,0x00,0x6f,0xff,0x80,0x00,0x00,0x00,0x00,0x00,
  0x00,0x00,0x00,0x00,0x00,0x00,0x00,0x00,0x00,0x08,0xff,0xf6,0x00,0x00,0x00,0x00,0x00,0x00,0x00,0x00,0x00,0x00,0x00,0x00,
  0x00,0x00,0x00,0xaf,0xff,0x40,0x00,0x00,0x00,0x00,0x00,0x00,0x00,0x00,0x00,0x00,0x00,0x00,0x00,0x00,0x0c,0xff,0xf3,0x00,
  0x00,0x00,0x00,0x00,0x00,0x00,0x00,0x00,0x00,0x00,0x00,0x00,0x00,0x01,0xdf,0xfe,0x10,0x00,0x00,0x00,0x00,0x00,0x00,0x00,
  0x00,0x00,0x00,0x00,0x00,0x00,0x00,0x2e,0xff,0xd0,0x00,0x00,0x00,0x00,0x00,0x00,0x00,0x00,0x00,0x00,0x00,0x00,0x00,0x00,
  0x04,0xff,0xfb,0x00,0x00,0x00,0x00,0x00,0x00,0x00,0x00,0x00,0x00,0x00,0x00,0x00,0x00,0x00,0x6f,0xff,0x90,0x00,0x00,0x00,
  0x00,0x00,0x00,0x00,0x00,0x00,0x00,0x00,0x00,0x00,0x00,0x08,0xff,0xf7,0x00,0x00,0x00,0x00,0x00,0x00,0x00,0x00,0x00,0x00,
  0x00,0x00,0x00,0x00,0x00,0xaf,0xff,0x50,0x00,0x00,0x00,0x00,0x00,0x00,0x00,0x00,0x00,0x00,0x00,0x00,0x00,0x00,0x0c,0xff,
  0xd0,0x00,0x00,0x00,0x00,0x00,0x00,0x00,0x00,0x00,0x00,0x00,0x00,0x00,0x00,0x01,0xda,0x00,0x00,0x00,0x00,0x00,0x00,0x00,
  0x00,0x00,0x00,0x00,0x00,0x00,0x00,0x00,0x00,0x10,0x00,0xdf,0xf0,0xdf,0xf0,0xdf,0xf0,0xdf,0xf0,0xdf,0xf0,0xdf,0xf0,0xdf,
  0xf0,0xdf,0xf0,0xdf,0xf0,0xdf,0xf0,0xdf,0xf0,0xdf,0xf0,0xdf,0xf0,0xdf,0xf0,0xdf,0xf0,0xdf,0xf0,0xdf,0xf0,0xdf,0xf0,0xdf,
  0xf0,0xdf,0xf0,0xdf,0xf0,0xdf,0xf0,0xdf,0xf0,0xdf,0xf0,0xdf,0xf0,0xdf,0xf0,0xdf,0xf0,0xdf,0xf0,0xdf,0xf0,0xdf,0xf0,0xdf,
  0xf0,0xdf,0xf0,0xdf,0xf0,0xdf,0xf0,0xdf,0xf0,0xdf,0xf0,0xdf,0xf0,0xdf,0xf0,0xdf,0xf0,0xdf,0xf0,0xdf,0xf0,0xdf,0xf0,0xdf,
  0xf0,0xdf,0xf0,0x00,0x00,0x00,0x00,0x00,0x00,0x00,0x00,0x00,0x00,0x00,0x00,0x00,0x00,0x00,0x00,0x00,0x00,0x00,0x27,0x00,
  0x00,0x00,0x00,0x00,0x00,0x00,0x00,0x00,0x00,0x00,0x00,0x00,0x00,0x00,0x00,0x00,0x18,0x08,0x60,0x00,0x00,0x00,0x00,0x00,
  0x00,0x00,0x00,0x00,0x00,0x00,0x00,0x00,0x00,0x00,0x01,0xc1,0x00,0xd6,0x00,0x00,0x00,0x00,0x00,0x00,0x00,0x00,0x00,0x00,
  0x00,0x00,0x00,0x00,0x00,0x1d,0x60,0x00,0x3f,0x70,0x00,0x00,0x00,0x00,0x00,0x00,0x00,0x00,0x00,0x00,0x00,0x00,0x00,0x03,
  0xea,0x00,0x00,0x05,0xfa,0x00,0x00,0x00,0x00,0x00,0x00,0x00,0x00,0x00,0x00,0x00,0x00,0x00,0x6f,0xc0,0x00,0x00,0x00,0x7f,
  0xd3,0x00,0x00,0x00,0x00,0x00,0x00,0x00,0x00,0x00,0x00,0x00,0x1a,0xfd,0x10,0x00,0x00,0x00,0x07,0xff,0x91,0x00,0x00,0x00,
  0x00,0x00,0x00,0x00,0x00,0x00,0x07,0xff,0xd1,0x00,0x00,0x00,0x00,0x00,0x5f,0xff,0x93,0x00,0x00,0x00,0x00,0x00,0x00,0x00,
  0x28,0xef,0xfb,0x10,0x00,0x00,0x00,0x00,0x00,0x03,0xdf,0xff,0xd8,0x52,0x00,0x00,0x00,0x14,0x7c,0xff,0xff,0x80,0x00,0x00,
  0x00,0x00,0x00,0x00,0x00,0x07,0xef,0xff,0xff,0xfe,0xdd,0xdf,0xff,0xff,0xff,0xb2,0x00,0x00,0x00,0x00,0x00,0x00,0x00,0x00,
  0x00,0x07,0xdf,0xff,0xff,0xff,0xff,0xff,0xff,0xa3,0x00,0x00,0x00,0x00,0x00,0x00,0x00,0x00,0x00,0x00,0x00,0x03,0x7b,0xef,
  0xff,0xfe,0xc8,0x40,0x00,0x00,0x00,0x00,0x00,0x00,0x00,0x00,0x00,0x00,0x00,0x00,0x00,0x00,0x00,0x11,0x00,0x00,0x00,0x00,
  0x00,0x00,0x00,0x00,0x00,0x00,0x00,0x00,0x00,0x00,0x00,0x00,0x00,0x04,0x61,0x00,0x00,0x00,0x00,0x00,0x00,0x00,0x00,0x00,
  0x00,0x00,0x00,0x00,0x00,0x00,0x00,0x05,0xdf,0xff,0x81,0x00,0x00,0x00,0x00,0x00,0x00,0x00,0x00,0x00,0x00,0x00,0x00,0x00,
  0x00,0x04,0xdf,0xff,0xdf,0xff,0x81,0x00,0x00,0x00,0x00,0x00,0x00,0x00,0x00,0x00,0x00,0x00,0x00,0x04,0xcf,0xff,0x81,0x04,
  0xcf,0xff,0x81,0x00,0x00,0x00,0x00,0x00,0x00,0x00,0x00,0x00,0x00,0x04,0xcf,0xff,0x81,0x00,0x00,0x04,0xdf,0xff,0x80,0x00,
  0x00,0x00,0x00,0x00,0x00,0x00,0x00,0x04,0xcf,0xff,0x91,0x00,0x00,0x00,0x00,0x05,0xdf,0xfe,0x70,0x00,0x00,0x00,0x00,0x00,
  0x00,0x03,0xcf,0xff,0xa2,0x00,0x00,0x00,0x00,0x00,0x00,0x05,0xdf,0xfe,0x70,0x00,0x00,0x00,0x00,0x03,0xbf,0xff,0xa2,0x00,
  0x00,0x00,0x00,0x00,0x00,0x00,0x00,0x06,0xef,0xfe,0x70,0x00,0x00,0x03,0xbf,0xff,0xb2,0x00,0x00,0x00,0x00,0x00,0x00,0x00,
  0x00,0x00,0x00,0x06,0xef,0xfe,0x70,0x00,0xaf,0xff,0xb3,0x00,0x00,0x00,0x00,0x00,0x00,0x00,0x00,0x00,0x00,0x00,0x00,0x07,
  0xef,0xfe,0x30,0xef,0xc3,0x00,0x00,0x00,0x00,0x00,0x00,0x00,0x00,0x00,0x00,0x00,0x00,0x00,0x00,0x07,0xef,0x50,0x23,0x00,
  0x00,0x00,0x00,0x00,0x00,0x00,0x00,0x00,0x00,0x00,0x00,0x00,0x00,0x00,0x00,0x15,0x00,0x00,0x00,0x0e,0xff,0xd0,0x00,0x00,
  0x00,0x00,0x9f,0xff,0xf9,0x00,0x00,0x00,0x03,0xff,0xff,0xff,0x30,0x00,0x00,0x0d,0xff,0x77,0xff,0xd0,0x00,0x00,0x8f,0xfb,
  0x00,0xbf,0xf8,0x00,0x03,0xff,0xe1,0x00,0x1e,0xff,0x30,0x0d,0xff,0x40,0x00,0x04,0xff,0xd0,0x8f,0xf7,0x00,0x00,0x00,0x7f,
  0xf8,0x00,0x07,0xcf,0xfc,0x60,0x00,0x01,0xcf,0xff,0xff,0xfc,0x10,0x0c,0xff,0xff,0xff,0xff,0xc0,0x5f,0xfe,0x51,0x16,0xef,
  0xf5,0xbf,0xf3,0x00,0x00,0x3f,0xfb,0xdf,0xd0,0x00,0x00,0x0d,0xfd,0xdf,0xd0,0x00,0x00,0x0d,0xfd,0xbf,0xf3,0x00,0x00,0x3f,
  0xfb,0x5f,0xfe,0x51,0x16,0xef,0xf5,0x0c,0xff,0xff,0xff,0xff,0xc0,0x01,0xcf,0xff,0xff,0xfc,0x10,0x00,0x06,0xcf,0xfc,0x60,
  0x00,0x4f,0xff,0xf3,0x4f,0xff,0xf3,0x4f,0xff,0xf3,0x4f,0xff,0xf3,0x4f,0xff,0xf3,0x8b,0xbb,0xbb,0xbb,0xbb,0xbb,0xbb,0xbb,
  0xbb,0xbb,0xbb,0xbb,0xbb,0xb8,0xbf,0xff,0xff,0xff,0xff,0xff,0xff,0xff,0xff,0xff,0xff,0xff,0xff,0xfb,0xbf,0xff,0xff,0xff,
  0xff,0xff,0xff,0xff,0xff,0xff,0xff,0xff,0xff,0xfb,0xbf,0xf0,0x00,0x00,0x00,0x00,0x00,0x00,0x00,0x00,0x00,0x00,0x0f,0xfb,
  0xbf,0xf0,0x00,0x00,0x00,0x00,0x00,0x00,0x00,0x00,0x00,0x00,0x0f,0xfb,0xbf,0xf0,0x00,0x00,0x00,0x00,0x00,0x00,0x00,0x00,
  0x00,0x00,0x0f,0xfb,0xbf,0xf0,0x00,0x00,0x00,0x00,0x00,0x00,0x00,0x00,0x00,0x00,0x0f,0xfb,0xbf,0xf0,0x00,0x00,0x00,0x00,
  0x00,0x00,0x00,0x00,0x00,0x00,0x0f,0xfb,0xbf,0xf0,0x00,0x00,0x00,0x00,0x00,0x00,0x00,0x00,0x00,0x00,0x0f,0xfb,0xbf,0xf0,
  0x00,0x00,0x00,0x00,0x00,0x00,0x00,0x00,0x00,0x00,0x0f,0xfb,0xbf,0xf0,0x00,0x00,0x00,0x00,0x00,0x00,0x00,0x00,0x00,0x00,
  0x0f,0xfb,0xbf,0xf0,0x00,0x00,0x00,0x00,0x00,0x00,0x00,0x00,0x00,0x00,0x0f,0xfb,0xbf,0xf0,0x00,0x00,0x00,0x00,0x00,0x00,
  0x00,0x00,0x00,0x00,0x0f,0xfb,0xbf,0xf0,0x00,0x00,0x00,0x00,0x00,0x00,0x00,0x00,0x00,0x00,0x0f,0xfb,0xbf,0xf0,0x00,0x00,
  0x00,0x00,0x00,0x00,0x00,0x00,0x00,0x00,0x0f,0xfb,0xbf,0xf0,0x00,0x00,0x00,0x00,0x00,0x00,0x00,0x00,0x00,0x00,0x0f,0xfb,
  0xbf,0xf0,0x00,0x00,0x00,0x00,0x00,0x00,0x00,0x00,0x00,0x00,0x0f,0xfb,0xbf,0xf0,0x00,0x00,0x00,0x00,0x00,0x00,0x00,0x00,
  0x00,0x00,0x0f,0xfb,0xbf,0xf0,0x00,0x00,0x00,0x00,0x00,0x00,0x00,0x00,0x00,0x00,0x0f,0xfb,0x57,0x77,0x75,0x00,0x00,0x00,
  0x00,0x00,0x00,0x00,0x00,0x57,0x77,0x75,0x00,0x0f,0xfb,0x00,0x00,0x00,0x00,0x00,0x00,0x00,0x00,0xbf,0xf0,0x00,0x00,0x0f,
  0xfb,0x00,0x00,0x00,0x00,0x00,0x00,0x00,0x00,0xbf,0xf0,0x00,0x00,0x03,0x35,0xbb,0xbb,0xbb,0xbb,0xbb,0xbb,0xbb,0xbb,0x53,
  0x30,0x00,0x00,0x00,0x03,0xff,0xff,0xff,0xff,0xff,0xff,0xff,0xff,0x30,0x00,0x00,0x00,0x00,0x03,0xff,0xff,0xff,0xff,0xff,
  0xff,0xff,0xff,0x30,0x00,0x00,0x46,0x66,0x66,0x66,0x66,0x66,0x66,0x66,0x66,0x66,0x65,0x6f,0xff,0xff,0xff,0xff,0xff,0xff,
  0xff,0xff,0xff,0xf8,0x0e,0xff,0xff,0xff,0xff,0xff,0xff,0xff,0xff,0xff,0xf1,0x07,0xff,0x21,0x11,0x11,0x11,0x11,0x11,0x11,
  0xef,0x80,0x00,0xef,0x80,0x00,0x00,0x00,0x00,0x00,0x06,0xff,0x10,0x00,0x7f,0xf1,0x00,0x00,0x00,0x00,0x00,0x0e,0xf8,0x00,
  0x00,0x0e,0xf8,0x00,0x00,0x00,0x00,0x00,0x6f,0xf1,0x00,0x00,0x07,0xff,0x10,0x00,0x00,0x00,0x00,0xef,0x80,0x00,0x00,0x00,
  0xef,0x80,0x00,0x00,0x00,0x06,0xff,0x10,0x00,0x00,0x00,0x7f,0xf1,0x00,0x00,0x00,0x0e,0xf8,0x00,0x00,0x00,0x00,0x0e,0xf7,
  0x00,0x00,0x00,0x6f,0xf1,0x00,0x00,0x00,0x00,0x07,0xfe,0x00,0x00,0x00,0xef,0x80,0x00,0x00,0x00,0x00,0x00,0xef,0x70,0x00,
  0x06,0xff,0x10,0x00,0x00,0x00,0x00,0x00,0x7f,0xe0,0x00,0x0e,0xf8,0x00,0x00,0x00,0x00,0x00,0x00,0x0e,0xf7,0x00,0x6f,0xf1,
  0x00,0x00,0x00,0x00,0x00,0x00,0x07,0xfe,0x00,0xef,0x80,0x00,0x00,0x00,0x00,0x00,0x00,0x00,0xef,0x76,0xff,0x10,0x00,0x00,
  0x00,0x00,0x00,0x00,0x00,0x7f,0xee,0xf8,0x00,0x00,0x00,0x00,0x00,0x00,0x00,0x00,0x0e,0xff,0xf1,0x00,0x00,0x00,0x00,0x00,
  0x00,0x00,0x00,0x07,0xff,0x80,0x00,0x00,0x00,0x00,0x00,0x00,0x00,0x00,0x00,0xef,0x10,0x00,0x00,0x00,0x00,0x00,0x00,0x00,
  0x00,0x00,0x78,0x00,0x00,0x00,0x00,0x00,0x00,0x00,0x00,0x00,0x00,0x01,0x00,0x00,0x00,0x00,0x00,0x00,0x00,0x00,0x00,0x00,
  0x00,0x00,0x00,0x00,0x00,0x00,0x00,0x00,0x00,0x00,0x00,0x00,0x00,0x00,0x00,0x00,0x00,0x00,0x00,0x00,0x74,0x00,0x00,0x00,
  0x00,0x00,0x00,0x00,0x00,0x00,0x00,0x00,0x00,0x00,0x00,0x00,0x00,0xec,0x00,0x00,0x00,0x00,0x00,0x00,0x00,0x00,0x00,0x00,
  0x00,0x00,0x00,0x00,0x00,0x07,0xff,0x40,0x00,0x00,0x00,0x00,0x00,0x00,0x00,0x00,0x00,0x00,0x00,0x00,0x00,0x00,0x0e,0xff,
  0xc0,0x00,0x00,0x00,0x00,0x00,0x00,0x00,0x00,0x00,0x00,0x00,0x00,0x00,0x00,0x7f,0xff,0xf4,0x00,0x00,0x00,0x00,0x00,0x00,
  0x00,0x00,0x00,0x00,0x00,0x00,0x00,0x00,0xef,0x7a,0xfc,0x00,0x00,0x00,0x00,0x00,0x00,0x00,0x00,0x00,0x00,0x00,0x00,0x00,
  0x07,0xfe,0x02,0xff,0x40,0x00,0x00,0x00,0x00,0x00,0x00,0x00,0x00,0x00,0x00,0x00,0x00,0x0e,0xf7,0x00,0xaf,0xc0,0x00,0x00,
  0x00,0x00,0x00,0x00,0x00,0x00,0x00,0x00,0x00,0x00,0x7f,0xe0,0x00,0x2f,0xf4,0x00,0x00,0x00,0x00,0x00,0x00,0x00,0x00,0x00,
  0x00,0x00,0x00,0xef,0x70,0x00,0x0a,0xfc,0x00,0x00,0x00,0x00,0x00,0x00,0x00,0x00,0x00,0x00,0x00,0x07,0xfe,0x00,0x00,0x02,
  0xff,0x40,0x00,0x00,0x00,0x00,0x00,0x00,0x00,0x00,0x00,0x00,0x0e,0xf7,0x00,0x00,0x00,0xaf,0xc0,0x00,0x00,0x00,0x00,0x00,
  0x00,0x00,0x00,0x00,0x00,0x7f,0xe0,0x00,0x00,0x00,0x2f,0xf4,0x00,0x00,0x00,0x00,0x00,0x00,0x00,0x00,0x00,0x00,0xef,0x70,
  0x00,0x00,0x00,0x0a,0xfc,0x00,0x00,0x00,0x00,0x00,0x00,0x00,0x00,0x00,0x07,0xfe,0x00,0x00,0x00,0x00,0x02,0xff,0x40,0x00,
  0x00,0x00,0x00,0x00,0x00,0x00,0x00,0x0e,0xf7,0x00,0x00,0x00,0x00,0x00,0xaf,0xc0,0x00,0x00,0x00,0x00,0x00,0x00,0x00,0x00,
  0x7f,0xe0,0x00,0x00,0x00,0x00,0x00,0x2f,0xf4,0x00,0x00,0x00,0x00,0x00,0x00,0x00,0x00,0xef,0x70,0x00,0x00,0x00,0x00,0x00,
  0x0a,0xfc,0x00,0x00,0x00,0x00,0x00,0x00,0x00,0x07,0xff,0x10,0x00,0x00,0x00,0x00,0x00,0x02,0xff,0x40,0x00,0x00,0x00,0x00,
  0x00,0x00,0x0e,0xf8,0x00,0x00,0x00,0x00,0x00,0x00,0x00,0xaf,0xc0,0x00,0x00,0x00,0x00,0x00,0x00,0x7f,0xf1,0x00,0x00,0x00,
  0x00,0x00,0x00,0x00,0x3f,0xf4,0x00,0x00,0x00,0x00,0x00,0x00,0xef,0x80,0x00,0x00,0x00,0x00,0x00,0x00,0x00,0x0b,0xfc,0x00,
  0x00,0x00,0x00,0x00,0x07,0xff,0x10,0x00,0x00,0x00,0x00,0x00,0x00,0x00,0x03,0xff,0x40,0x00,0x00,0x00,0x00,0x0e,0xf8,0x00,
  0x00,0x00,0x00,0x00,0x00,0x00,0x00,0x00,0xbf,0xc0,0x00,0x00,0x00,0x00,0x6f,0xf1,0x00,0x00,0x00,0x00,0x00,0x00,0x00,0x00,
  0x00,0x3f,0xf4,0x00,0x00,0x00,0x00,0xef,0x80,0x00,0x00,0x00,0x00,0x00,0x00,0x00,0x00,0x00,0x0b,0xfc,0x00,0x00,0x00,0x06,
  0xff,0x10,0x00,0x00,0x00,0x00,0x00,0x00,0x00,0x00,0x00,0x03,0xff,0x40,0x00,0x00,0x0e,0xf8,0x00,0x00,0x00,0x00,0x00,0x00,
  0x00,0x00,0x00,0x00,0x00,0xbf,0xc0,0x00,0x00,0x6f,0xf1,0x00,0x00,0x00,0x00,0x00,0x00,0x00,0x00,0x00,0x00,0x00,0x3f,0xf3,
  0x00,0x00,0xef,0x80,0x00,0x00,0x00,0x00,0x00,0x00,0x00,0x00,0x00,0x00,0x00,0x0b,0xfb,0x00,0x06,0xff,0x10,0x00,0x00,0x00,
  0x00,0x00,0x00,0x00,0x00,0x00,0x00,0x00,0x03,0xff,0x30,0x0e,0xff,0xff,0xff,0xff,0xff,0xff,0xff,0xff,0xff,0xff,0xff,0xff,
  0xff,0xff,0xff,0xb0,0x6f,0xff,0xff,0xff,0xff,0xff,0xff,0xff,0xff,0xff,0xff,0xff,0xff,0xff,0xff,0xff,0xf3,0x56,0x66,0x66,
  0x66,0x66,0x66,0x66,0x66,0x66,0x66,0x66,0x66,0x66,0x66,0x66,0x66,0x64,0x00,0x00,0x05,0xbb,0xbb,0xbb,0xb8,0x00,0x00,0x00,
  0x00,0x00,0x07,0xff,0xff,0xff,0xfb,0x00,0x00,0x00,0x00,0x00,0x07,0xff,0xff,0xff,0xfb,0x00,0x00,0x00,0x00,0x3f,0xff,0xff,
  0xff,0xff,0xff,0xff,0x70,0x00,0x00,0x3f,0xff,0xff,0xff,0xff,0xff,0xff,0x70,0x00,0x33,0x6f,0xff,0xff,0xff,0xff,0xff,0xff,
  0x93,0x30,0xff,0xff,0xff,0xff,0xff,0xff,0xff,0xff,0xff,0xf3,0xff,0xff,0xff,0xff,0xff,0xff,0xff,0xff,0xff,0xf3,0xff,0xff,
  0xff,0xff,0xff,0xff,0xff,0xff,0xff,0xf3,0xff,0xff,0xff,0xff,0xff,0xff,0xff,0xff,0xff,0xf3,0xff,0xff,0xff,0xff,0xff,0xff,
  0xff,0xff,0xff,0xf3,0x33,0x6f,0xff,0xff,0xff,0xff,0xff,0xff,0x93,0x30,0x00,0x3f,0xff,0xff,0xff,0xff,0xff,0xff,0x70,0x00,
  0x00,0x3f,0xff,0xff,0xff,0xff,0xff,0xff,0x70,0x00,0x00,0x00,0x07,0xff,0xff,0xff,0xfb,0x00,0x00,0x00,0x00,0x00,0x07,0xff,
  0xff,0xff,0xfb,0x00,0x00,0x00,0x00,0x00,0x05,0xbb,0xef,0xfb,0xb8,0x00,0x00,0x00,0x00,0x00,0x00,0x00,0xbf,0xf0,0x00,0x00,
  0x00,0x00,0x00,0x00,0x00,0x00,0xbf,0xf0,0x00,0x00,0x00,0x00,0x77,0x50,0x00,0x00,0xbf,0xf0,0x00,0x00,0x37,0x71,0xff,0xb0,
  0x00,0x00,0xbf,0xf0,0x00,0x00,0x7f,0xf3,0xff,0xb0,0x00,0x00,0xbf,0xf0,0x00,0x00,0x7f,0xf3,0x33,0x5b,0xbb,0xbb,0x53,0x3b,
  0xbb,0xbb,0x73,0x30,0x00,0x3f,0xff,0xff,0x30,0x0f,0xff,0xff,0x70,0x00,0x00,0x3f,0xff,0xff,0x30,0x0f,0xff,0xff,0x70,0x00,
  0x00,0x00,0x00,0x00,0x00,0x00,0x00,0x13,0x55,0x42,0x00,0x00,0x00,0x00,0x00,0x00,0x00,0x00,0x00,0x00,0x00,0x00,0x03,0x9e,
  0xff,0xff,0xff,0xfb,0x50,0x00,0x00,0x00,0x00,0x00,0x00,0x00,0x00,0x00,0x04,0xcf,0xff,0xff,0xff,0xff,0xff,0xff,0x81,0x00,
  0x00,0x00,0x00,0x00,0x00,0x00,0x02,0xbf,0xff,0xfb,0x74,0x32,0x46,0x9e,0xff,0xfe,0x50,0x00,0x00,0x00,0x00,0x00,0x00,0x5f,
  0xff,0xf7,0x10,0x00,0x00,0x00,0x00,0x5c,0xff,0xfa,0x00,0x00,0x00,0x00,0x00,0x08,0xff,0xf9,0x10,0x00,0x00,0x00,0x00,0x00,
  0x00,0x5e,0xff,0xd1,0x00,0x00,0x00,0x00,0x8f,0xfe,0x40,0x00,0x00,0x00,0x00,0x00,0x00,0x00,0x01,0xbf,0xfd,0x10,0x00,0x00,
  0x06,0xff,0xe2,0x00,0x00,0x00,0x00,0x00,0x00,0x00,0x00,0x00,0x09,0xff,0xc0,0x00,0x00,0x2f,0xfe,0x20,0x00,0x00,0x00,0x00,
  0x00,0x00,0x00,0x00,0x00,0x00,0xaf,0xf7,0x00,0x00,0xaf,0xf4,0x00,0x00,0x00,0x00,0x00,0x00,0x00,0x00,0x00,0x00,0x00,0x0d,
  0xff,0x10,0x02,0xff,0xa0,0x00,0x00,0x00,0x00,0x00,0x00,0x00,0x00,0x00,0x00,0x00,0x04,0xff,0x80,0x09,0xff,0x20,0x00,0x00,
  0x00,0x00,0x00,0x00,0x00,0x00,0x00,0x00,0x00,0x00,0xcf,0xf0,0x0e,0xfc,0x00,0x00,0x00,0x00,0x00,0x00,0x00,0x00,0x00,0x00,
  0x00,0x00,0x00,0x5f,0xf4,0x2f,0xf7,0x00,0x00,0x00,0x00,0x00,0x00,0x00,0x00,0x00,0x00,0x00,0x00,0x00,0x1f,0xf8,0x5f,0xf3,
  0x00,0x00,0x00,0x00,0x00,0x00,0x00,0x00,0x00,0x00,0x00,0x00,0x00,0x0d,0xfb,0x7f,0xf0,0x00,0x00,0x00,0x00,0x00,0x00,0x00,
  0x00,0x00,0x00,0x00,0x00,0x00,0x0a,0xfd,0x8f,0xf0,0x00,0x00,0x00,0x00,0x00,0x00,0x00,0x00,0x00,0x00,0x00,0x00,0x00,0x09,
  0xfe,0x59,0x80,0x00,0x00,0x00,0x00,0x00,0x00,0x00,0x00,0x00,0x00,0x00,0x00,0x00,0x04,0x98,0x00,0x00,0x00,0x00,0x00,0x00,
  0x00,0x13,0x55,0x42,0x00,0x00,0x00,0x00,0x00,0x00,0x00,0x00,0x00,0x00,0x00,0x00,0x03,0x9e,0xff,0xff,0xff,0xfb,0x50,0x00,
  0x00,0x00,0x00,0x00,0x00,0x00,0x00,0x00,0x04,0xcf,0xff,0xff,0xff,0xff,0xff,0xff,0x81,0x00,0x00,0x00,0x00,0x00,0x00,0x00,
  0x02,0xbf,0xff,0xfb,0x74,0x32,0x46,0x9e,0xff,0xfe,0x50,0x00,0x00,0x00,0x00,0x00,0x00,0x5f,0xff,0xf7,0x10,0x00,0x00,0x00,
  0x00,0x5c,0xff,0xfa,0x00,0x00,0x00,0x00,0x00,0x08,0xff,0xf9,0x10,0x00,0x00,0x00,0x00,0x00,0x00,0x5e,0xff,0xd1,0x00,0x00,
  0x00,0x00,0x8f,0xfe,0x40,0x00,0x00,0x14,0x66,0x52,0x00,0x00,0x01,0xbf,0xfd,0x10,0x00,0x00,0x06,0xff,0xe2,0x00,0x00,0x3b,
  0xff,0xff,0xff,0xd7,0x00,0x00,0x09,0xff,0xc0,0x00,0x00,0x2f,0xfe,0x20,0x00,0x1b,0xff,0xff,0xff,0xff,0xff,0xe4,0x00,0x00,
  0xaf,0xf7,0x00,0x00,0xaf,0xf4,0x00,0x03,0xef,0xff,0xff,0xff,0xff,0xff,0xff,0x80,0x00,0x0d,0xff,0x10,0x02,0xff,0xa0,0x00,
  0x3f,0xff,0xff,0xff,0xff,0xff,0xff,0xff,0xf8,0x00,0x04,0xff,0x80,0x09,0xff,0x20,0x01,0xef,0xff,0xff,0xff,0xff,0xff,0xff,
  0xff,0xff,0x50,0x00,0xcf,0xe0,0x0e,0xfc,0x00,0x08,0xff,0xff,0xff,0xff,0xff,0xff,0xff,0xff,0xff,0xe0,0x00,0x6f,0xf4,0x2f,
  0xf7,0x00,0x0f,0xff,0xff,0xff,0xff,0xff,0xff,0xff,0xff,0xff,0xf6,0x00,0x1f,0xf8,0x5f,0xf3,0x00,0x5f,0xff,0xff,0xff,0xff,
  0xff,0xff,0xff,0xff,0xff,0xfb,0x00,0x0d,0xfb,0x7f,0xf0,0x00,0x8f,0xff,0xff,0xff,0xff,0xff,0xff,0xff,0xff,0xff,0xfe,0x00,
  0x0a,0xfd,0x8f,0xf0,0x00,0xaf,0xff,0xff,0xff,0xff,0xff,0xff,0xff,0xff,0xff,0xff,0x00,0x09,0xfe,0x9f,0xe0,0x00,0xbf,0xff,
  0xff,0xff,0xff,0xff,0xff,0xff,0xff,0xff,0xff,0x10,0x08,0xff,0x8f,0xf0,0x00,0xaf,0xff,0xff,0xff,0xff,0xff,0xff,0xff,0xff,
  0xff,0xff,0x00,0x09,0xfe,0x7f,0xf0,0x00,0x8f,0xff,0xff,0xff,0xff,0xff,0xff,0xff,0xff,0xff,0xfe,0x00,0x0a,0xfd,0x5f,0xf3,
  0x00,0x5f,0xff,0xff,0xff,0xff,0xff,0xff,0xff,0xff,0xff,0xfb,0x00,0x0d,0xfb,0x2f,0xf6,0x00,0x1f,0xff,0xff,0xff,0xff,0xff,
  0xff,0xff,0xff,0xff,0xf6,0x00,0x0f,0xf9,0x0e,0xfb,0x00,0x09,0xff,0xff,0xff,0xff,0xff,0xff,0xff,0xff,0xff,0xf1,0x00,0x5f,
  0xf5,0x0a,0xff,0x10,0x01,0xff,0xff,0xff,0xff,0xff,0xff,0xff,0xff,0xff,0x70,0x00,0xbf,0xf0,0x03,0xff,0x90,0x00,0x5f,0xff,
  0xff,0xff,0xff,0xff,0xff,0xff,0xfa,0x00,0x03,0xff,0xa0,0x00,0xcf,0xf3,0x00,0x05,0xff,0xff,0xff,0xff,0xff,0xff,0xff,0xa0,
  0x00,0x0c,0xff,0x20,0x00,0x3f,0xfd,0x10,0x00,0x3d,0xff,0xff,0xff,0xff,0xff,0xf7,0x00,0x00,0x8f,0xf9,0x00,0x00,0x07,0xff,
  0xc1,0x00,0x00,0x6d,0xff,0xff,0xff,0xf9,0x10,0x00,0x07,0xff,0xd0,0x00,0x00,0x00,0xaf,0xfd,0x20,0x00,0x00,0x36,0x89,0x74,
  0x00,0x00,0x00,0x9f,0xfe,0x20,0x00,0x00,0x00,0x0a,0xff,0xf7,0x00,0x00,0x00,0x00,0x00,0x00,0x00,0x3d,0xff,0xe2,0x00,0x00,
  0x00,0x00,0x00,0x8f,0xff,0xd5,0x00,0x00,0x00,0x00,0x00,0x2a,0xff,0xfc,0x10,0x00,0x00,0x00,0x00,0x00,0x03,0xdf,0xff,0xe9,
  0x52,0x10,0x14,0x7c,0xff,0xff,0x80,0x00,0x00,0x00,0x00,0x00,0x00,0x00,0x07,0xef,0xff,0xff,0xff,0xff,0xff,0xff,0xa2,0x00,
  0x00,0x00,0x00,0x00,0x00,0x00,0x00,0x00,0x05,0xbf,0xff,0xff,0xff,0xfd,0x82,0x00,0x00,0x00,0x00,0x00,0x00,0x00,0x00,0x00,
  0x00,0x00,0x00,0x36,0x77,0x65,0x10,0x00,0x00,0x00,0x00,0x00,0x00,0x00,0x00,0x00,0x00,0x00,0x00,0x00,0x01,0x22,0x10,0x00,
  0x00,0x00,0x00,0x00,0x00,0x00,0x00,0x00,0x00,0x00,0x00,0x02,0x7b,0xff,0xff,0xff,0xd9,0x40,0x00,0x00,0x00,0x00,0x00,0x00,
  0x00,0x00,0x00,0x04,0xcf,0xff,0xff,0xff,0xff,0xff,0xfe,0x70,0x00,0x00,0x00,0x00,0x00,0x00,0x00,0x01,0xbf,0xff,0xfb,0x74,
  0x3d,0xff,0xff,0xff,0xfe,0x50,0x00,0x00,0x00,0x00,0x00,0x00,0x5f,0xff,0xf7,0x10,0x00,0x0d,0xff,0xff,0xff,0xff,0xf9,0x00,
  0x00,0x00,0x00,0x00,0x06,0xff,0xf9,0x10,0x00,0x00,0x0d,0xff,0xff,0xff,0xff,0xff,0xb0,0x00,0x00,0x00,0x00,0x5f,0xfe,0x40,
  0x00,0x00,0x00,0x0d,0xff,0xff,0xff,0xff,0xff,0xfb,0x00,0x00,0x00,0x03,0xff,0xe2,0x00,0x00,0x00,0x00,0x0d,0xff,0xff,0xff,
  0xff,0xff,0xff,0x90,0x00,0x00,0x0d,0xfe,0x20,0x00,0x00,0x00,0x00,0x0d,0xff,0xff,0xff,0xff,0xff,0xff,0xf4,0x00,0x00,0x7f,
  0xf4,0x00,0x00,0x00,0x00,0x00,0x0d,0xff,0xff,0xff,0xff,0xff,0xff,0xfd,0x00,0x00,0xef,0xa0,0x00,0x00,0x00,0x00,0x00,0x0d,
  0xff,0xff,0xff,0xff,0xff,0xff,0xff,0x50,0x06,0xff,0x20,0x00,0x00,0x00,0x00,0x00,0x0d,0xff,0xff,0xff,0xff,0xff,0xff,0xff,
  0xc0,0x0c,0xfc,0x00,0x00,0x00,0x00,0x00,0x00,0x0d,0xff,0xff,0xff,0xff,0xff,0xff,0xff,0xf2,0x1f,0xf7,0x00,0x00,0x00,0x00,
  0x00,0x00,0x0d,0xff,0xff,0xff,0xff,0xff,0xff,0xff,0xf7,0x4f,0xf3,0x00,0x00,0x00,0x00,0x00,0x00,0x0d,0xff,0xff,0xff,0xff,
  0xff,0xff,0xff,0xfa,0x7f,0xf0,0x00,0x00,0x00,0x00,0x00,0x00,0x0d,0xff,0xff,0xff,0xff,0xff,0xff,0xff,0xfd,0x8f,0xf0,0x00,
  0x00,0x00,0x00,0x00,0x00,0x0d,0xff,0xff,0xff,0xff,0xff,0xff,0xff,0xfe,0x9f,0xe0,0x00,0x00,0x00,0x00,0x00,0x00,0x07,0x99,
  0x99,0x99,0x99,0x99,0x99,0x9c,0xff,0x8f,0xf0,0x00,0x00,0x00,0x00,0x00,0x00,0x00,0x00,0x00,0x00,0x00,0x00,0x00,0x09,0xfe,
  0x7f,0xf0,0x00,0x00,0x00,0x00,0x00,0x00,0x00,0x00,0x00,0x00,0x00,0x00,0x00,0x0a,0xfd,0x5f,0xf3,0x00,0x00,0x00,0x00,0x00,
  0x00,0x00,0x00,0x00,0x00,0x00,0x00,0x00,0x0d,0xfb,0x2f,0xf6,0x00,0x00,0x00,0x00,0x00,0x00,0x00,0x00,0x00,0x00,0x00,0x00,
  0x00,0x0f,0xf8,0x0d,0xfb,0x00,0x00,0x00,0x00,0x00,0x00,0x00,0x00,0x00,0x00,0x00,0x00,0x00,0x5f,0xf3,0x08,0xff,0x10,0x00,
  0x00,0x00,0x00,0x00,0x00,0x00,0x00,0x00,0x00,0x00,0x00,0xbf,0xe0,0x02,0xff,0x90,0x00,0x00,0x00,0x00,0x00,0x00,0x00,0x00,
  0x00,0x00,0x00,0x03,0xff,0x70,0x00,0x9f,0xf3,0x00,0x00,0x00,0x00,0x00,0x00,0x00,0x00,0x00,0x00,0x00,0x0c,0xfe,0x00,0x00,
  0x1e,0xfd,0x10,0x00,0x00,0x00,0x00,0x00,0x00,0x00,0x00,0x00,0x00,0x8f,0xf6,0x00,0x00,0x05,0xff,0xc1,0x00,0x00,0x00,0x00,
  0x00,0x00,0x00,0x00,0x00,0x07,0xff,0xb0,0x00,0x00,0x00,0x9f,0xfd,0x20,0x00,0x00,0x00,0x00,0x00,0x00,0x00,0x00,0x9f,0xfd,
  0x10,0x00,0x00,0x00,0x0a,0xff,0xf7,0x00,0x00,0x00,0x00,0x00,0x00,0x00,0x3d,0xff,0xe2,0x00,0x00,0x00,0x00,0x00,0x8f,0xff,
  0xd5,0x00,0x00,0x00,0x00,0x00,0x2a,0xff,0xfd,0x10,0x00,0x00,0x00,0x00,0x00,0x04,0xef,0xff,0xe9,0x52,0x10,0x14,0x7c,0xff,
  0xff,0x90,0x00,0x00,0x00,0x00,0x00,0x00,0x00,0x18,0xff,0xff,0xff,0xff,0xff,0xff,0xff,0xb3,0x00,0x00,0x00,0x00,0x00,0x00,
  0x00,0x00,0x00,0x16,0xbf,0xff,0xff,0xff,0xfd,0x82,0x00,0x00,0x00,0x00,0x00,0x00,0x00,0x00,0x00,0x00,0x00,0x00,0x25,0x66,
  0x54,0x10,0x00,0x00,0x00,0x00,0x00,0x00,0x00,0x00,0x00,0x00,0x00,0x00,0x00,0x0b,0xcb,0x40,0x00,0x00,0x00,0x00,0x00,0x00,
  0x00,0x00,0x00,0x00,0x00,0x00,0x00,0x0c,0xff,0x20,0x00,0x00,0x00,0x00,0x00,0x00,0x00,0x00,0x00,0x00,0x00,0x00,0x00,0x0d,
  0xff,0x00,0x00,0x00,0x00,0x00,0x00,0x00,0x00,0x00,0x00,0x00,0x00,0x00,0x00,0x0e,0xff,0x00,0x00,0x00,0x00,0x00,0x00,0x00,
  0x00,0x00,0x00,0x00,0x00,0x00,0x00,0x1f,0xff,0x20,0x00,0x00,0x00,0x00,0x00,0x00,0x00,0x00,0x00,0x00,0x00,0x00,0x00,0x5f,
  0xff,0x30,0x00,0x00,0x00,0x00,0x00,0x00,0x00,0x00,0x00,0x00,0x00,0x00,0x00,0xaf,0xff,0x70,0x00,0x00,0x00,0x00,0x00,0x00,
  0x00,0x00,0x00,0x00,0x00,0x00,0x01,0xff,0xff,0xc0,0x00,0x00,0x00,0x00,0x00,0x00,0x00,0x00,0x00,0x00,0x00,0x00,0x09,0xff,
  0xff,0xf2,0x00,0x00,0x00,0x00,0x00,0x00,0x00,0x00,0x00,0x00,0x00,0x00,0x2f,0xff,0x6f,0xf9,0x00,0x00,0x00,0x00,0x00,0x00,
  0x00,0x00,0x00,0x00,0x00,0x00,0xbf,0xf8,0x0d,0xff,0x10,0x00,0x00,0x00,0x00,0x00,0x00,0x00,0x00,0x00,0x00,0x07,0xff,0xf1,
  0x05,0xff,0xa0,0x00,0x00,0x00,0x00,0x00,0x00,0x00,0x00,0x00,0x00,0x3f,0xff,0x60,0x00,0xcf,0xf5,0x00,0x00,0x00,0x00,0x00,
  0x00,0x00,0x00,0x00,0x01,0xdf,0xfa,0x00,0x00,0x3f,0xfe,0x20,0x00,0x00,0x00,0x00,0x00,0x00,0x00,0x00,0x1d,0xff,0xd1,0x00,
  0x00,0x08,0xff,0xd1,0x00,0x00,0x00,0x00,0x00,0x00,0x00,0x01,0xdf,0xfe,0x20,0x00,0x00,0x00,0xbf,0xfc,0x10,0x00,0x00,0x00,
  0x00,0x00,0x00,0x3e,0xff,0xe2,0x00,0x00,0x00,0x00,0x0c,0xff,0xd2,0x00,0x00,0x00,0x00,0x00,0x08,0xff,0xfd,0x20,0x00,0x00,
  0x00,0x00,0x01,0xcf,0xff,0x60,0x00,0x00,0x00,0x06,0xef,0xff,0xa0,0x00,0x00,0x00,0x00,0x00,0x00,0x0a,0xff,0xfc,0x40,0x00,
  0x6b,0xff,0xff,0xe6,0x00,0x00,0x00,0x00,0x00,0x00,0x00,0x00,0x6f,0xff,0xfe,0x40,0x8f,0xff,0xf8,0x10,0x00,0x00,0x00,0x00,
  0x00,0x00,0x00,0x00,0x02,0xbf,0xff,0x10,0x0e,0xc7,0x10,0x00,0x00,0x00,0x00,0x00,0x00,0x00,0x00,0x00,0x00,0x04,0xc8,0x00,
  0x00,0x00,0x00,0x00,0x00,0x00,0x00,0x00,0x00,0x00,0x00,0x00,0x00,0x00,0x00,0x00,0x00,0x01,0x33,0x33,0x33,0x33,0x33,0x10,
  0x00,0x00,0x07,0xff,0xff,0xff,0xff,0xff,0x70,0x00,0x00,0x07,0xff,0xff,0xff,0xff,0xff,0x70,0x00,0x17,0x77,0x77,0x77,0x77,
  0x77,0x77,0x77,0x71,0x3f,0xf7,0x00,0x00,0x00,0x00,0x00,0x7f,0xf3,0x3f,0xf7,0x00,0x00,0x00,0x00,0x00,0x7f,0xf3,0x3f,0xf7,
  0x00,0x00,0x00,0x00,0x00,0x7f,0xf3,0x3f,0xf7,0x00,0x00,0x00,0x00,0x00,0x7f,0xf3,0x3f,0xf7,0x00,0x00,0x00,0x00,0x00,0x7f,
  0xf3,0x3f,0xf7,0x00,0xbf,0xff,0xfb,0x00,0x7f,0xf3,0x3f,0xf7,0x00,0xbf,0xff,0xfb,0x00,0x7f,0xf3,0x2b,0xb7,0x33,0xcf,0xff,
  0xfb,0x00,0x7f,0xf3,0x00,0x07,0xff,0xff,0xff,0xfb,0x00,0x7f,0xf3,0x00,0x07,0xff,0xff,0xff,0xfb,0x00,0x7f,0xf3,0x00,0x03,
  0x77,0x77,0x77,0x75,0x00,0x7f,0xf3,0x00,0x00,0x00,0x00,0x00,0x00,0x00,0x7f,0xf3,0x00,0x00,0x00,0x00,0x00,0x00,0x00,0x7f,
  0xf3,0x00,0x05,0xbb,0xbb,0xbb,0xbb,0xbb,0x73,0x30,0x00,0x07,0xff,0xff,0xff,0xff,0xff,0x70,0x00,0x00,0x07,0xff,0xff,0xff,
  0xff,0xff,0x70,0x00,0x00,0x00,0x00,0x00,0x00,0x00,0x00,0x7f,0xf3,0x00,0x00,0x00,0x00,0x00,0x00,0x00,0x7f,0xf3,0x00,0x00,
  0x00,0x00,0x00,0x00,0x00,0x7f,0xf3,0x00,0x00,0x00,0x00,0x00,0x00,0x00,0x7f,0xf3,0x00,0x00,0x00,0x00,0x00,0x00,0x00,0x7f,
  0xf3,0x00,0x00,0x00,0x00,0x00,0x00,0x00,0x7f,0xf3,0x00,0x00,0x00,0x00,0x00,0x00,0x00,0x7f,0xf3,0x00,0x00,0x00,0x00,0x00,
  0x00,0x00,0x7f,0xf3,0x00,0x00,0x00,0x00,0x00,0x00,0x00,0x7f,0xf3,0x00,0x00,0x00,0x00,0x00,0x00,0x00,0x7f,0xf3,0x00,0x00,
  0x00,0x00,0x00,0x00,0x00,0x7f,0xf3,0x00,0x00,0x00,0x00,0x00,0x00,0x00,0x7f,0xf3,0x00,0x00,0x00,0x00,0x00,0x00,0x00,0x7f,
  0xf3,0x00,0x00,0x00,0x00,0x00,0x00,0x33,0x7b,0xb2,0x00,0x00,0x00,0x00,0x00,0x03,0xff,0x70,0x00,0x00,0x00,0x00,0x00,0x00,
  0x03,0xff,0x70,0x00,0x00,0x00,0x00,0x00,0x00,0x03,0xff,0x70,0x00,0x00,0x00,0x00,0x00,0x00,0x03,0xff,0x70,0x00,0x00,0x00,
  0x00,0x00,0x00,0x03,0xff,0x70,0x00,0x00,0x00,0x00,0x00,0x00,0x03,0xff,0x70,0x00,0x00,0x00,0x00,0x00,0x00,0x03,0xff,0x70,
  0x00,0x00,0x00,0x00,0x00,0x00,0x03,0xff,0x70,0x00,0x00,0x00,0x00,0x00,0x0f,0xfb,0x00,0x00,0x00,0x00,0x00,0x00,0x00,0x0f,
  0xfb,0x00,0x00,0x00,0x00,0x00,0x00,0x00,0x0f,0xfb,0x00,0x00,0x00,0x00,0x00,0x00,0x00,0x0f,0xfb,0x00,0x00,0x00,0x00,0x00,
  0x00,0x00,0x0f,0xfb,0x00,0x00,0x00,0x00,0x00,0x00,0x57,0x77,0x75,0x00,0x00,0x00,0x00,0x00,0x00,0xbf,0xf0,0x00,0x00,0x00,
  0x00,0x00,0x00,0x00,0xbf,0xf0,0x00,0x00,0x00,0x00,0x00,0x05,0xbb,0x53,0x30,0x00,0x00,0x00,0x00,0x00,0x07,0xff,0x30,0x00,
  0x00,0x00,0x00,0x00,0x00,0x07,0xff,0x30,0x00,0x00,0x00,0x00,0x00,0x3f,0xf7,0x00,0x00,0x00,0x00,0x00,0x00,0x00,0x3f,0xf7,
  0x00,0x00,0x00,0x00,0x00,0x00,0x00,0x2b,0xb5,0x00,0x00,0x00,0x00,0x00,0x00,0x00,0x11,0x11,0x11,0x11,0x11,0x11,0x11,0x11,
  0x11,0x11,0x11,0x11,0x11,0xff,0xff,0xff,0xff,0xff,0xff,0xff,0xff,0xff,0xff,0xff,0xff,0xff,0xff,0xff,0xff,0xff,0xff,0xff,
  0xff,0xff,0xff,0xff,0xff,0xff,0xff,0xff,0xe5,0x55,0x55,0x55,0x55,0x55,0x55,0x55,0x55,0x55,0x5e,0xff,0xff,0xd0,0x00,0x00,
  0x00,0x00,0x00,0x00,0x00,0x00,0x00,0x0d,0xff,0xff,0xd0,0x00,0x00,0x00,0x00,0x00,0x00,0x00,0x00,0x00,0x0d,0xff,0xff,0xd0,
  0x00,0x00,0x00,0x00,0x00,0x00,0x00,0x00,0x00,0x0d,0xff,0xff,0xd0,0x00,0x00,0x00,0x00,0x00,0x00,0x00,0x00,0x00,0x0d,0xff,
  0xff,0xd0,0x00,0x00,0x00,0x00,0x00,0x00,0x00,0x00,0x00,0x0d,0xff,0xff,0xd0,0x00,0x00,0x00,0x00,0x00,0x00,0x00,0x00,0x00,
  0x0d,0xff,0xff,0xd0,0x00,0x00,0x00,0x00,0x00,0x00,0x00,0x00,0x00,0x0d,0xff,0xff,0xd0,0x00,0x00,0x00,0x00,0x00,0x00,0x00,
  0x00,0x00,0x0d,0xff,0xff,0xd0,0x00,0x00,0x00,0x00,0x00,0x00,0x00,0x00,0x00,0x0d,0xff,0xff,0xd0,0x00,0x00,0x00,0x00,0x00,
  0x00,0x00,0x00,0x00,0x0d,0xff,0xff,0xd0,0x00,0x00,0x00,0x00,0x00,0x00,0x00,0x00,0x00,0x0d,0xff,0xff,0xd0,0x00,0x00,0x00,
  0x00,0x00,0x00,0x00,0x00,0x00,0x0d,0xff,0xff,0xd0,0x00,0x00,0x00,0x00,0x00,0x00,0x00,0x00,0x00,0x0d,0xff,0xff,0xd0,0x00,
  0x00,0x00,0x00,0x00,0x00,0x00,0x00,0x00,0x0d,0xff,0xff,0xff,0xff,0xff,0xff,0xff,0xff,0xff,0xff,0xff,0xff,0xff,0xff,0xff,
  0xff,0xff,0xff,0xff,0xff,0xff,0xff,0xff,0xff,0xff,0xff,0xff,0xff,0xe5,0x55,0x55,0x55,0x55,0x55,0x55,0x55,0x55,0x55,0x5e,
  0xff,0xaa,0x80,0x00,0x00,0x00,0x00,0x00,0x00,0x00,0x00,0x00,0x08,0xaa,0x00,0x07,0xff,0xff,0xf0,0x00,0x00,0x07,0xff,0xff,
  0xf0,0x00,0x03,0x37,0xbb,0xbb,0xb3,0x32,0x3f,0xf7,0x00,0x00,0x0f,0xfb,0x3f,0xf7,0x00,0x00,0x0f,0xfb,0x3f,0xf7,0x00,0x00,
  0x0f,0xfb,0x3f,0xf7,0x00,0x00,0x0f,0xfb,0x3f,0xf7,0x00,0x00,0x0f,0xfb,0x03,0x37,0xbb,0xbb,0xb3,0x32,0x00,0x07,0xff,0xff,
  0xf0,0x00,0x00,0x07,0xff,0xff,0xf0,0x00,0x00,0x00,0x00,0x00,0x35,0x67,0x54,0x00,0x00,0x00,0x00,0x00,0x00,0x01,0x9e,0xff,
  0xff,0xff,0xfb,0x30,0x00,0x00,0x00,0x00,0x6f,0xff,0xff,0xff,0xff,0xff,0xf9,0x00,0x00,0x00,0x07,0xff,0xff,0xff,0xff,0xff,
  0xff,0xff,0xa0,0x00,0x00,0x3f,0xff,0xfe,0x73,0x11,0x26,0xcf,0xff,0xf6,0x00,0x00,0xcf,0xff,0xb0,0x00,0x00,0x00,0x08,0xff,
  0xfe,0x10,0x03,0xff,0xfd,0x00,0x00,0x00,0x00,0x00,0xaf,0xff,0x60,0x09,0xff,0xf5,0x00,0x00,0x00,0x00,0x00,0x2f,0xff,0xc0,
  0x0d,0xff,0xf0,0x00,0x00,0x00,0x00,0x00,0x0c,0xff,0xf0,0x0f,0xff,0xb0,0x00,0x00,0x00,0x00,0x00,0x08,0xff,0xf3,0x2f,0xff,
  0x90,0x00,0x00,0x00,0x00,0x00,0x06,0xff,0xf5,0x3f,0xff,0x70,0x00,0x00,0x00,0x00,0x00,0x04,0xff,0xf6,0x4f,0xff,0x60,0x00,
  0x00,0x00,0x00,0x00,0x03,0xff,0xf7,0x5f,0xff,0x60,0x00,0x00,0x00,0x00,0x00,0x02,0xff,0xf8,0x5f,0xff,0x60,0x00,0x00,0x00,
  0x00,0x00,0x02,0xff,0xf8,0x5f,0xff,0x60,0x00,0x00,0x00,0x00,0x00,0x02,0xff,0xf8,0x5f,0xff,0x60,0x00,0x00,0x00,0x00,0x00,
  0x02,0xff,0xf8,0x5f,0xff,0x60,0x00,0x00,0x00,0x00,0x00,0x02,0xff,0xf8,0x5f,0xff,0x60,0x00,0x00,0x00,0x00,0x00,0x02,0xff,
  0xf8,0x5f,0xff,0x60,0x00,0x00,0x00,0x00,0x00,0x02,0xff,0xf8,0x5f,0xff,0x60,0x00,0x00,0x00,0x00,0x00,0x02,0xff,0xf8,0x5f,
  0xff,0x60,0x00,0x00,0x00,0x00,0x00,0x02,0xff,0xf8,0x5f,0xff,0x60,0x00,0x00,0x00,0x00,0x00,0x02,0xff,0xf8,0x5f,0xff,0x60,
  0x00,0x00,0x00,0x00,0x00,0x02,0xff,0xf8,0x5f,0xff,0x60,0x00,0x00,0x00,0x00,0x00,0x02,0xff,0xf8,0x5f,0xff,0x60,0x00,0x00,
  0x00,0x00,0x00,0x02,0xff,0xf8,0x27,0x77,0x20,0x00,0x00,0x00,0x00,0x00,0x01,0x77,0x74,0x5f,0xff,0x60,0x00,0x00,0x00,0x00,
  0x00,0x02,0xff,0xf8,0x5f,0xff,0x60,0x00,0x00,0x00,0x00,0x00,0x02,0xff,0xf8,0x5f,0xff,0x60,0x00,0x00,0x00,0x00,0x00,0x02,
  0xff,0xf8,0x5f,0xff,0x60,0x00,0x00,0x00,0x00,0x00,0x02,0xff,0xf8,0x5f,0xff,0x60,0x00,0x00,0x00,0x00,0x00,0x02,0xff,0xf8,
  0x5f,0xff,0x60,0x00,0x00,0x00,0x00,0x00,0x02,0xff,0xf8,0x5f,0xff,0x60,0x00,0x00,0x00,0x00,0x00,0x02,0xff,0xf8,0x5f,0xff,
  0x60,0x00,0x00,0x00,0x00,0x00,0x02,0xff,0xf8,0x5f,0xff,0x60,0x00,0x00,0x00,0x00,0x00,0x02,0xff,0xf8,0x5f,0xff,0x60,0x00,
  0x00,0x00,0x00,0x00,0x02,0xff,0xf8,0x5f,0xff,0x60,0x00,0x00,0x00,0x00,0x00,0x02,0xff,0xf8,0x5f,0xff,0x60,0x00,0x00,0x00,
  0x00,0x00,0x02,0xff,0xf8,0x5f,0xff,0x60,0x00,0x00,0x00,0x00,0x00,0x03,0xff,0xf8,0x4f,0xff,0x70,0x00,0x00,0x00,0x00,0x00,
  0x03,0xff,0xf7,0x3f,0xff,0x80,0x00,0x00,0x00,0x00,0x00,0x04,0xff,0xf6,0x1f,0xff,0xa0,0x00,0x00,0x00,0x00,0x00,0x07,0xff,
  0xf4,0x0e,0xff,0xd0,0x00,0x00,0x00,0x00,0x00,0x0a,0xff,0xf1,0x0b,0xff,0xf2,0x00,0x00,0x00,0x00,0x00,0x0e,0xff,0xe0,0x06,
  0xff,0xf9,0x00,0x00,0x00,0x00,0x00,0x6f,0xff,0x90,0x01,0xff,0xff,0x40,0x00,0x00,0x00,0x02,0xef,0xff,0x30,0x00,0x8f,0xff,
  0xf6,0x00,0x00,0x00,0x4e,0xff,0xfb,0x00,0x00,0x0d,0xff,0xff,0xeb,0x99,0xae,0xff,0xff,0xf2,0x00,0x00,0x01,0xdf,0xff,0xff,
  0xff,0xff,0xff,0xfe,0x30,0x00,0x00,0x00,0x19,0xff,0xff,0xff,0xff,0xff,0xb2,0x00,0x00,0x00,0x00,0x00,0x27,0xbd,0xff,0xec,
  0x83,0x00,0x00,0x00,0x00,0x00,0x00,0x00,0x00,0x00,0x00,0x00,0x00,0x00,0x00,0x00,0x00,0x00,0x00,0x00,0x00,0x00,0x00,0x00,
  0x00,0x00,0x00,0x00,0x01,0xca,0x00,0x00,0x00,0x00,0x00,0x00,0x00,0x00,0x00,0x00,0x00,0x00,0x00,0x00,0x00,0x1c,0xff,0xa0,
  0x00,0x00,0x00,0x00,0x00,0x00,0x00,0x00,0x00,0x00,0x00,0x00,0x00,0x01,0xcf,0xff,0xfa,0x00,0x00,0x00,0x00,0x00,0x00,0x00,
  0x00,0x00,0x00,0x00,0x00,0x00,0x1c,0xff,0x69,0xff,0xa0,0x00,0x00,0x00,0x00,0x00,0x00,0x00,0x00,0x00,0x00,0x00,0x00,0xcf,
  0xf6,0x00,0x9f,0xfa,0x00,0x00,0x00,0x00,0x00,0x00,0x00,0x00,0x00,0x00,0x00,0x0c,0xff,0x60,0x00,0x09,0xff,0xa0,0x00,0x00,
  0x00,0x00,0x00,0x00,0x00,0x00,0x00,0x00,0xcf,0xf6,0x00,0x00,0x00,0x9f,0xfa,0x00,0x00,0x00,0x00,0x00,0x00,0x00,0x00,0x00,
  0x0c,0xff,0x60,0x00,0x00,0x00,0x09,0xff,0xa0,0x00,0x00,0x00,0x00,0x00,0x00,0x00,0x00,0xcf,0xf6,0x00,0x00,0x00,0x00,0x00,
  0x9f,0xfa,0x00,0x00,0x00,0x00,0x00,0x00,0x00,0x0c,0xff,0x60,0x00,0x00,0x00,0x00,0x00,0x09,0xff,0xa0,0x00,0x00,0x00,0x00,
  0x00,0x00,0xcf,0xf6,0x00,0x00,0x00,0x00,0x00,0x00,0x00,0x9f,0xfa,0x00,0x00,0x00,0x00,0x00,0x0c,0xff,0x60,0x00,0x00,0x00,
  0x00,0x00,0x00,0x00,0x09,0xff,0xa0,0x00,0x00,0x00,0x00,0xcf,0xf6,0x00,0x00,0x00,0x00,0x00,0x00,0x00,0x00,0x00,0x9f,0xfa,
  0x00,0x00,0x00,0x0c,0xff,0x70,0x00,0x00,0x00,0x00,0x00,0x00,0x00,0x00,0x00,0x09,0xff,0xa0,0x00,0x00,0xcf,0xf7,0x00,0x00,
  0x00,0x00,0x00,0x00,0x00,0x00,0x00,0x00,0x00,0x9f,0xfa,0x00,0x0c,0xff,0x70,0x00,0x00,0x00,0x00,0x00,0x00,0x00,0x00,0x00,
  0x00,0x00,0x09,0xff,0xa0,0x9f,0xfa,0x00,0x00,0x00,0x00,0x00,0x00,0x00,0x00,0x00,0x00,0x00,0x00,0x00,0xcf,0xf7,0x1d,0xff,
  0x50,0x00,0x00,0x00,0x00,0x00,0x00,0x00,0x00,0x00,0x00,0x00,0x07,0xff,0xb0,0x01,0xdf,0xf5,0x00,0x00,0x00,0x00,0x00,0x00,
  0x00,0x00,0x00,0x00,0x00,0x7f,0xfb,0x00,0x00,0x1d,0xff,0x50,0x00,0x00,0x00,0x00,0x00,0x00,0x00,0x00,0x00,0x07,0xff,0xb0,
  0x00,0x00,0x01,0xdf,0xf5,0x00,0x00,0x00,0x00,0x00,0x00,0x00,0x00,0x00,0x7f,0xfb,0x00,0x00,0x00,0x00,0x1d,0xff,0x50,0x00,
  0x00,0x00,0x00,0x00,0x00,0x00,0x07,0xff,0xb0,0x00,0x00,0x00,0x00,0x01,0xdf,0xf4,0x00,0x00,0x00,0x00,0x00,0x00,0x00,0x7f,
  0xfb,0x00,0x00,0x00,0x00,0x00,0x00,0x1d,0xff,0x40,0x00,0x00,0x00,0x00,0x00,0x07,0xff,0xb0,0x00,0x00,0x00,0x00,0x00,0x00,
  0x01,0xdf,0xf4,0x00,0x00,0x00,0x00,0x00,0x7f,0xfc,0x00,0x00,0x00,0x00,0x00,0x00,0x00,0x00,0x1d,0xff,0x40,0x00,0x00,0x00,
  0x07,0xff,0xc0,0x00,0x00,0x00,0x00,0x00,0x00,0x00,0x00,0x01,0xdf,0xf4,0x00,0x00,0x00,0x7f,0xfc,0x00,0x00,0x00,0x00,0x00,
  0x00,0x00,0x00,0x00,0x00,0x1d,0xff,0x40,0x00,0x07,0xff,0xc0,0x00,0x00,0x00,0x00,0x00,0x00,0x00,0x00,0x00,0x00,0x01,0xef,
  0xf4,0x00,0x7f,0xfc,0x00,0x00,0x00,0x00,0x00,0x00,0x00,0x00,0x00,0x00,0x00,0x00,0x1e,0xff,0x47,0xff,0xc0,0x00,0x00,0x00,
  0x00,0x00,0x00,0x00,0x00,0x00,0x00,0x00,0x00,0x02,0xef,0xff,0xfc,0x00,0x00,0x00,0x00,0x00,0x00,0x00,0x00,0x00,0x00,0x00,
  0x00,0x00,0x00,0x2e,0xff,0xc0,0x00,0x00,0x00,0x00,0x00,0x00,0x00,0x00,0x00,0x00,0x00,0x00,0x00,0x00,0x02,0xec,0x00,0x00,
  0x00,0x00,0x00,0x00,0x00,0x00,0x00,0x00,0x00,0x00,0x00,0x00,0x00,0x00,0x20,0x00,0x00,0x00,0x00,0x00,0x00,0x00,0x00,0x00,
  0x00,0x00,0x00,0x00,0x00,0x00,0x00,0x00,0x00,0x00,0x00,0x00,0x00,0x00,0x00,0x00,0x00,0x00,0x00,0x00,0x00,0x00,0x00,0x01,
  0xca,0x00,0x00,0x00,0x00,0x00,0x00,0x00,0x00,0x00,0x00,0x00,0x00,0x00,0x00,0x00,0x1c,0xff,0xa0,0x00,0x00,0x00,0x00,0x00,
  0x00,0x00,0x00,0x00,0x00,0x00,0x00,0x00,0x01,0xcf,0xff,0xfa,0x00,0x00,0x00,0x00,0x00,0x00,0x00,0x00,0x00,0x00,0x00,0x00,
  0x00,0x1c,0xff,0xff,0xff,0xa0,0x00,0x00,0x00,0x00,0x00,0x00,0x00,0x00,0x00,0x00,0x00,0x00,0xcf,0xff,0xff,0xff,0xfa,0x00,
  0x00,0x00,0x00,0x00,0x00,0x00,0x00,0x00,0x00,0x00,0x0c,0xff,0xff,0xff,0xff,0xff,0xa0,0x00,0x00,0x00,0x00,0x00,0x00,0x00,
  0x00,0x00,0x00,0xcf,0xff,0xff,0xff,0xff,0xff,0xfa,0x00,0x00,0x00,0x00,0x00,0x00,0x00,0x00,0x00,0x0c,0xff,0xff,0xff,0xff,
  0xff,0xff,0xff,0xa0,0x00,0x00,0x00,0x00,0x00,0x00,0x00,0x00,0xcf,0xff,0xff,0xff,0xff,0xff,0xff,0xff,0xfa,0x00,0x00,0x00,
  0x00,0x00,0x00,0x00,0x0c,0xff,0xff,0xff,0xff,0xff,0xff,0xff,0xff,0xff,0xa0,0x00,0x00,0x00,0x00,0x00,0x00,0xcf,0xff,0xff,
  0xff,0xff,0xff,0xff,0xff,0xff,0xff,0xfa,0x00,0x00,0x00,0x00,0x00,0x0c,0xff,0xff,0xff,0xff,0xff,0xff,0xff,0xff,0xff,0xff,
  0xff,0xa0,0x00,0x00,0x00,0x00,0xcf,0xff,0xff,0xff,0xff,0xff,0xff,0xff,0xff,0xff,0xff,0xff,0xfa,0x00,0x00,0x00,0x0c,0xff,
  0xff,0xff,0xff,0xff,0xff,0xff,0xff,0xff,0xff,0xff,0xff,0xff,0xa0,0x00,0x00,0xcf,0xff,0xff,0xff,0xff,0xff,0xff,0xff,0xff,
  0xff,0xff,0xff,0xff,0xff,0xfa,0x00,0x0c,0xff,0xff,0xff,0xff,0xff,0xff,0xff,0xff,0xff,0xff,0xff,0xff,0xff,0xff,0xff,0xa0,
  0x9f,0xff,0xff,0xff,0xff,0xff,0xff,0xff,0xff,0xff,0xff,0xff,0xff,0xff,0xff,0xff,0xf7,0x1d,0xff,0xff,0xff,0xff,0xff,0xff,
  0xff,0xff,0xff,0xff,0xff,0xff,0xff,0xff,0xff,0xb0,0x01,0xdf,0xff,0xff,0xff,0xff,0xff,0xff,0xff,0xff,0xff,0xff,0xff,0xff,
  0xff,0xfb,0x00,0x00,0x1d,0xff,0xff,0xff,0xff,0xff,0xff,0xff,0xff,0xff,0xff,0xff,0xff,0xff,0xb0,0x00,0x00,0x01,0xdf,0xff,
  0xff,0xff,0xff,0xff,0xff,0xff,0xff,0xff,0xff,0xff,0xfb,0x00,0x00,0x00,0x00,0x1d,0xff,0xff,0xff,0xff,0xff,0xff,0xff,0xff,
  0xff,0xff,0xff,0xb0,0x00,0x00,0x00,0x00,0x01,0xdf,0xff,0xff,0xff,0xff,0xff,0xff,0xff,0xff,0xff,0xfb,0x00,0x00,0x00,0x00,
  0x00,0x00,0x1d,0xff,0xff,0xff,0xff,0xff,0xff,0xff,0xff,0xff,0xb0,0x00,0x00,0x00,0x00,0x00,0x00,0x01,0xdf,0xff,0xff,0xff,
  0xff,0xff,0xff,0xff,0xfc,0x00,0x00,0x00,0x00,0x00,0x00,0x00,0x00,0x1d,0xff,0xff,0xff,0xff,0xff,0xff,0xff,0xc0,0x00,0x00,
  0x00,0x00,0x00,0x00,0x00,0x00,0x01,0xdf,0xff,0xff,0xff,0xff,0xff,0xfc,0x00,0x00,0x00,0x00,0x00,0x00,0x00,0x00,0x00,0x00,
  0x1d,0xff,0xff,0xff,0xff,0xff,0xc0,0x00,0x00,0x00,0x00,0x00,0x00,0x00,0x00,0x00,0x00,0x01,0xef,0xff,0xff,0xff,0xfc,0x00,
  0x00,0x00,0x00,0x00,0x00,0x00,0x00,0x00,0x00,0x00,0x00,0x1e,0xff,0xff,0xff,0xc0,0x00,0x00,0x00,0x00,0x00,0x00,0x00,0x00,
  0x00,0x00,0x00,0x00,0x02,0xef,0xff,0xfc,0x00,0x00,0x00,0x00,0x00,0x00,0x00,0x00,0x00,0x00,0x00,0x00,0x00,0x00,0x2e,0xff,
  0xc0,0x00,0x00,0x00,0x00,0x00,0x00,0x00,0x00,0x00,0x00,0x00,0x00,0x00,0x00,0x02,0xec,0x00,0x00,0x00,0x00,0x00,0x00,0x00,
  0x00,0x00,0x00,0x00,0x00,0x00,0x00,0x00,0x00,0x20,0x00,0x00,0x00,0x00,0x00,0x00,0x00,0x00,0x00,0x00,0x00,0x00,0x00,0x00,
  0x00,0x00,0x00,0x00,0x00,0x00,0x00,0x00,0x00,0x00,0x00,0x00,0x00,0x03,0x9e,0xff,0xd7,0x00,0x00,0x00,0x00,0x03,0xae,0xff,
  0xd7,0x00,0x00,0x00,0x00,0x00,0x9f,0xff,0xff,0xff,0xe3,0x00,0x00,0x00,0x9f,0xff,0xff,0xff,0xe4,0x00,0x00,0x00,0x0c,0xff,
  0xff,0xff,0xff,0xfe,0x20,0x00,0x0b,0xff,0xff,0xff,0xff,0xff,0x40,0x00,0x00,0xaf,0xff,0xff,0xff,0xff,0xff,0xd0,0x00,0x7f,
  0xff,0xff,0xff,0xff,0xff,0xe1,0x00,0x04,0xff,0xff,0xff,0xff,0xff,0xff,0xf7,0x01,0xff,0xff,0xff,0xff,0xff,0xff,0xfb,0x00,
  0x0a,0xff,0xff,0xff,0xff,0xff,0xff,0xfe,0x07,0xff,0xff,0xff,0xff,0xff,0xff,0xff,0x10,0x0e,0xff,0xff,0xff,0xff,0xff,0xff,
  0xff,0x4d,0xff,0xff,0xff,0xff,0xff,0xff,0xff,0x50,0x0f,0xff,0xff,0xff,0xff,0xff,0xff,0xff,0xaf,0xff,0xff,0xff,0xff,0xff,
  0xff,0xff,0x70,0x0f,0xff,0xff,0xff,0xff,0xff,0xff,0xff,0xff,0xff,0xff,0xff,0xff,0xff,0xff,0xff,0x80,0x0f,0xff,0xff,0xff,
  0xff,0xff,0xff,0xff,0xff,0xff,0xff,0xff,0xff,0xff,0xff,0xff,0x70,0x0d,0xff,0xff,0xff,0xff,0xff,0xff,0xff,0xff,0xff,0xff,
  0xff,0xff,0xff,0xff,0xff,0x50,0x08,0xff,0xff,0xff,0xff,0xff,0xff,0xff,0xff,0xff,0xff,0xff,0xff,0xff,0xff,0xff,0x10,0x04,
  0xff,0xff,0xff,0xff,0xff,0xff,0xff,0xff,0xff,0xff,0xff,0xff,0xff,0xff,0xfc,0x00,0x00,0xcf,0xff,0xff,0xff,0xff,0xff,0xff,
  0xff,0xff,0xff,0xff,0xff,0xff,0xff,0xf5,0x00,0x00,0x4f,0xff,0xff,0xff,0xff,0xff,0xff,0xff,0xff,0xff,0xff,0xff,0xff,0xff,
  0xd0,0x00,0x00,0x0b,0xff,0xff,0xff,0xff,0xff,0xff,0xff,0xff,0xff,0xff,0xff,0xff,0xff,0x40,0x00,0x00,0x01,0xef,0xff,0xff,
  0xff,0xff,0xff,0xff,0xff,0xff,0xff,0xff,0xff,0xf9,0x00,0x00,0x00,0x00,0x4f,0xff,0xff,0xff,0xff,0xff,0xff,0xff,0xff,0xff,
  0xff,0xff,0xc0,0x00,0x00,0x00,0x00,0x06,0xff,0xff,0xff,0xff,0xff,0xff,0xff,0xff,0xff,0xff,0xfe,0x10,0x00,0x00,0x00,0x00,
  0x00,0x9f,0xff,0xff,0xff,0xff,0xff,0xff,0xff,0xff,0xff,0xf3,0x00,0x00,0x00,0x00,0x00,0x00,0x0c,0xff,0xff,0xff,0xff,0xff,
  0xff,0xff,0xff,0xff,0x50,0x00,0x00,0x00,0x00,0x00,0x00,0x01,0xef,0xff,0xff,0xff,0xff,0xff,0xff,0xff,0xf7,0x00,0x00,0x00,
  0x00,0x00,0x00,0x00,0x00,0x3f,0xff,0xff,0xff,0xff,0xff,0xff,0xff,0xa0,0x00,0x00,0x00,0x00,0x00,0x00,0x00,0x00,0x05,0xff,
  0xff,0xff,0xff,0xff,0xff,0xfc,0x00,0x00,0x00,0x00,0x00,0x00,0x00,0x00,0x00,0x00,0x8f,0xff,0xff,0xff,0xff,0xff,0xe1,0x00,
  0x00,0x00,0x00,0x00,0x00,0x00,0x00,0x00,0x00,0x0b,0xff,0xff,0xff,0xff,0xff,0x20,0x00,0x00,0x00,0x00,0x00,0x00,0x00,0x00,
  0x00,0x00,0x00,0xdf,0xff,0xff,0xff,0xf4,0x00,0x00,0x00,0x00,0x00,0x00,0x00,0x00,0x00,0x00,0x00,0x00,0x2e,0xff,0xff,0xff,
  0x70,0x00,0x00,0x00,0x00,0x00,0x00,0x00,0x00,0x00,0x00,0x00,0x00,0x04,0xff,0xff,0xfa,0x00,0x00,0x00,0x00,0x00,0x00,0x00,
  0x00,0x00,0x00,0x00,0x00,0x00,0x00,0x7f,0xff,0xc0,0x00,0x00,0x00,0x00,0x00,0x00,0x00,0x00,0x00,0x00,0x00,0x00,0x00,0x00,
  0x0a,0xfe,0x10,0x00,0x00,0x00,0x00,0x00,0x00,0x00,0x00,0x00,0x00,0x00,0x00,0x00,0x00,0x00,0xb2,0x00,0x00,0x00,0x00,0x00,
  0x00,0x00,0x00,0x00,0x00,0x00,0x00,0x01,0x11,0x11,0x11,0x11,0x11,0x11,0x11,0x11,0x11,0x11,0x10,0x00,0x00,0x00,0x00,0x0d,
  0xff,0xff,0xff,0xff,0xff,0xff,0xff,0xff,0xff,0xff,0xf6,0x00,0x00,0x00,0x00,0x0d,0xff,0xff,0xff,0xff,0xff,0xff,0xff,0xff,
  0xff,0xff,0xf6,0x00,0x00,0x00,0x00,0x0d,0xff,0xff,0xff,0xff,0xff,0xff,0xff,0xff,0xff,0xff,0xf6,0x00,0x00,0x00,0x00,0x0d,
  0xff,0xff,0xff,0xff,0xff,0xff,0xff,0xff,0xff,0xff,0xf6,0x00,0x00,0x00,0x00,0x0d,0xf6,0x66,0x66,0x66,0x66,0x66,0x66,0x66,
  0x66,0x6b,0xf6,0x00,0x00,0x00,0x00,0x0d,0xf0,0x00,0x00,0x00,0x00,0x00,0x00,0x00,0x00,0x08,0xf6,0x00,0x00,0x00,0x00,0x0d,
  0xf0,0x00,0x00,0x00,0x00,0x00,0x00,0x00,0x00,0x08,0xf6,0x00,0x00,0x00,0x00,0x0d,0xf5,0x44,0x44,0x44,0x44,0x44,0x44,0x44,
  0x44,0x4a,0xf6,0x00,0x00,0x00,0x00,0x0d,0xff,0xff,0xff,0xff,0xff,0xff,0xff,0xff,0xff,0xff,0xf6,0x00,0x00,0x00,0x00,0x0d,
  0xff,0xff,0xff,0xff,0xff,0xff,0xff,0xff,0xff,0xff,0xf6,0x00,0x00,0x00,0x00,0x0d,0xff,0xff,0xff,0xff,0xff,0xff,0xff,0xff,
  0xff,0xff,0xf6,0x00,0x00,0x00,0x00,0x0d,0xff,0xff,0xff,0xff,0xff,0xff,0xff,0xff,0xff,0xff,0xf6,0x00,0x00,0x00,0x00,0x0d,
  0xf7,0x66,0x66,0x66,0x66,0x66,0x66,0x66,0x66,0x6b,0xf6,0x00,0x00,0x00,0x00,0x0d,0xf0,0x00,0x00,0x00,0x00,0x00,0x00,0x00,
  0x00,0x08,0xf6,0x00,0x00,0x00,0x00,0x0d,0xf0,0x00,0x00,0x00,0x00,0x00,0x00,0x00,0x00,0x08,0xf6,0x00,0x00,0x00,0x00,0x0d,
  0xf0,0x00,0x00,0x00,0x00,0x00,0x00,0x00,0x00,0x08,0xf6,0x00,0x00,0x00,0x00,0x0d,0xf0,0x00,0x00,0x00,0x00,0x00,0x00,0x00,
  0x00,0x08,0xf6,0x00,0x00,0x00,0x00,0x0d,0xf0,0x00,0x00,0x00,0x00,0x00,0x00,0x00,0x00,0x08,0xf6,0x00,0x00,0x00,0x00,0x0d,
  0xf0,0x00,0x00,0x00,0x00,0x00,0x00,0x00,0x00,0x08,0xf6,0x00,0x00,0x00,0x00,0x0d,0xf0,0x00,0x00,0x00,0x00,0x00,0x00,0x00,
  0x00,0x08,0xf6,0x00,0x00,0x00,0x00,0x0d,0xf0,0x00,0x00,0x00,0x00,0x00,0x00,0x00,0x00,0x08,0xf6,0x00,0x00,0x00,0x00,0x0d,
  0xf0,0x00,0x00,0x00,0x00,0x00,0x00,0x00,0x00,0x08,0xf6,0x00,0x00,0x00,0x00,0x0d,0xf0,0x00,0x00,0x00,0x00,0x00,0x00,0x00,
  0x00,0x08,0xf6,0x00,0x00,0x00,0x00,0x0d,0xf0,0x00,0x00,0x00,0x00,0x00,0x00,0x00,0x00,0x08,0xf6,0x00,0x00,0x00,0x00,0x0d,
  0xf0,0x00,0x00,0x00,0x00,0x00,0x00,0x00,0x00,0x08,0xf6,0x00,0x26,0x89,0x72,0x0d,0xf0,0x00,0x00,0x00,0x00,0x00,0x16,0x89,
  0x85,0x08,0xf6,0x1c,0xff,0xff,0xff,0xae,0xf0,0x00,0x00,0x00,0x00,0x08,0xff,0xff,0xff,0xeb,0xf6,0xbf,0xff,0xff,0xff,0xff,
  0xf0,0x00,0x00,0x00,0x00,0x5f,0xff,0xff,0xff,0xff,0xf5,0xef,0xff,0xff,0xff,0xff,0xc0,0x00,0x00,0x00,0x00,0x9f,0xff,0xff,
  0xff,0xff,0xf3,0xcf,0xff,0xff,0xff,0xff,0x50,0x00,0x00,0x00,0x00,0x6f,0xff,0xff,0xff,0xff,0xd0,0x5f,0xff,0xff,0xff,0xf9,
  0x00,0x00,0x00,0x00,0x00,0x0d,0xff,0xff,0xff,0xfe,0x30,0x04,0xcf,0xff,0xfc,0x50,0x00,0x00,0x00,0x00,0x00,0x01,0x8e,0xff,
  0xfd,0x81,0x00,0x00,0x00,0x23,0x00,0x00,0x00,0x00,0x00,0x00,0x00,0x00,0x00,0x12,0x00,0x00,0x00,0x00,0x00,0x00,0x00,0x00,
  0x00,0x00,0x02,0x31,0x00,0x00,0x00,0x00,0x00,0x00,0x00,0x00,0x00,0x00,0x00,0x00,0x00,0x00,0x07,0xef,0xff,0xd5,0x00,0x00,
  0x00,0x00,0x00,0x00,0x00,0x00,0x00,0x00,0x00,0x00,0x00,0xbf,0xff,0xff,0xff,0xa0,0x00,0x00,0x00,0x00,0x00,0x00,0x00,0x00,
  0x00,0x00,0x00,0x0a,0xff,0xff,0xff,0xff,0xf7,0x00,0x00,0x00,0x00,0x00,0x00,0x00,0x00,0x00,0x00,0x00,0x3f,0xff,0xff,0xff,
  0xff,0xff,0x10,0x00,0x00,0x00,0x00,0x00,0x00,0x00,0x00,0x00,0x00,0x8f,0xff,0xff,0xff,0xff,0xff,0x60,0x00,0x00,0x00,0x00,
  0x00,0x00,0x00,0x00,0x00,0x00,0xbf,0xff,0xff,0xff,0xff,0xff,0x80,0x00,0x00,0x00,0x00,0x00,0x00,0x00,0x00,0x00,0x00,0xbf,
  0xff,0xff,0xff,0xff,0xff,0x80,0x00,0x00,0x00,0x00,0x00,0x00,0x02,0xae,0xfe,0xa3,0x8f,0xff,0xff,0xff,0xff,0xff,0x64,0xbf,
  0xfe,0x92,0x00,0x00,0x00,0x7f,0xff,0xff,0xff,0xbf,0xff,0xfd,0xcd,0xff,0xff,0xaf,0xff,0xff,0xff,0x50,0x00,0x06,0xff,0xff,
  0xff,0xff,0xff,0xe6,0x10,0x00,0x17,0xef,0xff,0xff,0xff,0xff,0xf4,0x00,0x1f,0xff,0xff,0xff,0xff,0xfa,0x00,0x00,0x00,0x00,
  0x1c,0xff,0xff,0xff,0xff,0xfd,0x00,0x6f,0xff,0xff,0xff,0xff,0xb0,0x00,0x00,0x00,0x00,0x00,0xcf,0xff,0xff,0xff,0xff,0x40,
  0x9f,0xff,0xff,0xff,0xfe,0x10,0x00,0x00,0x00,0x00,0x00,0x2f,0xff,0xff,0xff,0xff,0x60,0x9f,0xff,0xff,0xff,0xf7,0x00,0x00,
  0x00,0x00,0x00,0x00,0x09,0xff,0xff,0xff,0xff,0x70,0x7f,0xff,0xff,0xff,0xf2,0x00,0x00,0x00,0x00,0x00,0x00,0x04,0xff,0xff,
  0xff,0xff,0x50,0x3f,0xff,0xff,0xff,0xf0,0x00,0x00,0x00,0x00,0x00,0x00,0x02,0xff,0xff,0xff,0xff,0x10,0x0a,0xff,0xff,0xff,
  0xf0,0x00,0x00,0x00,0x00,0x00,0x00,0x01,0xff,0xff,0xff,0xf7,0x00,0x00,0xcf,0xff,0xff,0xf0,0x00,0x00,0x00,0x00,0x00,0x00,
  0x02,0xff,0xff,0xff,0xa0,0x00,0x00,0x08,0xff,0xff,0xf4,0x00,0x00,0x00,0x00,0x00,0x00,0x06,0xff,0xff,0xe6,0x00,0x00,0x00,
  0x00,0x04,0x7e,0xfa,0x00,0x00,0x00,0x00,0x00,0x00,0x0c,0xfd,0x53,0x00,0x00,0x00,0x00,0x00,0x02,0xef,0xff,0x40,0x00,0x00,
  0x00,0x00,0x00,0x6f,0xff,0xd1,0x00,0x00,0x00,0x00,0x00,0x0d,0xff,0xff,0xe2,0x00,0x00,0x00,0x00,0x03,0xff,0xff,0xfb,0x00,
  0x00,0x00,0x00,0x00,0x6f,0xff,0xff,0xff,0x50,0x00,0x00,0x00,0x6f,0xff,0xff,0xff,0x30,0x00,0x00,0x00,0x00,0xbf,0xff,0xff,
  0xff,0xfc,0x74,0x34,0x7d,0xff,0xff,0xff,0xff,0x80,0x00,0x00,0x00,0x00,0xdf,0xff,0xff,0xff,0xff,0xff,0xff,0xff,0xff,0xff,
  0xff,0xff,0xa0,0x00,0x00,0x00,0x00,0xcf,0xff,0xff,0xff,0xff,0xff,0xff,0xff,0xff,0xff,0xff,0xff,0xa0,0x00,0x00,0x00,0x00,
  0x9f,0xff,0xff,0xff,0xff,0xff,0x9f,0xff,0xff,0xff,0xff,0xff,0x70,0x00,0x00,0x00,0x00,0x3f,0xff,0xff,0xff,0xff,0xfd,0x1f,
  0xff,0xff,0xff,0xff,0xff,0x10,0x00,0x00,0x00,0x00,0x09,0xff,0xff,0xff,0xff,0xf4,0x06,0xff,0xff,0xff,0xff,0xf7,0x00,0x00,
  0x00,0x00,0x00,0x00,0xaf,0xff,0xff,0xff,0x50,0x00,0x6f,0xff,0xff,0xff,0x70,0x00,0x00,0x00,0x00,0x00,0x00,0x04,0xbe,0xfd,
  0x91,0x00,0x00,0x02,0xae,0xfe,0xa3,0x00,0x00,0x00,0x00,0x00,0x00,0x00,0x00,0x00,0x00,0x00,0x02,0x31,0x00,0x00,0x00,0x00,
  0x00,0x00,0x00,0x00,0x00,0x00,0x00,0x00,0x00,0x00,0x07,0xef,0xff,0xd5,0x00,0x00,0x00,0x00,0x00,0x00,0x00,0x00,0x00,0x00,
  0x00,0x00,0x00,0xbf,0xff,0xff,0xff,0xa0,0x00,0x00,0x00,0x00,0x00,0x00,0x00,0x00,0x00,0x00,0x00,0x0a,0xff,0xc5,0x36,0xdf,
  0xf7,0x00,0x00,0x00,0x00,0x00,0x00,0x00,0x00,0x00,0x00,0x00,0x3f,0xfa,0x00,0x00,0x0b,0xff,0x10,0x00,0x00,0x00,0x00,0x00,
  0x00,0x00,0x00,0x00,0x00,0x8f,0xf0,0x00,0x00,0x02,0xff,0x60,0x00,0x00,0x00,0x00,0x00,0x00,0x00,0x00,0x00,0x00,0xbf,0xb0,
  0x00,0x00,0x00,0xdf,0x80,0x00,0x00,0x00,0x00,0x00,0x00,0x00,0x00,0x00,0x00,0xbf,0xb0,0x00,0x00,0x00,0xdf,0x80,0x00,0x00,
  0x00,0x00,0x00,0x00,0x03,0xae,0xff,0xa3,0x9f,0xe0,0x00,0x00,0x00,0xff,0x64,0xbf,0xfe,0x92,0x00,0x00,0x00,0x7f,0xff,0xff,
  0xff,0xaf,0xf1,0x02,0x32,0x03,0xff,0xaf,0xff,0xff,0xff,0x50,0x00,0x06,0xff,0xf9,0x68,0xef,0xff,0xfb,0xef,0xff,0xec,0xff,
  0xff,0xe8,0x69,0xff,0xf4,0x00,0x1f,0xfd,0x20,0x00,0x08,0xff,0xff,0xff,0xff,0xff,0xff,0xe7,0x00,0x00,0x3e,0xfd,0x00,0x6f,
  0xf3,0x00,0x00,0x00,0x6f,0xff,0xff,0xff,0xff,0xff,0x40,0x00,0x00,0x05,0xff,0x40,0x9f,0xd0,0x00,0x00,0x01,0xef,0xff,0xff,
  0xff,0xff,0xff,0xd0,0x00,0x00,0x00,0xff,0x60,0x9f,0xc0,0x00,0x00,0x08,0xff,0xff,0xff,0xff,0xff,0xff,0xf6,0x00,0x00,0x00,
  0xff,0x70,0x7f,0xf0,0x00,0x00,0x0d,0xff,0xff,0xff,0xff,0xff,0xff,0xfb,0x00,0x00,0x02,0xff,0x50,0x2f,0xf9,0x00,0x00,0x0f,
  0xff,0xff,0xff,0xff,0xff,0xff,0xfd,0x00,0x00,0x0b,0xff,0x10,0x0a,0xff,0xb3,0x00,0x0f,0xff,0xff,0xff,0xff,0xff,0xff,0xfe,
  0x00,0x04,0xcf,0xf7,0x00,0x00,0xcf,0xff,0xfe,0xcf,0xff,0xff,0xff,0xff,0xff,0xff,0xff,0xce,0xff,0xff,0xa0,0x00,0x00,0x07,
  0xff,0xff,0xff,0xff,0xff,0xff,0xff,0xff,0xff,0xff,0xff,0xff,0xe6,0x00,0x00,0x00,0x00,0x03,0x6d,0xff,0xff,0xff,0xff,0xff,
  0xff,0xff,0xff,0xfd,0x53,0x00,0x00,0x00,0x00,0x00,0x01,0xef,0xf7,0xcf,0xff,0xff,0xff,0xff,0xff,0xa9,0xff,0xd1,0x00,0x00,
  0x00,0x00,0x00,0x0d,0xff,0x60,0x1d,0xff,0xff,0xff,0xff,0xfc,0x00,0x8f,0xfb,0x00,0x00,0x00,0x00,0x00,0x6f,0xf7,0x00,0x01,
  0xaf,0xff,0xff,0xff,0x90,0x00,0x09,0xff,0x30,0x00,0x00,0x00,0x00,0xaf,0xd0,0x00,0x00,0x03,0x8f,0xff,0x82,0x00,0x00,0x00,
  0xff,0x80,0x00,0x00,0x00,0x00,0xcf,0xa0,0x00,0x00,0x00,0x5f,0xff,0x30,0x00,0x00,0x00,0xcf,0xa0,0x00,0x00,0x00,0x00,0xcf,
  0xa0,0x00,0x00,0x00,0xdf,0xff,0xa0,0x00,0x00,0x00,0xcf,0xa0,0x00,0x00,0x00,0x00,0x9f,0xe1,0x00,0x00,0x04,0xff,0x9f,0xf3,
  0x00,0x00,0x02,0xff,0x70,0x00,0x00,0x00,0x00,0x3f,0xfb,0x10,0x00,0x3e,0xfe,0x1f,0xfd,0x20,0x00,0x1c,0xff,0x10,0x00,0x00,
  0x00,0x00,0x09,0xff,0xe8,0x69,0xff,0xf4,0x06,0xff,0xf9,0x68,0xff,0xf7,0x00,0x00,0x00,0x00,0x00,0x00,0x9f,0xff,0xff,0xff,
  0x50,0x00,0x6f,0xff,0xff,0xff,0x70,0x00,0x00,0x00,0x00,0x00,0x00,0x04,0xbe,0xfe,0x91,0x00,0x00,0x02,0xae,0xfe,0xa3,0x00,
  0x00,0x00,0x00,0x00,0x00,0x00,0x00,0x00,0x00,0x00,0x00,0x10,0x00,0x00,0x00,0x00,0x00,0x00,0x00,0x00,0x00,0x00,0x00,0x00,
  0x00,0x00,0x00,0x02,0xfb,0x00,0x00,0x00,0x00,0x00,0x00,0x00,0x00,0x00,0x00,0x00,0x00,0x00,0x00,0x00,0x02,0xfc,0x00,0x00,
  0x00,0x00,0x00,0x00,0x00,0x00,0x00,0x00,0x00,0x00,0x00,0x00,0x00,0x02,0xfc,0x00,0x00,0x00,0x00,0x00,0x00,0x00,0x00,0x00,
  0x00,0x00,0x00,0x00,0x00,0x00,0x02,0xfc,0x00,0x00,0x00,0x00,0x02,0x30,0x00,0x00,0x00,0x00,0x09,0xb0,0x00,0x00,0x00,0x02,
  0xfc,0x00,0x00,0x00,0x00,0x2e,0xe1,0x00,0x00,0x00,0x00,0x0d,0xfb,0x00,0x00,0x00,0x02,0xfc,0x00,0x00,0x00,0x02,0xef,0x90,
  0x00,0x00,0x00,0x00,0x01,0xdf,0xb0,0x00,0x00,0x02,0xfc,0x00,0x00,0x00,0x2e,0xf9,0x00,0x00,0x00,0x00,0x00,0x00,0x1d,0xfb,
  0x00,0x00,0x01,0xb8,0x00,0x00,0x01,0xef,0x90,0x00,0x00,0x00,0x00,0x00,0x00,0x02,0xef,0xb0,0x00,0x00,0x00,0x00,0x00,0x1d,
  0xfa,0x00,0x00,0x00,0x00,0x00,0x00,0x00,0x00,0x2e,0xf3,0x00,0x8d,0xff,0xd7,0x00,0x0c,0xa0,0x00,0x00,0x00,0x00,0x00,0x00,
  0x00,0x00,0x02,0x40,0x3d,0xff,0xff,0xff,0xe2,0x00,0x00,0x00,0x00,0x00,0x00,0x00,0x00,0x00,0x00,0x00,0x02,0xff,0xff,0xff,
  0xff,0xfe,0x10,0x00,0x00,0x00,0x00,0x00,0x00,0x00,0x00,0x00,0x00,0x0d,0xff,0xff,0xff,0xff,0xff,0x90,0x00,0x00,0x00,0x00,
  0x00,0x00,0x00,0x00,0x00,0x00,0x4f,0xff,0xff,0xff,0xff,0xff,0xf1,0x00,0x00,0x00,0x00,0x00,0x02,0x22,0x22,0x22,0x00,0x8f,
  0xff,0xff,0xff,0xff,0xff,0xf5,0x01,0x22,0x22,0x22,0x10,0x5f,0xff,0xff,0xff,0x30,0xaf,0xff,0xff,0xff,0xff,0xff,0xf7,0x0f,
  0xff,0xff,0xff,0xc0,0x4d,0xdd,0xdd,0xdd,0x20,0x9f,0xff,0xff,0xff,0xff,0xff,0xf7,0x0c,0xdd,0xdd,0xdd,0x90,0x00,0x00,0x00,
  0x00,0x00,0x7f,0xff,0xff,0xff,0xff,0xff,0xf5,0x00,0x00,0x00,0x00,0x00,0x00,0x00,0x00,0x00,0x00,0x1f,0xff,0xff,0xff,0xff,
  0xff,0xf0,0x00,0x00,0x00,0x00,0x00,0x00,0x00,0x00,0x00,0x00,0x08,0xff,0xff,0xff,0xff,0xff,0x70,0x00,0x00,0x00,0x00,0x00,
  0x00,0x00,0x00,0x00,0x00,0x00,0xbf,0xff,0xff,0xff,0xf9,0x00,0x00,0x00,0x00,0x00,0x00,0x00,0x00,0x00,0x00,0x05,0x00,0x09,
  0xff,0xff,0xff,0x60,0x1c,0x20,0x00,0x00,0x00,0x00,0x00,0x00,0x00,0x00,0x6f,0xc0,0x00,0x16,0x88,0x51,0x00,0x7f,0xe2,0x00,
  0x00,0x00,0x00,0x00,0x00,0x00,0x06,0xff,0x40,0x00,0x00,0x00,0x00,0x00,0x09,0xfe,0x20,0x00,0x00,0x00,0x00,0x00,0x00,0x6f,
  0xf5,0x00,0x00,0x01,0xc9,0x00,0x00,0x00,0xaf,0xe2,0x00,0x00,0x00,0x00,0x00,0x06,0xff,0x50,0x00,0x00,0x02,0xfc,0x00,0x00,
  0x00,0x0a,0xfe,0x20,0x00,0x00,0x00,0x00,0x5f,0xf6,0x00,0x00,0x00,0x02,0xfc,0x00,0x00,0x00,0x00,0xaf,0xb0,0x00,0x00,0x00,
  0x00,0x1d,0x60,0x00,0x00,0x00,0x02,0xfc,0x00,0x00,0x00,0x00,0x08,0x10,0x00,0x00,0x00,0x00,0x00,0x00,0x00,0x00,0x00,0x02,
  0xfc,0x00,0x00,0x00,0x00,0x00,0x00,0x00,0x00,0x00,0x00,0x00,0x00,0x00,0x00,0x00,0x02,0xfc,0x00,0x00,0x00,0x00,0x00,0x00,
  0x00,0x00,0x00,0x00,0x00,0x00,0x00,0x00,0x00,0x02,0xfc,0x00,0x00,0x00,0x00,0x00,0x00,0x00,0x00,0x00,0x00,0x00,0x00,0x00,
  0x00,0x00,0x02,0xfb,0x00,0x00,0x00,0x00,0x00,0x00,0x00,0x00,0x00,0x00,0x00,0x00,0x00,0x00,0x00,0x00,0x00,0x00,0x00,0x49,
  0xcd,0xc9,0x40,0x00,0x00,0x00,0x00,0x00,0x00,0x00,0x00,0x00,0x00,0x00,0x00,0x01,0x69,0x70,0x3c,0xff,0xff,0xff,0xfc,0x20,
  0x00,0x00,0x00,0x00,0x00,0x00,0x00,0x00,0x00,0x00,0x00,0x6f,0xff,0xfe,0xff,0xff,0xff,0xff,0xff,0xe2,0x00,0x00,0x00,0x00,
  0x00,0x00,0x00,0x00,0x00,0x00,0x09,0xff,0xff,0xff,0xff,0xff,0xff,0xff,0xff,0xfd,0x00,0x00,0x00,0x00,0x00,0x00,0x00,0x00,
  0x00,0x00,0x6f,0xff,0xff,0xff,0xff,0xff,0xff,0xff,0xff,0xff,0x80,0x00,0x00,0x00,0x00,0x00,0x00,0x00,0x00,0x00,0xdf,0xff,
  0xff,0xff,0xff,0xff,0xff,0xff,0xff,0xff,0xf0,0x00,0x00,0x00,0x00,0x00,0x00,0x00,0x00,0x12,0xff,0xff,0xff,0xff,0xff,0xff,
  0xff,0xff,0xff,0xff,0xf5,0x9a,0x50,0x00,0x00,0x00,0x00,0x00,0x4c,0xff,0xff,0xff,0xff,0xff,0xff,0xff,0xff,0xff,0xff,0xff,
  0xff,0xff,0xfa,0x00,0x00,0x00,0x00,0x06,0xff,0xff,0xff,0xff,0xff,0xff,0xff,0xff,0xff,0xff,0xff,0xff,0xff,0xff,0xff,0x20,
  0x00,0x00,0x00,0x0e,0xff,0xff,0xff,0xff,0xff,0xff,0xff,0xff,0xff,0xff,0xff,0xff,0xff,0xff,0xff,0x30,0x00,0x00,0x00,0x0f,
  0xff,0xff,0xff,0xff,0xff,0xff,0xff,0xff,0xff,0xff,0xff,0xff,0xff,0xff,0xfe,0x00,0x00,0x00,0x07,0xaf,0xff,0xff,0xff,0xff,
  0xff,0xff,0xff,0xff,0xff,0xff,0xff,0xff,0xff,0xff,0xfd,0x40,0x00,0x01,0xdf,0xff,0xff,0xff,0xff,0xff,0xff,0xff,0xff,0xff,
  0xff,0xff,0xff,0xff,0xff,0xff,0xff,0xf7,0x00,0x0b,0xff,0xff,0xff,0xff,0xff,0xff,0xff,0xff,0xff,0xff,0xff,0xff,0xff,0xff,
  0xff,0xff,0xff,0xfb,0x00,0xaf,0xff,0xff,0xff,0xff,0xff,0xff,0xff,0xff,0xff,0xff,0xff,0xff,0xff,0xff,0xff,0xff,0xff,0xf9,
  0x2b,0xff,0xff,0xff,0xff,0xff,0xff,0xff,0xff,0xff,0xff,0xff,0xff,0xff,0xff,0xff,0xff,0xff,0xff,0xd1,0x11,0x11,0x11,0x11,
  0x11,0x11,0x11,0x11,0x11,0x11,0x11,0x11,0x11,0x11,0x11,0x11,0x11,0x11,0x11,0x00,0x00,0x00,0x00,0x00,0x00,0x00,0x00,0x00,
  0x00,0x00,0x00,0x00,0x00,0x00,0x00,0x00,0x00,0x00,0x00,0x00,0x00,0x00,0x00,0x00,0x00,0x00,0x0a,0xd0,0x00,0x00,0x00,0x00,
  0x00,0x00,0x00,0x00,0x00,0x00,0x00,0x00,0x00,0x00,0x00,0x00,0x0a,0xd0,0x00,0x00,0x00,0x00,0x00,0x00,0x00,0x00,0x00,0x00,
  0x00,0x00,0x00,0x00,0x00,0x02,0x3b,0xe3,0x20,0x00,0x00,0x00,0x00,0x00,0x00,0x00,0x00,0x00,0x00,0x00,0x00,0x03,0x8d,0xff,
  0xff,0xff,0xff,0xd9,0x30,0x00,0x00,0x00,0x00,0x00,0x00,0x00,0x00,0x00,0x05,0xcf,0xff,0xff,0xff,0xff,0xff,0xff,0xfc,0x30,
  0x00,0x00,0x00,0x00,0x00,0x00,0x00,0x02,0xbf,0xff,0xff,0xff,0xff,0xff,0xff,0xff,0xff,0xfa,0x00,0x00,0x00,0x00,0x00,0x00,
  0x00,0x5f,0xff,0xff,0xff,0xff,0xff,0xff,0xff,0xff,0xff,0xff,0xd2,0x00,0x00,0x00,0x00,0x00,0x06,0xff,0xff,0xff,0xff,0xff,
  0xff,0xff,0xff,0xff,0xff,0xff,0xfe,0x20,0x00,0x00,0x00,0x00,0x4f,0xff,0xff,0xff,0xff,0xff,0xff,0xff,0xff,0xff,0xff,0xff,
  0xff,0xe2,0x00,0x00,0x00,0x02,0xff,0xff,0xff,0xff,0xff,0xff,0xff,0xff,0xff,0xff,0xff,0xff,0xff,0xfd,0x00,0x00,0x00,0x0d,
  0xff,0xff,0xff,0xff,0xff,0xff,0xff,0xff,0xff,0xff,0xff,0xff,0xff,0xff,0xa0,0x00,0x00,0xaf,0xff,0xff,0xff,0xff,0xff,0xff,
  0xff,0xff,0xff,0xff,0xff,0xff,0xff,0xff,0xf4,0x00,0x05,0xff,0xff,0xff,0xff,0xff,0xff,0xff,0xff,0xff,0xff,0xff,0xff,0xff,
  0xff,0xff,0xfe,0x00,0x0d,0xca,0xac,0xef,0xff,0xff,0xff,0xff,0xff,0xff,0xff,0xff,0xff,0xff,0xfe,0xba,0xad,0x80,0x52,0x00,
  0x00,0x02,0x7d,0xff,0xff,0xca,0x9a,0xe9,0xad,0xff,0xff,0xfa,0x30,0x00,0x00,0x60,0x10,0x00,0x00,0x00,0x00,0x9c,0x40,0x00,
  0x04,0xc0,0x00,0x15,0xbf,0x50,0x00,0x00,0x00,0x01,0x00,0x00,0x00,0x00,0x00,0x62,0x00,0x00,0x04,0xc0,0x00,0x00,0x09,0x00,
  0x00,0x00,0x00,0x00,0x00,0x00,0x00,0x00,0x00,0x00,0x00,0x00,0x04,0xc0,0x00,0x00,0x00,0x00,0x00,0x00,0x00,0x00,0x00,0x00,
  0x00,0x00,0x00,0x00,0x00,0x00,0x04,0xc0,0x00,0x00,0x00,0x00,0x00,0x00,0x00,0x00,0x00,0x00,0x00,0x00,0x00,0x00,0x00,0x00,
  0x04,0xc0,0x00,0x00,0x00,0x00,0x00,0x00,0x00,0x00,0x00,0x00,0x00,0x00,0x00,0x00,0x00,0x00,0x04,0xc0,0x00,0x00,0x00,0x00,
  0x00,0x00,0x00,0x00,0x00,0x00,0x00,0x00,0x00,0x00,0x00,0x00,0x04,0xc0,0x00,0x00,0x00,0x00,0x00,0x00,0x00,0x00,0x00,0x00,
  0x00,0x00,0x00,0x00,0x00,0x00,0x04,0xc0,0x00,0x00,0x00,0x00,0x00,0x00,0x00,0x00,0x00,0x00,0x00,0x00,0x00,0x00,0x00,0x00,
  0x04,0xc0,0x00,0x00,0x00,0x00,0x00,0x00,0x00,0x00,0x00,0x00,0x00,0x00,0x00,0x00,0x00,0x00,0x04,0xc0,0x00,0x00,0x00,0x00,
  0x00,0x00,0x00,0x00,0x00,0x00,0x00,0x00,0x00,0x00,0x00,0x00,0x04,0xc0,0x00,0x00,0x00,0x00,0x00,0x00,0x00,0x00,0x00,0x00,
  0x00,0x00,0x00,0x00,0x00,0x00,0x04,0xc0,0x00,0x00,0x00,0x00,0x00,0x00,0x00,0x00,0x00,0x00,0x00,0x00,0x00,0x00,0x00,0x00,
  0x04,0xc0,0x00,0x00,0x00,0x00,0x00,0x00,0x00,0x00,0x00,0x00,0x00,0x00,0x00,0x00,0x05,0x10,0x04,0xc0,0x00,0x00,0x00,0x00,
  0x00,0x00,0x00,0x00,0x00,0x00,0x00,0x00,0x00,0x00,0x0e,0x40,0x05,0xb0,0x00,0x00,0x00,0x00,0x00,0x00,0x00,0x00,0x00,0x00,
  0x00,0x00,0x00,0x00,0x09,0xa0,0x0b,0x70,0x00,0x00,0x00,0x00,0x00,0x00,0x00,0x00,0x00,0x00,0x00,0x00,0x00,0x00,0x00,0xad,
  0xc8,0x00,0x00,0x00,0x00,0x00,0x00,0x00,0x00,0x00,0x00,0x00,0x01,0x50,0x00,0x00,0x00,0x00,0x00,0x00,0x00,0x00,0x00,0x00,
  0x00,0x00,0x00,0x00,0x00,0x01,0x70,0x00,0x00,0x00,0x00,0x00,0x00,0x00,0x00,0x00,0x00,0x00,0x00,0x00,0x00,0x00,0x00,0x00,
  0x00,0x00,0x00,0x00,0x00,0x75,0x00,0x00,0x00,0x00,0x00,0x00,0x00,0x00,0x00,0x00,0x00,0x00,0x00,0x00,0x00,0x00,0x32,0x00,
  0x00,0x00,0x00,0x00,0x00,0x00,0x00,0x39,0x00,0x00,0x15,0x00,0x00,0x00,0x00,0x00,0x00,0x00,0x00,0x00,0x00,0x00,0x00,0x00,
  0x02,0x00,0x00,0x18,0x00,0x00,0x00,0x00,0x00,0x00,0x00,0x00,0x00,0x00,0x00,0x00,0x00,0x00,0x00,0x00,0x00,0x00,0x00,0x00,
  0x11,0x00,0x00,0x14,0x10,0x00,0x00,0x00,0x00,0x00,0x00,0x00,0x00,0x00,0x01,0x00,0x00,0x78,0x00,0x00,0x29,0x10,0x00,0x00,
  0x00,0x00,0x00,0x00,0x00,0x00,0x00,0x09,0x30,0x00,0x00,0x00,0x00,0x00,0x00,0x00,0x00,0x00,0x00,0x00,0x00,0x00,0x00,0x00,
  0x01,0x00,0x00,0x00,0x00,0x00,0x00,0x00,0x00,0x00,0x00,0x00,0x00,0x00,0x29,0x00,0x00,0x00,0x00,0x00,0x00,0x00,0x00,0x01,
  0x51,0x00,0x00,0x00,0x00,0x00,0x00,0x13,0x00,0x00,0x00,0x00,0x00,0x00,0x00,0x00,0x01,0x91,0x00,0x00,0x00,0x00,0x00,0x00,
  0x00,0x00,0x00,0x00,0x00,0x00,0x3b,0xff,0xb2,0x00,0x00,0x00,0x00,0x00,0x00,0x00,0x00,0x00,0x00,0x00,0x62,0x00,0x04,0xff,
  0xff,0xfe,0x10,0x00,0x00,0x00,0x00,0x00,0x00,0x00,0x00,0x00,0x00,0x83,0x00,0x0d,0xff,0xff,0xff,0x90,0x00,0x00,0x02,0x30,
  0x00,0x00,0x00,0x00,0x00,0x00,0x00,0x00,0x3f,0xb5,0x33,0x5b,0xf2,0x00,0x00,0x29,0xa3,0x00,0x00,0x00,0x00,0x00,0x00,0x00,
  0x00,0xd5,0x00,0x00,0x00,0x6c,0x00,0x00,0x29,0x93,0x00,0x00,0x00,0x00,0x00,0x00,0x00,0x05,0x90,0x10,0x00,0x01,0x0a,0x20,
  0x00,0x01,0x20,0x00,0x02,0x00,0x00,0x00,0x01,0x00,0x09,0x37,0xf2,0x00,0x6f,0x36,0x50,0x00,0x00,0x00,0x00,0x2b,0x20,0x00,
  0x00,0x57,0x40,0x0a,0x24,0xa0,0x00,0x3a,0x14,0x60,0x00,0x00,0x00,0x00,0x01,0x00,0x00,0x00,0x8d,0x40,0x08,0x30,0x20,0x00,
  0x02,0x05,0x50,0x03,0x20,0x00,0x00,0x00,0x00,0x00,0x00,0x48,0x40,0x04,0x70,0x8a,0x77,0xb5,0x09,0x10,0x3a,0x92,0x00,0x00,
  0x00,0x00,0x00,0x00,0x00,0x00,0x00,0xb0,0x01,0x44,0x10,0x29,0x00,0x3a,0x92,0x00,0x00,0x00,0x00,0x20,0x00,0x00,0x00,0x00,
  0x2a,0x00,0x00,0x01,0xa0,0x00,0x03,0x20,0x00,0x00,0x00,0x07,0x86,0x00,0x00,0x00,0x00,0x3a,0x91,0x00,0x3c,0x60,0x00,0x00,
  0x00,0x00,0x00,0x00,0x07,0xc4,0x00,0x00,0x00,0x4b,0x71,0x00,0x00,0x00,0x4b,0x70,0x00,0x00,0x00,0x00,0x00,0x01,0x71,0x00,
  0x00,0x08,0xc1,0x00,0x00,0x00,0x00,0x00,0x7c,0x20,0x00,0x17,0x10,0x00,0x00,0x00,0x00,0x00,0xab,0x00,0x00,0x00,0x00,0x00,
  0x00,0x04,0xe2,0x00,0x7c,0x50,0x00,0x01,0x00,0x00,0x07,0xd0,0x00,0x03,0x10,0x00,0x01,0x30,0x00,0x6d,0x00,0x79,0x60,0x02,
  0x37,0x40,0x00,0x1f,0x40,0x00,0x0e,0x90,0x00,0x0a,0xd0,0x00,0x0d,0x70,0x03,0x00,0x01,0xad,0x30,0x00,0x6e,0x00,0x00,0x03,
  0x10,0x00,0x01,0x20,0x00,0x07,0xd0,0x00,0x00,0x03,0x79,0x60,0x00,0xab,0x00,0x00,0x00,0x00,0x00,0x00,0x00,0x00,0x04,0xf1,
  0x00,0x00,0x00,0x03,0x00,0x00,0xbb,0x00,0x00,0x00,0x00,0x00,0x00,0x00,0x00,0x04,0xf2,0x00,0x00,0x00,0x00,0x00,0x00,0xac,
  0x00,0x00,0x05,0x30,0x00,0x03,0x50,0x00,0x05,0xf1,0x00,0x00,0x00,0x00,0x00,0x00,0x7f,0x10,0x00,0x0e,0x90,0x00,0x0a,0xd0,
  0x00,0x0a,0xe0,0x00,0x00,0x00,0x00,0x00,0x00,0x2f,0x80,0x00,0x00,0x00,0x00,0x00,0x00,0x00,0x2f,0x80,0x00,0x00,0x00,0x00,
  0x00,0x00,0x08,0xf4,0x00,0x00,0x00,0x00,0x00,0x00,0x00,0xce,0x10,0x00,0x00,0x00,0x00,0x00,0x00,0x00,0xbf,0x40,0x00,0x00,
  0x00,0x00,0x00,0x1b,0xf3,0x00,0x00,0x00,0x00,0x00,0x00,0x00,0x00,0x0a,0xf9,0x10,0x00,0x00,0x00,0x05,0xee,0x30,0x00,0x00,
  0x00,0x00,0x00,0x00,0x00,0x00,0x00,0x5e,0xfa,0x63,0x23,0x48,0xdf,0x91,0x00,0x00,0x00,0x00,0x00,0x00,0x00,0x00,0x00,0x00,
  0x00,0x49,0xde,0xff,0xeb,0x71,0x00,0x00,0x00,0x00,0x00,0x00,0x00,0x00,0x00,0x00,0x00,0x00,0x00,0x00,0x00,0x00,0x00,0x00,
  0x00,0x00,0x00,0x00,0x00,0x00,0x00,0x00,0x00,0x00,0x04,0x10,0x00,0x00,0x00,0x00,0x00,0x00,0x00,0x00,0x00,0x00,0x00,0x00,
  0x00,0x00,0x08,0x00,0x00,0x00,0x00,0x00,0x00,0x00,0x00,0x00,0x00,0x00,0x00,0x00,0x00,0x00,0x08,0x00,0x00,0x00,0x00,0x00,
  0x00,0x00,0x00,0x00,0x00,0x00,0x00,0x04,0x00,0x00,0x82,0x00,0x00,0x00,0x00,0x00,0x00,0x00,0x00,0x00,0x00,0x00,0x00,0x17,
  0x00,0x03,0x90,0x00,0x00,0x00,0x20,0x00,0x00,0x00,0x00,0x00,0x00,0x00,0x00,0x90,0x00,0x0c,0x10,0x00,0x00,0x00,0x70,0x00,
  0x00,0x00,0x00,0x00,0x00,0x00,0x0a,0x20,0x00,0x6a,0x00,0x00,0x00,0x01,0x70,0x00,0x00,0x00,0x00,0x00,0x00,0x00,0xa6,0x00,
  0x00,0xc5,0x00,0x00,0x00,0x09,0x10,0x00,0x00,0x00,0x00,0x00,0x00,0x03,0xe0,0x00,0x00,0xf2,0x00,0x00,0x00,0x75,0x00,0x00,
  0x00,0x00,0x00,0x00,0x00,0x07,0xb0,0x00,0x02,0xf0,0x00,0x00,0x04,0xc0,0x00,0x00,0x00,0x00,0x00,0x00,0x00,0x08,0xb0,0x00,
  0x03,0xf0,0x00,0x00,0x0c,0x50,0x00,0x00,0x00,0x00,0x00,0x00,0x00,0x05,0xd0,0x00,0x03,0xf0,0x00,0x00,0x1f,0x00,0x00,0x00,
  0x00,0x00,0x00,0x00,0x00,0x00,0xe3,0x00,0x01,0xf2,0x00,0x00,0x4e,0x00,0x00,0x00,0x00,0x00,0x00,0x00,0x00,0x00,0x5d,0x20,
  0x00,0xd6,0x00,0x00,0x6d,0x00,0x00,0x00,0x00,0x00,0x00,0x00,0x00,0x00,0x05,0xe4,0x00,0x8b,0x00,0x00,0x4f,0x00,0x00,0x00,
  0x00,0x00,0x00,0x00,0x00,0x00,0x00,0x4f,0x20,0x2f,0x40,0x00,0x1f,0x20,0x00,0x00,0x00,0x00,0x00,0x00,0x00,0x00,0x00,0x07,
  0x90,0x07,0xe2,0x00,0x0b,0x90,0x00,0x00,0x00,0x00,0x00,0x00,0x00,0x00,0x10,0x00,0xc0,0x00,0xad,0x00,0x03,0xf4,0x00,0x10,
  0x00,0x00,0x00,0x00,0x00,0x22,0x00,0x00,0x70,0x00,0x1f,0x60,0x00,0x5f,0x30,0x01,0x30,0x00,0x00,0x00,0x06,0x20,0x00,0x00,
  0x21,0x00,0x07,0xc0,0x00,0x06,0xf1,0x00,0x06,0x20,0x00,0x00,0x92,0x00,0x00,0x00,0x00,0x00,0x00,0xe0,0x00,0x00,0xb8,0x00,
  0x00,0x83,0x00,0x07,0x70,0x00,0x00,0x00,0x00,0x00,0x00,0xa3,0x00,0x00,0x2d,0x00,0x00,0x0d,0x00,0x0f,0x20,0x00,0x00,0x00,
  0x00,0x00,0x00,0x45,0x00,0x00,0x0b,0x10,0x00,0x0b,0x70,0x4f,0x20,0x00,0x00,0x00,0x00,0x00,0x00,0x16,0x00,0x00,0x05,0x30,
  0x00,0x0b,0xb0,0x4f,0x70,0x00,0x00,0x00,0x00,0x00,0x00,0x05,0x00,0x00,0x01,0x40,0x00,0x0f,0xc0,0x1f,0xf2,0x00,0x00,0x00,
  0x00,0x00,0x00,0x00,0x00,0x00,0x00,0x10,0x00,0x9f,0x80,0x09,0xfd,0x20,0x00,0x00,0x00,0x00,0x00,0x00,0x00,0x00,0x00,0x00,
  0x08,0xff,0x10,0x00,0xdf,0xf7,0x00,0x00,0x00,0x00,0x00,0x00,0x00,0x00,0x00,0x03,0xcf,0xf5,0x00,0x00,0x1b,0xff,0xe8,0x20,
  0x00,0x00,0x00,0x00,0x00,0x00,0x05,0xbf,0xff,0x40,0x00,0x00,0x00,0x6e,0xff,0xfe,0xb8,0x54,0x32,0x23,0x46,0x9d,0xff,0xff,
  0xa1,0x00,0x00,0x00,0x00,0x00,0x6c,0xff,0xff,0xff,0xff,0xff,0xff,0xff,0xfe,0x92,0x00,0x00,0x00,0x00,0x00,0x00,0x00,0x15,
  0x8b,0xdf,0xff,0xff,0xec,0x96,0x30,0x00,0x00,0x00,0x00,0x00,0x00,0x00,0x00,0x00,0x00,0x00,0x00,0x00,0x00,0x00,0x00,0x00,
  0x00,0x00,0x00,0x00,0x00,0x00,0x00,0x00,0x00,0x00,0x00,0x03,0x45,0x54,0x20,0x00,0x00,0x00,0x00,0x00,0x00,0x00,0x00,0x00,
  0x00,0x00,0x00,0x00,0x00,0x04,0x9d,0xff,0xff,0xff,0xff,0xd9,0x30,0x00,0x00,0x00,0x00,0x00,0x00,0x00,0x00,0x00,0x00,0x00,
  0x07,0xef,0xff,0xff,0xff,0xff,0xff,0xff,0xfd,0x60,0x00,0x00,0x00,0x00,0x00,0x00,0x00,0x00,0x00,0x04,0xef,0xff,0xff,0xeb,
  0x98,0x89,0xbe,0xff,0xff,0xfd,0x30,0x00,0x00,0x00,0x00,0x00,0x00,0x00,0x00,0x9f,0xff,0xfc,0x71,0x00,0x00,0x00,0x00,0x27,
  0xdf,0xff,0xf8,0x00,0x00,0x00,0x00,0x00,0x00,0x00,0x1c,0xff,0xfd,0x40,0x00,0x00,0x00,0x00,0x00,0x00,0x05,0xef,0xff,0xa0,
  0x00,0x00,0x00,0x00,0x00,0x01,0xdf,0xff,0x80,0x00,0x00,0x00,0x00,0x00,0x00,0x00,0x00,0x09,0xff,0xfb,0x00,0x00,0x00,0x00,
  0x00,0x0c,0xff,0xf4,0x00,0x00,0x00,0x00,0x00,0x00,0x00,0x00,0x00,0x00,0x6f,0xff,0xa0,0x00,0x00,0x00,0x00,0x9f,0xff,0x30,
  0x00,0x00,0x00,0x00,0x00,0x00,0x00,0x00,0x00,0x00,0x05,0xff,0xf7,0x00,0x00,0x00,0x04,0xff,0xf4,0x00,0x00,0x00,0x00,0x00,
  0x00,0x00,0x00,0x00,0x00,0x00,0x00,0x6f,0xff,0x30,0x00,0x00,0x0e,0xff,0x80,0x00,0x00,0x00,0x00,0x00,0x00,0x00,0x00,0x00,
  0x00,0x00,0x00,0x0a,0xff,0xc0,0x00,0x00,0x7f,0xfd,0x00,0x00,0x00,0x9d,0xc5,0x00,0x00,0x00,0x00,0x5c,0xd9,0x10,0x00,0x01,
  0xef,0xf4,0x00,0x00,0xef,0xf4,0x00,0x00,0x0b,0xff,0xff,0x40,0x00,0x00,0x04,0xff,0xff,0xb0,0x00,0x00,0x6f,0xfc,0x00,0x04,
  0xff,0xd0,0x00,0x00,0x1f,0xff,0xff,0xb0,0x00,0x00,0x0a,0xff,0xff,0xf2,0x00,0x00,0x0e,0xff,0x20,0x09,0xff,0x70,0x00,0x00,
  0x1f,0xff,0xff,0xb0,0x00,0x00,0x0b,0xff,0xff,0xf2,0x00,0x00,0x09,0xff,0x70,0x0d,0xff,0x20,0x00,0x00,0x0c,0xff,0xff,0x60,
  0x00,0x00,0x05,0xff,0xff,0xd0,0x00,0x00,0x04,0xff,0xb0,0x0f,0xfe,0x00,0x00,0x00,0x01,0xbf,0xf8,0x00,0x00,0x00,0x00,0x7f,
  0xfc,0x20,0x00,0x00,0x00,0xff,0xe0,0x3f,0xfb,0x00,0x00,0x00,0x00,0x00,0x00,0x00,0x00,0x00,0x00,0x00,0x00,0x00,0x00,0x00,
  0x00,0xef,0xf0,0x4f,0xf9,0x00,0x00,0x00,0x00,0x00,0x00,0x00,0x00,0x00,0x00,0x00,0x00,0x00,0x00,0x00,0x00,0xcf,0xf2,0x5f,
  0xf9,0x00,0x00,0x00,0x00,0x00,0x00,0x00,0x00,0x00,0x00,0x00,0x00,0x00,0x00,0x00,0x00,0xbf,0xf3,0x5f,0xf9,0x00,0x00,0x00,
  0x00,0x00,0x00,0x00,0x00,0x00,0x00,0x00,0x00,0x00,0x00,0x00,0x00,0xbf,0xf3,0x4f,0xf9,0x00,0x00,0x00,0x00,0x00,0x00,0x00,
  0x00,0x00,0x00,0x00,0x00,0x00,0x00,0x00,0x00,0xcf,0xf2,0x2f,0xfb,0x00,0x00,0x00,0x00,0x00,0x00,0x00,0x00,0x00,0x00,0x00,
  0x00,0x00,0x00,0x00,0x00,0xef,0xf0,0x0f,0xfe,0x00,0x00,0x00,0x00,0x00,0x00,0x00,0x00,0x00,0x00,0x00,0x00,0x00,0x00,0x00,
  0x00,0xff,0xe0,0x0d,0xff,0x20,0x00,0x00,0x22,0x00,0x00,0x00,0x00,0x00,0x00,0x00,0x00,0x32,0x00,0x00,0x04,0xff,0xb0,0x09,
  0xff,0x70,0x00,0x08,0xfd,0x10,0x00,0x00,0x00,0x00,0x00,0x00,0x01,0xef,0x70,0x00,0x09,0xff,0x70,0x03,0xff,0xd0,0x00,0x1e,
  0xff,0xc1,0x00,0x00,0x00,0x00,0x00,0x00,0x2d,0xff,0xd0,0x00,0x0f,0xff,0x10,0x00,0xdf,0xf5,0x00,0x04,0xff,0xfe,0x30,0x00,
  0x00,0x00,0x00,0x04,0xef,0xff,0x20,0x00,0x7f,0xfb,0x00,0x00,0x6f,0xfe,0x00,0x00,0x4f,0xff,0xfb,0x40,0x00,0x00,0x05,0xcf,
  0xff,0xe3,0x00,0x01,0xff,0xf4,0x00,0x00,0x0d,0xff,0x90,0x00,0x03,0xef,0xff,0xff,0xdb,0xcd,0xff,0xff,0xfd,0x20,0x00,0x0b,
  0xff,0xb0,0x00,0x00,0x04,0xff,0xf6,0x00,0x00,0x08,0xff,0xff,0xff,0xff,0xff,0xfe,0x70,0x00,0x00,0x8f,0xff,0x20,0x00,0x00,
  0x00,0x8f,0xff,0x50,0x00,0x00,0x17,0xbf,0xff,0xff,0xfb,0x61,0x00,0x00,0x07,0xff,0xf6,0x00,0x00,0x00,0x00,0x0b,0xff,0xf6,
  0x00,0x00,0x00,0x00,0x12,0x21,0x00,0x00,0x00,0x00,0x8f,0xff,0x90,0x00,0x00,0x00,0x00,0x00,0xbf,0xff,0xa1,0x00,0x00,0x00,
  0x00,0x00,0x00,0x00,0x00,0x1b,0xff,0xfa,0x00,0x00,0x00,0x00,0x00,0x00,0x0a,0xff,0xfe,0x60,0x00,0x00,0x00,0x00,0x00,0x00,
  0x07,0xff,0xff,0x90,0x00,0x00,0x00,0x00,0x00,0x00,0x00,0x7f,0xff,0xfe,0x94,0x00,0x00,0x00,0x00,0x49,0xff,0xff,0xf6,0x00,
  0x00,0x00,0x00,0x00,0x00,0x00,0x00,0x03,0xcf,0xff,0xff,0xfd,0xbb,0xbb,0xdf,0xff,0xff,0xfb,0x20,0x00,0x00,0x00,0x00,0x00,
  0x00,0x00,0x00,0x00,0x05,0xcf,0xff,0xff,0xff,0xff,0xff,0xff,0xfb,0x40,0x00,0x00,0x00,0x00,0x00,0x00,0x00,0x00,0x00,0x00,
  0x00,0x02,0x7b,0xef,0xff,0xff,0xfe,0xb7,0x10,0x00,0x00,0x00,0x00,0x00,0x00,0x00,0x00,0x00,0x00,0x00,0x00,0x00,0x00,0x01,
  0x23,0x32,0x00,0x00,0x00,0x00,0x00,0x00,0x00,0x00,0x00,0x00,0x00,0x00,0x00,0x00,0x00,0x00,0x00,0x03,0x45,0x54,0x20,0x00,
  0x00,0x00,0x00,0x00,0x00,0x00,0x00,0x00,0x00,0x00,0x00,0x00,0x00,0x04,0x9d,0xff,0xff,0xff,0xff,0xd9,0x30,0x00,0x00,0x00,
  0x00,0x00,0x00,0x00,0x00,0x00,0x00,0x00,0x07,0xef,0xff,0xff,0xff,0xff,0xff,0xff,0xfd,0x60,0x00,0x00,0x00,0x00,0x00,0x00,
  0x00,0x00,0x00,0x04,0xef,0xff,0xff,0xff,0xff,0xff,0xff,0xff,0xff,0xfd,0x30,0x00,0x00,0x00,0x00,0x00,0x00,0x00,0x00,0x9f,
  0xff,0xff,0xff,0xff,0xff,0xff,0xff,0xff,0xff,0xff,0xf8,0x00,0x00,0x00,0x00,0x00,0x00,0x00,0x1c,0xff,0xff,0xff,0xff,0xff,
  0xff,0xff,0xff,0xff,0xff,0xff,0xff,0xa0,0x00,0x00,0x00,0x00,0x00,0x01,0xdf,0xff,0xff,0xff,0xff,0xff,0xff,0xff,0xff,0xff,
  0xff,0xff,0xff,0xfb,0x00,0x00,0x00,0x00,0x00,0x0c,0xff,0xff,0xff,0xff,0xff,0xff,0xff,0xff,0xff,0xff,0xff,0xff,0xff,0xff,
  0xa0,0x00,0x00,0x00,0x00,0x9f,0xff,0xff,0xff,0xff,0xff,0xff,0xff,0xff,0xff,0xff,0xff,0xff,0xff,0xff,0xf7,0x00,0x00,0x00,
  0x04,0xff,0xff,0xff,0xff,0xff,0xff,0xff,0xff,0xff,0xff,0xff,0xff,0xff,0xff,0xff,0xff,0x30,0x00,0x00,0x0e,0xff,0xff,0xff,
  0xff,0xff,0xff,0xff,0xff,0xff,0xff,0xff,0xff,0xff,0xff,0xff,0xff,0xc0,0x00,0x00,0x7f,0xff,0xff,0xff,0xff,0x62,0x3a,0xff,
  0xff,0xff,0xff,0xa3,0x26,0xef,0xff,0xff,0xff,0xf4,0x00,0x00,0xef,0xff,0xff,0xff,0xf4,0x00,0x00,0xbf,0xff,0xff,0xfb,0x00,
  0x00,0x4f,0xff,0xff,0xff,0xfc,0x00,0x04,0xff,0xff,0xff,0xff,0xe0,0x00,0x00,0x4f,0xff,0xff,0xf5,0x00,0x00,0x0d,0xff,0xff,
  0xff,0xff,0x20,0x09,0xff,0xff,0xff,0xff,0xe0,0x00,0x00,0x4f,0xff,0xff,0xf4,0x00,0x00,0x0d,0xff,0xff,0xff,0xff,0x70,0x0d,
  0xff,0xff,0xff,0xff,0xf3,0x00,0x00,0x9f,0xff,0xff,0xfa,0x00,0x00,0x2f,0xff,0xff,0xff,0xff,0xb0,0x0f,0xff,0xff,0xff,0xff,
  0xfe,0x40,0x07,0xff,0xff,0xff,0xff,0x80,0x03,0xdf,0xff,0xff,0xff,0xff,0xe0,0x3f,0xff,0xff,0xff,0xff,0xff,0xff,0xff,0xff,
  0xff,0xff,0xff,0xff,0xff,0xff,0xff,0xff,0xff,0xff,0xf0,0x4f,0xff,0xff,0xff,0xff,0xff,0xff,0xff,0xff,0xff,0xff,0xff,0xff,
  0xff,0xff,0xff,0xff,0xff,0xff,0xf2,0x5f,0xff,0xff,0xff,0xff,0xff,0xff,0xff,0xff,0xff,0xff,0xff,0xff,0xff,0xff,0xff,0xff,
  0xff,0xff,0xf3,0x5f,0xff,0xff,0xff,0xff,0xff,0xff,0xff,0xff,0xff,0xff,0xff,0xff,0xff,0xff,0xff,0xff,0xff,0xff,0xf3,0x4f,
  0xff,0xff,0xff,0xff,0xff,0xff,0xff,0xff,0xff,0xff,0xff,0xff,0xff,0xff,0xff,0xff,0xff,0xff,0xf2,0x2f,0xff,0xff,0xff,0xff,
  0xff,0xff,0xff,0xff,0xff,0xff,0xff,0xff,0xff,0xff,0xff,0xff,0xff,0xff,0xf0,0x0f,0xff,0xff,0xff,0xff,0xff,0xff,0xff,0xff,
  0xff,0xff,0xff,0xff,0xff,0xff,0xff,0xff,0xff,0xff,0xe0,0x0d,0xff,0xff,0xff,0xff,0xdd,0xff,0xff,0xff,0xff,0xff,0xff,0xff,
  0xff,0xcd,0xff,0xff,0xff,0xff,0xb0,0x09,0xff,0xff,0xff,0xf7,0x02,0xef,0xff,0xff,0xff,0xff,0xff,0xff,0xfe,0x10,0x8f,0xff,
  0xff,0xff,0x70,0x03,0xff,0xff,0xff,0xe1,0x00,0x3e,0xff,0xff,0xff,0xff,0xff,0xff,0xd2,0x00,0x2f,0xff,0xff,0xff,0x10,0x00,
  0xdf,0xff,0xff,0xfb,0x00,0x01,0xcf,0xff,0xff,0xff,0xff,0xfb,0x10,0x00,0xdf,0xff,0xff,0xfb,0x00,0x00,0x6f,0xff,0xff,0xff,
  0xb0,0x00,0x04,0xbf,0xff,0xff,0xfa,0x30,0x00,0x1c,0xff,0xff,0xff,0xf4,0x00,0x00,0x0d,0xff,0xff,0xff,0xfc,0x10,0x00,0x00,
  0x24,0x32,0x00,0x00,0x02,0xdf,0xff,0xff,0xff,0xb0,0x00,0x00,0x04,0xff,0xff,0xff,0xff,0xf7,0x00,0x00,0x00,0x00,0x00,0x01,
  0x8f,0xff,0xff,0xff,0xff,0x20,0x00,0x00,0x00,0x8f,0xff,0xff,0xff,0xff,0xe9,0x40,0x00,0x00,0x04,0x9e,0xff,0xff,0xff,0xff,
  0xf6,0x00,0x00,0x00,0x00,0x0b,0xff,0xff,0xff,0xff,0xff,0xff,0xed,0xde,0xff,0xff,0xff,0xff,0xff,0xff,0x90,0x00,0x00,0x00,
  0x00,0x00,0xbf,0xff,0xff,0xff,0xff,0xff,0xff,0xff,0xff,0xff,0xff,0xff,0xff,0xfa,0x00,0x00,0x00,0x00,0x00,0x00,0x0a,0xff,
  0xff,0xff,0xff,0xff,0xff,0xff,0xff,0xff,0xff,0xff,0xff,0x90,0x00,0x00,0x00,0x00,0x00,0x00,0x00,0x7f,0xff,0xff,0xff,0xff,
  0xff,0xff,0xff,0xff,0xff,0xff,0xf6,0x00,0x00,0x00,0x00,0x00,0x00,0x00,0x00,0x03,0xcf,0xff,0xff,0xff,0xff,0xff,0xff,0xff,
  0xff,0xfb,0x20,0x00,0x00,0x00,0x00,0x00,0x00,0x00,0x00,0x00,0x05,0xcf,0xff,0xff,0xff,0xff,0xff,0xff,0xfb,0x40,0x00,0x00,
  0x00,0x00,0x00,0x00,0x00,0x00,0x00,0x00,0x00,0x02,0x7b,0xef,0xff,0xff,0xfe,0xb7,0x10,0x00,0x00,0x00,0x00,0x00,0x00,0x00,
  0x00,0x00,0x00,0x00,0x00,0x00,0x00,0x01,0x23,0x32,0x00,0x00,0x00,0x00,0x00,0x00,0x00,0x00,0x00,0x00,0x00,0x00,0x00,0x00,
  0x00,0x00,0x00,0x00,0x03,0x8a,0xb2,0x00,0x00,0x00,0x00,0x00,0x00,0x00,0x00,0x00,0x9f,0xff,0xe1,0x00,0x00,0x00,0x00,0x00,
  0x00,0x00,0x00,0x09,0xff,0xff,0x30,0x00,0x00,0x00,0x00,0x00,0x00,0x00,0x00,0x6f,0xff,0xf6,0x00,0x00,0x00,0x00,0x00,0x00,
  0x00,0x00,0x03,0xff,0xff,0x90,0x00,0x00,0x00,0x00,0x00,0x00,0x00,0x00,0x1e,0xff,0xfc,0x00,0x00,0x00,0x00,0x00,0x00,0x00,
  0x00,0x00,0xbf,0xff,0xe1,0x00,0x00,0x00,0x00,0x00,0x00,0x00,0x00,0x07,0xff,0xff,0x30,0x00,0x00,0x00,0x00,0x00,0x00,0x00,
  0x00,0x3f,0xff,0xf7,0x00,0x00,0x00,0x00,0x00,0x00,0x00,0x00,0x00,0xdf,0xff,0xa0,0x00,0x00,0x00,0x00,0x00,0x00,0x00,0x00,
  0x09,0xff,0xfd,0x00,0x00,0x00,0x00,0x00,0x00,0x00,0x00,0x00,0x4f,0xff,0xf3,0x00,0x00,0x00,0x00,0x00,0x00,0x00,0x00,0x01,
  0xef,0xff,0x60,0x00,0x00,0x00,0x00,0x00,0x00,0x00,0x00,0x0a,0xff,0xfb,0x00,0x00,0x00,0x00,0x00,0x02,0xbf,0x90,0x00,0x4f,
  0xff,0xe1,0x00,0x00,0x00,0x00,0x00,0x2f,0xff,0xf1,0x00,0xef,0xff,0x50,0x00,0x00,0x00,0x00,0x00,0x5f,0xff,0xf6,0x09,0xff,
  0xf9,0x00,0x00,0x00,0x00,0x00,0x00,0x2f,0xff,0xfd,0x5f,0xff,0xd0,0x00,0x00,0x00,0x00,0x00,0x00,0x0d,0xff,0xff,0xff,0xff,
  0x30,0x00,0x00,0x00,0x00,0x00,0x00,0x08,0xff,0xff,0xff,0xf9,0x00,0x00,0x00,0x00,0x00,0x00,0x00,0x03,0xff,0xff,0xff,0xd0,
  0x00,0x00,0x00,0x00,0x00,0x00,0x00,0x00,0xdf,0xff,0xff,0x40,0x00,0x00,0x00,0x00,0x00,0x00,0x00,0x00,0x6f,0xff,0xf9,0x00,
  0x00,0x00,0x00,0x00,0x00,0x00,0x00,0x00,0x09,0xbb,0x80,0x00,0x00,0x00,0x00,0x00,0x00,0x00,0x00,0x00,0x00,0x00,0x00,0x00,
  0x00,0x00,0x00,0x00,0x00,0x17,0xbc,0xbb,0x60,0x00,0x00,0x00,0x00,0x00,0x00,0x00,0x00,0x00,0x08,0xff,0xff,0xff,0x70,0x00,
  0x00,0x00,0x00,0x00,0x00,0x00,0x00,0x01,0xcf,0xff,0xff,0xfb,0x00,0x00,0x00,0x00,0x00,0x00,0x00,0x00,0x00,0x2e,0xff,0xff,
  0xff,0xd0,0x00,0x00,0x00,0x00,0x00,0x00,0x00,0x00,0x03,0xef,0xff,0xff,0xfe,0x10,0x00,0x00,0x00,0x00,0x00,0x00,0x00,0x00,
  0x2e,0xff,0xff,0xff,0xf2,0x00,0x00,0x00,0x00,0x00,0x00,0x00,0x00,0x02,0xef,0xff,0xff,0xff,0x40,0x00,0x00,0x00,0x00,0x00,
  0x00,0x00,0x00,0x1d,0xff,0xff,0xff,0xf6,0x00,0x00,0x00,0x00,0x00,0x00,0x00,0x00,0x00,0xbf,0xff,0xff,0xff,0x90,0x00,0x00,
  0x00,0x00,0x00,0x00,0x00,0x00,0x08,0xff,0xff,0xff,0xfb,0x00,0x00,0x00,0x00,0x00,0x00,0x00,0x00,0x00,0x5f,0xff,0xff,0xff,
  0xd0,0x00,0x00,0x00,0x00,0x01,0x7d,0xf9,0x00,0x02,0xff,0xff,0xff,0xfe,0x20,0x00,0x00,0x00,0x00,0x5f,0xff,0xff,0x10,0x0c,
  0xff,0xff,0xff,0xf4,0x00,0x00,0x00,0x00,0x00,0xdf,0xff,0xff,0x60,0x8f,0xff,0xff,0xff,0x60,0x00,0x00,0x00,0x00,0x00,0xdf,
  0xff,0xff,0xd5,0xff,0xff,0xff,0xf9,0x00,0x00,0x00,0x00,0x00,0x00,0xbf,0xff,0xff,0xff,0xff,0xff,0xff,0xc0,0x00,0x00,0x00,
  0x00,0x00,0x00,0x8f,0xff,0xff,0xff,0xff,0xff,0xfe,0x10,0x00,0x00,0x00,0x00,0x00,0x00,0x4f,0xff,0xff,0xff,0xff,0xff,0xf4,
  0x00,0x00,0x00,0x00,0x00,0x00,0x00,0x0f,0xff,0xff,0xff,0xff,0xff,0x80,0x00,0x00,0x00,0x00,0x00,0x00,0x00,0x0a,0xff,0xff,
  0xff,0xff,0xfc,0x00,0x00,0x00,0x00,0x00,0x00,0x00,0x00,0x04,0xff,0xff,0xff,0xff,0xf2,0x00,0x00,0x00,0x00,0x00,0x00,0x00,
  0x00,0x00,0xdf,0xff,0xff,0xff,0x60,0x00,0x00,0x00,0x00,0x00,0x00,0x00,0x00,0x00,0x6f,0xff,0xff,0xfc,0x00,0x00,0x00,0x00,
  0x00,0x00,0x00,0x00,0x00,0x00,0x09,0xff,0xff,0xa1,0x00,0x00,0x00,0x00,0x00,0x00,0x00,0x00,0x00,0x00,0x00,0x02,0x10,0x00,
  0x00,0x00,0x00,0x00,0x00,0x00,0x00,0x00,0x00,0x00,0x00,0x00,0x00,0x00,0x00,0x00,0x00,0x00,0x00,0x00,0x10,0x00,0x00,0x00,
  0x00,0x00,0x00,0x00,0x00,0x00,0x00,0x00,0x0a,0xf5,0xe7,0x00,0x00,0x00,0x05,0x3b,0xb0,0x00,0x00,0x00,0x00,0xaf,0xff,0xfc,
  0x00,0x00,0x00,0x2f,0xff,0xf5,0x00,0x00,0x00,0x0a,0xff,0xff,0xf4,0x00,0x00,0x00,0x2f,0xff,0xfb,0x00,0x00,0x00,0x9f,0xff,
  0xff,0x60,0x00,0x00,0x00,0x0e,0xff,0xff,0x10,0x00,0x07,0xff,0xff,0xf8,0x00,0x00,0x00,0x00,0x09,0xff,0xff,0x70,0x00,0x5f,
  0xff,0xff,0xa0,0x00,0x00,0x00,0x00,0x04,0xff,0xff,0xe0,0x03,0xff,0xff,0xfc,0x00,0x00,0x00,0x00,0x00,0x00,0xef,0xff,0xf8,
  0x1e,0xff,0xff,0xe1,0x00,0x00,0x00,0x00,0x00,0x00,0x9f,0xff,0xff,0xcf,0xff,0xff,0x30,0x00,0x00,0x00,0x00,0x00,0x00,0x3f,
  0xff,0xff,0xff,0xff,0xf6,0x00,0x00,0x00,0x00,0x00,0x00,0x00,0x0c,0xff,0xff,0xff,0xff,0xa0,0x00,0x00,0x00,0x00,0x00,0x00,
  0x00,0x06,0xff,0xff,0xff,0xfd,0x00,0x00,0x00,0x00,0x00,0x00,0x00,0x00,0x00,0xff,0xff,0xff,0xf2,0x00,0x00,0x00,0x00,0x00,
  0x00,0x00,0x00,0x00,0xcf,0xff,0xff,0xe0,0x00,0x00,0x00,0x00,0x00,0x00,0x00,0x00,0x07,0xff,0xff,0xff,0xf5,0x00,0x00,0x00,
  0x00,0x00,0x00,0x00,0x00,0x5f,0xff,0xff,0xff,0xfc,0x00,0x00,0x00,0x00,0x00,0x00,0x00,0x02,0xff,0xff,0xff,0xff,0xff,0x40,
  0x00,0x00,0x00,0x00,0x00,0x00,0x0d,0xff,0xff,0xff,0xff,0xff,0xc0,0x00,0x00,0x00,0x00,0x00,0x00,0xaf,0xff,0xff,0xce,0xff,
  0xff,0xf4,0x00,0x00,0x00,0x00,0x00,0x06,0xff,0xff,0xff,0x25,0xff,0xff,0xfc,0x00,0x00,0x00,0x00,0x00,0x2f,0xff,0xff,0xf5,
  0x00,0xbf,0xff,0xff,0x60,0x00,0x00,0x00,0x00,0xdf,0xff,0xff,0xa0,0x00,0x2f,0xff,0xff,0xe0,0x00,0x00,0x00,0x09,0xff,0xff,
  0xfe,0x10,0x00,0x06,0xff,0xff,0xf8,0x00,0x00,0x00,0x3f,0xff,0xff,0xf4,0x00,0x00,0x00,0xbf,0xff,0xf9,0x00,0x00,0x00,0xdf,
  0xff,0xff,0xa0,0x00,0x00,0x00,0x1e,0xff,0xb0,0x00,0x00,0x09,0xff,0xff,0xfe,0x10,0x00,0x00,0x00,0x04,0xff,0x70,0x00,0x00,
  0x3f,0xff,0xff,0xf5,0x00,0x00,0x00,0x00,0x00,0x59,0x10,0x00,0x00,0xaf,0xff,0xff,0xb0,0x00,0x00,0x00,0x00,0x00,0x00,0x00,
  0x00,0x00,0xcf,0xff,0xff,0x20,0x00,0x00,0x00,0x00,0x00,0x00,0x00,0x00,0x00,0xdf,0xff,0xf7,0x00,0x00,0x00,0x00,0x00,0x00,
  0x00,0x00,0x00,0x00,0x9f,0xff,0xd0,0x00,0x00,0x00,0x00,0x00,0x00,0x00,0x00,0x00,0x00,0x0c,0xff,0x30,0x00,0x00,0x00,0x00,
  0x00,0x00,0x00,0x00,0x00,0x00,0x01,0x51,0x00,0x00,0x00,0x00,0x00,0x00,0x00,0x00,0x00,0x00,0x00,0x00,0x00,0x00,0x00,0x00,
  0x00,0x00,0x00,0x00,0x00,0x00,0x02,0x70,0x00,0x00,0x00,0x00,0x00,0x00,0x00,0x00,0x00,0x00,0x00,0x00,0x00,0x2e,0xfb,0x00,
  0x00,0x00,0x00,0x00,0x77,0x00,0x00,0x00,0x00,0x00,0x00,0x03,0xef,0xff,0x20,0x00,0x00,0x04,0x72,0xff,0x50,0x00,0x00,0x00,
  0x00,0x00,0x4f,0xff,0xff,0xfc,0x00,0x00,0x0e,0xff,0xff,0xe0,0x00,0x00,0x00,0x00,0x04,0xff,0xff,0xff,0xff,0x20,0x00,0x3f,
  0xff,0xff,0xf8,0x00,0x00,0x00,0x00,0x5f,0xff,0xff,0xff,0xfb,0x00,0x00,0x2f,0xff,0xff,0xff,0x20,0x00,0x00,0x04,0xff,0xff,
  0xff,0xff,0xa0,0x00,0x00,0x0d,0xff,0xff,0xff,0xc0,0x00,0x00,0x4f,0xff,0xff,0xff,0xfa,0x00,0x00,0x00,0x07,0xff,0xff,0xff,
  0xf8,0x00,0x03,0xff,0xff,0xff,0xff,0xa0,0x00,0x00,0x00,0x01,0xff,0xff,0xff,0xff,0x40,0x2e,0xff,0xff,0xff,0xfb,0x00,0x00,
  0x00,0x00,0x00,0xaf,0xff,0xff,0xff,0xe3,0xef,0xff,0xff,0xff,0xc0,0x00,0x00,0x00,0x00,0x00,0x3f,0xff,0xff,0xff,0xff,0xff,
  0xff,0xff,0xfd,0x10,0x00,0x00,0x00,0x00,0x00,0x0c,0xff,0xff,0xff,0xff,0xff,0xff,0xff,0xe2,0x00,0x00,0x00,0x00,0x00,0x00,
  0x04,0xff,0xff,0xff,0xff,0xff,0xff,0xff,0x40,0x00,0x00,0x00,0x00,0x00,0x00,0x00,0xbf,0xff,0xff,0xff,0xff,0xff,0xf7,0x00,
  0x00,0x00,0x00,0x00,0x00,0x00,0x00,0x3f,0xff,0xff,0xff,0xff,0xff,0xa0,0x00,0x00,0x00,0x00,0x00,0x00,0x00,0x00,0x09,0xff,
  0xff,0xff,0xff,0xfd,0x00,0x00,0x00,0x00,0x00,0x00,0x00,0x00,0x00,0x04,0xff,0xff,0xff,0xff,0xff,0x20,0x00,0x00,0x00,0x00,
  0x00,0x00,0x00,0x00,0x2e,0xff,0xff,0xff,0xff,0xff,0xd0,0x00,0x00,0x00,0x00,0x00,0x00,0x00,0x01,0xdf,0xff,0xff,0xff,0xff,
  0xff,0xfa,0x00,0x00,0x00,0x00,0x00,0x00,0x00,0x0c,0xff,0xff,0xff,0xff,0xff,0xff,0xff,0x60,0x00,0x00,0x00,0x00,0x00,0x00,
  0xaf,0xff,0xff,0xff,0xff,0xff,0xff,0xff,0xf3,0x00,0x00,0x00,0x00,0x00,0x08,0xff,0xff,0xff,0xff,0xff,0xff,0xff,0xff,0xfe,
  0x20,0x00,0x00,0x00,0x00,0x5f,0xff,0xff,0xff,0xff,0xff,0xff,0xff,0xff,0xff,0xd1,0x00,0x00,0x00,0x02,0xff,0xff,0xff,0xff,
  0xf9,0x8f,0xff,0xff,0xff,0xff,0xfc,0x00,0x00,0x00,0x0d,0xff,0xff,0xff,0xff,0xb0,0x0d,0xff,0xff,0xff,0xff,0xff,0x40,0x00,
  0x00,0x7f,0xff,0xff,0xff,0xfd,0x00,0x03,0xff,0xff,0xff,0xff,0xff,0x20,0x00,0x00,0x6f,0xff,0xff,0xff,0xe2,0x00,0x00,0x7f,
  0xff,0xff,0xff,0xc4,0x00,0x00,0x00,0x0f,0xff,0xff,0xff,0x30,0x00,0x00,0x0b,0xff,0xff,0xff,0x30,0x00,0x00,0x00,0x5f,0xff,
  0xff,0xf6,0x00,0x00,0x00,0x00,0xdf,0xfb,0xea,0x00,0x00,0x00,0x00,0x1e,0xff,0xff,0xa0,0x00,0x00,0x00,0x00,0x19,0x60,0x00,
  0x00,0x00,0x00,0x00,0x01,0x7b,0xfd,0x00,0x00,0x00,0x00,0x00,0x00,0x00,0x00,0x00,0x00,0x00,0x00,0x00,0x02,0xe3,0x00,0x00,
  0x00,0x00,0x00,0x00,0x00,0x00,0x00,0x00,0x00,0x00,0x00,0x00,0x00,0x00,0x00,0x00,0x23,0x43,0x10,0x00,0x00,0x00,0x00,0x00,
  0x00,0x00,0x00,0x00,0x00,0x16,0xbf,0xff,0xff,0xff,0xb5,0x00,0x00,0x00,0x00,0x00,0x00,0x00,0x00,0x07,0xff,0xff,0xff,0xff,
  0xff,0xff,0xe6,0x00,0x00,0x00,0x00,0x00,0x00,0x02,0xdf,0xff,0xff,0xff,0xff,0xff,0xff,0xff,0xc1,0x00,0x00,0x00,0x00,0x00,
  0x4f,0xff,0xff,0xa6,0x20,0x00,0x26,0xbf,0xff,0xfe,0x20,0x00,0x00,0x00,0x04,0xff,0xff,0xb2,0x00,0x00,0x00,0x00,0x03,0xcf,
  0xff,0xe2,0x00,0x00,0x00,0x2e,0xff,0xf7,0x00,0x00,0x00,0x00,0x00,0x00,0x08,0xff,0xfd,0x10,0x00,0x00,0xcf,0xff,0x50,0x00,
  0x00,0x00,0x00,0x00,0x00,0x00,0x7f,0xff,0xa0,0x00,0x05,0xff,0xf7,0x00,0x00,0x00,0x00,0x00,0x00,0x00,0x00,0x09,0xff,0xf3,
  0x00,0x0d,0xff,0xc0,0x00,0x00,0x00,0x00,0x00,0x00,0x00,0x00,0x00,0xef,0xfb,0x00,0x3f,0xff,0x40,0x00,0x00,0x00,0x00,0x00,
  0x00,0x00,0x00,0x00,0x6f,0xff,0x10,0x8f,0xfd,0x00,0x00,0x00,0x00,0x00,0x00,0x00,0x00,0x00,0x00,0x0f,0xff,0x60,0xbf,0xf9,
  0x00,0x00,0x00,0x00,0x68,0x88,0x50,0x00,0x00,0x00,0x0b,0xff,0x90,0xef,0xf6,0x00,0x00,0x00,0x00,0xdf,0xff,0xb0,0x00,0x00,
  0x00,0x08,0xff,0xb0,0xff,0xf4,0x00,0x00,0x00,0x00,0xdf,0xff,0xb0,0x00,0x00,0x00,0x07,0xff,0xc0,0xff,0xf4,0x00,0x00,0x00,
  0x00,0xdf,0xff,0xb0,0x00,0x00,0x00,0x06,0xff,0xd0,0xef,0xf5,0x00,0x00,0x00,0x00,0xdf,0xff,0xb0,0x00,0x00,0x00,0x07,0xff,
  0xc0,0xcf,0xf7,0x00,0x00,0x00,0x00,0xcf,0xff,0xa0,0x00,0x00,0x00,0x09,0xff,0xa0,0x9f,0xfc,0x00,0x00,0x00,0x00,0x00,0x00,
  0x00,0x00,0x00,0x00,0x0e,0xff,0x70,0x5f,0xff,0x10,0x00,0x00,0x00,0x00,0x00,0x00,0x00,0x00,0x00,0x3f,0xff,0x30,0x0f,0xff,
  0x90,0x00,0x00,0x00,0x00,0x00,0x00,0x00,0x00,0x00,0xbf,0xfd,0x00,0x08,0xff,0xf3,0x00,0x00,0x00,0x00,0x00,0x00,0x00,0x00,
  0x05,0xff,0xf6,0x00,0x01,0xef,0xfe,0x10,0x00,0x00,0x00,0x00,0x00,0x00,0x00,0x3f,0xff,0xd0,0x00,0x00,0x5f,0xff,0xd2,0x00,
  0x00,0x00,0x00,0x00,0x00,0x03,0xef,0xff,0x30,0x00,0x00,0x08,0xff,0xff,0x50,0x00,0x00,0x00,0x00,0x00,0x6f,0xff,0xf6,0x00,
  0x00,0x00,0x00,0x9f,0xff,0xfc,0x50,0x00,0x00,0x01,0x5d,0xff,0xff,0x70,0x00,0x00,0x00,0x00,0x07,0xff,0xff,0xff,0xca,0x9b,
  0xcf,0xff,0xff,0xf5,0x00,0x00,0x00,0x00,0x00,0x00,0x3d,0xff,0xff,0xff,0xff,0xff,0xff,0xfc,0x20,0x00,0x00,0x00,0x00,0x00,
  0x00,0x00,0x5c,0xff,0xff,0xff,0xff,0xfb,0x40,0x00,0x00,0x00,0x00,0x00,0x00,0x00,0x00,0x00,0x15,0x79,0x99,0x74,0x10,0x00,
  0x00,0x00,0x00,0x00,0x00,0x00,0x00,0x00,0x01,0x45,0x43,0x10,0x00,0x00,0x00,0x00,0x00,0x00,0x00,0x00,0x00,0x00,0x00,0x00,
  0x00,0x00,0x00,0x39,0xef,0xff,0xff,0xfc,0x71,0x00,0x00,0x00,0x00,0x00,0x00,0x00,0x00,0x00,0x00,0x00,0x00,0x00,0x2b,0xff,
  0xff,0xff,0xff,0xff,0xff,0x81,0x00,0x00,0x00,0x00,0x00,0x00,0x00,0x00,0x30,0x00,0x00,0x06,0xff,0xff,0xff,0xff,0xff,0xff,
  0xff,0xfe,0x30,0x00,0x00,0x00,0x00,0x00,0x00,0x09,0xf6,0x00,0x00,0x8f,0xff,0xff,0xff,0xff,0xff,0xff,0xff,0xff,0xf7,0x00,
  0x00,0x00,0x00,0x00,0x00,0x7f,0xff,0x80,0x07,0xff,0xff,0xff,0xd7,0x42,0x25,0xaf,0xff,0xff,0xff,0xa1,0x00,0x00,0x00,0x00,
  0x08,0xff,0xff,0xf8,0x4f,0xff,0xff,0xf6,0x00,0x00,0x00,0x01,0x9f,0xff,0xff,0xfe,0x71,0x00,0x00,0x04,0xcf,0xff,0xff,0xe1,
  0x5f,0xff,0xfe,0x30,0x00,0x00,0x00,0x00,0x05,0xff,0xff,0xff,0xff,0xb9,0x9b,0xef,0xff,0xff,0xfe,0x30,0x04,0xef,0xe2,0x00,
  0x00,0x00,0x00,0x00,0x00,0x2d,0xff,0xff,0xff,0xff,0xff,0xff,0xff,0xff,0xe3,0x00,0x00,0x2d,0x40,0x00,0x00,0x00,0x00,0x00,
  0x00,0x00,0xaf,0xff,0xff,0xff,0xff,0xff,0xff,0xfc,0x10,0x00,0x00,0x00,0x00,0x00,0x00,0x00,0x00,0x00,0x00,0x00,0x03,0xbf,
  0xff,0xff,0xff,0xff,0xfd,0x60,0x00,0x00,0x00,0x00,0x00,0x00,0x00,0x00,0x00,0x00,0x00,0x00,0x00,0x02,0x7b,0xdf,0xfe,0xc9,
  0x40,0x00,0x00,0x00,0x00,0x00,0x00,0x00,0x00,0x00,0x00,0x00,0x00,0x00,0x00,0x1e,0x93,0x00,0x00,0x00,0x00,0x00,0x00,0x00,
  0x00,0x00,0x02,0xcf,0xc5,0x00,0x00,0x00,0x00,0x00,0x00,0x00,0x00,0x00,0x07,0xff,0xd4,0x00,0x00,0x00,0x00,0x00,0x00,0x00,
  0x00,0x00,0x3e,0xff,0xb2,0x00,0x00,0x00,0x00,0x00,0x00,0x00,0x00,0x02,0xdf,0xff,0x50,0x00,0x00,0x00,0x00,0x00,0x00,0x00,
  0x00,0x1d,0xff,0xf9,0x00,0x00,0x00,0x00,0x00,0x00,0x00,0x00,0x01,0xef,0xff,0xc0,0x00,0x00,0x00,0x00,0x00,0x00,0x00,0x00,
  0x2f,0xff,0xfc,0x00,0x00,0x00,0x00,0x00,0x00,0x00,0x00,0x05,0xff,0xff,0xc0,0x00,0x00,0x00,0x00,0x00,0x00,0x00,0x00,0x8f,
  0xff,0xfb,0x00,0x00,0x00,0x00,0x00,0x00,0x00,0x00,0x0c,0xff,0xff,0x90,0x00,0x00,0x00,0x00,0x00,0x00,0x00,0x01,0xff,0xff,
  0xf5,0x00,0x00,0x00,0x00,0x00,0x00,0x00,0x00,0x6f,0xff,0xff,0x20,0x00,0x00,0x00,0x00,0x00,0x00,0x00,0x0c,0xff,0xff,0xc0,
  0x00,0x00,0x00,0x00,0x00,0x00,0x00,0x03,0xff,0xff,0xf6,0x00,0x00,0x00,0x00,0x00,0x00,0x00,0x00,0xbf,0xff,0xfd,0x00,0x00,
  0x00,0x00,0x00,0x00,0x00,0x00,0x4f,0xff,0xff,0x30,0x00,0x00,0x00,0x00,0x00,0x00,0x00,0x0e,0xff,0xff,0x60,0x00,0x00,0x00,
  0x00,0x00,0x00,0x00,0x09,0xff,0xff,0x50,0x00,0x00,0x00,0x00,0x00,0x00,0x00,0x03,0xff,0xff,0x40,0x00,0x00,0x00,0x00,0x00,
  0x00,0x00,0x00,0xaf,0xff,0x00,0x00,0x00,0x00,0x00,0x00,0x00,0x00,0x00,0x06,0x83,0x00,0x00,0x00,0x00,0x00,0x00,0x00,0x00,
  0x00,0x00,0x00,0x6e,0xa6,0x10,0x00,0x00,0x00,0x00,0x00,0x00,0x00,0x00,0x00,0x00,0x00,0x07,0xff,0xfa,0x00,0x00,0x00,0x00,
  0x00,0x00,0x00,0x00,0x00,0x00,0x00,0x00,0x3f,0xff,0xb0,0x00,0x00,0x00,0x00,0x00,0x00,0x00,0x02,0x52,0x00,0x00,0x05,0xff,
  0xf6,0x00,0x00,0x00,0x00,0x00,0x00,0x00,0x03,0xef,0xe9,0x20,0x00,0xff,0xfb,0x1e,0x93,0x00,0x00,0x00,0x00,0x00,0x00,0x0a,
  0xff,0xf5,0x00,0x8f,0xf7,0x02,0xcf,0xc5,0x00,0x00,0x00,0x00,0x00,0x00,0xaf,0xff,0x20,0x00,0x10,0x00,0x07,0xff,0xd4,0x00,
  0x00,0x00,0x00,0x00,0x1f,0xff,0xa0,0x00,0x00,0x00,0x00,0x3e,0xff,0xb2,0x00,0x00,0x00,0x00,0x0d,0xff,0xc0,0x00,0x00,0x00,
  0x00,0x02,0xdf,0xff,0x50,0x00,0x00,0x00,0x01,0x89,0x20,0x00,0x00,0x00,0x00,0x00,0x1d,0xff,0xf9,0x00,0x00,0x00,0x00,0x00,
  0x00,0x00,0x00,0x00,0x00,0x00,0x01,0xef,0xff,0xc0,0x00,0x00,0x00,0x00,0x00,0x00,0x00,0x00,0x00,0x00,0x00,0x2f,0xff,0xfc,
  0x00,0x00,0x00,0x00,0x00,0x00,0x00,0x00,0x00,0x00,0x00,0x05,0xff,0xff,0xc0,0x00,0x00,0x00,0x00,0x00,0x00,0x00,0x00,0x00,
  0x00,0x00,0x8f,0xff,0xfb,0x00,0x00,0x00,0x00,0x00,0x00,0x00,0x00,0x00,0x00,0x00,0x0c,0xff,0xff,0x90,0x00,0x00,0x00,0x00,
  0x00,0x00,0x00,0x00,0x00,0x00,0x01,0xff,0xff,0xf5,0x00,0x00,0x00,0x00,0x00,0x00,0x00,0x00,0x00,0x00,0x00,0x6f,0xff,0xff,
  0x20,0x00,0x00,0x00,0x00,0x00,0x00,0x00,0x00,0x00,0x00,0x0c,0xff,0xff,0xc0,0x00,0x00,0x00,0x00,0x00,0x00,0x00,0x00,0x00,
  0x00,0x03,0xff,0xff,0xf6,0x00,0x00,0x00,0x00,0x00,0x00,0x00,0x00,0x00,0x00,0x00,0xbf,0xff,0xfd,0x00,0x00,0x00,0x00,0x00,
  0x00,0x00,0x00,0x00,0x00,0x00,0x4f,0xff,0xff,0x30,0x00,0x00,0x00,0x00,0x00,0x00,0x00,0x00,0x00,0x00,0x0e,0xff,0xff,0x60,
  0x00,0x00,0x00,0x00,0x00,0x00,0x00,0x00,0x00,0x00,0x09,0xff,0xff,0x50,0x00,0x00,0x00,0x00,0x00,0x00,0x00,0x00,0x00,0x00,
  0x03,0xff,0xff,0x40,0x00,0x00,0x00,0x00,0x00,0x00,0x00,0x00,0x00,0x00,0x00,0xaf,0xff,0x00,0x00,0x00,0x00,0x00,0x00,0x00,
  0x00,0x00,0x00,0x00,0x00,0x06,0x83,0x00,0x00,0x00,0x00,0x00,0x00,0x00,0x00,0x00,0x00,0x00,0x01,0x35,0x56,0x55,0x31,0x00,
  0x00,0x00,0x00,0x00,0x00,0x00,0x00,0x00,0x00,0x00,0x00,0x00,0x00,0x49,0xdf,0xff,0xff,0xff,0xff,0xd9,0x40,0x00,0x00,0x00,
  0x00,0x00,0x00,0x00,0x00,0x00,0x00,0x00,0x7e,0xfe,0x96,0x31,0x00,0x01,0x36,0x9e,0xfe,0x70,0x00,0x00,0x00,0x00,0x00,0x00,
  0x00,0x00,0x00,0x5e,0xfa,0x30,0x00,0x00,0x00,0x00,0x00,0x00,0x3a,0xfe,0x50,0x00,0x00,0x00,0x00,0x00,0x00,0x00,0x09,0xfc,
  0x30,0x00,0x00,0x00,0x00,0x00,0x00,0x00,0x00,0x3c,0xf9,0x00,0x00,0x00,0x00,0x00,0x00,0x00,0xbf,0x70,0x00,0x00,0x00,0x00,
  0x00,0x00,0x00,0x00,0x00,0x00,0x8f,0xb0,0x00,0x00,0x00,0x00,0x00,0x0b,0xf5,0x00,0x00,0x00,0x00,0x00,0x00,0x00,0x00,0x00,
  0x00,0x00,0x05,0xfb,0x00,0x00,0x00,0x00,0x00,0x9f,0x50,0x00,0x00,0x00,0x00,0x00,0x00,0x00,0x00,0x00,0x00,0x00,0x00,0x5f,
  0x90,0x00,0x00,0x00,0x05,0xf7,0x00,0x00,0x00,0x00,0x00,0x00,0x00,0x00,0x00,0x00,0x00,0x00,0x00,0x08,0xf5,0x00,0x00,0x00,
  0x0e,0xc0,0x00,0x00,0x00,0x00,0x00,0x00,0x00,0x00,0x00,0x00,0x00,0x00,0x00,0x00,0xce,0x00,0x00,0x00,0x7f,0x20,0x00,0x00,
  0x00,0x00,0x00,0x00,0x00,0x00,0x00,0x00,0x00,0x00,0x00,0x00,0x3f,0x70,0x00,0x00,0xea,0x00,0x00,0x00,0x00,0x00,0x00,0x00,
  0x00,0x00,0x00,0x00,0x00,0x00,0x00,0x00,0x0a,0xe0,0x00,0x04,0xf3,0x00,0x00,0x00,0x00,0x00,0x00,0x00,0x00,0x00,0x00,0x00,
  0x00,0x00,0x00,0x00,0x03,0xf4,0x00,0x09,0xe0,0x00,0x00,0x00,0x00,0x00,0x00,0x00,0x00,0x00,0x00,0x00,0x00,0x00,0x00,0x00,
  0x00,0xe9,0x00,0x0d,0x90,0x00,0x00,0x00,0x00,0x00,0x00,0x00,0x00,0x00,0x00,0x00,0x00,0x00,0x00,0x00,0x00,0x9d,0x00,0x1f,
  0x60,0x00,0x00,0x00,0x00,0x00,0x00,0x00,0x00,0x00,0x00,0x00,0x00,0x00,0x00,0x00,0x00,0x6f,0x10,0x3f,0x30,0x00,0x00,0x00,
  0x00,0x00,0x00,0x00,0x00,0x00,0x00,0x00,0x00,0x00,0x00,0x00,0x00,0x3f,0x30,0x5f,0x10,0x00,0x00,0x00,0x00,0x00,0x00,0x00,
  0x00,0x00,0x00,0x00,0x00,0x00,0x00,0x00,0x00,0x1f,0x50,0x5f,0x00,0x00,0x00,0x00,0x00,0x00,0x00,0x00,0x00,0x00,0x00,0x00,
  0x00,0x00,0x00,0x00,0x00,0x0f,0x50,0x6f,0x00,0x00,0x00,0x00,0x00,0x00,0x00,0x00,0x00,0x00,0x00,0x00,0x00,0x00,0x00,0x00,
  0x00,0x0f,0x60,0x5f,0x00,0x00,0x00,0x00,0x00,0x00,0x00,0x00,0x00,0x00,0x00,0x00,0x00,0x00,0x00,0x00,0x00,0x0f,0x50,0x5f,
  0x10,0x00,0x00,0x00,0x00,0x00,0x00,0x00,0x00,0x00,0x00,0x00,0x00,0x00,0x00,0x00,0x00,0x1f,0x50,0x3f,0x30,0x00,0x00,0x00,
  0x00,0x00,0x00,0x00,0x00,0x00,0x00,0x00,0x00,0x00,0x00,0x00,0x00,0x3f,0x30,0x1f,0x60,0x00,0x00,0x00,0x00,0x00,0x00,0x00,
  0x00,0x00,0x00,0x00,0x00,0x00,0x00,0x00,0x00,0x6f,0x10,0x0d,0x90,0x00,0x00,0x00,0x00,0x00,0x00,0x00,0x00,0x00,0x00,0x00,
  0x00,0x00,0x00,0x00,0x00,0x9d,0x00,0x09,0xe0,0x00,0x00,0x00,0x00,0x00,0x00,0x00,0x00,0x00,0x00,0x00,0x00,0x00,0x00,0x00,
  0x00,0xe9,0x00,0x04,0xf3,0x00,0x00,0x00,0x00,0x00,0x00,0x00,0x00,0x00,0x00,0x00,0x00,0x00,0x00,0x00,0x03,0xf4,0x00,0x00,
  0xea,0x00,0x00,0x00,0x00,0x00,0x00,0x00,0x00,0x00,0x00,0x00,0x00,0x00,0x00,0x00,0x0a,0xe0,0x00,0x00,0x7f,0x20,0x00,0x00,
  0x00,0x00,0x00,0x00,0x00,0x00,0x00,0x00,0x00,0x00,0x00,0x00,0x3f,0x70,0x00,0x00,0x0e,0xc0,0x00,0x00,0x00,0x00,0x00,0x00,
  0x00,0x00,0x00,0x00,0x00,0x00,0x00,0x00,0xce,0x00,0x00,0x00,0x05,0xf7,0x00,0x00,0x00,0x00,0x00,0x00,0x00,0x00,0x00,0x00,
  0x00,0x00,0x00,0x07,0xf5,0x00,0x00,0x00,0x00,0x9f,0x50,0x00,0x00,0x00,0x00,0x00,0x00,0x00,0x00,0x00,0x00,0x00,0x00,0x5f,
  0x90,0x00,0x00,0x00,0x00,0x0b,0xf5,0x00,0x00,0x00,0x00,0x00,0x00,0x00,0x00,0x00,0x00,0x00,0x05,0xfb,0x00,0x00,0x00,0x00,
  0x00,0x00,0xbf,0x70,0x00,0x00,0x00,0x00,0x00,0x00,0x00,0x00,0x00,0x00,0x7f,0xb0,0x00,0x00,0x00,0x00,0x00,0x00,0x09,0xfc,
  0x20,0x00,0x00,0x00,0x00,0x00,0x00,0x00,0x00,0x2c,0xf9,0x00,0x00,0x00,0x00,0x00,0x00,0x00,0x00,0x5e,0xfa,0x30,0x00,0x00,
  0x00,0x00,0x00,0x00,0x3a,0xfe,0x50,0x00,0x00,0x00,0x00,0x00,0x00,0x00,0x00,0x00,0x7e,0xfe,0x96,0x31,0x00,0x01,0x36,0x9e,
  0xfe,0x70,0x00,0x00,0x00,0x00,0x00,0x00,0x00,0x00,0x00,0x00,0x00,0x5a,0xef,0xff,0xff,0xff,0xff,0xea,0x50,0x00,0x00,0x00,
  0x00,0x00,0x00,0x00,0x00,0x00,0x00,0x00,0x00,0x00,0x01,0x35,0x66,0x65,0x31,0x00,0x00,0x00,0x00,0x00,0x00,0x00,0x00,0x00,
  0x00,0x01,0x00,0x00,0x00,0x00,0x00,0x6f,0x90,0x00,0x00,0x00,0x00,0xcf,0xfd,0x20,0x00,0x00,0x00,0x0a,0xff,0xe3,0x00,0x08,
  0x50,0x00,0x8f,0xfe,0x00,0xbf,0xfb,0x10,0x07,0xf4,0x00,0x1c,0xff,0xd1,0x00,0x20,0x00,0x00,0xaf,0xfd,0x10,0x00,0x00,0x00,
  0x09,0xff,0x50,0x00,0x00,0x00,0x00,0xa4,0x00,0x00,0x00,0x00,0x00,0x00,0x00,0x00,0x00,0x00,0x01,0x00,0x00,0x00,0x00,0x00,
  0x00,0x00,0x00,0x00,0x00,0x00,0x00,0x00,0x00,0x00,0x00,0x00,0x00,0x00,0x00,0x04,0xdf,0xe6,0x00,0x00,0x00,0x00,0x00,0x00,
  0x00,0x00,0x00,0x00,0x00,0x00,0x00,0x00,0x00,0x00,0x00,0x00,0x00,0x7f,0xff,0xff,0xb1,0x00,0x00,0x00,0x00,0x00,0x00,0x00,
  0x00,0x00,0x00,0x00,0x00,0x00,0x00,0x00,0x00,0x00,0x09,0xff,0xff,0xff,0xfe,0x30,0x00,0x00,0x00,0x00,0x00,0x00,0x00,0x00,
  0x00,0x00,0x00,0x00,0x00,0x00,0x00,0x00,0x9f,0xff,0xc5,0xcf,0xff,0xf6,0x00,0x00,0x00,0x00,0x00,0x00,0x00,0x00,0x00,0x00,
  0x00,0x00,0x00,0x00,0x00,0x09,0xff,0xfa,0x00,0x05,0xef,0xff,0x90,0x00,0x00,0x00,0x00,0x00,0x00,0x00,0x00,0x00,0x00,0x00,
  0x00,0x00,0x00,0x9f,0xff,0x90,0x00,0x00,0x1c,0xff,0xfc,0x10,0x00,0x00,0x00,0x00,0x00,0x00,0x00,0x00,0x00,0x00,0x00,0x00,
  0x08,0xff,0xf9,0x00,0x00,0x00,0x00,0x8f,0xff,0xe3,0x00,0x00,0x00,0x00,0x00,0x00,0x00,0x00,0x00,0x00,0x00,0x00,0x8f,0xff,
  0x90,0x00,0x00,0x00,0x00,0x05,0xff,0xff,0x50,0x00,0x00,0x00,0x00,0x00,0x00,0x00,0x00,0x00,0x00,0x08,0xff,0xf9,0x00,0x00,
  0x00,0x00,0x00,0x00,0x2d,0xff,0xf8,0x00,0x00,0x00,0x00,0x00,0x00,0x00,0x00,0x00,0x00,0x9f,0xff,0x90,0x00,0x00,0x00,0x00,
  0x00,0x00,0x01,0xbf,0xff,0xb1,0x00,0x00,0x00,0x00,0x00,0x00,0x00,0x00,0x0b,0xff,0xfa,0x00,0x00,0x00,0x00,0x00,0x00,0x00,
  0x00,0x08,0xff,0xfd,0x20,0x00,0x00,0x00,0x00,0x00,0x00,0x03,0xdf,0xff,0xb0,0x00,0x00,0x00,0x00,0x00,0x00,0x00,0x00,0x00,
  0x5f,0xff,0xf6,0x00,0x00,0x00,0x00,0x00,0x00,0x5f,0xff,0xfb,0x00,0x00,0x00,0x00,0x00,0x00,0x00,0x00,0x00,0x00,0x02,0xdf,
  0xff,0xb1,0x00,0x00,0x00,0x00,0x00,0x0a,0xff,0xc0,0x00,0x00,0x00,0x00,0x00,0x00,0x00,0x00,0x00,0x00,0x00,0x0b,0xff,0xff,
  0x60,0x00,0x00,0x00,0x00,0x00,0x9d,0x10,0x00,0x00,0x00,0x00,0x00,0x00,0x00,0x00,0x00,0x00,0x00,0x00,0x8f,0xff,0xfc,0x40,
  0x00,0x00,0x00,0x00,0x00,0x00,0x00,0x00,0x00,0x00,0x00,0x00,0x00,0x00,0x00,0x00,0x00,0x00,0x04,0xef,0xff,0xfb,0x30,0x00,
  0x00,0x00,0x00,0x00,0x00,0x00,0x00,0x00,0x00,0x00,0x00,0x00,0x00,0x00,0x00,0x00,0x00,0x1a,0xff,0xff,0xfc,0x50,0x00,0x00,
  0x00,0x00,0x00,0x00,0x00,0x00,0x00,0x00,0x00,0x00,0x00,0x00,0x00,0x00,0x00,0x00,0x5e,0xff,0xff,0xff,0x50,0x00,0x00,0x00,
  0x00,0x00,0x00,0x00,0x00,0x00,0x00,0x00,0x00,0x00,0x00,0x00,0x00,0x00,0x00,0x9f,0xff,0xfa,0x00,0x00,0x00,0x00,0x00,0x00,
  0x00,0x00,0x00,0x00,0x00,0x00,0x00,0x00,0x00,0x00,0x00,0x00,0x00,0x02,0xbf,0xa0,0x00,0x00,0x00,0x00,0x00,0x00,0x00,0x00,
  0x00,0x00,0x00,0x00,0x00,0x00,0x00,0x00,0x00,0x00,0x00,0x00,0x03,0x00,0x00,0x00,0x00,0x00,0x00,0x00,0x00,0x06,0xde,0xa3,
  0x00,0x00,0x00,0x00,0x00,0x00,0x00,0x00,0x00,0x00,0x00,0x00,0x00,0x00,0x00,0x00,0x00,0x00,0x01,0xbf,0xff,0xff,0x90,0x00,
  0x00,0x00,0x00,0x00,0x00,0x00,0x00,0x00,0x00,0x00,0x00,0x00,0x00,0x00,0x00,0x00,0x3e,0xff,0xfe,0xff,0xfc,0x10,0x00,0x00,
  0x00,0x00,0x00,0x00,0x00,0x00,0x00,0x00,0x00,0x00,0x00,0x00,0x00,0x04,0xff,0xfd,0x30,0xaf,0xff,0xe4,0x00,0x00,0x00,0x00,
  0x00,0x00,0x00,0x00,0x00,0x00,0x00,0x00,0x00,0x00,0x00,0x5f,0xff,0xa0,0x00,0x07,0xff,0xff,0x70,0x00,0x00,0x00,0x00,0x00,
  0x00,0x00,0x00,0x00,0x00,0x00,0x00,0x00,0x06,0xff,0xf9,0x00,0x00,0x00,0x4f,0xff,0xfb,0x00,0x00,0x00,0x00,0x00,0x00,0x00,
  0x00,0x00,0x00,0x00,0x00,0x00,0x8f,0xff,0x90,0x00,0x00,0x00,0x02,0xdf,0xff,0xd3,0x00,0x00,0x00,0x00,0x00,0x00,0x00,0x00,
  0x00,0x00,0x00,0x09,0xff,0xf9,0x00,0x00,0x00,0x00,0x00,0x0a,0xff,0xff,0x60,0x00,0x00,0x00,0x00,0x00,0x00,0x00,0x00,0x00,
  0x00,0xaf,0xff,0xa0,0x00,0x00,0x00,0x00,0x00,0x00,0x7f,0xff,0xfb,0x10,0x00,0x00,0x00,0x00,0x00,0x00,0x00,0x00,0x2c,0xff,
  0xfb,0x00,0x00,0x00,0x00,0x00,0x00,0x00,0x03,0xef,0xff,0xe5,0x00,0x00,0x00,0x00,0x00,0x00,0x00,0x05,0xef,0xff,0xc0,0x00,
  0x00,0x00,0x00,0x00,0x00,0x00,0x00,0x1a,0xff,0xff,0xa1,0x00,0x00,0x00,0x00,0x00,0x00,0x9f,0xff,0xfd,0x10,0x00,0x00,0x00,
  0x00,0x00,0x00,0x00,0x00,0x00,0x6f,0xff,0xff,0x70,0x00,0x00,0x00,0x00,0x00,0x3f,0xff,0xe2,0x00,0x00,0x00,0x00,0x00,0x00,
  0x00,0x00,0x00,0x00,0x02,0xcf,0xff,0xfd,0x50,0x00,0x00,0x00,0x00,0x04,0xff,0x30,0x00,0x00,0x00,0x00,0x00,0x00,0x00,0x00,
  0x00,0x00,0x00,0x08,0xff,0xff,0xfc,0x40,0x00,0x00,0x00,0x00,0x45,0x00,0x00,0x00,0x00,0x00,0x00,0x00,0x00,0x00,0x00,0x00,
  0x00,0x00,0x3c,0xff,0xff,0xfd,0x50,0x00,0x00,0x00,0x00,0x00,0x00,0x00,0x00,0x00,0x00,0x00,0x00,0x00,0x00,0x00,0x00,0x00,
  0x00,0x7f,0xff,0xff,0xfe,0x82,0x00,0x00,0x00,0x00,0x00,0x00,0x00,0x00,0x00,0x00,0x00,0x00,0x00,0x00,0x00,0x00,0x00,0x01,
  0xaf,0xff,0xff,0xff,0xb1,0x00,0x00,0x00,0x00,0x00,0x00,0x00,0x00,0x00,0x00,0x00,0x00,0x00,0x00,0x00,0x00,0x00,0x03,0xcf,
  0xff,0xff,0xa0,0x00,0x00,0x00,0x00,0x00,0x00,0x00,0x00,0x00,0x00,0x00,0x00,0x00,0x00,0x00,0x00,0x00,0x00,0x04,0xdf,0xfd,
  0x00,0x00,0x00,0x00,0x00,0x00,0x00,0x00,0x00,0x00,0x00,0x00,0x00,0x00,0x00,0x00,0x00,0x00,0x00,0x00,0x04,0xb3,0x00,0x00,
  0x00,0x00,0x00,0x00,0x00,0x00,0x00,0x00,0x00,0x00,0x11,0x11,0x00,0x00,0x00,0x00,0x00,0x00,0x00,0x00,0x00,0x00,0x00,0x00,
  0x00,0x2f,0xff,0xff,0x10,0x00,0x00,0x00,0x00,0x00,0x00,0x00,0x00,0x00,0x00,0x00,0x00,0xcf,0xff,0xf6,0x00,0x00,0x00,0x00,
  0x00,0x00,0x00,0x00,0x00,0x00,0x00,0x00,0x06,0xff,0xff,0xc0,0x00,0x00,0x00,0x00,0x00,0x00,0x00,0x00,0x00,0x00,0x00,0x00,
  0x1f,0xff,0xff,0x20,0x00,0x00,0x00,0x00,0x00,0x00,0x00,0x00,0x00,0x00,0x00,0x00,0xbf,0xff,0xf8,0x00,0x00,0x00,0x00,0x00,
  0x00,0x00,0x00,0x00,0x00,0x00,0x00,0x05,0xff,0xff,0xd0,0x00,0x00,0x00,0x00,0x00,0x00,0x00,0x00,0x00,0x00,0x00,0x00,0x1e,
  0xff,0xff,0x40,0x00,0x00,0x00,0x00,0x00,0x00,0x00,0x00,0x00,0x00,0x00,0x00,0x9f,0xff,0xf9,0x00,0x00,0x00,0x00,0x00,0x00,
  0x00,0x00,0x00,0x00,0x00,0x00,0x03,0xff,0xff,0xe1,0x00,0x00,0x00,0x00,0x00,0x00,0x00,0x00,0x00,0x00,0x00,0x00,0x0d,0xff,
  0xff,0x50,0x00,0x00,0x00,0x00,0x00,0x00,0x00,0x00,0x00,0x00,0x00,0x00,0x8f,0xff,0xfb,0x00,0x00,0x00,0x00,0x00,0x00,0x00,
  0x00,0x00,0x00,0x00,0x00,0x02,0xff,0xff,0xf1,0x00,0x00,0x00,0x00,0x00,0x00,0x00,0x00,0x00,0x00,0x00,0x00,0x0c,0xff,0xff,
  0x60,0x00,0x00,0x00,0x00,0x00,0x00,0x00,0x00,0x00,0x00,0x00,0x00,0x6f,0xff,0xfc,0x00,0x00,0x00,0x00,0x00,0x00,0x00,0x00,
  0x00,0x00,0x00,0x00,0x01,0xff,0xff,0xf2,0x00,0x00,0x00,0x00,0x00,0x00,0x00,0x00,0x00,0x00,0x00,0x00,0x0b,0xff,0xff,0x80,
  0x00,0x00,0x00,0x00,0x00,0x00,0x00,0x00,0x00,0x00,0x00,0x00,0x5f,0xff,0xfd,0x00,0x00,0x00,0x00,0x00,0x00,0x00,0x00,0x00,
  0x00,0x00,0x00,0x01,0xef,0xff,0xf4,0x00,0x00,0x00,0x00,0x00,0x00,0x00,0x00,0x00,0x00,0x00,0x00,0x09,0xff,0xff,0x90,0x00,
  0x00,0x00,0x00,0x00,0x00,0x00,0x00,0x00,0x00,0x00,0x00,0x4f,0xff,0xfe,0x10,0x00,0x00,0x00,0x00,0x00,0x00,0x00,0x00,0x00,
  0x00,0x00,0x00,0xdf,0xff,0xf5,0x00,0x00,0x00,0x00,0x00,0x00,0x00,0x00,0x00,0x00,0x00,0x00,0x08,0xff,0xff,0xb0,0x00,0x00,
  0x00,0x00,0x00,0x00,0x00,0x00,0x00,0x00,0x00,0x00,0x3f,0xff,0xff,0x10,0x00,0x00,0x00,0x00,0x00,0x00,0x00,0x00,0x00,0x00,
  0x00,0x00,0xcf,0xff,0xf7,0x00,0x00,0x00,0x00,0x00,0x00,0x00,0x00,0x00,0x00,0x00,0x00,0x07,0xff,0xff,0xc0,0x00,0x00,0x00,
  0x00,0x00,0x00,0x00,0x00,0x00,0x00,0x00,0x00,0x2f,0xff,0xff,0x20,0x00,0x00,0x00,0x00,0x00,0x00,0x00,0x00,0x00,0x00,0x00,
  0x00,0xbf,0xff,0xf8,0x00,0x00,0x00,0x00,0x00,0x00,0x00,0x00,0x00,0x00,0x00,0x00,0x05,0xff,0xff,0xf6,0x55,0x55,0x55,0x55,
  0x55,0x55,0x55,0x55,0x55,0x55,0x53,0x00,0x1e,0xff,0xff,0xff,0xff,0xff,0xff,0xff,0xff,0xff,0xff,0xff,0xff,0xff,0xf9,0x00,
  0xaf,0xff,0xff,0xff,0xff,0xff,0xff,0xff,0xff,0xff,0xff,0xff,0xff,0xff,0xf9,0x04,0xff,0xff,0xff,0xff,0xff,0xff,0xff,0xff,
  0xff,0xff,0xff,0xff,0xff,0xff,0xf9,0x0d,0xff,0xff,0xff,0xff,0xff,0xff,0xff,0xff,0xff,0xff,0xff,0xff,0xff,0xff,0xf9,0x00,
  0x00,0x00,0x00,0x00,0x00,0x00,0x00,0x00,0x00,0x00,0x00,0x00,0x00,0x00,0x00,0x00,0x00,0x00,0x00,0x00,0x00,0x00,0x00,0x00,
  0x00,0x00,0x1c,0xff,0xff,0xff,0xff,0xfa,0x00,0x01,0x78,0x88,0x88,0x88,0x88,0x88,0x88,0x88,0x88,0xc4,0x00,0x00,0x00,0x00,
  0x1c,0x70,0x0d,0x63,0x33,0x33,0x33,0x33,0x33,0x33,0x33,0x33,0x20,0x00,0x00,0x00,0x00,0x05,0x90,0x2b,0x00,0x00,0x00,0x00,
  0x00,0x00,0x00,0x00,0x00,0x00,0x00,0x00,0x00,0x00,0x05,0x80,0x1c,0x00,0x00,0x00,0x00,0x00,0x00,0x00,0x00,0x00,0x00,0x00,
  0x00,0x00,0x00,0x06,0x70,0x07,0xca,0xaa,0xaa,0xaa,0xaa,0xaa,0xaa,0xaa,0xa8,0x00,0x00,0x00,0x00,0x00,0x08,0x50,0x00,0x00,
  0x00,0x00,0x00,0x7b,0xbb,0xbb,0xbb,0xba,0x00,0x00,0x00,0x00,0x00,0x09,0x40,0x00,0x00,0x00,0x00,0x06,0xa0,0x00,0x00,0x00,
  0x00,0x00,0x00,0x00,0x00,0x00,0x0b,0x20,0x00,0x00,0x00,0x00,0x09,0x40,0x00,0x00,0x00,0x00,0x00,0x00,0x00,0x00,0x00,0x0c,
  0x10,0x00,0x00,0x00,0x00,0x06,0x80,0x00,0x00,0x00,0x00,0x00,0x00,0x00,0x00,0x00,0x0d,0x00,0x00,0x00,0x00,0x00,0x00,0x8a,
  0x99,0x99,0x99,0x90,0x00,0x00,0x00,0x00,0x00,0x0e,0x00,0x00,0x00,0x00,0x00,0x00,0x01,0xbb,0xbb,0xbb,0x80,0x00,0x00,0x00,
  0x00,0x00,0x1d,0x00,0x00,0x00,0x00,0x00,0x00,0x0a,0x60,0x00,0x00,0x00,0x00,0x00,0x00,0x00,0x00,0x2b,0x00,0x00,0x00,0x00,
  0x00,0x00,0x0c,0x10,0x00,0x00,0x00,0x00,0x00,0x00,0x00,0x00,0x3a,0x00,0x00,0x00,0x00,0x00,0x00,0x09,0x70,0x00,0x00,0x00,
  0x00,0x00,0x00,0x00,0x00,0x58,0x00,0x00,0x00,0x00,0x00,0x00,0x00,0x8a,0xaa,0xb6,0x00,0x00,0x00,0x00,0x00,0x00,0x67,0x00,
  0x00,0x00,0x00,0x00,0x00,0x00,0x03,0xda,0xa2,0x00,0x00,0x00,0x00,0x00,0x00,0x86,0x00,0x00,0x00,0x00,0x00,0x00,0x00,0x0b,
  0x30,0x00,0x00,0x00,0x00,0x00,0x00,0x00,0x94,0x00,0x00,0x00,0x00,0x00,0x00,0x00,0x0c,0x10,0x00,0x00,0x00,0x00,0x00,0x00,
  0x00,0xb3,0x00,0x00,0x00,0x00,0x00,0x00,0x00,0x07,0xa3,0x22,0x22,0x22,0x22,0x22,0x22,0x22,0xd1,0x00,0x00,0x00,0x00,0x00,
  0x00,0x00,0x00,0x46,0x77,0x77,0x77,0x77,0x77,0x77,0x77,0x70,0x00,0x00,0x00,0x00,0x00,0x00,0x00,0x00,0x00,0x00,0x00,0x00,
  0x00,0x00,0x00,0x00,0x00,0x00,0x05,0xef,0xff,0xff,0xff,0xff,0x60,0x00,0x00,0x00,0x00,0x00,0x00,0x00,0x00,0x00,0x00,0x0f,
  0x50,0x00,0x00,0x00,0x01,0xc8,0x88,0x88,0x88,0x88,0x88,0x88,0x88,0x88,0x74,0x00,0x2c,0x00,0x00,0x00,0x00,0x00,0x13,0x33,
  0x33,0x33,0x33,0x33,0x33,0x33,0x33,0x4c,0x50,0x1b,0x00,0x00,0x00,0x00,0x00,0x00,0x00,0x00,0x00,0x00,0x00,0x00,0x00,0x00,
  0x04,0x90,0x0d,0x00,0x00,0x00,0x00,0x00,0x00,0x00,0x00,0x00,0x00,0x00,0x00,0x00,0x00,0x06,0x80,0x0d,0x00,0x00,0x00,0x00,
  0x00,0x04,0xaa,0xaa,0xaa,0xaa,0xaa,0xaa,0xaa,0xaa,0xab,0x10,0x0d,0x00,0x00,0x00,0x00,0x00,0x03,0xcb,0xbb,0xbb,0xbb,0xa2,
  0x00,0x00,0x00,0x00,0x00,0x0b,0x10,0x00,0x00,0x00,0x00,0x00,0x00,0x00,0x00,0x00,0x4d,0x00,0x00,0x00,0x00,0x00,0x0a,0x30,
  0x00,0x00,0x00,0x00,0x00,0x00,0x00,0x00,0x00,0x0d,0x00,0x00,0x00,0x00,0x00,0x08,0x40,0x00,0x00,0x00,0x00,0x00,0x00,0x00,
  0x00,0x00,0x2d,0x00,0x00,0x00,0x00,0x00,0x07,0x60,0x00,0x00,0x00,0x00,0x00,0x3a,0x99,0x99,0x99,0xa3,0x00,0x00,0x00,0x00,
  0x00,0x06,0x70,0x00,0x00,0x00,0x00,0x00,0x2b,0xbb,0xbb,0xc6,0x00,0x00,0x00,0x00,0x00,0x00,0x04,0x90,0x00,0x00,0x00,0x00,
  0x00,0x00,0x00,0x00,0x1d,0x10,0x00,0x00,0x00,0x00,0x00,0x03,0xa0,0x00,0x00,0x00,0x00,0x00,0x00,0x00,0x00,0x09,0x30,0x00,
  0x00,0x00,0x00,0x00,0x01,0xc0,0x00,0x00,0x00,0x00,0x00,0x00,0x00,0x00,0x2d,0x10,0x00,0x00,0x00,0x00,0x00,0x00,0xd0,0x00,
  0x00,0x00,0x00,0x00,0x00,0xdb,0xaa,0x93,0x00,0x00,0x00,0x00,0x00,0x00,0x00,0xe0,0x00,0x00,0x00,0x00,0x00,0x00,0x8a,0xc9,
  0x00,0x00,0x00,0x00,0x00,0x00,0x00,0x00,0xd0,0x00,0x00,0x00,0x00,0x00,0x00,0x00,0x0c,0x20,0x00,0x00,0x00,0x00,0x00,0x00,
  0x00,0xc2,0x00,0x00,0x00,0x00,0x00,0x00,0x00,0x09,0x30,0x00,0x00,0x00,0x00,0x00,0x00,0x00,0xa5,0x22,0x22,0x22,0x22,0x22,
  0x22,0x22,0x5d,0x00,0x00,0x00,0x00,0x00,0x00,0x00,0x00,0x47,0x77,0x77,0x77,0x77,0x77,0x77,0x77,0x61,0x00,0x00,0x00,0x00,
  0x00,0x00,0x00,0x00,0x00,0x00,0x00,0x00,0x00,0x00,0x00,0x00,0x00,0x00,0x00,0x00,0x00,0x00,0x00,0x00,0x00,0x28,0xdf,0xff,
  0xc7,0x00,0x00,0x00,0x3a,0xef,0xfe,0xa6,0x00,0x00,0x00,0x00,0x08,0xff,0xff,0xff,0xff,0xd2,0x00,0x06,0xff,0xff,0xff,0xff,
  0xe4,0x00,0x00,0x00,0xaf,0xff,0xff,0xff,0xff,0xfd,0x10,0x5f,0xff,0xff,0xff,0xff,0xff,0x40,0x00,0x05,0xff,0xff,0x81,0x00,
  0x3b,0xff,0xa0,0xef,0xf7,0x10,0x03,0xcf,0xff,0xe1,0x00,0x0d,0xff,0xf6,0x00,0x00,0x00,0xaf,0xf9,0xff,0x30,0x00,0x00,0x0b,
  0xff,0xf7,0x00,0x3f,0xff,0xd0,0x00,0x00,0x00,0x1f,0xff,0xfa,0x00,0x00,0x00,0x02,0xff,0xfd,0x00,0x7f,0xff,0x70,0x00,0x00,
  0x00,0x0c,0xff,0xf5,0x00,0x00,0x00,0x00,0xcf,0xff,0x10,0xaf,0xff,0x30,0x00,0x00,0x00,0x09,0xff,0xf2,0x00,0x00,0x00,0x00,
  0x9f,0xff,0x40,0xbf,0xff,0x10,0x00,0x00,0x00,0x08,0xff,0xf1,0x00,0x00,0x00,0x00,0x6f,0xff,0x50,0xcf,0xff,0x00,0x00,0x00,
  0x00,0x07,0xff,0xf1,0x00,0x00,0x00,0x00,0x6f,0xff,0x60,0xdf,0xff,0x00,0x00,0x00,0x00,0x07,0xff,0xf0,0x00,0x00,0x00,0x00,
  0x6f,0xff,0x50,0xcf,0xff,0x10,0x00,0x00,0x00,0x06,0xff,0xf0,0x00,0x00,0x00,0x00,0x8f,0xff,0x40,0xaf,0xff,0x20,0x00,0x00,
  0x00,0x06,0xff,0xf0,0x00,0x00,0x00,0x00,0xbf,0xff,0x10,0x7f,0xff,0x50,0x00,0x00,0x00,0x00,0x22,0x20,0x00,0x00,0x00,0x00,
  0xff,0xfd,0x00,0x4f,0xff,0x90,0x00,0x00,0x00,0x00,0x00,0x00,0x00,0x00,0x00,0x06,0xff,0xf9,0x00,0x0e,0xff,0xd0,0x00,0x00,
  0x00,0x00,0x00,0x00,0x00,0x00,0x00,0x0d,0xff,0xf2,0x00,0x08,0xff,0xf4,0x00,0x00,0x00,0x00,0x00,0x00,0x00,0x00,0x00,0x5f,
  0xff,0xb0,0x00,0x01,0xff,0xfc,0x00,0x00,0x00,0x00,0x00,0x00,0x00,0x00,0x00,0xdf,0xff,0x30,0x00,0x00,0x7f,0xff,0x60,0x00,
  0x00,0x00,0x00,0x00,0x00,0x00,0x08,0xff,0xfa,0x00,0x00,0x00,0x0c,0xff,0xe2,0x00,0x00,0x00,0x00,0x00,0x00,0x00,0x2d,0xdd,
  0xd1,0x00,0x00,0x00,0x02,0xef,0xfd,0x10,0x00,0x00,0x00,0x00,0x00,0x00,0x00,0x00,0x00,0x00,0x00,0x00,0x00,0x3f,0xff,0xd2,
  0x00,0x00,0x00,0x00,0x00,0x00,0x00,0x00,0x00,0x00,0x00,0x00,0x00,0x03,0xff,0xfe,0x40,0x00,0x00,0x00,0x00,0x00,0x00,0x00,
  0x00,0x00,0x00,0x00,0x00,0x00,0x2e,0xff,0xfa,0x10,0x00,0x00,0x00,0x00,0x00,0x00,0x00,0x00,0x00,0x00,0x00,0x00,0x01,0xbf,
  0xff,0xe7,0x00,0x00,0x00,0x00,0x00,0x00,0x00,0x00,0x00,0x00,0x00,0x00,0x00,0x4e,0xff,0xff,0xe7,0x00,0x00,0x00,0x00,0x00,
  0x00,0x00,0x00,0x00,0x00,0x02,0x8e,0xff,0xff,0xff,0xff,0xe6,0x00,0x00,0x00,0x00,0x00,0x00,0x00,0x00,0x00,0x9f,0xff,0xff,
  0xff,0xff,0xff,0xff,0xc1,0x00,0x00,0x00,0x00,0x00,0x00,0x00,0x00,0xbf,0xff,0xf8,0x30,0x00,0x4d,0xff,0xfe,0x30,0x00,0x00,
  0x00,0x00,0x00,0x00,0x00,0x1f,0xfa,0x10,0x00,0x00,0x00,0x9f,0xff,0xe2,0x00,0x00,0x00,0x00,0x00,0x00,0x00,0x06,0x50,0x00,
  0x00,0x00,0x00,0x07,0xff,0xfc,0x00,0x00,0x00,0x00,0x00,0x00,0x00,0x00,0x00,0x00,0x00,0x00,0x00,0x00,0xbf,0xff,0x50,0x00,
  0x00,0x00,0x00,0x00,0x00,0x00,0x00,0x00,0x00,0x00,0x00,0x00,0x3f,0xff,0xa0,0x00,0x00,0x00,0x00,0x00,0x00,0x00,0x00,0x00,
  0x00,0x00,0x00,0x00,0x0f,0xff,0xd0,0x00,0x00,0x00,0x00,0x00,0x00,0x00,0x00,0x00,0x00,0x00,0x00,0x00,0x01,0x22,0x10,0x00,
  0x00,0x00,0x00,0x0d,0xff,0xff,0xff,0xff,0xff,0xff,0xff,0xff,0xff,0xff,0xff,0xff,0xff,0x30,0x0d,0xff,0xff,0xff,0xff,0xff,
  0xff,0xff,0xff,0xff,0xff,0xff,0xff,0xff,0x30,0x0d,0xff,0xff,0xff,0xff,0xff,0xff,0xff,0xff,0xff,0xff,0xff,0xff,0xff,0x30,
  0x0c,0xff,0xff,0xff,0xff,0xff,0xff,0xff,0xff,0xff,0xff,0xff,0xff,0xff,0x30,0x03,0xff,0xff,0xfe,0x20,0x00,0x00,0x00,0x00,
  0x00,0x00,0x00,0x00,0x00,0x00,0x00,0x4f,0xff,0xff,0xe1,0x00,0x00,0x00,0x00,0x00,0x00,0x00,0x00,0x00,0x00,0x00,0x05,0xff,
  0xff,0xfd,0x10,0x00,0x00,0x00,0x00,0x00,0x00,0x00,0x00,0x00,0x00,0x00,0x6f,0xff,0xff,0xc0,0x00,0x00,0x00,0x00,0x00,0x00,
  0x00,0x00,0x00,0x00,0x00,0x07,0xff,0xff,0xfb,0x00,0x00,0x00,0x00,0x00,0x00,0x00,0x00,0x00,0x00,0x00,0x00,0x8f,0xff,0xff,
  0xa0,0x00,0x00,0x00,0x00,0x00,0x00,0x00,0x00,0x00,0x00,0x00,0x09,0xff,0xff,0xf9,0x00,0x00,0x00,0x00,0x00,0x00,0x00,0x00,
  0x00,0x00,0x00,0x00,0xaf,0xff,0xff,0x80,0x00,0x00,0x00,0x00,0x00,0x00,0x00,0x00,0x00,0x00,0x00,0x0b,0xff,0xff,0xf6,0x00,
  0x00,0x00,0x00,0x00,0x00,0x00,0x00,0x00,0x00,0x00,0x00,0xcf,0xff,0xff,0x50,0x00,0x00,0x00,0x00,0x00,0x00,0x00,0x00,0x00,
  0x00,0x00,0x0c,0xff,0xff,0xf4,0x00,0x00,0x00,0x00,0x00,0x00,0x00,0x00,0x00,0x00,0x00,0x01,0xdf,0xff,0xff,0x30,0x00,0x00,
  0x00,0x00,0x00,0x00,0x00,0x00,0x00,0x00,0x00,0x1e,0xff,0xff,0xe2,0x00,0x00,0x00,0x00,0x00,0x00,0x00,0x00,0x00,0x00,0x00,
  0x02,0xef,0xff,0xfe,0x20,0x00,0x00,0x00,0x00,0x00,0x00,0x00,0x00,0x00,0x00,0x00,0x2e,0xff,0xff,0xd1,0x00,0x00,0x00,0x00,
  0x00,0x00,0x00,0x00,0x00,0x00,0x00,0x03,0xff,0xff,0xfc,0x00,0x00,0x00,0x00,0x00,0x00,0x00,0x00,0x00,0x00,0x00,0x08,0xff,
  0xff,0xf5,0x00,0x00,0x00,0x00,0x00,0x00,0x00,0x00,0x00,0x00,0x00,0x6f,0xff,0xff,0x60,0x00,0x00,0x00,0x00,0x00,0x00,0x00,
  0x00,0x00,0x00,0x05,0xff,0xff,0xf7,0x00,0x00,0x00,0x00,0x00,0x00,0x00,0x00,0x00,0x00,0x00,0x4f,0xff,0xff,0x90,0x00,0x00,
  0x00,0x00,0x00,0x00,0x00,0x00,0x00,0x00,0x03,0xff,0xff,0xfa,0x00,0x00,0x00,0x00,0x00,0x00,0x00,0x00,0x00,0x00,0x00,0x2e,
  0xff,0xff,0xb0,0x00,0x00,0x00,0x00,0x00,0x00,0x00,0x00,0x00,0x00,0x01,0xef,0xff,0xfc,0x00,0x00,0x00,0x00,0x00,0x00,0x00,
  0x00,0x00,0x00,0x00,0x1d,0xff,0xff,0xd1,0x00,0x00,0x00,0x00,0x00,0x00,0x00,0x00,0x00,0x00,0x00,0xcf,0xff,0xfe,0x10,0x00,
  0x00,0x00,0x00,0x00,0x00,0x00,0x00,0x00,0x00,0x0b,0xff,0xff,0xe2,0x00,0x00,0x00,0x00,0x00,0x00,0x00,0x00,0x00,0x00,0x00,
  0xaf,0xff,0xff,0x30,0x00,0x00,0x00,0x00,0x00,0x00,0x00,0x00,0x00,0x00,0x09,0xff,0xff,0xf4,0x00,0x00,0x00,0x00,0x00,0x00,
  0x00,0x00,0x00,0x00,0x00,0x8f,0xff,0xff,0x50,0x00,0x00,0x00,0x00,0x00,0x00,0x00,0x00,0x00,0x00,0x06,0xff,0xff,0xf6,0x00,
  0x00,0x00,0x00,0x00,0x00,0x00,0x00,0x00,0x00,0x00,0x5f,0xff,0xff,0x80,0x00,0x00,0x00,0x00,0x00,0x00,0x00,0x00,0x00,0x00,
  0x04,0xff,0xff,0xf9,0x00,0x00,0x00,0x00,0x00,0x00,0x00,0x00,0x00,0x00,0x00,0x3f,0xff,0xff,0xff,0xff,0xff,0xff,0xff,0xff,
  0xff,0xff,0xff,0xff,0xff,0xc0,0x7f,0xff,0xff,0xff,0xff,0xff,0xff,0xff,0xff,0xff,0xff,0xff,0xff,0xff,0xc0,0x7f,0xff,0xff,
  0xff,0xff,0xff,0xff,0xff,0xff,0xff,0xff,0xff,0xff,0xff,0xc0,0x7f,0xff,0xff,0xff,0xff,0xff,0xff,0xff,0xff,0xff,0xff,0xff,
  0xff,0xff,0xc0,0x00,0x00,0x00,0x00,0x00,0x00,0x00,0x00,0x00,0x21,0x20,0x00,0x00,0x00,0x00,0x00,0x00,0x00,0x00,0x00,0x00,
  0x00,0x00,0x00,0x00,0x00,0x00,0x00,0x04,0xff,0xf3,0x00,0x00,0x00,0x00,0x00,0x00,0x00,0x00,0x00,0x00,0x00,0x00,0x00,0x00,
  0x00,0x00,0x00,0x04,0xff,0xf3,0x00,0x00,0x00,0x00,0x00,0x00,0x00,0x00,0x00,0x00,0x00,0x00,0x00,0x00,0x00,0x00,0x00,0x03,
  0xff,0xf2,0x00,0x00,0x00,0x00,0x00,0x00,0x00,0x00,0x00,0x00,0x00,0x00,0x00,0x00,0x00,0x00,0x00,0x03,0xff,0xf2,0x00,0x00,
  0x00,0x00,0x00,0x00,0x00,0x00,0x00,0x00,0x00,0x00,0x00,0x00,0x00,0x00,0x00,0x03,0xff,0xf2,0x00,0x00,0x00,0x00,0x00,0x00,
  0x00,0x00,0x00,0x4b,0xab,0x10,0x00,0x00,0x00,0x00,0x00,0x02,0xff,0xf1,0x00,0x00,0x00,0x00,0x00,0x00,0x5b,0xab,0x10,0x6f,
  0xff,0x10,0x00,0x00,0x00,0x00,0x00,0x02,0xff,0xf1,0x00,0x00,0x00,0x00,0x00,0x00,0x7f,0xff,0x10,0x5f,0xff,0x10,0x00,0x00,
  0x00,0x00,0x00,0x02,0xff,0xf1,0x00,0x00,0x00,0x00,0x00,0x00,0x6f,0xff,0x00,0x5f,0xff,0x00,0x00,0x00,0x00,0x00,0x00,0x02,
  0xff,0xf1,0x00,0x00,0x00,0x00,0x00,0x00,0x6f,0xff,0x00,0x5f,0xff,0x00,0x00,0x00,0x00,0x00,0x00,0x02,0xff,0xf1,0x00,0x00,
  0x00,0x00,0x00,0x00,0x5f,0xff,0x00,0x4f,0xff,0x00,0x00,0x00,0x00,0x00,0x00,0x02,0xff,0xf1,0x00,0x00,0x00,0x00,0x00,0x00,
  0x5f,0xff,0x00,0x4f,0xff,0x00,0x00,0x00,0x00,0x00,0x00,0x02,0xff,0xf1,0x00,0x00,0x00,0x00,0x00,0x00,0x4f,0xff,0x00,0x4f,
  0xff,0x00,0x00,0x00,0x00,0x00,0x00,0x02,0xff,0xf1,0x00,0x00,0x00,0x00,0x00,0x00,0x4f,0xff,0x00,0x4f,0xff,0x00,0x00,0x00,
  0x00,0x00,0x00,0x02,0xff,0xf1,0x00,0x00,0x00,0x00,0x00,0x00,0x4f,0xff,0x00,0x4f,0xff,0x00,0x00,0x00,0x00,0x00,0x00,0x02,
  0xff,0xf1,0x00,0x00,0x00,0x00,0x00,0x00,0x4f,0xff,0x00,0x4f,0xff,0x00,0x00,0x00,0x00,0x00,0x00,0x02,0xff,0xf1,0x00,0x00,
  0x00,0x00,0x00,0x00,0x4f,0xff,0x00,0x4f,0xff,0x00,0x00,0x00,0x00,0x00,0x00,0x02,0xff,0xf1,0x00,0x00,0x00,0x00,0x00,0x00,
  0x4f,0xff,0x00,0x4f,0xff,0x00,0x00,0x00,0x00,0x00,0x00,0x02,0xff,0xf1,0x00,0x00,0x00,0x00,0x00,0x00,0x4f,0xff,0x00,0x4f,
  0xff,0x00,0x00,0x00,0x00,0x00,0x00,0x02,0xff,0xf1,0x00,0x00,0x00,0x00,0x00,0x00,0x4f,0xff,0x00,0x4f,0xff,0x00,0x00,0x00,
  0x00,0x00,0x00,0x02,0xff,0xf1,0x00,0x00,0x00,0x00,0x00,0x00,0x4f,0xff,0x00,0x4f,0xff,0x00,0x00,0x00,0x00,0x00,0x00,0x02,
  0xff,0xf1,0x00,0x00,0x00,0x00,0x00,0x00,0x4f,0xff,0x00,0x4f,0xff,0xff,0xff,0xff,0xff,0xff,0xff,0xff,0xff,0xff,0xff,0xff,
  0xff,0xff,0xff,0xff,0xff,0xff,0x00,0x4f,0xff,0xff,0xff,0xff,0xff,0xff,0xff,0xff,0xff,0xff,0xff,0xff,0xff,0xff,0xff,0xff,
  0xff,0xff,0x00,0x3d,0xdd,0xdd,0xdd,0xdd,0xdd,0xdd,0xdd,0xdd,0xff,0xfd,0xdd,0xdd,0xdd,0xdd,0xdd,0xdd,0xef,0xff,0x00,0x00,
  0x00,0x00,0x00,0x00,0x00,0x00,0x00,0x02,0xff,0xf1,0x00,0x00,0x00,0x00,0x00,0x00,0x6f,0xff,0x10,0x00,0x00,0x00,0x00,0x00,
  0x00,0x00,0x00,0x02,0xff,0xf1,0x00,0x00,0x00,0x00,0x00,0x00,0x25,0x45,0x00,0x00,0x00,0x00,0x00,0x00,0x00,0x00,0x00,0x02,
  0xff,0xf1,0x00,0x00,0x00,0x00,0x00,0x00,0x00,0x00,0x00,0x00,0x00,0x00,0x00,0x00,0x00,0x00,0x00,0x02,0xff,0xf1,0x00,0x00,
  0x00,0x00,0x00,0x00,0x00,0x00,0x00,0x00,0x00,0x00,0x00,0x00,0x00,0x00,0x00,0x02,0xff,0xf1,0x00,0x00,0x00,0x00,0x00,0x00,
  0x00,0x00,0x00,0x00,0x00,0x00,0x00,0x00,0x00,0x00,0x00,0x02,0xff,0xf1,0x00,0x00,0x00,0x00,0x00,0x00,0x00,0x00,0x00,0x00,
  0x00,0x00,0x00,0x00,0x00,0x00,0x00,0x02,0xff,0xf1,0x00,0x00,0x00,0x00,0x00,0x00,0x00,0x00,0x00,0x00,0x00,0x00,0x00,0x00,
  0x00,0x00,0x00,0x02,0xff,0xf1,0x00,0x00,0x00,0x00,0x00,0x00,0x00,0x00,0x00,0x00,0x00,0x00,0x00,0x00,0x00,0x00,0x00,0x02,
  0xff,0xf1,0x00,0x00,0x00,0x00,0x00,0x00,0x00,0x00,0x00,0x00,0x00,0x00,0x00,0x00,0x00,0x00,0x00,0x02,0xff,0xf1,0x00,0x00,
  0x00,0x00,0x00,0x00,0x00,0x00,0x00,0x00,0x00,0x00,0x00,0x00,0x00,0x00,0x00,0x02,0xff,0xf1,0x00,0x00,0x00,0x00,0x00,0x00,
  0x00,0x00,0x00,0x00,0x00,0x00,0x00,0x00,0x00,0x00,0x00,0x02,0xff,0xf1,0x00,0x00,0x00,0x00,0x00,0x00,0x00,0x00,0x00,0x00,
  0x00,0x00,0x00,0x00,0x00,0x00,0x00,0x03,0xff,0xf1,0x00,0x00,0x00,0x00,0x00,0x00,0x00,0x00,0x00,0x00,0x00,0x00,0x00,0x00,
  0x00,0x00,0x00,0x03,0xff,0xf2,0x00,0x00,0x00,0x00,0x00,0x00,0x00,0x00,0x00,0x00,0x00,0x00,0x00,0x00,0x00,0x00,0x00,0x03,
  0xff,0xf2,0x00,0x00,0x00,0x00,0x00,0x00,0x00,0x00,0x00,0x00,0x00,0x00,0x00,0x00,0x00,0x00,0x00,0x04,0xff,0xf3,0x00,0x00,
  0x00,0x00,0x00,0x00,0x00,0x00,0x00,0x00,0x00,0x00,0x00,0x00,0x00,0x00,0x00,0x04,0xff,0xf3,0x00,0x00,0x00,0x00,0x00,0x00,
  0x00,0x00,0x00,0x00,0x00,0x00,0x00,0x00,0x00,0x00,0x00,0x01,0x33,0x31,0x00,0x00,0x00,0x00,0x00,0x00,0x00,0x00,0x00,0x00,
  0x00,0x00,0x00,0x00,0x0f,0xff,0xff,0xff,0xff,0xff,0xff,0xff,0xff,0x00,0x00,0x00,0x00,0x00,0x00,0x00,0x00,0x00,0x00,0x00,
  0x0f,0xff,0xff,0xff,0xff,0xff,0xff,0xff,0xff,0x00,0x00,0x00,0x00,0x00,0x00,0x00,0x00,0x00,0x00,0x00,0x0f,0xff,0xaa,0xaa,
  0xaa,0xaa,0xaa,0xbf,0xff,0x00,0x00,0x00,0x00,0x00,0x00,0x00,0x00,0x00,0x00,0x00,0x0f,0xff,0x20,0x00,0x00,0x00,0x00,0x2f,
  0xff,0x00,0x00,0x00,0x00,0x00,0x00,0x00,0x00,0x00,0x00,0x00,0x0f,0xff,0x20,0x00,0x00,0x00,0x00,0x2f,0xff,0x00,0x00,0x00,
  0x00,0x00,0x00,0x00,0x00,0x00,0x00,0x00,0x0f,0xff,0x20,0x00,0x00,0x00,0x00,0x2f,0xff,0x00,0x00,0x00,0x00,0x00,0x00,0x00,
  0x00,0x00,0x00,0x00,0x0f,0xff,0x20,0x00,0x00,0x00,0x00,0x2f,0xff,0x00,0x00,0x00,0x00,0x00,0x00,0x00,0x00,0x00,0x00,0x00,
  0x0f,0xff,0x20,0x00,0x00,0x00,0x00,0x2f,0xff,0x00,0x00,0x00,0x00,0x00,0x00,0x00,0x00,0x00,0x00,0x00,0x0f,0xff,0x20,0x00,
  0x00,0x00,0x00,0x2f,0xff,0x00,0x00,0x00,0x00,0x00,0x00,0x00,0x00,0x00,0x00,0x00,0x0f,0xff,0x20,0x00,0x00,0x00,0x00,0x2f,
  0xff,0x00,0x00,0x00,0x00,0x00,0x00,0x00,0x00,0x00,0x00,0x00,0x0f,0xff,0x20,0x00,0x00,0x00,0x00,0x2f,0xff,0x00,0x00,0x00,
  0x00,0x00,0x00,0x00,0x00,0x00,0x00,0x00,0x0f,0xff,0x20,0x00,0x00,0x00,0x00,0x2f,0xff,0x00,0x00,0x00,0x00,0x00,0x00,0x00,
  0x00,0x00,0x00,0x00,0x0f,0xff,0x20,0x00,0x00,0x00,0x00,0x2f,0xff,0x00,0x00,0x00,0x00,0x00,0x00,0x00,0x00,0x00,0x00,0x00,
  0x0f,0xff,0x20,0x00,0x00,0x00,0x00,0x2f,0xff,0x00,0x00,0x00,0x00,0x00,0x00,0x00,0x00,0x00,0x00,0x00,0x0f,0xff,0x30,0x00,
  0x00,0x00,0x00,0x2f,0xff,0x00,0x00,0x00,0x00,0x00,0x00,0x00,0x00,0x00,0x00,0x00,0x0f,0xff,0x30,0x00,0x00,0x00,0x00,0x2f,
  0xff,0x11,0x11,0x11,0x11,0x11,0x00,0x0f,0xff,0xff,0xff,0xff,0xff,0xff,0x40,0x00,0x00,0x00,0x00,0x2f,0xff,0xff,0xff,0xff,
  0xff,0xfe,0x00,0x0f,0xff,0xff,0xff,0xff,0xff,0xff,0x40,0x00,0x00,0x00,0x00,0x2f,0xff,0xff,0xff,0xff,0xff,0xfe,0x00,0x0f,
  0xff,0xa9,0x99,0x99,0x9f,0xff,0x50,0x00,0x00,0x00,0x00,0x17,0x77,0x77,0x77,0x77,0x9f,0xfe,0x00,0x0f,0xff,0x30,0x00,0x00,
  0x02,0x12,0x00,0x00,0x00,0x00,0x00,0x00,0x00,0x00,0x00,0x00,0x3f,0xfe,0x00,0x0f,0xff,0x30,0x00,0x00,0x00,0x00,0x00,0x00,
  0x00,0x00,0x00,0x00,0x00,0x00,0x00,0x00,0x3f,0xfe,0x00,0x0f,0xff,0x30,0x00,0x00,0x00,0x00,0x00,0x00,0x00,0x00,0x00,0x00,
  0x00,0x00,0x00,0x00,0x3f,0xfe,0x00,0x0f,0xff,0x30,0x00,0x00,0x00,0x00,0x00,0x00,0x00,0x00,0x00,0x00,0x00,0x00,0x00,0x00,
  0x3f,0xfe,0x00,0x0f,0xff,0x30,0x00,0x00,0x00,0x00,0x00,0x00,0x00,0x00,0x00,0x00,0x00,0x00,0x00,0x00,0x3f,0xfe,0x00,0x0f,
  0xff,0x30,0x00,0x00,0x00,0x00,0x00,0x00,0x00,0x00,0x00,0x00,0x00,0x00,0x00,0x00,0x3f,0xfe,0x00,0x0f,0xff,0x30,0x00,0x00,
  0x00,0x00,0x00,0x00,0x00,0x00,0x00,0x00,0x00,0x00,0x00,0x00,0x3f,0xfe,0x00,0x0f,0xff,0x30,0x00,0x00,0x00,0x00,0x00,0x00,
  0x00,0x00,0x00,0x00,0x00,0x00,0x00,0x00,0x3f,0xfe,0x00,0x0f,0xff,0x30,0x00,0x00,0x00,0x00,0x00,0x00,0x00,0x00,0x00,0x00,
  0x00,0x00,0x00,0x00,0x3f,0xfe,0x00,0x0f,0xff,0x30,0x00,0x00,0x00,0x00,0x00,0x00,0x00,0x00,0x00,0x00,0x00,0x00,0x00,0x00,
  0x3f,0xfe,0x00,0x0f,0xff,0x30,0x00,0x00,0x00,0x00,0x00,0x00,0x00,0x00,0x00,0x00,0x00,0x00,0x00,0x00,0x3f,0xfe,0x00,0x0f,
  0xff,0x30,0x00,0x00,0x00,0x00,0x00,0x00,0x00,0x00,0x00,0x00,0x00,0x00,0x00,0x00,0x3f,0xfe,0x00,0x0f,0xff,0x30,0x00,0x00,
  0x00,0x00,0x00,0x00,0x00,0x00,0x00,0x00,0x00,0x00,0x00,0x00,0x3f,0xfe,0x00,0x0f,0xff,0x30,0x00,0x00,0x00,0x00,0x00,0x00,
  0x00,0x00,0x00,0x00,0x00,0x00,0x00,0x00,0x3f,0xfe,0x00,0x0f,0xff,0x30,0x00,0x00,0x00,0x00,0x00,0x00,0x00,0x00,0x00,0x00,
  0x00,0x00,0x00,0x00,0x3f,0xfe,0x00,0x0f,0xff,0xff,0xff,0xff,0xff,0xff,0xff,0xff,0xff,0xff,0xff,0xff,0xff,0xff,0xff,0xff,
  0xff,0xff,0x00,0x0f,0xff,0xff,0xff,0xff,0xff,0xff,0xff,0xff,0xff,0xff,0xff,0xff,0xff,0xff,0xff,0xff,0xff,0xff,0x00,0x0f,
  0xff,0xa9,0x99,0x99,0x99,0x99,0x99,0x99,0x99,0x99,0x99,0x99,0x99,0x99,0x99,0x99,0xbf,0xff,0x00,0x1f,0xff,0x30,0x00,0x00,
  0x00,0x00,0x00,0x00,0x00,0x00,0x00,0x00,0x00,0x00,0x00,0x00,0x4f,0xff,0x00,0x1f,0xff,0x40,0x00,0x00,0x00,0x00,0x00,0x00,
  0x00,0x00,0x00,0x00,0x00,0x00,0x00,0x00,0x5f,0xff,0x00,0x1e,0xee,0x40,0x00,0x00,0x00,0x00,0x00,0x00,0x00,0x00,0x00,0x00,
  0x00,0x00,0x00,0x00,0x5f,0xff,0x10,0x00,0x00,0x00,0x00,0x00,0x00,0x00,0x00,0x00,0x00,0x00,0x00,0x00,0x00,0x00,0x00,0x00,
  0x13,0x33,0x00,0x7f,0xff,0xff,0xff,0xff,0xff,0xff,0xfe,0x7f,0xff,0xff,0xff,0xff,0xff,0xff,0xfe,0x7f,0xff,0xff,0xff,0xff,
  0xff,0xff,0xfe,0x7f,0xff,0xbb,0xbb,0xbb,0xbb,0xbb,0xba,0x7f,0xff,0x00,0x00,0x00,0x00,0x00,0x00,0x7f,0xff,0x00,0x00,0x00,
  0x00,0x00,0x00,0x7f,0xff,0x00,0x00,0x00,0x00,0x00,0x00,0x7f,0xff,0x00,0x00,0x00,0x00,0x00,0x00,0x7f,0xff,0x00,0x00,0x00,
  0x00,0x00,0x00,0x7f,0xff,0x00,0x00,0x00,0x00,0x00,0x00,0x7f,0xff,0x00,0x00,0x00,0x00,0x00,0x00,0x7f,0xff,0x00,0x00,0x00,
  0x00,0x00,0x00,0x7f,0xff,0x00,0x00,0x00,0x00,0x00,0x00,0x7f,0xff,0x00,0x00,0x00,0x00,0x00,0x00,0x7f,0xff,0x00,0x00,0x00,
  0x00,0x00,0x00,0x7f,0xff,0x00,0x00,0x00,0x00,0x00,0x00,0x7f,0xff,0x00,0x00,0x00,0x00,0x00,0x00,0x7f,0xff,0x00,0x00,0x00,
  0x00,0x00,0x00,0x7f,0xff,0x00,0x00,0x00,0x00,0x00,0x00,0x7f,0xff,0x00,0x00,0x00,0x00,0x00,0x00,0x7f,0xff,0x00,0x00,0x00,
  0x00,0x00,0x00,0x7f,0xff,0x00,0x00,0x00,0x00,0x00,0x00,0x7f,0xff,0x00,0x00,0x00,0x00,0x00,0x00,0x7f,0xff,0x00,0x00,0x00,
  0x00,0x00,0x00,0x7f,0xff,0x00,0x00,0x00,0x00,0x00,0x00,0x7f,0xff,0x00,0x00,0x00,0x00,0x00,0x00,0x7f,0xff,0x00,0x00,0x00,
  0x00,0x00,0x00,0x7f,0xff,0x00,0x00,0x00,0x00,0x00,0x00,0x6f,0xff,0xff,0xff,0xff,0xff,0xff,0xfe,0x7f,0xff,0xff,0xff,0xff,
  0xff,0xff,0xff,0x7f,0xff,0xff,0xff,0xff,0xff,0xff,0xff,0x5b,0xbb,0xbb,0xbb,0xbb,0xbb,0xdf,0xff,0x00,0x00,0x00,0x00,0x00,
  0x00,0x7f,0xff,0x00,0x00,0x00,0x00,0x00,0x00,0x7f,0xff,0x00,0x00,0x00,0x00,0x00,0x00,0x7f,0xff,0x00,0x00,0x00,0x00,0x00,
  0x00,0x7f,0xff,0x00,0x00,0x00,0x00,0x00,0x00,0x7f,0xff,0x00,0x00,0x00,0x00,0x00,0x00,0x7f,0xff,0x00,0x00,0x00,0x00,0x00,
  0x00,0x7f,0xff,0x00,0x00,0x00,0x00,0x00,0x00,0x7f,0xff,0x00,0x00,0x00,0x00,0x00,0x00,0x7f,0xff,0x00,0x00,0x00,0x00,0x00,
  0x00,0x7f,0xff,0x00,0x00,0x00,0x00,0x00,0x00,0x7f,0xff,0x00,0x00,0x00,0x00,0x00,0x00,0x7f,0xff,0x00,0x00,0x00,0x00,0x00,
  0x00,0x7f,0xff,0x00,0x00,0x00,0x00,0x00,0x00,0x7f,0xff,0x00,0x00,0x00,0x00,0x00,0x00,0x7f,0xff,0x00,0x00,0x00,0x00,0x00,
  0x00,0x7f,0xff,0x00,0x00,0x00,0x00,0x00,0x00,0x7f,0xff,0x00,0x00,0x00,0x00,0x00,0x00,0x7f,0xff,0x00,0x00,0x00,0x00,0x00,
  0x00,0x7f,0xff,0x00,0x00,0x00,0x00,0x00,0x00,0x7f,0xff,0x00,0x00,0x00,0x00,0x00,0x00,0x7f,0xff,0x00,0x00,0x00,0x00,0x00,
  0x00,0x7f,0xff,0x00,0x00,0x00,0x00,0x00,0x00,0x7f,0xff,0x00,0x00,0x00,0x00,0x00,0x00,0x7f,0xff,0x24,0x44,0x00,0x00,0x00,
  0x00,0x00,0x00,0x7f,0xff,0x00,0x00,0x00,0x00,0x00,0x00,0x7f,0xff,0x00,0x00,0x00,0x00,0x00,0x00,0x7f,0xff,0x00,0x00,0x00,
  0x00,0x00,0x00,0x7f,0xff,0x00,0x00,0x00,0x00,0x00,0x00,0x7f,0xff,0x00,0x00,0x00,0x00,0x00,0x00,0x7f,0xff,0x00,0x00,0x00,
  0x00,0x00,0x00,0x7f,0xff,0x00,0x00,0x00,0x00,0x00,0x00,0x7f,0xff,0x00,0x00,0x00,0x00,0x00,0x00,0x7f,0xff,0x00,0x00,0x00,
  0x00,0x00,0x00,0x7f,0xff,0x00,0x00,0x00,0x00,0x00,0x00,0x7f,0xff,0x00,0x00,0x00,0x00,0x00,0x00,0x7f,0xff,0x00,0x00,0x00,
  0x00,0x00,0x00,0x7f,0xff,0x00,0x00,0x00,0x00,0x00,0x00,0x7f,0xff,0x00,0x00,0x00,0x00,0x00,0x00,0x7f,0xff,0x00,0x00,0x00,
  0x00,0x00,0x00,0x7f,0xff,0x00,0x00,0x00,0x00,0x00,0x00,0x7f,0xff,0x00,0x00,0x00,0x00,0x00,0x00,0x7f,0xff,0x00,0x00,0x00,
  0x00,0x00,0x00,0x7f,0xff,0x00,0x00,0x00,0x00,0x00,0x00,0x7f,0xff,0x00,0x00,0x00,0x00,0x00,0x00,0x7f,0xff,0x00,0x00,0x00,
  0x00,0x00,0x00,0x7f,0xff,0x00,0x00,0x00,0x00,0x00,0x00,0x7f,0xff,0x00,0x00,0x00,0x00,0x00,0x00,0x7f,0xff,0x00,0x00,0x00,
  0x00,0x00,0x00,0x7f,0xff,0xff,0xff,0xff,0xff,0xff,0xfe,0x7f,0xff,0xff,0xff,0xff,0xff,0xff,0xfe,0x7f,0xff,0xff,0xff,0xff,
  0xff,0xff,0xfe,0x5b,0xbb,0xbb,0xbb,0xbb,0xbb,0xbb,0xba,0x00,0x00,0x00,0x00,0x00,0x00,0x24,0x44,0x00,0x00,0x00,0x00,0x00,
  0x00,0x7f,0xff,0x00,0x00,0x00,0x00,0x00,0x00,0x7f,0xff,0x00,0x00,0x00,0x00,0x00,0x00,0x7f,0xff,0x00,0x00,0x00,0x00,0x00,
  0x00,0x7f,0xff,0x00,0x00,0x00,0x00,0x00,0x00,0x7f,0xff,0x00,0x00,0x00,0x00,0x00,0x00,0x7f,0xff,0x00,0x00,0x00,0x00,0x00,
  0x00,0x7f,0xff,0x00,0x00,0x00,0x00,0x00,0x00,0x7f,0xff,0x00,0x00,0x00,0x00,0x00,0x00,0x7f,0xff,0x00,0x00,0x00,0x00,0x00,
  0x00,0x7f,0xff,0x00,0x00,0x00,0x00,0x00,0x00,0x7f,0xff,0x00,0x00,0x00,0x00,0x00,0x00,0x7f,0xff,0x00,0x00,0x00,0x00,0x00,
  0x00,0x7f,0xff,0x00,0x00,0x00,0x00,0x00,0x00,0x7f,0xff,0x00,0x00,0x00,0x00,0x00,0x00,0x7f,0xff,0x00,0x00,0x00,0x00,0x00,
  0x00,0x7f,0xff,0x00,0x00,0x00,0x00,0x00,0x00,0x7f,0xff,0x00,0x00,0x00,0x00,0x00,0x00,0x7f,0xff,0x00,0x00,0x00,0x00,0x00,
  0x00,0x7f,0xff,0x00,0x00,0x00,0x00,0x00,0x00,0x7f,0xff,0x00,0x00,0x00,0x00,0x00,0x00,0x7f,0xff,0x00,0x00,0x00,0x00,0x00,
  0x00,0x7f,0xff,0x00,0x00,0x00,0x00,0x00,0x00,0x7f,0xff,0x00,0x00,0x00,0x00,0x00,0x00,0x7f,0xff,0x6f,0xff,0xff,0xff,0xff,
  0xff,0xff,0xff,0x7f,0xff,0xff,0xff,0xff,0xff,0xff,0xff,0x7f,0xff,0xff,0xff,0xff,0xff,0xff,0xff,0x5b,0xbb,0xbb,0xbb,0xbb,
  0xbb,0xbb,0xba,0x6f,0xff,0xff,0xff,0xff,0xff,0xff,0xff,0xff,0xff,0xff,0xff,0xff,0xfe,0x7f,0xff,0xff,0xff,0xff,0xff,0xff,
  0xff,0xff,0xff,0xff,0xff,0xff,0xfe,0x7f,0xff,0xff,0xff,0xff,0xff,0xff,0xff,0xff,0xff,0xff,0xff,0xff,0xfe,0x5b,0xbb,0xbb,
  0xbb,0xbb,0xbb,0xbb,0xbb,0xbb,0xbb,0xbb,0xbb,0xbb,0xba,0x24,0x44,0x7f,0xff,0x7f,0xff,0x7f,0xff,0x7f,0xff,0x7f,0xff,0x7f,
  0xff,0x7f,0xff,0x7f,0xff,0x7f,0xff,0x7f,0xff,0x7f,0xff,0x7f,0xff,0x7f,0xff,0x7f,0xff,0x7f,0xff,0x7f,0xff,0x7f,0xff,0x7f,
  0xff,0x7f,0xff,0x7f,0xff,0x7f,0xff,0x7f,0xff,0x7f,0xff,0x7f,0xff,0x7f,0xff,0x7f,0xff,0x7f,0xff,0x7f,0xff,0x7f,0xff,0x7f,
  0xff,0x7f,0xff,0x7f,0xff,0x7f,0xff,0x7f,0xff,0x7f,0xff,0x7f,0xff,0x7f,0xff,0x7f,0xff,0x7f,0xff,0x7f,0xff,0x7f,0xff,0x7f,
  0xff,0x7f,0xff,0x7f,0xff,0x7f,0xff,0x7f,0xff,0x7f,0xff,0x7f,0xff,0x7f,0xff,0x7f,0xff,0x7f,0xff,0x7f,0xff,0x6f,0xff,0xff,
  0xff,0xff,0xff,0xff,0xff,0xff,0xff,0xff,0xff,0xff,0xfe,0x7f,0xff,0xff,0xff,0xff,0xff,0xff,0xff,0xff,0xff,0xff,0xff,0xff,
  0xfe,0x7f,0xff,0xff,0xff,0xff,0xff,0xff,0xff,0xff,0xff,0xff,0xff,0xff,0xfe,0x5b,0xbb,0xbb,0xbb,0xbb,0xbb,0xdf,0xff,0xbb,
  0xbb,0xbb,0xbb,0xbb,0xba,0x00,0x00,0x00,0x00,0x00,0x00,0x7f,0xff,0x00,0x00,0x00,0x00,0x00,0x00,0x00,0x00,0x00,0x00,0x00,
  0x00,0x7f,0xff,0x00,0x00,0x00,0x00,0x00,0x00,0x00,0x00,0x00,0x00,0x00,0x00,0x7f,0xff,0x00,0x00,0x00,0x00,0x00,0x00,0x00,
  0x00,0x00,0x00,0x00,0x00,0x7f,0xff,0x00,0x00,0x00,0x00,0x00,0x00,0x00,0x00,0x00,0x00,0x00,0x00,0x7f,0xff,0x00,0x00,0x00,
  0x00,0x00,0x00,0x00,0x00,0x00,0x00,0x00,0x00,0x7f,0xff,0x00,0x00,0x00,0x00,0x00,0x00,0x00,0x00,0x00,0x00,0x00,0x00,0x7f,
  0xff,0x00,0x00,0x00,0x00,0x00,0x00,0x00,0x00,0x00,0x00,0x00,0x00,0x7f,0xff,0x00,0x00,0x00,0x00,0x00,0x00,0x00,0x00,0x00,
  0x00,0x00,0x00,0x7f,0xff,0x00,0x00,0x00,0x00,0x00,0x00,0x00,0x00,0x00,0x00,0x00,0x00,0x7f,0xff,0x00,0x00,0x00,0x00,0x00,
  0x00,0x00,0x00,0x00,0x00,0x00,0x00,0x7f,0xff,0x00,0x00,0x00,0x00,0x00,0x00,0x00,0x00,0x00,0x00,0x00,0x00,0x7f,0xff,0x00,
  0x00,0x00,0x00,0x00,0x00,0x00,0x00,0x00,0x00,0x00,0x00,0x7f,0xff,0x00,0x00,0x00,0x00,0x00,0x00,0x00,0x00,0x00,0x00,0x00,
  0x00,0x7f,0xff,0x00,0x00,0x00,0x00,0x00,0x00,0x00,0x00,0x00,0x00,0x00,0x00,0x7f,0xff,0x00,0x00,0x00,0x00,0x00,0x00,0x00,
  0x00,0x00,0x00,0x00,0x00,0x7f,0xff,0x00,0x00,0x00,0x00,0x00,0x00,0x00,0x00,0x00,0x00,0x00,0x00,0x7f,0xff,0x00,0x00,0x00,
  0x00,0x00,0x00,0x00,0x00,0x00,0x00,0x00,0x00,0x7f,0xff,0x00,0x00,0x00,0x00,0x00,0x00,0x00,0x00,0x00,0x00,0x00,0x00,0x7f,
  0xff,0x00,0x00,0x00,0x00,0x00,0x00,0x00,0x00,0x00,0x00,0x00,0x00,0x7f,0xff,0x00,0x00,0x00,0x00,0x00,0x00,0x00,0x00,0x00,
  0x00,0x00,0x00,0x7f,0xff,0x00,0x00,0x00,0x00,0x00,0x00,0x00,0x00,0x00,0x00,0x00,0x00,0x7f,0xff,0x00,0x00,0x00,0x00,0x00,
  0x00,0x00,0x00,0x00,0x00,0x00,0x00,0x7f,0xff,0x00,0x00,0x00,0x00,0x00,0x00,0x00,0x00,0x00,0x00,0x00,0x00,0x7f,0xff,0x00,
  0x00,0x00,0x00,0x00,0x00,0x00,0x00,0x00,0x00,0x00,0x00,0x24,0x44,0x00,0x00,0x00,0x00,0x00,0x00,0x00,0x00,0x00,0x00,0x00,
  0x00,0x7f,0xff,0x00,0x00,0x00,0x00,0x00,0x00,0x00,0x00,0x00,0x00,0x00,0x00,0x7f,0xff,0x00,0x00,0x00,0x00,0x00,0x00,0x00,
  0x00,0x00,0x00,0x00,0x00,0x7f,0xff,0x00,0x00,0x00,0x00,0x00,0x00,0x00,0x00,0x00,0x00,0x00,0x00,0x7f,0xff,0x00,0x00,0x00,
  0x00,0x00,0x00,0x00,0x00,0x00,0x00,0x00,0x00,0x7f,0xff,0x00,0x00,0x00,0x00,0x00,0x00,0x00,0x00,0x00,0x00,0x00,0x00,0x7f,
  0xff,0x00,0x00,0x00,0x00,0x00,0x00,0x00,0x00,0x00,0x00,0x00,0x00,0x7f,0xff,0x00,0x00,0x00,0x00,0x00,0x00,0x00,0x00,0x00,
  0x00,0x00,0x00,0x7f,0xff,0x00,0x00,0x00,0x00,0x00,0x00,0x00,0x00,0x00,0x00,0x00,0x00,0x7f,0xff,0x00,0x00,0x00,0x00,0x00,
  0x00,0x00,0x00,0x00,0x00,0x00,0x00,0x7f,0xff,0x00,0x00,0x00,0x00,0x00,0x00,0x00,0x00,0x00,0x00,0x00,0x00,0x7f,0xff,0x00,
  0x00,0x00,0x00,0x00,0x00,0x00,0x00,0x00,0x00,0x00,0x00,0x7f,0xff,0x00,0x00,0x00,0x00,0x00,0x00,0x00,0x00,0x00,0x00,0x00,
  0x00,0x7f,0xff,0x00,0x00,0x00,0x00,0x00,0x00,0x00,0x00,0x00,0x00,0x00,0x00,0x7f,0xff,0x00,0x00,0x00,0x00,0x00,0x00,0x00,
  0x00,0x00,0x00,0x00,0x00,0x7f,0xff,0x00,0x00,0x00,0x00,0x00,0x00,0x00,0x00,0x00,0x00,0x00,0x00,0x7f,0xff,0x00,0x00,0x00,
  0x00,0x00,0x00,0x00,0x00,0x00,0x00,0x00,0x00,0x7f,0xff,0x00,0x00,0x00,0x00,0x00,0x00,0x00,0x00,0x00,0x00,0x00,0x00,0x7f,
  0xff,0x00,0x00,0x00,0x00,0x00,0x00,0x00,0x00,0x00,0x00,0x00,0x00,0x7f,0xff,0x00,0x00,0x00,0x00,0x00,0x00,0x00,0x00,0x00,
  0x00,0x00,0x00,0x7f,0xff,0x00,0x00,0x00,0x00,0x00,0x00,0x00,0x00,0x00,0x00,0x00,0x00,0x7f,0xff,0x00,0x00,0x00,0x00,0x00,
  0x00,0x00,0x00,0x00,0x00,0x00,0x00,0x7f,0xff,0x00,0x00,0x00,0x00,0x00,0x00,0x00,0x00,0x00,0x00,0x00,0x00,0x7f,0xff,0x00,
  0x00,0x00,0x00,0x00,0x00,0x00,0x00,0x00,0x00,0x00,0x00,0x7f,0xff,0x00,0x00,0x00,0x00,0x00,0x00,0x6f,0xff,0xff,0xff,0xff,
  0xff,0xff,0xff,0xff,0xff,0xff,0xff,0xff,0xfe,0x7f,0xff,0xff,0xff,0xff,0xff,0xff,0xff,0xff,0xff,0xff,0xff,0xff,0xfe,0x7f,
  0xff,0xff,0xff,0xff,0xff,0xff,0xff,0xff,0xff,0xff,0xff,0xff,0xfe,0x5b,0xbb,0xbb,0xbb,0xbb,0xbb,0xbb,0xbb,0xbb,0xbb,0xbb,
  0xbb,0xbb,0xba,0x00,0x00,0x00,0x00,0x00,0x04,0x44,0x44,0x42,0x00,0x00,0x00,0x00,0x00,0x00,0x00,0x00,0x00,0x00,0x3f,0xff,
  0xff,0xfa,0x00,0x00,0x00,0x00,0x00,0x00,0x00,0x00,0x00,0x00,0x3f,0xff,0xff,0xfa,0x00,0x00,0x00,0x00,0x00,0x00,0x00,0x00,
  0x00,0x00,0x3f,0xff,0xff,0xfa,0x00,0x00,0x00,0x00,0x00,0x00,0x00,0x00,0x00,0x00,0x3f,0xff,0xff,0xfa,0x00,0x00,0x00,0x00,
  0x00,0x00,0x00,0x00,0x00,0x00,0x3f,0xff,0xff,0xfa,0x00,0x00,0x00,0x00,0x00,0x00,0x00,0x00,0x00,0x00,0x3f,0xff,0xff,0xfa,
  0x00,0x00,0x00,0x00,0x00,0x00,0x00,0x00,0x00,0x00,0x3f,0xff,0xff,0xfa,0x00,0x00,0x00,0x00,0x00,0x00,0x00,0x00,0x00,0x00,
  0x3f,0xff,0xff,0xfa,0x00,0x00,0x00,0x00,0x00,0x00,0x00,0x00,0x00,0x00,0x3f,0xff,0xff,0xfa,0x00,0x00,0x00,0x00,0x00,0x00,
  0x00,0x00,0x00,0x00,0x3f,0xff,0xff,0xfa,0x00,0x00,0x00,0x00,0x00,0x00,0x00,0x00,0x00,0x00,0x3f,0xff,0xff,0xfa,0x00,0x00,
  0x00,0x00,0x00,0x00,0x00,0x00,0x00,0x00,0x3f,0xff,0xff,0xfa,0x00,0x00,0x00,0x00,0x00,0x00,0x00,0x00,0x00,0x00,0x3f,0xff,
  0xff,0xfa,0x00,0x00,0x00,0x00,0x00,0x00,0x00,0x00,0x00,0x00,0x3f,0xff,0xff,0xfa,0x00,0x00,0x00,0x00,0x00,0x00,0x00,0x00,
  0x00,0x00,0x3f,0xff,0xff,0xfa,0x00,0x00,0x00,0x00,0x00,0x00,0x00,0x00,0x00,0x00,0x3f,0xff,0xff,0xfa,0x00,0x00,0x00,0x00,
  0x00,0x00,0x00,0x00,0x00,0x00,0x3f,0xff,0xff,0xfa,0x00,0x00,0x00,0x00,0x00,0x00,0x00,0x00,0x00,0x00,0x3f,0xff,0xff,0xfa,
  0x00,0x00,0x00,0x00,0x00,0x00,0x00,0x00,0x00,0x00,0x3f,0xff,0xff,0xfa,0x00,0x00,0x00,0x00,0x00,0x00,0x00,0x00,0x00,0x00,
  0x3f,0xff,0xff,0xfa,0x00,0x00,0x00,0x00,0x00,0x00,0x00,0x00,0x00,0x00,0x3f,0xff,0xff,0xfa,0x00,0x00,0x00,0x00,0x00,0x00,
  0x00,0x00,0x00,0x00,0x3f,0xff,0xff,0xfa,0x00,0x00,0x00,0x00,0x00,0x5d,0xdd,0xdd,0xdd,0xdd,0xdf,0xff,0xff,0xff,0xdd,0xdd,
  0xdd,0xdd,0xdc,0x7f,0xff,0xff,0xff,0xff,0xff,0xff,0xff,0xff,0xff,0xff,0xff,0xff,0xfe,0x7f,0xff,0xff,0xff,0xff,0xff,0xff,
  0xff,0xff,0xff,0xff,0xff,0xff,0xfe,0x7f,0xff,0xff,0xff,0xff,0xff,0xff,0xff,0xff,0xff,0xff,0xff,0xff,0xfe,0x7f,0xff,0xff,
  0xff,0xff,0xff,0xff,0xff,0xff,0xff,0xff,0xff,0xff,0xfe,0x7f,0xff,0xff,0xff,0xff,0xff,0xff,0xff,0xff,0xff,0xff,0xff,0xff,
  0xfe,0x7f,0xff,0xff,0xff,0xff,0xff,0xff,0xff,0xff,0xff,0xff,0xff,0xff,0xfe,0x39,0x99,0x99,0x99,0x99,0x99,0x99,0x99,0x99,
  0x99,0x99,0x99,0x99,0x98,0x5d,0xdd,0xdd,0xdd,0xdd,0xdd,0xdd,0xdd,0xdd,0xdd,0xdd,0xdd,0xdd,0xdc,0x7f,0xff,0xff,0xff,0xff,
  0xff,0xff,0xff,0xff,0xff,0xff,0xff,0xff,0xfe,0x7f,0xff,0xff,0xff,0xff,0xff,0xff,0xff,0xff,0xff,0xff,0xff,0xff,0xfe,0x7f,
  0xff,0xff,0xff,0xff,0xff,0xff,0xff,0xff,0xff,0xff,0xff,0xff,0xfe,0x7f,0xff,0xff,0xff,0xff,0xff,0xff,0xff,0xff,0xff,0xff,
  0xff,0xff,0xfe,0x7f,0xff,0xff,0xff,0xff,0xff,0xff,0xff,0xff,0xff,0xff,0xff,0xff,0xfe,0x7f,0xff,0xff,0xff,0xff,0xff,0xff,
  0xff,0xff,0xff,0xff,0xff,0xff,0xfe,0x39,0x99,0x99,0x99,0x99,0x99,0x99,0x99,0x99,0x99,0x99,0x99,0x99,0x98,0x00,0x00,0x00,
  0x00,0x00,0x00,0x24,0x44,0x00,0x00,0x00,0x00,0x00,0x00,0x7f,0xff,0x00,0x00,0x00,0x00,0x00,0x00,0x7f,0xff,0x00,0x00,0x00,
  0x00,0x00,0x00,0x7f,0xff,0x00,0x00,0x00,0x00,0x00,0x00,0x7f,0xff,0x00,0x00,0x00,0x00,0x00,0x00,0x7f,0xff,0x00,0x00,0x00,
  0x00,0x00,0x00,0x7f,0xff,0x00,0x00,0x00,0x00,0x00,0x00,0x7f,0xff,0x00,0x00,0x00,0x00,0x00,0x00,0x7f,0xff,0x00,0x00,0x00,
  0x00,0x00,0x00,0x7f,0xff,0x00,0x00,0x00,0x00,0x00,0x00,0x7f,0xff,0x00,0x00,0x00,0x00,0x00,0x00,0x7f,0xff,0x00,0x00,0x00,
  0x00,0x00,0x00,0x7f,0xff,0x00,0x00,0x00,0x00,0x00,0x00,0x7f,0xff,0x00,0x00,0x00,0x00,0x00,0x00,0x7f,0xff,0x00,0x00,0x00,
  0x00,0x00,0x00,0x7f,0xff,0x00,0x00,0x00,0x00,0x00,0x00,0x7f,0xff,0x00,0x00,0x00,0x00,0x00,0x00,0x7f,0xff,0x00,0x00,0x00,
  0x00,0x00,0x00,0x7f,0xff,0x00,0x00,0x00,0x00,0x00,0x00,0x7f,0xff,0x00,0x00,0x00,0x00,0x00,0x00,0x8f,0xfe,0x00,0x00,0x00,
  0x00,0x00,0x00,0xaf,0xfc,0x00,0x00,0x00,0x00,0x00,0x00,0xef,0xf9,0x00,0x00,0x00,0x00,0x00,0x06,0xff,0xf5,0x00,0x00,0x00,
  0x00,0x01,0x6f,0xff,0xe0,0x6f,0xff,0xff,0xff,0xff,0xff,0xff,0x60,0x7f,0xff,0xff,0xff,0xff,0xff,0xfa,0x00,0x7f,0xff,0xff,
  0xff,0xff,0xff,0x90,0x00,0x5b,0xbb,0xbb,0xbb,0xba,0x72,0x00,0x00,0x24,0x44,0x00,0x00,0x00,0x00,0x00,0x00,0x7f,0xff,0x00,
  0x00,0x00,0x00,0x00,0x00,0x7f,0xff,0x00,0x00,0x00,0x00,0x00,0x00,0x7f,0xff,0x00,0x00,0x00,0x00,0x00,0x00,0x7f,0xff,0x00,
  0x00,0x00,0x00,0x00,0x00,0x7f,0xff,0x00,0x00,0x00,0x00,0x00,0x00,0x7f,0xff,0x00,0x00,0x00,0x00,0x00,0x00,0x7f,0xff,0x00,
  0x00,0x00,0x00,0x00,0x00,0x7f,0xff,0x00,0x00,0x00,0x00,0x00,0x00,0x7f,0xff,0x00,0x00,0x00,0x00,0x00,0x00,0x7f,0xff,0x00,
  0x00,0x00,0x00,0x00,0x00,0x7f,0xff,0x00,0x00,0x00,0x00,0x00,0x00,0x7f,0xff,0x00,0x00,0x00,0x00,0x00,0x00,0x7f,0xff,0x00,
  0x00,0x00,0x00,0x00,0x00,0x7f,0xff,0x00,0x00,0x00,0x00,0x00,0x00,0x7f,0xff,0x00,0x00,0x00,0x00,0x00,0x00,0x7f,0xff,0x00,
  0x00,0x00,0x00,0x00,0x00,0x7f,0xff,0x00,0x00,0x00,0x00,0x00,0x00,0x7f,0xff,0x00,0x00,0x00,0x00,0x00,0x00,0x7f,0xff,0x00,
  0x00,0x00,0x00,0x00,0x00,0x6f,0xff,0x00,0x00,0x00,0x00,0x00,0x00,0x5f,0xff,0x10,0x00,0x00,0x00,0x00,0x00,0x2f,0xff,0x50,
  0x00,0x00,0x00,0x00,0x00,0x0d,0xff,0xd0,0x00,0x00,0x00,0x00,0x00,0x07,0xff,0xfb,0x30,0x00,0x00,0x00,0x00,0x00,0xef,0xff,
  0xff,0xff,0xff,0xff,0xfe,0x00,0x3f,0xff,0xff,0xff,0xff,0xff,0xfe,0x00,0x04,0xef,0xff,0xff,0xff,0xff,0xfe,0x00,0x00,0x05,
  0x9a,0xbb,0xbb,0xbb,0xba,0x00,0x00,0x29,0xde,0xff,0xff,0xff,0xfe,0x00,0x07,0xff,0xff,0xff,0xff,0xff,0xfe,0x00,0x6f,0xff,
  0xff,0xff,0xff,0xff,0xfe,0x01,0xff,0xff,0xec,0xbb,0xbb,0xbb,0xba,0x08,0xff,0xf8,0x00,0x00,0x00,0x00,0x00,0x0e,0xff,0xb0,
  0x00,0x00,0x00,0x00,0x00,0x3f,0xff,0x40,0x00,0x00,0x00,0x00,0x00,0x5f,0xff,0x10,0x00,0x00,0x00,0x00,0x00,0x7f,0xff,0x00,
  0x00,0x00,0x00,0x00,0x00,0x7f,0xff,0x00,0x00,0x00,0x00,0x00,0x00,0x7f,0xff,0x00,0x00,0x00,0x00,0x00,0x00,0x7f,0xff,0x00,
  0x00,0x00,0x00,0x00,0x00,0x7f,0xff,0x00,0x00,0x00,0x00,0x00,0x00,0x7f,0xff,0x00,0x00,0x00,0x00,0x00,0x00,0x7f,0xff,0x00,
  0x00,0x00,0x00,0x00,0x00,0x7f,0xff,0x00,0x00,0x00,0x00,0x00,0x00,0x7f,0xff,0x00,0x00,0x00,0x00,0x00,0x00,0x7f,0xff,0x00,
  0x00,0x00,0x00,0x00,0x00,0x7f,0xff,0x00,0x00,0x00,0x00,0x00,0x00,0x7f,0xff,0x00,0x00,0x00,0x00,0x00,0x00,0x7f,0xff,0x00,
  0x00,0x00,0x00,0x00,0x00,0x7f,0xff,0x00,0x00,0x00,0x00,0x00,0x00,0x7f,0xff,0x00,0x00,0x00,0x00,0x00,0x00,0x7f,0xff,0x00,
  0x00,0x00,0x00,0x00,0x00,0x7f,0xff,0x00,0x00,0x00,0x00,0x00,0x00,0x7f,0xff,0x00,0x00,0x00,0x00,0x00,0x00,0x7f,0xff,0x00,
  0x00,0x00,0x00,0x00,0x00,0x7f,0xff,0x00,0x00,0x00,0x00,0x00,0x00,0x6f,0xff,0xff,0xff,0xfe,0xb6,0x00,0x00,0x7f,0xff,0xff,
  0xff,0xff,0xff,0xc1,0x00,0x7f,0xff,0xff,0xff,0xff,0xff,0xfd,0x00,0x5b,0xbb,0xbb,0xbb,0xbd,0xff,0xff,0x80,0x00,0x00,0x00,
  0x00,0x00,0x2e,0xff,0xf1,0x00,0x00,0x00,0x00,0x00,0x03,0xff,0xf6,0x00,0x00,0x00,0x00,0x00,0x00,0xdf,0xfa,0x00,0x00,0x00,
  0x00,0x00,0x00,0x9f,0xfd,0x00,0x00,0x00,0x00,0x00,0x00,0x8f,0xfe,0x00,0x00,0x00,0x00,0x00,0x00,0x7f,0xff,0x00,0x00,0x00,
  0x00,0x00,0x00,0x7f,0xff,0x00,0x00,0x00,0x00,0x00,0x00,0x7f,0xff,0x00,0x00,0x00,0x00,0x00,0x00,0x7f,0xff,0x00,0x00,0x00,
  0x00,0x00,0x00,0x7f,0xff,0x00,0x00,0x00,0x00,0x00,0x00,0x7f,0xff,0x00,0x00,0x00,0x00,0x00,0x00,0x7f,0xff,0x00,0x00,0x00,
  0x00,0x00,0x00,0x7f,0xff,0x00,0x00,0x00,0x00,0x00,0x00,0x7f,0xff,0x00,0x00,0x00,0x00,0x00,0x00,0x7f,0xff,0x00,0x00,0x00,
  0x00,0x00,0x00,0x7f,0xff,0x00,0x00,0x00,0x00,0x00,0x00,0x7f,0xff,0x00,0x00,0x00,0x00,0x00,0x00,0x7f,0xff,0x00,0x00,0x00,
  0x00,0x00,0x00,0x7f,0xff,0x00,0x00,0x00,0x00,0x00,0x00,0x7f,0xff,0x00,0x00,0x00,0x00,0x00,0x00,0x7f,0xff,0x00,0x00,0x00,
  0x00,0x00,0x00,0x7f,0xff,0x00,0x00,0x00,0x00,0x00,0x00,0x7f,0xff,0x00,0x00,0x00,0x00,0x00,0x00,0x7f,0xff,0x00,0x00,0x1d,
  0xff,0xff,0xff,0xff,0xff,0xff,0xff,0xff,0xff,0xff,0xff,0xff,0xff,0xe5,0x00,0x00,0x00,0x00,0x9f,0xff,0xff,0xff,0xff,0xff,
  0xff,0xff,0xff,0xff,0xff,0xff,0xff,0xff,0xfe,0x00,0x00,0x00,0x01,0xfe,0x10,0x00,0x00,0x00,0x00,0x00,0x00,0x00,0x00,0x00,
  0x00,0x00,0x00,0xaf,0x70,0x00,0x00,0x08,0xf6,0x00,0x00,0x00,0x00,0x00,0x00,0x00,0x00,0x00,0x00,0x00,0x00,0x00,0x1f,0xe0,
  0x00,0x00,0x1f,0xe0,0x00,0x00,0x00,0x00,0x00,0x00,0x00,0x00,0x00,0x00,0x00,0x00,0x00,0x09,0xf7,0x00,0x00,0x8f,0x70,0x00,
  0x00,0x00,0x00,0x00,0x00,0x00,0x00,0x00,0x00,0x00,0x00,0x00,0x02,0xfe,0x00,0x00,0xef,0x00,0x00,0x00,0x00,0x00,0x00,0x00,
  0x00,0x00,0x00,0x00,0x00,0x00,0x00,0x00,0x9f,0x70,0x07,0xf8,0x00,0x00,0x00,0x00,0x00,0x00,0x00,0x00,0x00,0x00,0x00,0x00,
  0x00,0x00,0x00,0x2f,0xe0,0x0e,0xf1,0x00,0x00,0x00,0x00,0x00,0x00,0x00,0x00,0x00,0x00,0x00,0x00,0x00,0x00,0x00,0x0a,0xf7,
  0x4f,0x90,0x00,0x00,0x00,0x00,0x00,0x00,0x00,0x00,0x00,0x00,0x00,0x00,0x00,0x00,0x00,0x02,0xfc,0x05,0x10,0x00,0x00,0x00,
  0x00,0x00,0x00,0x00,0x00,0x00,0x00,0x00,0x00,0x00,0x00,0x00,0x00,0x42,0x2c,0x50,0x00,0x00,0x00,0x00,0x00,0x00,0x00,0x00,
  0x00,0x00,0x00,0x00,0x00,0x00,0x00,0x00,0xa7,0x3f,0xd0,0x00,0x00,0x00,0x00,0x00,0x00,0x00,0x00,0x00,0x00,0x00,0x00,0x00,
  0x00,0x00,0x06,0xfb,0x0b,0xf5,0x00,0x00,0x00,0x00,0x00,0x00,0x00,0x00,0x00,0x00,0x00,0x00,0x00,0x00,0x00,0x0e,0xf3,0x03,
  0xfd,0x00,0x00,0x00,0x00,0x00,0x00,0x00,0x00,0x00,0x00,0x00,0x00,0x00,0x00,0x00,0x7f,0xa0,0x00,0xbf,0x50,0x00,0x00,0x00,
  0x00,0x00,0x00,0x00,0x00,0x00,0x00,0x00,0x00,0x00,0x00,0xef,0x20,0x00,0x3f,0xc0,0x00,0x00,0x00,0x00,0x00,0x00,0x00,0x00,
  0x00,0x00,0x00,0x00,0x00,0x07,0xfa,0x00,0x00,0x0a,0xf4,0x00,0x00,0x00,0x00,0x00,0x00,0x00,0x00,0x00,0x00,0x00,0x00,0x00,
  0x0e,0xf2,0x00,0x00,0x02,0xfc,0x00,0x00,0x00,0x00,0x00,0x00,0x00,0x00,0x00,0x00,0x00,0x00,0x00,0x8f,0x90,0x00,0x00,0x00,
  0xaf,0xfe,0xee,0xee,0xee,0xee,0xee,0xee,0xee,0xee,0xee,0xee,0xee,0xee,0xff,0x10,0x00,0x00,0x00,0x2d,0xff,0xff,0xff,0xff,
  0xff,0xff,0xff,0xff,0xff,0xff,0xff,0xff,0xff,0xf6,0x00,0x00,0x00,0x00,0x00,0x00,0x00,0x00,0x00,0x00,0x00,0x00,0x00,0x00,
  0x00,0x00,0x00,0x00,0x00,0x00,0x00,0x0e,0xd5,0x00,0x00,0x00,0x00,0x00,0x00,0x00,0x00,0x00,0x00,0x00,0x00,0x00,0x00,0x00,
  0x19,0xf6,0x2f,0xff,0xd4,0x00,0x00,0x00,0x00,0x00,0x00,0x00,0x00,0x00,0x00,0x00,0x00,0x00,0x18,0xff,0xfa,0x02,0xaf,0xff,
  0xc4,0x00,0x00,0x00,0x00,0x00,0x00,0x00,0x00,0x00,0x00,0x00,0x07,0xef,0xfe,0x60,0x00,0x02,0xaf,0xff,0xb3,0x00,0x00,0x00,
  0x00,0x00,0x00,0x00,0x00,0x00,0x06,0xef,0xfe,0x60,0x00,0x00,0x00,0x02,0xaf,0xff,0xa2,0x00,0x00,0x00,0x00,0x00,0x00,0x00,
  0x05,0xdf,0xfe,0x70,0x00,0x00,0x00,0x00,0x00,0x02,0xaf,0xff,0xa2,0x00,0x00,0x00,0x00,0x00,0x04,0xdf,0xfe,0x70,0x00,0x00,
  0x00,0x00,0x00,0x00,0x00,0x02,0xaf,0xff,0x91,0x00,0x00,0x00,0x03,0xcf,0xff,0x80,0x00,0x00,0x00,0x00,0x00,0x00,0x00,0x00,
  0x00,0x03,0xbf,0xff,0x81,0x00,0x02,0xbf,0xff,0x81,0x00,0x00,0x00,0x00,0x00,0x00,0x00,0x00,0x00,0x00,0x00,0x03,0xbf,0xfe,
  0x74,0xaf,0xff,0x91,0x00,0x00,0x00,0x00,0x00,0x00,0x00,0x00,0x00,0x00,0x00,0x00,0x00,0x03,0xbf,0xff,0xff,0x91,0x00,0x00,
  0x00,0x00,0x00,0x00,0x00,0x00,0x00,0x00,0x00,0x00,0x00,0x00,0x00,0x03,0xbe,0x91,0x00,0x00,0x00,0x00,0x00,0x00,0x00,0x00,
  0x00,0x00,0x00,0xbf,0xf0,0x00,0x00,0x00,0x00,0x00,0x00,0xbf,0xf0,0x00,0x00,0x00,0x03,0x31,0x00,0x8b,0xb3,0x32,0x00,0x00,
  0x3f,0xf7,0x00,0x00,0x0f,0xfb,0x00,0x00,0x3f,0xf7,0x00,0x00,0x0f,0xfb,0x00,0x00,0x17,0x77,0x77,0x10,0x07,0x77,0x77,0x30,
  0x00,0x07,0xff,0x30,0x00,0x03,0xff,0x70,0x00,0x07,0xff,0x30,0x00,0x03,0xff,0x70,0x00,0x01,0x33,0x9b,0xb0,0x00,0x33,0x10,
  0x00,0x00,0x00,0xbf,0xf0,0x00,0x00,0x00,0x00,0x00,0x00,0xbf,0xf0,0x00,0x00,0x00,0x23,0x33,0x32,0xbf,0xff,0xfb,0xbf,0xff,
  0xfb,0xbf,0xff,0xfb,0xbf,0xff,0xfb,0xbf,0xff,0xfb,0x23,0x33,0x32,0x00,0x00,0x00,0x00,0x00,0x00,0x00,0x00,0x02,0x00,0x00,
  0x00,0x00,0x00,0x00,0x00,0x00,0x00,0x00,0x00,0x00,0x00,0x00,0x00,0x00,0x00,0x43,0x30,0x00,0x00,0x00,0x00,0x00,0x00,0x00,
  0x00,0x00,0x00,0x00,0x00,0x00,0x00,0x00,0x00,0x90,0xa0,0x00,0x00,0x00,0x00,0x00,0x00,0x00,0x00,0x00,0x00,0x00,0x00,0x00,
  0x00,0x00,0x09,0x60,0x87,0x00,0x00,0x00,0x00,0x00,0x00,0x00,0x00,0x00,0x00,0x00,0x00,0x00,0x00,0x00,0x3f,0x10,0x3f,0x10,
  0x00,0x00,0x00,0x00,0x00,0x00,0x00,0x00,0x00,0x00,0x00,0x00,0x00,0x00,0xcb,0x00,0x0e,0xa0,0x00,0x00,0x00,0x00,0x00,0x00,
  0x00,0x00,0x00,0x00,0x00,0x00,0x00,0x06,0xf6,0x00,0x08,0xf4,0x00,0x00,0x00,0x00,0x00,0x00,0x00,0x00,0x00,0x00,0x00,0x00,
  0x00,0x1f,0xf1,0x00,0x03,0xfe,0x00,0x00,0x00,0x00,0x00,0x00,0x00,0x00,0x00,0x00,0x00,0x00,0x00,0xaf,0xc0,0x00,0x00,0xef,
  0x80,0x00,0x00,0x00,0x00,0x00,0x00,0x00,0x00,0x00,0x00,0x00,0x04,0xff,0x70,0x00,0x00,0x9f,0xf3,0x00,0x00,0x00,0x00,0x00,
  0x00,0x00,0x00,0x00,0x00,0x26,0xaf,0xff,0x20,0x00,0x00,0x4f,0xfe,0xa6,0x20,0x00,0x00,0x00,0x00,0x00,0x00,0x26,0xae,0xff,
  0xff,0xfc,0x00,0x00,0x00,0x0e,0xff,0xff,0xfe,0xa6,0x20,0x00,0x00,0x15,0x9d,0xff,0xff,0xff,0xff,0xf7,0x00,0x00,0x00,0x09,
  0xff,0xff,0xff,0xff,0xfd,0x95,0x10,0x31,0x00,0x00,0x00,0x00,0x00,0x00,0x00,0x00,0x00,0x00,0x00,0x00,0x00,0x00,0x00,0x02,
  0x20,0x09,0x40,0x00,0x00,0x00,0x00,0x00,0x00,0x00,0x00,0x00,0x00,0x00,0x00,0x00,0x00,0x58,0x00,0x00,0xc8,0x00,0x00,0x00,
  0x00,0x00,0x00,0x00,0x00,0x00,0x00,0x00,0x00,0x00,0x09,0xb0,0x00,0x00,0x1e,0xc1,0x00,0x00,0x00,0x00,0x00,0x00,0x00,0x00,
  0x00,0x00,0x00,0x02,0xdd,0x00,0x00,0x00,0x03,0xff,0x50,0x00,0x00,0x00,0x00,0x00,0x00,0x00,0x00,0x00,0x00,0x6f,0xe2,0x00,
  0x00,0x00,0x00,0x6f,0xf9,0x00,0x00,0x00,0x00,0x00,0x00,0x00,0x00,0x00,0x1b,0xff,0x40,0x00,0x00,0x00,0x00,0x08,0xff,0xd2,
  0x00,0x00,0x00,0x00,0x00,0x00,0x00,0x04,0xef,0xf6,0x00,0x00,0x00,0x00,0x00,0x00,0xbf,0xff,0x60,0x00,0x00,0x00,0x00,0x00,
  0x00,0x7f,0xff,0x90,0x00,0x00,0x00,0x00,0x00,0x00,0x0d,0xff,0x80,0x00,0x00,0x00,0x00,0x00,0x00,0xaf,0xfb,0x00,0x00,0x00,
  0x00,0x00,0x00,0x00,0x09,0xff,0x30,0x00,0x00,0x00,0x00,0x00,0x00,0x5f,0xf7,0x00,0x00,0x00,0x00,0x00,0x00,0x00,0x0a,0xfe,
  0x00,0x00,0x00,0x00,0x00,0x00,0x00,0x0f,0xf8,0x00,0x00,0x00,0x00,0x00,0x00,0x00,0x0b,0xf9,0x00,0x00,0x00,0x00,0x00,0x00,
  0x00,0x0b,0xf9,0x00,0x00,0x00,0x00,0x00,0x00,0x00,0x0c,0xf3,0x00,0x00,0x00,0x03,0x00,0x00,0x00,0x05,0xfa,0x00,0x00,0x00,
  0x00,0x00,0x00,0x00,0x0e,0xe0,0x00,0x00,0x01,0xbf,0xa0,0x00,0x00,0x01,0xfb,0x00,0x00,0x00,0x00,0x00,0x00,0x00,0x0f,0x90,
  0x00,0x00,0x4e,0xff,0xfd,0x30,0x00,0x00,0xbc,0x00,0x00,0x00,0x00,0x00,0x00,0x00,0x0f,0x40,0x00,0x08,0xff,0xff,0xff,0xf7,
  0x00,0x00,0x6e,0x00,0x00,0x00,0x00,0x00,0x00,0x00,0x1e,0x00,0x02,0xcf,0xfd,0x73,0x8e,0xff,0xb1,0x00,0x1e,0x00,0x00,0x00,
  0x00,0x00,0x00,0x00,0x29,0x00,0x5f,0xfa,0x40,0x00,0x00,0x5b,0xfe,0x40,0x0b,0x00,0x00,0x00,0x00,0x00,0x00,0x00,0x34,0x0a,
  0xe7,0x10,0x00,0x00,0x00,0x00,0x28,0xe8,0x06,0x10,0x00,0x00,0x00,0x00,0x00,0x00,0x33,0x84,0x00,0x00,0x00,0x00,0x00,0x00,
  0x00,0x05,0x83,0x20,0x00,0x00,0x00,0x00,0x00,0x00,0x01,0x00,0x00,0x00,0x00,0x00,0x00,0x00,0x00,0x00,0x01,0x00,0x00,0x00,
  0x00,0x00,0x00,0x00,0x00,0x00,0x00,0x22,0x00,0x00,0x00,0x00,0x00,0x00,0x00,0x00,0x00,0x00,0x59,0xef,0xff,0xff,0xa6,0x00,
  0x00,0x00,0x00,0x00,0x00,0x00,0x4d,0xff,0xff,0xff,0xff,0xff,0xe6,0x00,0x00,0x00,0x00,0x00,0x08,0xff,0xff,0xff,0xff,0xff,
  0xff,0xff,0xa0,0x00,0x00,0x00,0x00,0xaf,0xff,0xff,0xfd,0xbb,0xcf,0xff,0xff,0xfd,0x10,0x00,0x00,0x08,0xff,0xff,0xe7,0x10,
  0x00,0x00,0x5d,0xff,0xff,0xb0,0x00,0x00,0x5f,0xff,0xfc,0x10,0x00,0x00,0x00,0x00,0xaf,0xff,0xf8,0x00,0x00,0xdf,0xff,0xc0,
  0x00,0x00,0x00,0x00,0x00,0x09,0xff,0xff,0x10,0x05,0xff,0xfe,0x10,0x00,0x00,0x00,0x00,0x00,0x00,0xcf,0xff,0x90,0x0a,0xff,
  0xf6,0x00,0x00,0x00,0x00,0x00,0x00,0x00,0x3f,0xff,0xe0,0x0f,0xff,0xf0,0x00,0x00,0x00,0x00,0x00,0x00,0x00,0x0d,0xff,0xf2,
  0x1f,0xff,0xc0,0x00,0x00,0x00,0x00,0x00,0x00,0x00,0x09,0xff,0xf5,0x2f,0xff,0xa0,0x00,0x00,0x00,0x00,0x00,0x00,0x00,0x07,
  0xff,0xf6,0x3f,0xff,0xa0,0x00,0x00,0x00,0x00,0x00,0x00,0x00,0x07,0xff,0xf6,0x1f,0xff,0xc0,0x00,0x00,0x00,0x00,0x00,0x00,
  0x00,0x08,0xff,0xf5,0x0f,0xff,0xf0,0x00,0x00,0x00,0x00,0x00,0x00,0x00,0x0c,0xff,0xf3,0x0b,0xff,0xf6,0x00,0x00,0x00,0x00,
  0x00,0x00,0x00,0x2f,0xff,0xe0,0x06,0xff,0xfe,0x00,0x00,0x00,0x00,0x00,0x00,0x00,0xbf,0xff,0xa0,0x00,0xef,0xff,0xb0,0x00,
  0x00,0x00,0x00,0x00,0x08,0xff,0xff,0x20,0x00,0x5f,0xff,0xfc,0x10,0x00,0x00,0x00,0x00,0xaf,0xff,0xf9,0x00,0x00,0x08,0xff,
  0xff,0xf8,0x20,0x00,0x02,0x7e,0xff,0xff,0xc0,0x00,0x00,0x00,0x9f,0xff,0xff,0xfe,0xdd,0xef,0xff,0xff,0xfc,0x10,0x00,0x00,
  0x00,0x07,0xff,0xff,0xff,0xff,0xff,0xff,0xff,0x90,0x00,0x00,0x00,0x00,0x00,0x2a,0xff,0xff,0xff,0xff,0xff,0xc3,0x00,0x00,
  0x00,0x00,0x00,0x00,0x00,0x05,0x8e,0xff,0xf9,0x61,0x00,0x00,0x00,0x00,0x00,0x00,0x00,0x00,0x00,0x0d,0xff,0xf0,0x00,0x00,
  0x00,0x00,0x00,0x00,0x00,0x00,0x00,0x00,0x0d,0xff,0xf0,0x00,0x00,0x00,0x00,0x00,0x00,0x00,0x00,0x00,0x00,0x0d,0xff,0xf0,
  0x00,0x00,0x00,0x00,0x00,0x00,0x00,0x00,0x00,0x00,0x0d,0xff,0xf0,0x00,0x00,0x00,0x00,0x00,0x00,0x00,0x00,0x00,0x00,0x0d,
  0xff,0xf0,0x00,0x00,0x00,0x00,0x00,0x00,0x00,0x07,0xaa,0xaa,0xaf,0xff,0xfa,0xaa,0xaa,0x90,0x00,0x00,0x00,0x00,0x0a,0xff,
  0xff,0xff,0xff,0xff,0xff,0xff,0xe0,0x00,0x00,0x00,0x00,0x0a,0xff,0xff,0xff,0xff,0xff,0xff,0xff,0xe0,0x00,0x00,0x00,0x00,
  0x00,0x00,0x00,0x0d,0xff,0xf0,0x00,0x00,0x00,0x00,0x00,0x00,0x00,0x00,0x00,0x00,0x0d,0xff,0xf0,0x00,0x00,0x00,0x00,0x00,
  0x00,0x00,0x00,0x00,0x00,0x0d,0xff,0xf0,0x00,0x00,0x00,0x00,0x00,0x00,0x00,0x00,0x00,0x00,0x0d,0xff,0xf0,0x00,0x00,0x00,
  0x00,0x00,0x00,0x00,0x00,0x00,0x00,0x0d,0xff,0xf0,0x00,0x00,0x00,0x00,0x00,0x00,0x00,0x00,0x00,0x00,0x06,0x88,0x80,0x00,
  0x00,0x00,0x00,0x00,0x00,0x00,0x00,0x00,0x00,0x00,0x00,0x00,0x00,0x00,0x00,0x4b,0xbb,0xbb,0xbb,0xbb,0xb6,0x00,0x00,0x00,
  0x00,0x00,0x00,0x00,0x00,0x00,0x00,0x04,0xff,0xff,0xff,0xff,0xff,0xf8,0x00,0x00,0x00,0x00,0x00,0x00,0x00,0x00,0x00,0x00,
  0x4f,0xff,0xff,0xff,0xff,0xff,0xf8,0x00,0x00,0x00,0x00,0x00,0x00,0x00,0x00,0x00,0x00,0x55,0x55,0x55,0x5a,0xff,0xff,0xf8,
  0x00,0x00,0x00,0x00,0x00,0x00,0x00,0x00,0x00,0x00,0x00,0x00,0x00,0x5f,0xff,0xff,0xf8,0x00,0x00,0x00,0x00,0x00,0x00,0x00,
  0x00,0x00,0x00,0x00,0x00,0x05,0xff,0xff,0xff,0xf8,0x00,0x00,0x00,0x00,0x00,0x00,0x00,0x00,0x00,0x00,0x00,0x00,0x5f,0xff,
  0xfc,0x9f,0xf8,0x00,0x00,0x00,0x00,0x00,0x00,0x00,0x00,0x00,0x00,0x00,0x06,0xff,0xff,0xc1,0x8f,0xf8,0x00,0x00,0x00,0x00,
  0x02,0x67,0x87,0x63,0x00,0x00,0x00,0x6f,0xff,0xfc,0x00,0x8f,0xf8,0x00,0x00,0x00,0x06,0xdf,0xff,0xff,0xff,0xfb,0x40,0x07,
  0xff,0xff,0xc0,0x00,0x8f,0xf8,0x00,0x00,0x03,0xdf,0xff,0xff,0xff,0xff,0xff,0xf9,0x8f,0xff,0xfb,0x00,0x00,0x8f,0xf8,0x00,
  0x00,0x5f,0xff,0xff,0xff,0xff,0xff,0xff,0xff,0xff,0xff,0xb0,0x00,0x00,0x8f,0xd1,0x00,0x04,0xff,0xff,0xfe,0x96,0x55,0x7b,
  0xff,0xff,0xff,0xfb,0x00,0x00,0x00,0x8d,0x10,0x00,0x2f,0xff,0xff,0x70,0x00,0x00,0x00,0x2b,0xff,0xff,0xf0,0x00,0x00,0x00,
  0x51,0x00,0x00,0xcf,0xff,0xe3,0x00,0x00,0x00,0x00,0x00,0x7f,0xff,0xf7,0x00,0x00,0x00,0x00,0x00,0x05,0xff,0xff,0x30,0x00,
  0x00,0x00,0x00,0x00,0x08,0xff,0xff,0x10,0x00,0x00,0x00,0x00,0x0c,0xff,0xf7,0x00,0x00,0x00,0x00,0x00,0x00,0x00,0xdf,0xff,
  0x70,0x00,0x00,0x00,0x00,0x1f,0xff,0xe0,0x00,0x00,0x00,0x00,0x00,0x00,0x00,0x4f,0xff,0xb0,0x00,0x00,0x00,0x00,0x4f,0xff,
  0xa0,0x00,0x00,0x00,0x00,0x00,0x00,0x00,0x0f,0xff,0xf0,0x00,0x00,0x00,0x00,0x6f,0xff,0x70,0x00,0x00,0x00,0x00,0x00,0x00,
  0x00,0x0c,0xff,0xf1,0x00,0x00,0x00,0x00,0x7f,0xff,0x50,0x00,0x00,0x00,0x00,0x00,0x00,0x00,0x0b,0xff,0xf2,0x00,0x00,0x00,
  0x00,0x7f,0xff,0x60,0x00,0x00,0x00,0x00,0x00,0x00,0x00,0x0c,0xff,0xf1,0x00,0x00,0x00,0x00,0x5f,0xff,0x80,0x00,0x00,0x00,
  0x00,0x00,0x00,0x00,0x0e,0xff,0xf0,0x00,0x00,0x00,0x00,0x2f,0xff,0xd0,0x00,0x00,0x00,0x00,0x00,0x00,0x00,0x2f,0xff,0xd0,
  0x00,0x00,0x00,0x00,0x0e,0xff,0xf4,0x00,0x00,0x00,0x00,0x00,0x00,0x00,0xaf,0xff,0x80,0x00,0x00,0x00,0x00,0x08,0xff,0xfd,
  0x10,0x00,0x00,0x00,0x00,0x00,0x04,0xff,0xff,0x30,0x00,0x00,0x00,0x00,0x00,0xef,0xff,0xc1,0x00,0x00,0x00,0x00,0x00,0x3f,
  0xff,0xfa,0x00,0x00,0x00,0x00,0x00,0x00,0x5f,0xff,0xfd,0x40,0x00,0x00,0x00,0x07,0xff,0xff,0xe1,0x00,0x00,0x00,0x00,0x00,
  0x00,0x08,0xff,0xff,0xfc,0x74,0x23,0x48,0xef,0xff,0xff,0x30,0x00,0x00,0x00,0x00,0x00,0x00,0x00,0x8f,0xff,0xff,0xff,0xff,
  0xff,0xff,0xff,0xe4,0x00,0x00,0x00,0x00,0x00,0x00,0x00,0x00,0x04,0xef,0xff,0xff,0xff,0xff,0xff,0xfc,0x20,0x00,0x00,0x00,
  0x00,0x00,0x00,0x00,0x00,0x00,0x07,0xef,0xff,0xff,0xff,0xfc,0x40,0x00,0x00,0x00,0x00,0x00,0x00,0x00,0x00,0x00,0x00,0x00,
  0x02,0x68,0x99,0x75,0x10,0x00,0x00,0x00,0x00,0x00,0x00,0x00,0x00,0x00,0x46,0x20,0x00,0x00,0x00,0x69,0x30,0x05,0xff,0xf4,
  0x00,0x00,0x06,0xfb,0xf1,0x0a,0xc0,0x9e,0x00,0x00,0x0b,0x90,0xd6,0x06,0xe0,0x0e,0x70,0x00,0x0c,0x70,0xb8,0x00,0xe6,0x07,
  0xe0,0x00,0x0d,0x70,0xa9,0x00,0x7d,0x00,0xe7,0x00,0x0e,0x60,0xaa,0x00,0x1f,0x30,0x7e,0x00,0x0f,0x40,0x9a,0x00,0x0c,0x90,
  0x1f,0x50,0x2f,0x10,0xaa,0x00,0x06,0xe0,0x09,0xb0,0x6e,0x00,0xa9,0x00,0x01,0xf5,0x02,0xf2,0x8c,0x00,0xb9,0x00,0x00,0xab,
  0x00,0xb9,0xc9,0x00,0xc8,0x00,0x07,0xff,0x30,0x4f,0xf5,0x00,0xc8,0x00,0x3f,0xab,0xf7,0x06,0x40,0x00,0xd7,0x00,0xcf,0x80,
  0x6f,0xb1,0x00,0x00,0xd7,0x08,0xf7,0xf9,0x02,0xce,0x30,0x00,0xd7,0x4f,0xec,0x4e,0x90,0x09,0xf5,0x00,0xc7,0x9a,0x2d,0xd4,
  0xe8,0x00,0x7f,0x60,0xa8,0x9e,0x31,0xbd,0x3e,0x50,0x07,0xf0,0x99,0x6f,0xf3,0x0c,0x58,0xb0,0x00,0x00,0x99,0x2f,0xae,0x4c,
  0xdb,0xb0,0x00,0x00,0x99,0x0e,0x5a,0xff,0xcf,0x70,0x00,0x00,0x99,0x0c,0x60,0x00,0x1f,0x30,0x00,0x00,0x99,0x0b,0x80,0x00,
  0x2f,0x00,0x00,0x00,0x9a,0x08,0xd0,0x00,0x2f,0x20,0x00,0x00,0x9a,0x02,0xf4,0x00,0x0b,0xb0,0x00,0x00,0xa8,0x00,0x9b,0x00,
  0x02,0xf9,0x00,0x00,0xd6,0x00,0x2f,0x20,0x00,0x5f,0xb0,0x00,0xf3,0x00,0x0d,0x90,0x00,0x03,0xc6,0x01,0xf2,0x00,0x09,0xb0,
  0x00,0x00,0x00,0x01,0xf2,0x00,0x09,0xb0,0x00,0x00,0x00,0x01,0xf2,0x00,0x09,0xb0,0x00,0x00,0x00,0x01,0xf2,0x00,0x09,0xd4,
  0x44,0x44,0x44,0x45,0xf2,0x00,0x09,0xff,0xff,0xff,0xff,0xff,0xf2,0x00,0x00,0x00,0x00,0x00,0x00,0x00,0x07,0xcc,0x40,0x00,
  0x00,0x00,0x00,0x00,0x00,0x00,0x00,0x3b,0x12,0xd0,0x00,0x00,0x00,0x00,0x00,0x00,0x00,0x00,0x55,0x00,0xa1,0x00,0x00,0x00,
  0x00,0x00,0x00,0x00,0x00,0x54,0x00,0x92,0x00,0x00,0x00,0x00,0x00,0x00,0x00,0x00,0x54,0x00,0x92,0x00,0x00,0x00,0x00,0x00,
  0x00,0x00,0x00,0x54,0x00,0x92,0x00,0x00,0x00,0x00,0x00,0x00,0x00,0x00,0x54,0x00,0x92,0x00,0x00,0x00,0x00,0x00,0x00,0x00,
  0x00,0x54,0x00,0x92,0x00,0x00,0x00,0x00,0x00,0x00,0x02,0x30,0x54,0x00,0x92,0x00,0x00,0x00,0x00,0x00,0x00,0xbb,0xbd,0x64,
  0x00,0x92,0x00,0x00,0x00,0x00,0x56,0x21,0xa0,0x08,0xa4,0x00,0x92,0x00,0x00,0x00,0x0b,0x87,0xd5,0x70,0x05,0xb4,0x00,0x92,
  0x00,0x04,0x63,0x0b,0x00,0x59,0x70,0x05,0xb4,0x00,0x92,0x00,0x8a,0x6c,0x69,0x00,0x3a,0x70,0x05,0xb4,0x00,0x92,0x00,0xb0,
  0x02,0xa9,0x00,0x3a,0x70,0x05,0xb4,0x00,0x92,0x00,0x90,0x00,0xb9,0x00,0x3a,0x70,0x05,0xb4,0x00,0x92,0x00,0x90,0x00,0x98,
  0x00,0x3a,0x70,0x05,0xb4,0x00,0x92,0x00,0x90,0x00,0x00,0x00,0x3d,0x70,0x05,0xb4,0x00,0x92,0x00,0x90,0x00,0x00,0x00,0x00,
  0x00,0x05,0xd4,0x00,0x92,0x00,0x90,0x00,0x00,0x00,0x00,0x00,0x00,0x21,0x00,0x93,0x00,0x90,0x00,0x00,0x00,0x00,0x00,0x00,
  0x00,0x00,0x2d,0x30,0x90,0x00,0x00,0x00,0x00,0x00,0x00,0x00,0x00,0x06,0x90,0xa0,0x00,0x00,0x00,0x00,0x00,0x00,0x00,0x00,
  0x05,0xa0,0xa0,0x00,0x00,0x00,0x00,0x00,0x00,0x00,0x00,0x05,0xa0,0xa0,0x00,0x00,0x00,0x00,0x00,0x00,0x00,0x00,0x05,0xa0,
  0xa0,0x00,0x00,0x00,0x00,0x00,0x00,0x00,0x00,0x05,0xa0,0xa0,0x00,0x00,0x00,0x00,0x00,0x00,0x00,0x00,0x05,0xa0,0xa0,0x00,
  0x00,0x00,0x00,0x00,0x00,0x00,0x00,0x05,0xa0,0xa0,0x00,0x00,0x00,0x00,0x00,0x00,0x00,0x00,0x05,0xa0,0xb6,0x43,0x10,0x00,
  0x00,0x00,0x00,0x00,0x00,0x06,0xa0,0x58,0x9b,0xcd,0xed,0xba,0x87,0x54,0x21,0x00,0x1d,0x70,0x00,0x00,0x00,0x00,0x23,0x46,
  0x79,0xac,0xdd,0xea,0x00,0x2f,0xff,0xff,0xff,0xff,0xff,0xff,0xff,0xff,0xff,0xff,0xff,0xff,0xff,0xf0,0x2f,0xff,0xff,0xff,
  0xff,0xff,0xff,0xff,0xff,0xff,0xff,0xff,0xff,0xff,0xf0,0x1d,0xdd,0xdd,0xdd,0xdd,0xdd,0xdd,0xdd,0xdd,0xdd,0xdd,0xdd,0xdd,
  0xdd,0xd0,0x00,0x00,0x00,0x00,0x00,0x00,0x00,0x00,0x00,0x00,0x00,0x00,0x00,0x00,0x00,0x00,0x00,0x00,0x00,0x00,0x00,0x00,
  0x00,0x00,0x00,0x00,0x00,0x00,0x00,0x00,0x00,0x00,0x00,0x00,0x00,0x00,0x00,0x00,0x00,0x00,0x00,0x00,0x00,0x00,0x00,0x00,
  0x00,0x00,0x00,0x00,0x00,0x00,0x00,0x00,0x00,0x00,0x00,0x00,0x00,0x00,0x1d,0xdd,0xdd,0xdd,0xdd,0xdd,0xdd,0xdd,0xdd,0xdd,
  0xdd,0xdd,0xdd,0xdd,0xd0,0x2f,0xff,0xff,0xff,0xff,0xff,0xff,0xff,0xff,0xff,0xff,0xff,0xff,0xff,0xf0,0x2f,0xff,0xff,0xff,
  0xff,0xff,0xff,0xff,0xff,0xff,0xff,0xff,0xff,0xff,0xf0,0x00,0x00,0x00,0x00,0x00,0x00,0x08,0xff,0x50,0x00,0x00,0x00,0x00,
  0x00,0x00,0x00,0x00,0x00,0x00,0x00,0x00,0x08,0xff,0x50,0x00,0x00,0x00,0x00,0x00,0x00,0x00,0x00,0x00,0x00,0x00,0x00,0x08,
  0xff,0x50,0x00,0x00,0x00,0x00,0x00,0x00,0x00,0x00,0x00,0x00,0x00,0x00,0x08,0xff,0x50,0x00,0x00,0x00,0x00,0x00,0x00,0x00,
  0x00,0x00,0x00,0x00,0x00,0x08,0xff,0x50,0x00,0x00,0x00,0x00,0x00,0x00,0x00,0x00,0x00,0x00,0x00,0x00,0x08,0xff,0x50,0x00,
  0x00,0x00,0x00,0x00,0x00,0x00,0x00,0x00,0x00,0x00,0x00,0x08,0xff,0x50,0x00,0x00,0x00,0x00,0x00,0x00,0x00,0x00,0x00,0x00,
  0x00,0x00,0x08,0xff,0x50,0x00,0x00,0x00,0x00,0x00,0x00,0x00,0x00,0x00,0x00,0x00,0x00,0x08,0xff,0x50,0x00,0x00,0x00,0x00,
  0x00,0x00,0x00,0x00,0x00,0x00,0x00,0x00,0x08,0xff,0x50,0x00,0x00,0x00,0x00,0x00,0x00,0x00,0x00,0x00,0x00,0x00,0x00,0x08,
  0xff,0x50,0x00,0x00,0x00,0x00,0x00,0x00,0x00,0x00,0x00,0x00,0x00,0x00,0x08,0xff,0x50,0x00,0x00,0x00,0x00,0x00,0x00,0x00,
  0x00,0x00,0x00,0x00,0x00,0x08,0xff,0x50,0x00,0x00,0x00,0x00,0x00,0x00,0x00,0x00,0x00,0x00,0x00,0x00,0x08,0xff,0x50,0x00,
  0x00,0x00,0x00,0x00,0x00,0x00,0x00,0x00,0x00,0x00,0x00,0x08,0xff,0x50,0x00,0x00,0x00,0x00,0x00,0x00,0x00,0x00,0x00,0x00,
  0x00,0x00,0x08,0xff,0x50,0x00,0x00,0x00,0x00,0x00,0x00,0x00,0x00,0x00,0x00,0x00,0x00,0x08,0xff,0x50,0x00,0x00,0x00,0x00,
  0x00,0x00,0x00,0x00,0x00,0x00,0x00,0x00,0x08,0xff,0x50,0x00,0x00,0x00,0x00,0x00,0x00,0x00,0x00,0x00,0x00,0x00,0x00,0x08,
  0xff,0x50,0x00,0x00,0x00,0x00,0x00,0x00,0x00,0x00,0x00,0x00,0x00,0x00,0x08,0xff,0x50,0x00,0x00,0x00,0x00,0x00,0x00,0x00,
  0x00,0x00,0x00,0x00,0x00,0x03,0x66,0x20,0x00,0x00,0x00,0x00,0x00,0x00,0x00,0x00,0x00,0x00,0x00,0x00,0x00,0x00,0x00,0x00,
  0x00,0x00,0x00,0x00,0x04,0xfd,0x95,0x00,0x00,0x00,0x00,0x00,0x00,0x00,0x00,0x00,0x1e,0xff,0xff,0xfb,0x50,0x00,0x00,0x00,
  0x00,0x00,0x00,0x00,0x5e,0xff,0xff,0xff,0xff,0x92,0x00,0x00,0x00,0x00,0x00,0x00,0x00,0x27,0xcf,0xff,0xff,0xff,0xb3,0x00,
  0x00,0x00,0x00,0x00,0x00,0x00,0x01,0x7c,0xff,0xff,0xff,0xb2,0x00,0x00,0x00,0x00,0x00,0x00,0x00,0x00,0x39,0xff,0xff,0xff,
  0x00,0x00,0x00,0x00,0x00,0x00,0x00,0x00,0x00,0x07,0xef,0xf7,0x00,0x00,0x00,0x00,0x00,0x00,0x00,0x00,0x00,0x00,0x07,0xd0,
  0x00,0x00,0x00,0x00,0x00,0x00,0x00,0x00,0x00,0x00,0x00,0x00,0x00,0x00,0x00,0x00,0x00,0x00,0x00,0x00,0x00,0x00,0x00,0x00,
  0x00,0x00,0x00,0x01,0x00,0x00,0x00,0x00,0x00,0x00,0x00,0x00,0x00,0x00,0x00,0x7f,0xea,0x62,0x00,0x00,0x00,0x00,0x00,0x00,
  0x00,0x00,0x01,0xff,0xff,0xff,0xe8,0x30,0x00,0x00,0x00,0x00,0x00,0x00,0x05,0xcf,0xff,0xff,0xff,0xfd,0x71,0x00,0x00,0x00,
  0x00,0x00,0x00,0x00,0x49,0xef,0xff,0xff,0xff,0xa3,0x00,0x00,0x00,0x00,0x00,0x00,0x00,0x03,0x8e,0xff,0xff,0xff,0xb3,0x00,
  0x00,0x00,0x00,0x00,0x00,0x00,0x00,0x5b,0xff,0xff,0xfd,0x00,0x00,0x00,0x00,0x00,0x00,0x00,0x00,0x00,0x3a,0xff,0xf3,0x00,
  0x00,0x00,0x00,0x00,0x00,0x00,0x00,0x00,0x00,0x2b,0x90,0x00,0x00,0x00,0x00,0x00,0x00,0x00,0x00,0x00,0x00,0x00,0x00,0x00,
  0x00,0x00,0x00,0x00,0x00,0x00,0x00,0x00,0x00,0x00,0x00,0x00,0x00,0x00,0x00,0x00,0x00,0x00,0x00,0x00,0x00,0x00,0x00,0x00,
  0x00,0x00,0x00,0x00,0x00,0x00,0x00,0x00,0x00,0x00,0x00,0x00,0x00,0x00,0x00,0x30,0x00,0x00,0x00,0x00,0x00,0x00,0x00,0x00,
  0x00,0x00,0x07,0xff,0xd9,0x50,0x00,0x00,0x00,0x00,0x00,0x00,0x00,0x00,0x1f,0xff,0xff,0xff,0xb6,0x10,0x00,0x00,0x00,0x00,
  0x00,0x00,0x3b,0xff,0xff,0xff,0xff,0xfb,0x50,0x00,0x00,0x00,0x00,0x00,0x00,0x03,0x7c,0xff,0xff,0xff,0xff,0x93,0x00,0x00,
  0x00,0x00,0x00,0x00,0x00,0x16,0xbf,0xff,0xff,0xff,0xc5,0x00,0x00,0x00,0x00,0x00,0x00,0x00,0x01,0x6c,0xff,0xff,0xff,0xe7,
  0x00,0x00,0x00,0x00,0x00,0x00,0x00,0x00,0x29,0xff,0xff,0xff,0xe6,0x00,0x00,0x00,0x00,0x00,0x00,0x00,0x00,0x07,0xef,0xff,
  0xff,0x10,0x00,0x00,0x00,0x00,0x00,0x00,0x00,0x00,0x07,0xef,0xf6,0x00,0x00,0x00,0x00,0x00,0x00,0x00,0x00,0x00,0x00,0x19,
  0xc0,0x00,0x00,0x00,0x00,0x00,0x00,0x00,0x00,0x00,0x00,0x00,0x00,0x00,0x00,0x00,0x00,0x00,0x00,0x00,0x00,0x00,0x00,0x00,
  0x00,0x00,0x00,0x00,0x00,0x00,0x00,0x00,0x00,0x00,0x00,0x00,0x00,0x00,0x00,0x00,0x00,0x00,0x00,0x00,0x00,0x00,0x00,0x00,
  0x00,0x0a,0xc0,0x00,0x00,0x00,0x00,0x00,0x00,0x00,0x00,0x00,0x00,0x00,0x00,0x00,0x00,0x00,0x00,0x00,0x00,0x00,0xbf,0xfa,
  0x00,0x00,0x00,0x00,0x00,0x00,0x00,0x00,0x00,0x00,0x00,0x00,0x00,0x00,0x00,0x00,0x00,0x00,0x1c,0xff,0xff,0x80,0x00,0x00,
  0x00,0x00,0x00,0x00,0x00,0x00,0x00,0x00,0x00,0x00,0x00,0x00,0x00,0x00,0x02,0xdf,0xff,0xfa,0x00,0x00,0x00,0x00,0x00,0x00,
  0x00,0x00,0x00,0x00,0x00,0x00,0x00,0x00,0x00,0x00,0x00,0x3e,0xff,0xff,0x60,0x00,0x00,0x00,0x00,0x00,0x00,0x00,0x00,0x00,
  0x00,0x00,0x00,0x00,0x00,0x00,0x00,0x07,0xff,0xff,0xd2,0x00,0x00,0x00,0x00,0x00,0x00,0x00,0x00,0x00,0x00,0x00,0x00,0x00,
  0x00,0x00,0x00,0x01,0xbf,0xff,0xf9,0x00,0x00,0x00,0x00,0x00,0x00,0x00,0x00,0x00,0x00,0x00,0x00,0x00,0x00,0x00,0x00,0x00,
  0x6e,0xff,0xff,0x50,0x00,0x00,0x00,0x00,0x00,0x00,0x00,0x00,0x00,0x00,0x00,0x00,0x00,0x00,0x00,0x00,0x3c,0xff,0xff,0xc2,
  0x00,0x00,0x00,0x00,0x30,0x00,0x00,0x00,0x00,0x00,0x00,0x00,0x00,0x00,0x00,0x00,0x2a,0xff,0xff,0xf7,0x00,0x00,0x00,0x00,
  0x0a,0xf2,0x00,0x00,0x00,0x00,0x00,0x00,0x00,0x00,0x00,0x00,0x2a,0xff,0xff,0xfd,0x30,0x00,0x00,0x00,0x02,0xdf,0xfd,0x10,
  0x00,0x00,0x00,0x00,0x00,0x00,0x00,0x00,0x3b,0xff,0xff,0xff,0x70,0x00,0x00,0x00,0x00,0x4e,0xff,0xff,0xa0,0x00,0x00,0x00,
  0x00,0x00,0x00,0x00,0x6d,0xff,0xff,0xff,0xb2,0x00,0x00,0x00,0x00,0x06,0xff,0xff,0xf9,0x00,0x00,0x00,0x00,0x00,0x00,0x02,
  0x9f,0xff,0xff,0xff,0xd5,0x00,0x00,0x00,0x00,0x00,0xaf,0xff,0xfe,0x40,0x00,0x00,0x00,0x00,0x00,0x00,0x01,0xef,0xff,0xff,
  0xd5,0x00,0x00,0x00,0x00,0x00,0x3d,0xff,0xff,0xa0,0x00,0x00,0x00,0x00,0x00,0x00,0x00,0x00,0x4f,0xff,0xd6,0x00,0x00,0x00,
  0x00,0x00,0x08,0xff,0xff,0xe5,0x00,0x00,0x00,0x00,0x00,0x00,0x00,0x00,0x00,0x0c,0xa3,0x00,0x00,0x00,0x00,0x00,0x05,0xef,
  0xff,0xfa,0x10,0x00,0x00,0x00,0x00,0x00,0x00,0x00,0x00,0x00,0x00,0x00,0x00,0x00,0x00,0x00,0x04,0xcf,0xff,0xfe,0x40,0x00,
  0x00,0x00,0x00,0x00,0x00,0x00,0x00,0x00,0x00,0x00,0x00,0x00,0x00,0x00,0x03,0xbf,0xff,0xff,0x80,0x00,0x00,0x00,0x00,0x00,
  0x00,0x00,0x00,0x00,0x00,0x00,0x00,0x00,0x00,0x00,0x05,0xcf,0xff,0xff,0xc2,0x00,0x00,0x00,0x00,0x00,0x00,0x80,0x00,0x00,
  0x00,0x00,0x00,0x00,0x00,0x00,0x17,0xef,0xff,0xff,0xe5,0x00,0x00,0x00,0x00,0x00,0x00,0x1c,0xfa,0x00,0x00,0x00,0x00,0x00,
  0x00,0x00,0x4a,0xff,0xff,0xff,0xf7,0x00,0x00,0x00,0x00,0x00,0x00,0x01,0xdf,0xff,0xa0,0x00,0x00,0x00,0x00,0x03,0x9e,0xff,
  0xff,0xff,0xf9,0x10,0x00,0x00,0x00,0x00,0x00,0x00,0x2e,0xff,0xff,0xa0,0x00,0x00,0x00,0x01,0xdf,0xff,0xff,0xff,0xe8,0x10,
  0x00,0x00,0x00,0x00,0x00,0x00,0x04,0xef,0xff,0xf7,0x00,0x00,0x00,0x00,0x00,0x7f,0xff,0xff,0xe7,0x00,0x00,0x00,0x00,0x00,
  0x00,0x00,0x00,0x6f,0xff,0xff,0x40,0x00,0x00,0x00,0x00,0x00,0x0e,0xff,0xa4,0x00,0x00,0x00,0x00,0x00,0x00,0x00,0x00,0x08,
  0xff,0xff,0xd2,0x00,0x00,0x00,0x00,0x00,0x00,0x06,0x60,0x00,0x00,0x00,0x00,0x00,0x00,0x00,0x00,0x01,0xbf,0xff,0xfb,0x10,
  0x00,0x00,0x00,0x00,0x00,0x00,0x00,0x00,0x00,0x00,0x00,0x00,0x00,0x00,0x00,0x00,0x3d,0xff,0xff,0x70,0x00,0x00,0x00,0x00,
  0x00,0x00,0x00,0x00,0x00,0x00,0x00,0x00,0x00,0x00,0x00,0x00,0x07,0xff,0xff,0xd3,0x00,0x00,0x00,0x00,0x00,0x00,0x00,0x00,
  0x00,0x00,0x00,0x00,0x00,0x00,0x00,0x00,0x02,0xcf,0xff,0xfa,0x00,0x00,0x00,0x00,0x00,0x00,0x00,0x00,0x00,0x00,0x00,0x00,
  0x00,0x00,0x00,0x00,0x00,0x8f,0xff,0xfe,0x40,0x00,0x00,0x00,0x00,0x00,0x00,0x00,0x00,0x00,0x00,0x00,0x00,0x00,0x00,0x00,
  0x00,0x6e,0xff,0xff,0x90,0x00,0x00,0x00,0x00,0x00,0x00,0x00,0x00,0x00,0x00,0x00,0x00,0x00,0x00,0x00,0x00,0x6e,0xff,0xff,
  0xd4,0x00,0x00,0x00,0x00,0x00,0x00,0x00,0x00,0x00,0x00,0x00,0x00,0x00,0x00,0x00,0x01,0x7e,0xff,0xff,0xf7,0x00,0x00,0x00,
  0x00,0x00,0x00,0x00,0x00,0x00,0x00,0x00,0x00,0x00,0x00,0x00,0x03,0x9f,0xff,0xff,0xf9,0x10,0x00,0x00,0x00,0x00,0x00,0x00,
  0x00,0x00,0x00,0x00,0x00,0x00,0x00,0x00,0x17,0xdf,0xff,0xff,0xfb,0x30,0x00,0x00,0x00,0x00,0x00,0x00,0x00,0x00,0x00,0x00,
  0x00,0x00,0x00,0x01,0x6b,0xff,0xff,0xff,0xfb,0x30,0x00,0x00,0x00,0x00,0x00,0x00,0x00,0x00,0x00,0x00,0x00,0x00,0x00,0x27,
  0xcf,0xff,0xff,0xff,0xfa,0x30,0x00,0x00,0x00,0x00,0x00,0x00,0x00,0x00,0x00,0x00,0x00,0x00,0x26,0xae,0xff,0xff,0xff,0xff,
  0xe8,0x20,0x00,0x00,0x00,0x00,0x00,0x00,0x00,0x00,0x00,0x00,0x00,0x00,0x7e,0xff,0xff,0xff,0xff,0xff,0xc5,0x00,0x00,0x00,
  0x00,0x00,0x00,0x00,0x00,0x00,0x00,0x00,0x00,0x00,0x00,0x2f,0xff,0xff,0xff,0xfc,0x72,0x00,0x00,0x00,0x00,0x00,0x00,0x00,
  0x00,0x00,0x00,0x00,0x00,0x00,0x00,0x00,0x0c,0xff,0xff,0xb7,0x10,0x00,0x00,0x00,0x00,0x00,0x00,0x00,0x00,0x00,0x00,0x00,
  0x00,0x00,0x00,0x00,0x00,0x07,0xb7,0x30,0x00,0x00,0x00,0x00,0x00,0x00,0x00,0x00,0x00,0x00,0x00,0x00,0x00,0x00,0x00,0x00,
  0x00,0x00,0x00,0x00,0x00,0x28,0xce,0xfe,0xc8,0x10,0x00,0x00,0x00,0x00,0x00,0x00,0x00,0x19,0xff,0xff,0xff,0xff,0xf6,0x00,
  0x00,0xaf,0xfd,0x00,0x00,0x01,0xdf,0xff,0xff,0xff,0xff,0xff,0x70,0x00,0xff,0xf8,0x00,0x00,0x1e,0xff,0xfe,0x61,0x02,0x9f,
  0xff,0xf2,0x06,0xff,0xf2,0x00,0x00,0xbf,0xff,0xd1,0x00,0x00,0x07,0xff,0xfa,0x0b,0xff,0xc0,0x00,0x04,0xff,0xff,0x30,0x00,
  0x00,0x00,0xdf,0xff,0x2f,0xff,0x70,0x00,0x0a,0xff,0xfc,0x00,0x00,0x00,0x00,0x6f,0xff,0xbf,0xff,0x10,0x00,0x0f,0xff,0xf5,
  0x00,0x00,0x00,0x00,0x1f,0xff,0xff,0xfc,0x00,0x00,0x3f,0xff,0xf1,0x00,0x00,0x00,0x00,0x0d,0xff,0xff,0xf6,0x00,0x00,0x6f,
  0xff,0xd0,0x00,0x00,0x00,0x00,0x0a,0xff,0xff,0xf1,0x00,0x00,0x7f,0xff,0xb0,0x00,0x00,0x00,0x00,0x08,0xff,0xff,0xb0,0x00,
  0x00,0x8f,0xff,0xa0,0x00,0x00,0x00,0x00,0x05,0xff,0xff,0x50,0x00,0x00,0x9f,0xff,0x90,0x00,0x00,0x00,0x00,0x03,0xff,0xff,
  0x00,0x00,0x00,0x8f,0xff,0xa0,0x00,0x00,0x00,0x00,0x00,0xff,0xfb,0x00,0x00,0x00,0x7f,0xff,0xa0,0x00,0x00,0x00,0x00,0x00,
  0xef,0xfd,0x00,0x00,0x00,0x6f,0xff,0xc0,0x00,0x00,0x00,0x00,0x01,0xff,0xff,0x00,0x00,0x00,0x3f,0xff,0xf0,0x00,0x00,0x00,
  0x00,0x07,0xff,0xff,0x20,0x00,0x00,0x0f,0xff,0xf3,0x00,0x00,0x00,0x00,0x0e,0xff,0xff,0x50,0x00,0x00,0x0a,0xff,0xf9,0x00,
  0x00,0x00,0x00,0x5f,0xff,0xff,0x80,0x00,0x00,0x05,0xff,0xff,0x20,0x00,0x00,0x00,0xdf,0xff,0xff,0xd0,0x00,0x00,0x00,0xcf,
  0xff,0xd1,0x00,0x00,0x09,0xff,0xff,0xff,0xf5,0x00,0x00,0x00,0x3f,0xff,0xfe,0x61,0x03,0xaf,0xff,0xff,0xff,0xfe,0x30,0x00,
  0x00,0x05,0xff,0xff,0xff,0xff,0xff,0xff,0xc3,0xff,0xff,0xff,0xe0,0x00,0x00,0x4d,0xff,0xff,0xff,0xff,0xfb,0x00,0x6f,0xff,
  0xff,0xe0,0x00,0x00,0x00,0x5a,0xde,0xff,0xeb,0x50,0x00,0x02,0x9e,0xff,0xe0,0x00,0x00,0x16,0xad,0xff,0xed,0xa6,0x10,0x00,
  0x00,0x00,0x00,0x06,0xff,0xff,0xff,0xff,0xff,0xf7,0x00,0x00,0x00,0x00,0x9f,0xff,0xff,0xff,0xff,0xff,0xff,0xa0,0x00,0x00,
  0x05,0xff,0xff,0xd5,0x10,0x03,0x9f,0xff,0xf6,0x00,0x00,0x0d,0xff,0xfb,0x00,0x00,0x00,0x05,0xff,0xfe,0x00,0x00,0x4f,0xff,
  0xe1,0x00,0x00,0x00,0x00,0xbf,0xff,0x30,0x00,0x8f,0xff,0x90,0x00,0x00,0x00,0x00,0x6f,0xff,0x70,0x00,0xbf,0xff,0x50,0x00,
  0x00,0x00,0x00,0x4f,0xff,0x80,0x00,0xcf,0xff,0x20,0x00,0x00,0x00,0x00,0x5f,0xff,0x90,0x00,0xdf,0xff,0x10,0x00,0x00,0x00,
  0x00,0x6f,0xff,0x70,0x00,0xef,0xff,0x10,0x00,0x00,0x00,0x00,0xaf,0xff,0x60,0x00,0xef,0xff,0x10,0x00,0x00,0x00,0x01,0xff,
  0xff,0x30,0x00,0xef,0xff,0x10,0x00,0x00,0x00,0x09,0xff,0xfe,0x00,0x00,0xef,0xff,0x10,0x00,0x00,0x00,0x9f,0xff,0xf7,0x00,
  0x00,0xef,0xff,0x10,0x00,0x14,0x8e,0xff,0xff,0xc0,0x00,0x00,0xef,0xff,0x10,0x1f,0xff,0xff,0xff,0xfb,0x10,0x00,0x00,0xef,
  0xff,0x10,0x1f,0xff,0xff,0xff,0xf8,0x20,0x00,0x00,0xef,0xff,0x10,0x1f,0xff,0xff,0xff,0xff,0xf8,0x00,0x00,0xef,0xff,0x10,
  0x00,0x00,0x13,0x7d,0xff,0xff,0xc0,0x00,0xef,0xff,0x10,0x00,0x00,0x00,0x00,0x5e,0xff,0xfa,0x00,0xef,0xff,0x10,0x00,0x00,
  0x00,0x00,0x03,0xff,0xff,0x30,0xef,0xff,0x10,0x00,0x00,0x00,0x00,0x00,0x9f,0xff,0x90,0xef,0xff,0x10,0x00,0x00,0x00,0x00,
  0x00,0x4f,0xff,0xc0,0xef,0xff,0x10,0x00,0x00,0x00,0x00,0x00,0x2f,0xff,0xe0,0xef,0xff,0x10,0x00,0x00,0x00,0x00,0x00,0x2f,
  0xff,0xe0,0xef,0xff,0x10,0x00,0x00,0x00,0x00,0x00,0x3f,0xff,0xc0,0xef,0xff,0x10,0x00,0x00,0x00,0x00,0x00,0x6f,0xff,0xb0,
  0xef,0xff,0x50,0x00,0x00,0x00,0x00,0x00,0xaf,0xff,0x70,0xef,0xff,0xf2,0x00,0x00,0x00,0x00,0x02,0xff,0xff,0x20,0xef,0xff,
  0xfe,0x40,0x00,0x00,0x00,0x1d,0xff,0xfb,0x00,0xef,0xff,0xff,0xfb,0x52,0x00,0x38,0xef,0xff,0xf2,0x00,0xef,0xff,0xff,0xff,
  0xff,0xff,0xff,0xff,0xff,0x40,0x00,0xef,0xff,0x7f,0xff,0xff,0xff,0xff,0xff,0xb2,0x00,0x00,0xef,0xff,0x11,0x6b,0xdf,0xff,
  0xeb,0x82,0x00,0x00,0x00,0xef,0xff,0x10,0x00,0x00,0x00,0x00,0x00,0x00,0x00,0x00,0xef,0xff,0x10,0x00,0x00,0x00,0x00,0x00,
  0x00,0x00,0x00,0xef,0xff,0x10,0x00,0x00,0x00,0x00,0x00,0x00,0x00,0x00,0xef,0xff,0x10,0x00,0x00,0x00,0x00,0x00,0x00,0x00,
  0x00,0xef,0xff,0x10,0x00,0x00,0x00,0x00,0x00,0x00,0x00,0x00,0xef,0xff,0x10,0x00,0x00,0x00,0x00,0x00,0x00,0x00,0x00,0xef,
  0xff,0x10,0x00,0x00,0x00,0x00,0x00,0x00,0x00,0x00,0xef,0xff,0x10,0x00,0x00,0x00,0x00,0x00,0x00,0x00,0x00,0xef,0xff,0x10,
  0x00,0x00,0x00,0x00,0x00,0x00,0x00,0x00,0x5f,0xfd,0x92,0x00,0x00,0x00,0x00,0x00,0x00,0x00,0xaf,0xff,0x80,0x5f,0xff,0xff,
  0x40,0x00,0x00,0x00,0x00,0x00,0x01,0xff,0xff,0x20,0x5f,0xff,0xff,0xf1,0x00,0x00,0x00,0x00,0x00,0x07,0xff,0xfb,0x00,0x16,
  0x8f,0xff,0xf9,0x00,0x00,0x00,0x00,0x00,0x0d,0xff,0xf5,0x00,0x00,0x02,0xff,0xff,0x00,0x00,0x00,0x00,0x00,0x4f,0xff,0xe0,
  0x00,0x00,0x00,0x8f,0xff,0x50,0x00,0x00,0x00,0x00,0xaf,0xff,0x80,0x00,0x00,0x00,0x1f,0xff,0xb0,0x00,0x00,0x00,0x01,0xff,
  0xff,0x10,0x00,0x00,0x00,0x0c,0xff,0xf1,0x00,0x00,0x00,0x07,0xff,0xfb,0x00,0x00,0x00,0x00,0x06,0xff,0xf6,0x00,0x00,0x00,
  0x0e,0xff,0xf4,0x00,0x00,0x00,0x00,0x01,0xff,0xfc,0x00,0x00,0x00,0x4f,0xff,0xd0,0x00,0x00,0x00,0x00,0x00,0xbf,0xff,0x20,
  0x00,0x00,0xbf,0xff,0x70,0x00,0x00,0x00,0x00,0x00,0x5f,0xff,0x70,0x00,0x01,0xff,0xff,0x10,0x00,0x00,0x00,0x00,0x00,0x0f,
  0xff,0xd0,0x00,0x08,0xff,0xfa,0x00,0x00,0x00,0x00,0x00,0x00,0x0a,0xff,0xf3,0x00,0x0e,0xff,0xf4,0x00,0x00,0x00,0x00,0x00,
  0x00,0x04,0xff,0xf8,0x00,0x5f,0xff,0xd0,0x00,0x00,0x00,0x00,0x00,0x00,0x00,0xef,0xfe,0x00,0xbf,0xff,0x70,0x00,0x00,0x00,
  0x00,0x00,0x00,0x00,0x9f,0xff,0x42,0xff,0xff,0x10,0x00,0x00,0x00,0x00,0x00,0x00,0x00,0x3f,0xff,0x98,0xff,0xfa,0x00,0x00,
  0x00,0x00,0x00,0x00,0x00,0x00,0x0e,0xff,0xee,0xff,0xf3,0x00,0x00,0x00,0x00,0x00,0x00,0x00,0x00,0x08,0xff,0xff,0xff,0xd0,
  0x00,0x00,0x00,0x00,0x00,0x00,0x00,0x00,0x03,0xff,0xff,0xff,0x60,0x00,0x00,0x00,0x00,0x00,0x00,0x00,0x00,0x00,0xdf,0xff,
  0xff,0x00,0x00,0x00,0x00,0x00,0x00,0x00,0x00,0x00,0x00,0x7f,0xff,0xf9,0x00,0x00,0x00,0x00,0x00,0x00,0x00,0x00,0x00,0x00,
  0x2f,0xff,0xf3,0x00,0x00,0x00,0x00,0x00,0x00,0x00,0x00,0x00,0x00,0x0f,0xff,0xf0,0x00,0x00,0x00,0x00,0x00,0x00,0x00,0x00,
  0x00,0x00,0x0f,0xff,0xf0,0x00,0x00,0x00,0x00,0x00,0x00,0x00,0x00,0x00,0x00,0x0f,0xff,0xf0,0x00,0x00,0x00,0x00,0x00,0x00,
  0x00,0x00,0x00,0x00,0x0f,0xff,0xf0,0x00,0x00,0x00,0x00,0x00,0x00,0x00,0x00,0x00,0x00,0x0f,0xff,0xf0,0x00,0x00,0x00,0x00,
  0x00,0x00,0x00,0x00,0x00,0x00,0x0f,0xff,0xf0,0x00,0x00,0x00,0x00,0x00,0x00,0x00,0x00,0x00,0x00,0x0f,0xff,0xf0,0x00,0x00,
  0x00,0x00,0x00,0x00,0x00,0x00,0x00,0x00,0x0f,0xff,0xf0,0x00,0x00,0x00,0x00,0x00,0x00,0x00,0x00,0x00,0x00,0x0f,0xff,0xf0,
  0x00,0x00,0x00,0x00,0x00,0x00,0x00,0x00,0x37,0xbd,0xef,0xfe,0xda,0x71,0x00,0x00,0x00,0x00,0x00,0x2c,0xff,0xff,0xff,0xff,
  0xff,0xff,0xa1,0x00,0x00,0x00,0x02,0xff,0xff,0xff,0xff,0xff,0xff,0xff,0xf9,0x00,0x00,0x00,0x0c,0xff,0xff,0x83,0x10,0x01,
  0x24,0x7d,0xf9,0x00,0x00,0x00,0x1f,0xff,0xf2,0x00,0x00,0x00,0x00,0x00,0x47,0x00,0x00,0x00,0x3f,0xff,0xd0,0x00,0x00,0x00,
  0x00,0x00,0x00,0x00,0x00,0x00,0x1f,0xff,0xf3,0x00,0x00,0x00,0x00,0x00,0x00,0x00,0x00,0x00,0x0b,0xff,0xff,0x92,0x00,0x00,
  0x00,0x00,0x00,0x00,0x00,0x00,0x02,0xef,0xff,0xff,0xd9,0x62,0x00,0x00,0x00,0x00,0x00,0x00,0x00,0x1b,0xff,0xff,0xff,0xff,
  0xe9,0x20,0x00,0x00,0x00,0x00,0x00,0x08,0xff,0xff,0xff,0xff,0xff,0xfa,0x10,0x00,0x00,0x00,0x01,0xcf,0xff,0x62,0x57,0xaf,
  0xff,0xff,0xe3,0x00,0x00,0x00,0x0c,0xff,0xf3,0x00,0x00,0x00,0x7f,0xff,0xfe,0x20,0x00,0x00,0x8f,0xff,0x50,0x00,0x00,0x00,
  0x03,0xff,0xff,0xc0,0x00,0x02,0xff,0xfc,0x00,0x00,0x00,0x00,0x00,0x4f,0xff,0xf4,0x00,0x09,0xff,0xf5,0x00,0x00,0x00,0x00,
  0x00,0x0a,0xff,0xfb,0x00,0x0f,0xff,0xf0,0x00,0x00,0x00,0x00,0x00,0x04,0xff,0xff,0x00,0x3f,0xff,0xd0,0x00,0x00,0x00,0x00,
  0x00,0x00,0xff,0xff,0x30,0x6f,0xff,0xb0,0x00,0x00,0x00,0x00,0x00,0x00,0xdf,0xff,0x50,0x8f,0xff,0xa0,0x00,0x00,0x00,0x00,
  0x00,0x00,0xbf,0xff,0x70,0x8f,0xff,0x90,0x00,0x00,0x00,0x00,0x00,0x00,0xbf,0xff,0x70,0x7f,0xff,0xa0,0x00,0x00,0x00,0x00,
  0x00,0x00,0xbf,0xff,0x70,0x6f,0xff,0xb0,0x00,0x00,0x00,0x00,0x00,0x00,0xcf,0xff,0x60,0x4f,0xff,0xe0,0x00,0x00,0x00,0x00,
  0x00,0x00,0xff,0xff,0x40,0x1f,0xff,0xf1,0x00,0x00,0x00,0x00,0x00,0x02,0xff,0xff,0x10,0x0d,0xff,0xf6,0x00,0x00,0x00,0x00,
  0x00,0x08,0xff,0xfd,0x00,0x07,0xff,0xfd,0x00,0x00,0x00,0x00,0x00,0x1e,0xff,0xf6,0x00,0x01,0xff,0xff,0x80,0x00,0x00,0x00,
  0x00,0xaf,0xff,0xf0,0x00,0x00,0x6f,0xff,0xf6,0x00,0x00,0x00,0x08,0xff,0xff,0x60,0x00,0x00,0x0a,0xff,0xff,0xb5,0x10,0x15,
  0xcf,0xff,0xfa,0x00,0x00,0x00,0x00,0xaf,0xff,0xff,0xff,0xff,0xff,0xff,0x90,0x00,0x00,0x00,0x00,0x06,0xef,0xff,0xff,0xff,
  0xff,0xe5,0x00,0x00,0x00,0x00,0x00,0x00,0x05,0xad,0xef,0xed,0x95,0x00,0x00,0x00,0x00,0x00,0x00,0x00,0x03,0x8c,0xff,0xec,
  0x82,0x00,0x00,0x00,0x00,0x00,0x00,0x01,0xaf,0xff,0xff,0xff,0xff,0xa0,0x00,0x00,0x00,0x00,0x00,0x2e,0xff,0xff,0xff,0xff,
  0xff,0xfd,0x10,0x00,0x00,0x00,0x01,0xef,0xff,0xd6,0x20,0x27,0xef,0xff,0xd0,0x00,0x00,0x00,0x0a,0xff,0xfb,0x00,0x00,0x00,
  0x1c,0xff,0xf9,0x00,0x00,0x00,0x3f,0xff,0xd0,0x00,0x00,0x00,0x01,0xef,0xff,0x20,0x00,0x00,0xcf,0xff,0x40,0x00,0x00,0x00,
  0x00,0x6f,0xff,0xb0,0x00,0x02,0xff,0xfd,0x00,0x00,0x00,0x00,0x00,0x0f,0xff,0xf1,0x00,0x07,0xff,0xf8,0x00,0x00,0x00,0x00,
  0x00,0x0b,0xff,0xf6,0x00,0x0c,0xff,0xf4,0x00,0x00,0x00,0x00,0x00,0x07,0xff,0xfb,0x00,0x0f,0xff,0xf1,0x00,0x00,0x00,0x00,
  0x00,0x04,0xff,0xfe,0x00,0x2f,0xff,0xe0,0x00,0x00,0x00,0x00,0x00,0x01,0xff,0xff,0x10,0x5f,0xff,0xd0,0x00,0x00,0x00,0x00,
  0x00,0x00,0xff,0xff,0x40,0x6f,0xff,0xb0,0x00,0x00,0x00,0x00,0x00,0x00,0xdf,0xff,0x50,0x7f,0xff,0xff,0xff,0xff,0xff,0xff,
  0xff,0xff,0xff,0xff,0x60,0x8f,0xff,0xff,0xff,0xff,0xff,0xff,0xff,0xff,0xff,0xff,0x70,0x9f,0xff,0xff,0xff,0xff,0xff,0xff,
  0xff,0xff,0xff,0xff,0x80,0x8f,0xff,0xa0,0x00,0x00,0x00,0x00,0x00,0x00,0xbf,0xff,0x70,0x7f,0xff,0xb0,0x00,0x00,0x00,0x00,
  0x00,0x00,0xdf,0xff,0x60,0x6f,0xff,0xd0,0x00,0x00,0x00,0x00,0x00,0x00,0xef,0xff,0x50,0x5f,0xff,0xe0,0x00,0x00,0x00,0x00,
  0x00,0x00,0xff,0xff,0x40,0x2f,0xff,0xf0,0x00,0x00,0x00,0x00,0x00,0x02,0xff,0xff,0x10,0x0f,0xff,0xf3,0x00,0x00,0x00,0x00,
  0x00,0x04,0xff,0xfe,0x00,0x0c,0xff,0xf6,0x00,0x00,0x00,0x00,0x00,0x08,0xff,0xfb,0x00,0x07,0xff,0xfa,0x00,0x00,0x00,0x00,
  0x00,0x0c,0xff,0xf6,0x00,0x02,0xff,0xff,0x00,0x00,0x00,0x00,0x00,0x2f,0xff,0xf1,0x00,0x00,0xcf,0xff,0x70,0x00,0x00,0x00,
  0x00,0x8f,0xff,0xb0,0x00,0x00,0x3f,0xff,0xf1,0x00,0x00,0x00,0x03,0xff,0xff,0x20,0x00,0x00,0x0a,0xff,0xfd,0x10,0x00,0x00,
  0x2d,0xff,0xf9,0x00,0x00,0x00,0x01,0xef,0xff,0xe6,0x20,0x27,0xef,0xff,0xd0,0x00,0x00,0x00,0x00,0x2e,0xff,0xff,0xff,0xff,
  0xff,0xfd,0x10,0x00,0x00,0x00,0x00,0x01,0xaf,0xff,0xff,0xff,0xff,0xa0,0x00,0x00,0x00,0x00,0x00,0x00,0x03,0x9c,0xff,0xfc,
  0x82,0x00,0x00,0x00,0x00,0x00,0x01,0xff,0xed,0xb5,0x00,0x00,0x00,0x00,0x00,0x00,0x00,0x00,0x01,0xff,0xff,0xff,0xd2,0x00,
  0x00,0x00,0x00,0x00,0x00,0x00,0x01,0xff,0xff,0xff,0xfe,0x00,0x00,0x00,0x00,0x00,0x00,0x00,0x00,0x00,0x16,0xff,0xff,0x70,
  0x00,0x00,0x00,0x00,0x00,0x00,0x00,0x00,0x00,0x6f,0xff,0xe0,0x00,0x00,0x00,0x00,0x00,0x00,0x00,0x00,0x00,0x0d,0xff,0xf4,
  0x00,0x00,0x00,0x00,0x00,0x00,0x00,0x00,0x00,0x07,0xff,0xfa,0x00,0x00,0x00,0x00,0x00,0x00,0x00,0x00,0x00,0x01,0xff,0xff,
  0x10,0x00,0x00,0x00,0x00,0x00,0x00,0x00,0x00,0x00,0xbf,0xff,0x60,0x00,0x00,0x00,0x00,0x00,0x00,0x00,0x00,0x00,0x4f,0xff,
  0xd0,0x00,0x00,0x00,0x00,0x00,0x00,0x00,0x00,0x00,0x6f,0xff,0xf3,0x00,0x00,0x00,0x00,0x00,0x00,0x00,0x00,0x00,0xdf,0xff,
  0xf9,0x00,0x00,0x00,0x00,0x00,0x00,0x00,0x00,0x04,0xff,0xff,0xfe,0x00,0x00,0x00,0x00,0x00,0x00,0x00,0x00,0x0c,0xff,0xff,
  0xff,0x50,0x00,0x00,0x00,0x00,0x00,0x00,0x00,0x3f,0xff,0xff,0xff,0xb0,0x00,0x00,0x00,0x00,0x00,0x00,0x00,0xaf,0xff,0xbf,
  0xff,0xf1,0x00,0x00,0x00,0x00,0x00,0x00,0x02,0xff,0xff,0x3b,0xff,0xf7,0x00,0x00,0x00,0x00,0x00,0x00,0x09,0xff,0xfb,0x05,
  0xff,0xfd,0x00,0x00,0x00,0x00,0x00,0x00,0x1f,0xff,0xf4,0x00,0xef,0xff,0x30,0x00,0x00,0x00,0x00,0x00,0x8f,0xff,0xc0,0x00,
  0x9f,0xff,0x90,0x00,0x00,0x00,0x00,0x00,0xef,0xff,0x50,0x00,0x3f,0xff,0xf0,0x00,0x00,0x00,0x00,0x06,0xff,0xfd,0x00,0x00,
  0x0d,0xff,0xf5,0x00,0x00,0x00,0x00,0x0d,0xff,0xf6,0x00,0x00,0x07,0xff,0xfb,0x00,0x00,0x00,0x00,0x5f,0xff,0xe0,0x00,0x00,
  0x01,0xff,0xff,0x20,0x00,0x00,0x00,0xcf,0xff,0x70,0x00,0x00,0x00,0xaf,0xff,0x80,0x00,0x00,0x04,0xff,0xff,0x00,0x00,0x00,
  0x00,0x4f,0xff,0xe0,0x00,0x00,0x0b,0xff,0xf8,0x00,0x00,0x00,0x00,0x0e,0xff,0xf4,0x00,0x00,0x2f,0xff,0xf1,0x00,0x00,0x00,
  0x00,0x08,0xff,0xfa,0x00,0x00,0xaf,0xff,0x90,0x00,0x00,0x00,0x00,0x02,0xff,0xff,0x00,0x01,0xff,0xff,0x20,0x00,0x00,0x00,
  0x00,0x00,0xcf,0xff,0x60,0x08,0xff,0xfa,0x00,0x00,0x00,0x00,0x00,0x00,0x6f,0xff,0xc0,0x0f,0xff,0xf3,0x00,0x00,0x00,0x00,
  0x00,0x00,0x0f,0xff,0xf2,0x7f,0xff,0xb0,0x00,0x00,0x00,0x00,0x00,0x00,0x0a,0xff,0xf8,0x4f,0xff,0xb0,0x00,0x00,0x00,0x00,
  0x00,0x1f,0xff,0xe0,0x00,0x4f,0xff,0xb0,0x00,0x00,0x00,0x00,0x00,0x1f,0xff,0xe0,0x00,0x4f,0xff,0xb0,0x00,0x00,0x00,0x00,
  0x00,0x1f,0xff,0xe0,0x00,0x4f,0xff,0xb0,0x00,0x00,0x00,0x00,0x00,0x1f,0xff,0xe0,0x00,0x4f,0xff,0xb0,0x00,0x00,0x00,0x00,
  0x00,0x1f,0xff,0xe0,0x00,0x4f,0xff,0xb0,0x00,0x00,0x00,0x00,0x00,0x1f,0xff,0xe0,0x00,0x4f,0xff,0xb0,0x00,0x00,0x00,0x00,
  0x00,0x1f,0xff,0xe0,0x00,0x4f,0xff,0xb0,0x00,0x00,0x00,0x00,0x00,0x1f,0xff,0xe0,0x00,0x4f,0xff,0xb0,0x00,0x00,0x00,0x00,
  0x00,0x1f,0xff,0xe0,0x00,0x4f,0xff,0xb0,0x00,0x00,0x00,0x00,0x00,0x1f,0xff,0xe0,0x00,0x4f,0xff,0xb0,0x00,0x00,0x00,0x00,
  0x00,0x1f,0xff,0xe0,0x00,0x4f,0xff,0xb0,0x00,0x00,0x00,0x00,0x00,0x1f,0xff,0xe0,0x00,0x4f,0xff,0xb0,0x00,0x00,0x00,0x00,
  0x00,0x1f,0xff,0xe0,0x00,0x4f,0xff,0xb0,0x00,0x00,0x00,0x00,0x00,0x1f,0xff,0xe0,0x00,0x4f,0xff,0xb0,0x00,0x00,0x00,0x00,
  0x00,0x2f,0xff,0xe0,0x00,0x4f,0xff,0xc0,0x00,0x00,0x00,0x00,0x00,0x4f,0xff,0xe0,0x00,0x4f,0xff,0xf0,0x00,0x00,0x00,0x00,
  0x00,0x7f,0xff,0xe0,0x00,0x4f,0xff,0xf4,0x00,0x00,0x00,0x00,0x00,0xdf,0xff,0xe0,0x00,0x4f,0xff,0xfb,0x00,0x00,0x00,0x00,
  0x05,0xff,0xff,0xf0,0x00,0x4f,0xff,0xff,0x80,0x00,0x00,0x00,0x3f,0xff,0xff,0xf7,0x19,0x4f,0xff,0xff,0xfb,0x41,0x01,0x49,
  0xff,0xff,0xff,0xff,0xfe,0x4f,0xff,0xce,0xff,0xff,0xff,0xff,0xff,0xbb,0xff,0xff,0xfe,0x4f,0xff,0xb2,0xdf,0xff,0xff,0xff,
  0xfa,0x03,0xff,0xff,0xfe,0x4f,0xff,0xb0,0x06,0xbe,0xff,0xd9,0x30,0x00,0x4c,0xfe,0xb4,0x4f,0xff,0xb0,0x00,0x00,0x00,0x00,
  0x00,0x00,0x00,0x00,0x00,0x4f,0xff,0xb0,0x00,0x00,0x00,0x00,0x00,0x00,0x00,0x00,0x00,0x4f,0xff,0xb0,0x00,0x00,0x00,0x00,
  0x00,0x00,0x00,0x00,0x00,0x4f,0xff,0xb0,0x00,0x00,0x00,0x00,0x00,0x00,0x00,0x00,0x00,0x4f,0xff,0xb0,0x00,0x00,0x00,0x00,
  0x00,0x00,0x00,0x00,0x00,0x4f,0xff,0xb0,0x00,0x00,0x00,0x00,0x00,0x00,0x00,0x00,0x00,0x4f,0xff,0xb0,0x00,0x00,0x00,0x00,
  0x00,0x00,0x00,0x00,0x00,0x4f,0xff,0xb0,0x00,0x00,0x00,0x00,0x00,0x00,0x00,0x00,0x00,0x4f,0xff,0xb0,0x00,0x00,0x00,0x00,
  0x00,0x00,0x00,0x00,0x00,0x6f,0xff,0xff,0xff,0xff,0xff,0xff,0xff,0xff,0xff,0xff,0xfa,0x00,0x6f,0xff,0xff,0xff,0xff,0xff,
  0xff,0xff,0xff,0xff,0xff,0xfa,0x00,0x6f,0xff,0xff,0xff,0xff,0xff,0xff,0xff,0xff,0xff,0xff,0xfa,0x00,0x00,0x05,0xff,0xfb,
  0x00,0x00,0x00,0x00,0x6f,0xff,0x90,0x00,0x00,0x00,0x05,0xff,0xfb,0x00,0x00,0x00,0x00,0x6f,0xff,0x90,0x00,0x00,0x00,0x05,
  0xff,0xfb,0x00,0x00,0x00,0x00,0x6f,0xff,0x90,0x00,0x00,0x00,0x05,0xff,0xfb,0x00,0x00,0x00,0x00,0x6f,0xff,0x90,0x00,0x00,
  0x00,0x05,0xff,0xfb,0x00,0x00,0x00,0x00,0x6f,0xff,0x90,0x00,0x00,0x00,0x05,0xff,0xfb,0x00,0x00,0x00,0x00,0x6f,0xff,0x90,
  0x00,0x00,0x00,0x05,0xff,0xfb,0x00,0x00,0x00,0x00,0x6f,0xff,0x90,0x00,0x00,0x00,0x05,0xff,0xfb,0x00,0x00,0x00,0x00,0x6f,
  0xff,0x90,0x00,0x00,0x00,0x05,0xff,0xfb,0x00,0x00,0x00,0x00,0x6f,0xff,0x90,0x00,0x00,0x00,0x05,0xff,0xfb,0x00,0x00,0x00,
  0x00,0x6f,0xff,0x90,0x00,0x00,0x00,0x05,0xff,0xfb,0x00,0x00,0x00,0x00,0x6f,0xff,0x90,0x00,0x00,0x00,0x05,0xff,0xfb,0x00,
  0x00,0x00,0x00,0x6f,0xff,0x90,0x00,0x00,0x00,0x05,0xff,0xfb,0x00,0x00,0x00,0x00,0x6f,0xff,0x90,0x00,0x00,0x00,0x05,0xff,
  0xfb,0x00,0x00,0x00,0x00,0x6f,0xff,0x90,0x00,0x00,0x00,0x05,0xff,0xfb,0x00,0x00,0x00,0x00,0x6f,0xff,0x90,0x00,0x00,0x00,
  0x05,0xff,0xfb,0x00,0x00,0x00,0x00,0x6f,0xff,0xa0,0x00,0x00,0x00,0x05,0xff,0xfb,0x00,0x00,0x00,0x00,0x5f,0xff,0xc0,0x00,
  0x00,0x00,0x05,0xff,0xfb,0x00,0x00,0x00,0x00,0x2f,0xff,0xf6,0x00,0x00,0x00,0x05,0xff,0xfb,0x00,0x00,0x00,0x00,0x0e,0xff,
  0xff,0xff,0x40,0x00,0x05,0xff,0xfb,0x00,0x00,0x00,0x00,0x07,0xff,0xff,0xff,0x40,0x00,0x05,0xff,0xfb,0x00,0x00,0x00,0x00,
  0x00,0x6c,0xff,0xeb,0x20,0x00,0x00,0x00,0x48,0xcd,0xff,0xff,0xff,0xff,0xff,0xff,0xff,0x90,0x00,0x00,0x4d,0xff,0xff,0xff,
  0xff,0xff,0xff,0xff,0xff,0xff,0x90,0x00,0x06,0xff,0xff,0xff,0xff,0xff,0xff,0xff,0xff,0xff,0xff,0x90,0x00,0x3f,0xff,0xff,
  0xa4,0x10,0x14,0xaf,0xff,0xff,0x70,0x00,0x00,0x00,0xef,0xff,0xf4,0x00,0x00,0x00,0x05,0xff,0xff,0xf1,0x00,0x00,0x06,0xff,
  0xff,0x50,0x00,0x00,0x00,0x00,0x7f,0xff,0xf7,0x00,0x00,0x0c,0xff,0xfb,0x00,0x00,0x00,0x00,0x00,0x0d,0xff,0xfd,0x00,0x00,
  0x1f,0xff,0xf4,0x00,0x00,0x00,0x00,0x00,0x06,0xff,0xff,0x10,0x00,0x4f,0xff,0xf0,0x00,0x00,0x00,0x00,0x00,0x01,0xff,0xff,
  0x40,0x00,0x6f,0xff,0xc0,0x00,0x00,0x00,0x00,0x00,0x00,0xef,0xff,0x60,0x00,0x7f,0xff,0xa0,0x00,0x00,0x00,0x00,0x00,0x00,
  0xcf,0xff,0x70,0x00,0x8f,0xff,0x90,0x00,0x00,0x00,0x00,0x00,0x00,0xbf,0xff,0x70,0x00,0x8f,0xff,0xa0,0x00,0x00,0x00,0x00,
  0x00,0x00,0xbf,0xff,0x60,0x00,0x7f,0xff,0xb0,0x00,0x00,0x00,0x00,0x00,0x00,0xcf,0xff,0x50,0x00,0x5f,0xff,0xd0,0x00,0x00,
  0x00,0x00,0x00,0x00,0xef,0xff,0x30,0x00,0x2f,0xff,0xf0,0x00,0x00,0x00,0x00,0x00,0x02,0xff,0xff,0x00,0x00,0x0e,0xff,0xf5,
  0x00,0x00,0x00,0x00,0x00,0x07,0xff,0xfc,0x00,0x00,0x08,0xff,0xfc,0x00,0x00,0x00,0x00,0x00,0x0e,0xff,0xf6,0x00,0x00,0x02,
  0xff,0xff,0x60,0x00,0x00,0x00,0x00,0x8f,0xff,0xe0,0x00,0x00,0x00,0x8f,0xff,0xf5,0x00,0x00,0x00,0x07,0xff,0xff,0x50,0x00,
  0x00,0x00,0x0c,0xff,0xff,0xb4,0x10,0x15,0xcf,0xff,0xf9,0x00,0x00,0x00,0x00,0x00,0xbf,0xff,0xff,0xff,0xff,0xff,0xff,0x90,
  0x00,0x00,0x00,0x00,0x00,0x07,0xef,0xff,0xff,0xff,0xff,0xd5,0x00,0x00,0x00,0x00,0x00,0x00,0x00,0x05,0xad,0xef,0xed,0x95,
  0x00,0x00,0x00,0x00,0x00,0xdf,0xff,0xff,0xff,0xff,0xff,0xff,0xff,0xff,0xff,0xff,0x50,0xdf,0xff,0xff,0xff,0xff,0xff,0xff,
  0xff,0xff,0xff,0xff,0x50,0xdf,0xff,0xff,0xff,0xff,0xff,0xff,0xff,0xff,0xff,0xff,0x50,0x00,0x00,0x00,0x00,0x0d,0xff,0xf3,
  0x00,0x00,0x00,0x00,0x00,0x00,0x00,0x00,0x00,0x0d,0xff,0xf3,0x00,0x00,0x00,0x00,0x00,0x00,0x00,0x00,0x00,0x0d,0xff,0xf3,
  0x00,0x00,0x00,0x00,0x00,0x00,0x00,0x00,0x00,0x0d,0xff,0xf3,0x00,0x00,0x00,0x00,0x00,0x00,0x00,0x00,0x00,0x0d,0xff,0xf3,
  0x00,0x00,0x00,0x00,0x00,0x00,0x00,0x00,0x00,0x0d,0xff,0xf3,0x00,0x00,0x00,0x00,0x00,0x00,0x00,0x00,0x00,0x0d,0xff,0xf3,
  0x00,0x00,0x00,0x00,0x00,0x00,0x00,0x00,0x00,0x0d,0xff,0xf3,0x00,0x00,0x00,0x00,0x00,0x00,0x00,0x00,0x00,0x0d,0xff,0xf3,
  0x00,0x00,0x00,0x00,0x00,0x00,0x00,0x00,0x00,0x0d,0xff,0xf3,0x00,0x00,0x00,0x00,0x00,0x00,0x00,0x00,0x00,0x0d,0xff,0xf3,
  0x00,0x00,0x00,0x00,0x00,0x00,0x00,0x00,0x00,0x0d,0xff,0xf3,0x00,0x00,0x00,0x00,0x00,0x00,0x00,0x00,0x00,0x0c,0xff,0xf3,
  0x00,0x00,0x00,0x00,0x00,0x00,0x00,0x00,0x00,0x0c,0xff,0xf3,0x00,0x00,0x00,0x00,0x00,0x00,0x00,0x00,0x00,0x0a,0xff,0xf5,
  0x00,0x00,0x00,0x00,0x00,0x00,0x00,0x00,0x00,0x07,0xff,0xf7,0x00,0x00,0x00,0x00,0x00,0x00,0x00,0x00,0x00,0x03,0xff,0xfc,
  0x00,0x00,0x00,0x00,0x00,0x00,0x00,0x00,0x00,0x00,0xdf,0xff,0xa2,0x00,0x00,0x00,0x00,0x00,0x00,0x00,0x00,0x00,0x4f,0xff,
  0xff,0xff,0xf0,0x00,0x00,0x00,0x00,0x00,0x00,0x00,0x06,0xff,0xff,0xff,0xf0,0x00,0x00,0x00,0x00,0x00,0x00,0x00,0x00,0x18,
  0xce,0xff,0xf0,0x00,0x00,0x00,0x00,0x00,0x39,0xd1,0x00,0x18,0xdf,0xeb,0x50,0x00,0x00,0x00,0x00,0x00,0x2b,0xff,0xf1,0x01,
  0xdf,0xff,0xff,0xfc,0x20,0x00,0x00,0x00,0x03,0xef,0xff,0xf1,0x0a,0xff,0xff,0xff,0xff,0xe3,0x00,0x00,0x00,0x1e,0xff,0xfe,
  0x40,0x1f,0xff,0xe0,0x1c,0xff,0xfe,0x10,0x00,0x00,0xcf,0xff,0xe2,0x00,0x5f,0xff,0x90,0x00,0xdf,0xff,0xb0,0x00,0x04,0xff,
  0xff,0x50,0x00,0x7f,0xff,0x70,0x00,0x3f,0xff,0xf3,0x00,0x0b,0xff,0xfc,0x00,0x00,0x8f,0xff,0x60,0x00,0x0b,0xff,0xfa,0x00,
  0x0f,0xff,0xf5,0x00,0x00,0x8f,0xff,0x60,0x00,0x05,0xff,0xfe,0x00,0x3f,0xff,0xf0,0x00,0x00,0x8f,0xff,0x60,0x00,0x01,0xff,
  0xff,0x10,0x6f,0xff,0xd0,0x00,0x00,0x8f,0xff,0x60,0x00,0x00,0xef,0xff,0x40,0x7f,0xff,0xa0,0x00,0x00,0x8f,0xff,0x60,0x00,
  0x00,0xcf,0xff,0x50,0x8f,0xff,0x90,0x00,0x00,0x8f,0xff,0x60,0x00,0x00,0xbf,0xff,0x60,0x9f,0xff,0x90,0x00,0x00,0x8f,0xff,
  0x60,0x00,0x00,0xaf,0xff,0x70,0x8f,0xff,0xa0,0x00,0x00,0x8f,0xff,0x60,0x00,0x00,0xbf,0xff,0x60,0x7f,0xff,0xb0,0x00,0x00,
  0x8f,0xff,0x60,0x00,0x00,0xcf,0xff,0x50,0x5f,0xff,0xd0,0x00,0x00,0x8f,0xff,0x60,0x00,0x00,0xef,0xff,0x30,0x1f,0xff,0xf1,
  0x00,0x00,0x8f,0xff,0x60,0x00,0x01,0xff,0xff,0x00,0x0e,0xff,0xf6,0x00,0x00,0x8f,0xff,0x60,0x00,0x06,0xff,0xfc,0x00,0x08,
  0xff,0xfc,0x00,0x00,0x8f,0xff,0x60,0x00,0x0d,0xff,0xf6,0x00,0x01,0xff,0xff,0x50,0x00,0x8f,0xff,0x60,0x00,0x7f,0xff,0xe0,
  0x00,0x00,0x7f,0xff,0xf3,0x00,0x8f,0xff,0x60,0x06,0xff,0xff,0x50,0x00,0x00,0x0c,0xff,0xff,0x82,0x8f,0xff,0x73,0xaf,0xff,
  0xfa,0x00,0x00,0x00,0x00,0xcf,0xff,0xff,0xff,0xff,0xff,0xff,0xff,0xb0,0x00,0x00,0x00,0x00,0x08,0xff,0xff,0xff,0xff,0xff,
  0xff,0xf7,0x00,0x00,0x00,0x00,0x00,0x00,0x27,0xce,0xff,0xff,0xfe,0xc7,0x10,0x00,0x00,0x00,0x00,0x00,0x00,0x00,0x00,0x8f,
  0xff,0x60,0x00,0x00,0x00,0x00,0x00,0x00,0x00,0x00,0x00,0x00,0x8f,0xff,0x60,0x00,0x00,0x00,0x00,0x00,0x00,0x00,0x00,0x00,
  0x00,0x8f,0xff,0x60,0x00,0x00,0x00,0x00,0x00,0x00,0x00,0x00,0x00,0x00,0x8f,0xff,0x60,0x00,0x00,0x00,0x00,0x00,0x00,0x00,
  0x00,0x00,0x00,0x8f,0xff,0x60,0x00,0x00,0x00,0x00,0x00,0x00,0x00,0x00,0x00,0x00,0x8f,0xff,0x60,0x00,0x00,0x00,0x00,0x00,
  0x00,0x00,0x00,0x00,0x00,0x8f,0xff,0x60,0x00,0x00,0x00,0x00,0x00,0x00,0x00,0x00,0x00,0x00,0x8f,0xff,0x60,0x00,0x00,0x00,
  0x00,0x00,0x00,0x00,0x00,0x00,0x00,0x8f,0xff,0x60,0x00,0x00,0x00,0x00,0x00,0x9f,0xff,0x60,0x00,0x00,0x8f,0xff,0x60,0x00,
  0x00,0x8f,0xff,0x70,0x9f,0xff,0x60,0x00,0x00,0x8f,0xff,0x60,0x00,0x00,0x8f,0xff,0x70,0x9f,0xff,0x60,0x00,0x00,0x8f,0xff,
  0x60,0x00,0x00,0x8f,0xff,0x70,0x9f,0xff,0x60,0x00,0x00,0x8f,0xff,0x60,0x00,0x00,0x8f,0xff,0x70,0x9f,0xff,0x60,0x00,0x00,
  0x8f,0xff,0x60,0x00,0x00,0x8f,0xff,0x70,0x9f,0xff,0x60,0x00,0x00,0x8f,0xff,0x60,0x00,0x00,0x8f,0xff,0x70,0x9f,0xff,0x60,
  0x00,0x00,0x8f,0xff,0x60,0x00,0x00,0x8f,0xff,0x70,0x9f,0xff,0x60,0x00,0x00,0x8f,0xff,0x60,0x00,0x00,0x8f,0xff,0x70,0x9f,
  0xff,0x60,0x00,0x00,0x8f,0xff,0x60,0x00,0x00,0x8f,0xff,0x70,0x9f,0xff,0x60,0x00,0x00,0x8f,0xff,0x60,0x00,0x00,0x8f,0xff,
  0x70,0x9f,0xff,0x60,0x00,0x00,0x8f,0xff,0x60,0x00,0x00,0x8f,0xff,0x70,0x9f,0xff,0x60,0x00,0x00,0x8f,0xff,0x60,0x00,0x00,
  0x8f,0xff,0x70,0x9f,0xff,0x60,0x00,0x00,0x8f,0xff,0x60,0x00,0x00,0x8f,0xff,0x70,0x9f,0xff,0x60,0x00,0x00,0x8f,0xff,0x60,
  0x00,0x00,0x8f,0xff,0x70,0x8f,0xff,0x70,0x00,0x00,0x8f,0xff,0x60,0x00,0x00,0x8f,0xff,0x60,0x7f,0xff,0x80,0x00,0x00,0x8f,
  0xff,0x60,0x00,0x00,0xaf,0xff,0x50,0x4f,0xff,0xb0,0x00,0x00,0x8f,0xff,0x60,0x00,0x00,0xdf,0xff,0x30,0x0f,0xff,0xf1,0x00,
  0x00,0x8f,0xff,0x60,0x00,0x03,0xff,0xfe,0x00,0x0a,0xff,0xf9,0x00,0x00,0x8f,0xff,0x60,0x00,0x0b,0xff,0xf9,0x00,0x02,0xff,
  0xff,0x80,0x00,0x8f,0xff,0x60,0x00,0xaf,0xff,0xf1,0x00,0x00,0x6f,0xff,0xfd,0x72,0x8f,0xff,0x73,0x7e,0xff,0xff,0x50,0x00,
  0x00,0x06,0xff,0xff,0xff,0xff,0xff,0xff,0xff,0xff,0xe4,0x00,0x00,0x00,0x00,0x19,0xff,0xff,0xff,0xff,0xff,0xff,0xe8,0x10,
  0x00,0x00,0x00,0x00,0x00,0x05,0x9c,0xff,0xff,0xfc,0x94,0x00,0x00,0x00,0x00,0x00,0x00,0x00,0x00,0x00,0x8f,0xff,0x60,0x00,
  0x00,0x00,0x00,0x00,0x00,0x00,0x00,0x00,0x00,0x8f,0xff,0x60,0x00,0x00,0x00,0x00,0x00,0x00,0x00,0x00,0x00,0x00,0x8f,0xff,
  0x60,0x00,0x00,0x00,0x00,0x00,0x00,0x00,0x00,0x00,0x00,0x8f,0xff,0x60,0x00,0x00,0x00,0x00,0x00,0x00,0x00,0x00,0x00,0x00,
  0x8f,0xff,0x60,0x00,0x00,0x00,0x00,0x00,0x00,0x00,0x00,0x00,0x00,0x8f,0xff,0x60,0x00,0x00,0x00,0x00,0x00,0x00,0x00,0x00,
  0x00,0x00,0x8f,0xff,0x60,0x00,0x00,0x00,0x00,0x00,0x00,0x00,0x00,0x00,0x00,0x8f,0xff,0x60,0x00,0x00,0x00,0x00,0x00,0x00,
  0x00,0x00,0x00,0x00,0x8f,0xff,0x60,0x00,0x00,0x00,0x00,0x00,0x00,0x00,0x01,0x56,0x51,0x00,0x00,0x00,0x00,0x02,0x55,0x30,
  0x00,0x00,0x00,0x01,0xaf,0xff,0xff,0xa1,0x00,0x00,0x05,0xdf,0xff,0xfe,0x50,0x00,0x00,0x1d,0xff,0xff,0xff,0xfe,0x10,0x00,
  0x6f,0xff,0xff,0xff,0xf9,0x00,0x00,0xcf,0xfc,0x87,0xaf,0xff,0xd0,0x04,0xff,0xfe,0x97,0xaf,0xff,0x60,0x05,0xff,0x80,0x00,
  0x04,0xef,0xf8,0x0e,0xff,0x90,0x00,0x01,0xdf,0xe0,0x0b,0xfc,0x00,0x00,0x00,0x3f,0xff,0xbf,0xf9,0x00,0x00,0x00,0x2f,0xf6,
  0x0f,0xf4,0x00,0x00,0x00,0x07,0xff,0xff,0xd0,0x00,0x00,0x00,0x09,0xfa,0x2f,0xf0,0x00,0x00,0x00,0x00,0xdf,0xff,0x30,0x00,
  0x00,0x00,0x06,0xfd,0x3f,0xe0,0x00,0x00,0x00,0x00,0x4f,0xfc,0x00,0x00,0x00,0x00,0x04,0xfe,0x3f,0xe0,0x00,0x00,0x00,0x00,
  0x3f,0xff,0x20,0x00,0x00,0x00,0x04,0xfd,0x2f,0xf1,0x00,0x00,0x00,0x00,0xbf,0xff,0xa0,0x00,0x00,0x00,0x07,0xfc,0x0e,0xf6,
  0x00,0x00,0x00,0x04,0xff,0xff,0xf5,0x00,0x00,0x00,0x0c,0xf9,0x09,0xfe,0x10,0x00,0x00,0x2e,0xfe,0x6f,0xff,0x20,0x00,0x00,
  0x5f,0xf4,0x02,0xff,0xd3,0x00,0x06,0xef,0xf5,0x0b,0xff,0xe5,0x00,0x05,0xff,0xc0,0x00,0x7f,0xff,0xed,0xff,0xff,0xa0,0x01,
  0xdf,0xff,0xec,0xef,0xff,0x30,0x00,0x08,0xff,0xff,0xff,0xfb,0x00,0x00,0x1d,0xff,0xff,0xff,0xf5,0x00,0x00,0x00,0x3a,0xef,
  0xfb,0x50,0x00,0x00,0x00,0x7d,0xff,0xe9,0x20,0x00,0x00,0x00,0x00,0x00,0x00,0x00,0x00,0x00,0x00,0x00,0x00,0x00,0x00,0x00,
  0x00,0x00,0x00,0x00,0x00,0x00,0x00,0x00,0x00,0x00,0x00,0x00,0x00,0x01,0x10,0x00,0x00,0x16,0xbd,0xff,0xda,0x50,0x00,0x00,
  0x00,0x00,0x00,0x00,0x3e,0x30,0x00,0x08,0xff,0xff,0xff,0xff,0xff,0xa3,0x00,0x00,0x00,0x00,0x08,0xff,0x30,0x03,0xdf,0xff,
  0xff,0xff,0xff,0xff,0xff,0xd8,0x41,0x01,0x49,0xef,0xff,0x30,0x4f,0xff,0xff,0xff,0xff,0xff,0xff,0xff,0xff,0xff,0xff,0xff,
  0xff,0xff,0x20,0x5f,0xff,0xe8,0x31,0x01,0x49,0xef,0xff,0xff,0xff,0xff,0xff,0xff,0xc2,0x00,0x5f,0xf7,0x00,0x00,0x00,0x00,
  0x04,0xaf,0xff,0xff,0xff,0xff,0xe7,0x00,0x00,0x5d,0x20,0x00,0x00,0x00,0x00,0x00,0x01,0x6a,0xdf,0xfd,0xa5,0x00,0x00,0x00,
  0x20,0x00,0x00,0x00,0x00,0x00,0x00,0x00,0x00,0x00,0x00,0x00,0x00,0x00,0x00,0x00,0x00,0x00,0x00,0x00,0x00,0x00,0x00,0x00,
  0x00,0x00,0x00,0x00,0x01,0x10,0x00,0x00,0x16,0xbd,0xff,0xda,0x50,0x00,0x00,0x00,0x00,0x00,0x00,0x3e,0x30,0x00,0x08,0xff,
  0xff,0xff,0xff,0xff,0x93,0x00,0x00,0x00,0x00,0x19,0xff,0x30,0x03,0xdf,0xff,0xff,0xff,0xff,0xff,0xff,0xd8,0x41,0x01,0x49,
  0xef,0xff,0x30,0x4f,0xff,0xff,0xff,0xff,0xff,0xff,0xff,0xff,0xff,0xff,0xff,0xff,0xff,0x20,0x5f,0xff,0xd8,0x31,0x01,0x49,
  0xef,0xff,0xff,0xff,0xff,0xff,0xff,0xc2,0x00,0x5f,0xe6,0x00,0x00,0x00,0x00,0x04,0xaf,0xff,0xff,0xff,0xff,0xe6,0x00,0x00,
  0x5c,0x10,0x00,0x00,0x00,0x00,0x00,0x01,0x6a,0xdf,0xfd,0xa5,0x00,0x00,0x00,0x10,0x00,0x00,0x00,0x00,0x00,0x00,0x00,0x00,
  0x00,0x00,0x00,0x00,0x00,0x00,0x00,0x00,0x00,0x00,0x00,0x00,0x00,0x00,0x00,0x00,0x00,0x95,0x00,0x00,0x00,0x00,0x00,0x00,
  0x00,0x00,0x00,0x00,0x00,0x00,0x00,0x06,0xff,0x80,0x00,0x00,0x00,0x00,0x00,0x00,0x00,0x00,0x00,0x00,0x00,0x00,0x3f,0xff,
  0xf3,0x00,0x00,0x00,0x00,0x00,0x00,0x00,0x00,0x00,0x00,0x00,0x01,0xef,0xff,0x70,0x00,0x00,0x00,0x00,0x00,0x00,0x00,0x00,
  0x00,0x00,0x00,0x0c,0xff,0xfa,0x00,0x00,0x00,0x00,0x00,0x00,0x00,0x00,0x00,0x00,0x00,0x00,0x9f,0xff,0xd0,0x00,0x00,0x00,
  0x00,0x00,0x00,0x00,0x00,0x00,0x00,0x00,0x05,0xff,0xff,0x20,0x00,0x00,0x00,0x5f,0xff,0xff,0xff,0xff,0xff,0xff,0xff,0xff,
  0xff,0xff,0xff,0xff,0xff,0x30,0x5f,0xff,0xff,0xff,0xff,0xff,0xff,0xff,0xff,0xff,0xff,0xff,0xff,0xff,0x30,0x5f,0xff,0xff,
  0xff,0xff,0xff,0xff,0xff,0xff,0xff,0xff,0xff,0xff,0xff,0x30,0x5f,0xff,0xff,0xff,0xff,0xff,0xff,0xff,0xff,0xff,0xff,0xff,
  0xff,0xff,0x30,0x00,0x00,0x00,0x00,0x00,0x00,0x03,0xff,0xff,0x50,0x00,0x00,0x00,0x00,0x00,0x00,0x00,0x00,0x00,0x00,0x00,
  0x1e,0xff,0xf7,0x00,0x00,0x00,0x00,0x00,0x00,0x00,0x00,0x00,0x00,0x00,0x00,0xcf,0xff,0xa0,0x00,0x00,0x00,0x00,0x00,0x00,
  0x00,0x00,0x00,0x00,0x00,0x0a,0xff,0xfc,0x00,0x00,0x00,0x00,0x00,0x00,0x00,0x00,0x00,0x00,0x00,0x00,0x8f,0xff,0xe1,0x00,
  0x00,0x00,0x00,0x00,0x00,0x00,0x5f,0xff,0xff,0xff,0xff,0xff,0xff,0xff,0xff,0xff,0xff,0xff,0xff,0xff,0x30,0x5f,0xff,0xff,
  0xff,0xff,0xff,0xff,0xff,0xff,0xff,0xff,0xff,0xff,0xff,0x30,0x5f,0xff,0xff,0xff,0xff,0xff,0xff,0xff,0xff,0xff,0xff,0xff,
  0xff,0xff,0x30,0x5f,0xff,0xff,0xff,0xff,0xff,0xff,0xff,0xff,0xff,0xff,0xff,0xff,0xff,0x30,0x00,0x00,0x00,0x4f,0xff,0xf3,
  0x00,0x00,0x00,0x00,0x00,0x00,0x00,0x00,0x00,0x00,0x00,0x02,0xff,0xff,0x60,0x00,0x00,0x00,0x00,0x00,0x00,0x00,0x00,0x00,
  0x00,0x00,0x0d,0xff,0xf9,0x00,0x00,0x00,0x00,0x00,0x00,0x00,0x00,0x00,0x00,0x00,0x00,0xaf,0xff,0xc0,0x00,0x00,0x00,0x00,
  0x00,0x00,0x00,0x00,0x00,0x00,0x00,0x06,0xff,0xfe,0x10,0x00,0x00,0x00,0x00,0x00,0x00,0x00,0x00,0x00,0x00,0x00,0x00,0xbf,
  0xf3,0x00,0x00,0x00,0x00,0x00,0x00,0x00,0x00,0x00,0x00,0x00,0x00,0x00,0x08,0x60,0x00,0x00,0x00,0x00,0x00,0x00,0x00,0x00,
  0x00,0x00,0x00,0x00,0x00,0x00,0x00,0x00,0x00,0x00,0x00,0x00,0x00,0x00,0x00,0x03,0x8c,0x30,0x00,0x00,0x00,0x00,0x00,0x00,
  0x00,0x00,0x00,0x00,0x01,0x6a,0xff,0xff,0x30,0x00,0x00,0x00,0x00,0x00,0x00,0x00,0x00,0x00,0x49,0xdf,0xff,0xff,0xff,0x30,
  0x00,0x00,0x00,0x00,0x00,0x00,0x00,0x27,0xbf,0xff,0xff,0xff,0xff,0xfe,0x20,0x00,0x00,0x00,0x00,0x00,0x15,0x9e,0xff,0xff,
  0xff,0xff,0xff,0xb7,0x20,0x00,0x00,0x00,0x00,0x03,0x7c,0xff,0xff,0xff,0xff,0xff,0xd9,0x40,0x00,0x00,0x00,0x00,0x01,0x5a,
  0xef,0xff,0xff,0xff,0xff,0xfb,0x62,0x00,0x00,0x00,0x00,0x00,0x18,0xcf,0xff,0xff,0xff,0xff,0xfd,0x94,0x00,0x00,0x00,0x00,
  0x00,0x00,0x00,0x5f,0xff,0xff,0xff,0xff,0xb6,0x20,0x00,0x00,0x00,0x00,0x00,0x00,0x00,0x00,0x5f,0xff,0xff,0xff,0x70,0x00,
  0x00,0x00,0x00,0x00,0x00,0x00,0x00,0x00,0x00,0x5f,0xff,0xff,0xff,0xfe,0xa6,0x10,0x00,0x00,0x00,0x00,0x00,0x00,0x00,0x00,
  0x18,0xcf,0xff,0xff,0xff,0xff,0xfd,0x84,0x00,0x00,0x00,0x00,0x00,0x00,0x00,0x00,0x01,0x5a,0xef,0xff,0xff,0xff,0xff,0xfb,
  0x72,0x00,0x00,0x00,0x00,0x00,0x00,0x00,0x00,0x03,0x7c,0xff,0xff,0xff,0xff,0xff,0xe9,0x50,0x00,0x00,0x00,0x00,0x00,0x00,
  0x00,0x00,0x05,0x9e,0xff,0xff,0xff,0xff,0xff,0xc7,0x30,0x00,0x00,0x00,0x00,0x00,0x00,0x00,0x00,0x27,0xbf,0xff,0xff,0xff,
  0xff,0xfe,0x20,0x00,0x00,0x00,0x00,0x00,0x00,0x00,0x00,0x00,0x49,0xdf,0xff,0xff,0xff,0x30,0x00,0x00,0x00,0x00,0x00,0x00,
  0x00,0x00,0x00,0x00,0x01,0x6a,0xff,0xff,0x30,0x00,0x00,0x00,0x00,0x00,0x00,0x00,0x00,0x00,0x00,0x00,0x00,0x03,0x8c,0x30,
  0x00,0x00,0x00,0x00,0x00,0x00,0x00,0x00,0x00,0x00,0x00,0x00,0x00,0x00,0x00,0x00,0x00,0x00,0x00,0x00,0x00,0x00,0x00,0x00,
  0x00,0x00,0x00,0x00,0x00,0x00,0x00,0x00,0x00,0x00,0x00,0x00,0x00,0x00,0x00,0x00,0x00,0x00,0x00,0x00,0x00,0x5f,0xff,0xff,
  0xff,0xff,0xff,0xff,0xff,0xff,0xff,0xff,0xff,0xff,0xff,0x30,0x5f,0xff,0xff,0xff,0xff,0xff,0xff,0xff,0xff,0xff,0xff,0xff,
  0xff,0xff,0x30,0x5f,0xff,0xff,0xff,0xff,0xff,0xff,0xff,0xff,0xff,0xff,0xff,0xff,0xff,0x30,0x5f,0xff,0xff,0xff,0xff,0xff,
  0xff,0xff,0xff,0xff,0xff,0xff,0xff,0xff,0x30,0x5c,0x73,0x00,0x00,0x00,0x00,0x00,0x00,0x00,0x00,0x00,0x00,0x00,0x00,0x00,
  0x5f,0xff,0xea,0x51,0x00,0x00,0x00,0x00,0x00,0x00,0x00,0x00,0x00,0x00,0x00,0x5f,0xff,0xff,0xff,0xc8,0x30,0x00,0x00,0x00,
  0x00,0x00,0x00,0x00,0x00,0x00,0x4e,0xff,0xff,0xff,0xff,0xff,0xa6,0x20,0x00,0x00,0x00,0x00,0x00,0x00,0x00,0x00,0x37,0xcf,
  0xff,0xff,0xff,0xff,0xfd,0x94,0x00,0x00,0x00,0x00,0x00,0x00,0x00,0x00,0x01,0x59,0xef,0xff,0xff,0xff,0xff,0xfb,0x72,0x00,
  0x00,0x00,0x00,0x00,0x00,0x00,0x00,0x02,0x7c,0xff,0xff,0xff,0xff,0xff,0xe9,0x51,0x00,0x00,0x00,0x00,0x00,0x00,0x00,0x00,
  0x05,0x9e,0xff,0xff,0xff,0xff,0xff,0xc7,0x10,0x00,0x00,0x00,0x00,0x00,0x00,0x00,0x00,0x27,0xbf,0xff,0xff,0xff,0xff,0x30,
  0x00,0x00,0x00,0x00,0x00,0x00,0x00,0x00,0x00,0x01,0x8f,0xff,0xff,0xff,0x30,0x00,0x00,0x00,0x00,0x00,0x00,0x00,0x00,0x26,
  0xbf,0xff,0xff,0xff,0xff,0x30,0x00,0x00,0x00,0x00,0x00,0x00,0x04,0x9d,0xff,0xff,0xff,0xff,0xff,0xc7,0x10,0x00,0x00,0x00,
  0x00,0x03,0x7c,0xff,0xff,0xff,0xff,0xff,0xe9,0x50,0x00,0x00,0x00,0x00,0x01,0x5a,0xef,0xff,0xff,0xff,0xff,0xfb,0x72,0x00,
  0x00,0x00,0x00,0x00,0x38,0xcf,0xff,0xff,0xff,0xff,0xfd,0x94,0x00,0x00,0x00,0x00,0x00,0x00,0x4f,0xff,0xff,0xff,0xff,0xff,
  0xa6,0x10,0x00,0x00,0x00,0x00,0x00,0x00,0x00,0x5f,0xff,0xff,0xff,0xc8,0x30,0x00,0x00,0x00,0x00,0x00,0x00,0x00,0x00,0x00,
  0x5f,0xff,0xea,0x51,0x00,0x00,0x00,0x00,0x00,0x00,0x00,0x00,0x00,0x00,0x00,0x5c,0x73,0x00,0x00,0x00,0x00,0x00,0x00,0x00,
  0x00,0x00,0x00,0x00,0x00,0x00,0x00,0x00,0x00,0x00,0x00,0x00,0x00,0x00,0x00,0x00,0x00,0x00,0x00,0x00,0x00,0x00,0x00,0x00,
  0x00,0x00,0x00,0x00,0x00,0x00,0x00,0x00,0x00,0x00,0x00,0x00,0x00,0x00,0x00,0x00,0x00,0x00,0x00,0x00,0x00,0x00,0x00,0x00,
  0x00,0x00,0x00,0x5f,0xff,0xff,0xff,0xff,0xff,0xff,0xff,0xff,0xff,0xff,0xff,0xff,0xff,0x30,0x5f,0xff,0xff,0xff,0xff,0xff,
  0xff,0xff,0xff,0xff,0xff,0xff,0xff,0xff,0x30,0x5f,0xff,0xff,0xff,0xff,0xff,0xff,0xff,0xff,0xff,0xff,0xff,0xff,0xff,0x30,
  0x5f,0xff,0xff,0xff,0xff,0xff,0xff,0xff,0xff,0xff,0xff,0xff,0xff,0xff,0x30,0x00,0x00,0x00,0x00,0x00,0x00,0x6f,0xff,0x30,
  0x00,0x00,0x00,0x00,0x00,0x00,0x00,0x00,0x00,0x00,0x00,0x00,0x6f,0xff,0x30,0x00,0x00,0x00,0x00,0x00,0x00,0x00,0x00,0x00,
  0x00,0x00,0x00,0x6f,0xff,0x30,0x00,0x00,0x00,0x00,0x00,0x00,0x00,0x00,0x00,0x00,0x00,0x00,0x6f,0xff,0x30,0x00,0x00,0x00,
  0x00,0x00,0x00,0x00,0x00,0x00,0x00,0x00,0x00,0x6f,0xff,0x30,0x00,0x00,0x00,0x00,0x00,0x00,0x00,0x00,0x00,0x00,0x00,0x00,
  0x6f,0xff,0x30,0x00,0x00,0x00,0x00,0x00,0x00,0x00,0x00,0x00,0x00,0x00,0x00,0x6f,0xff,0x30,0x00,0x00,0x00,0x00,0x00,0x00,
  0x00,0x00,0x00,0x00,0x00,0x00,0x6f,0xff,0x30,0x00,0x00,0x00,0x00,0x00,0x00,0x5f,0xff,0xff,0xff,0xff,0xff,0xff,0xff,0xff,
  0xff,0xff,0xff,0xff,0xff,0x30,0x5f,0xff,0xff,0xff,0xff,0xff,0xff,0xff,0xff,0xff,0xff,0xff,0xff,0xff,0x30,0x5f,0xff,0xff,
  0xff,0xff,0xff,0xff,0xff,0xff,0xff,0xff,0xff,0xff,0xff,0x30,0x5f,0xff,0xff,0xff,0xff,0xff,0xff,0xff,0xff,0xff,0xff,0xff,
  0xff,0xff,0x30,0x00,0x00,0x00,0x00,0x00,0x00,0x6f,0xff,0x30,0x00,0x00,0x00,0x00,0x00,0x00,0x00,0x00,0x00,0x00,0x00,0x00,
  0x6f,0xff,0x30,0x00,0x00,0x00,0x00,0x00,0x00,0x00,0x00,0x00,0x00,0x00,0x00,0x6f,0xff,0x30,0x00,0x00,0x00,0x00,0x00,0x00,
  0x00,0x00,0x00,0x00,0x00,0x00,0x6f,0xff,0x30,0x00,0x00,0x00,0x00,0x00,0x00,0x00,0x00,0x00,0x00,0x00,0x00,0x6f,0xff,0x30,
  0x00,0x00,0x00,0x00,0x00,0x00,0x00,0x00,0x00,0x00,0x00,0x00,0x6f,0xff,0x30,0x00,0x00,0x00,0x00,0x00,0x00,0x00,0x00,0x00,
  0x00,0x00,0x00,0x6f,0xff,0x30,0x00,0x00,0x00,0x00,0x00,0x00,0x00,0x00,0x00,0x00,0x00,0x00,0x6f,0xff,0x30,0x00,0x00,0x00,
  0x00,0x00,0x00,0x00,0x00,0x00,0x00,0x00,0x00,0x00,0x00,0x00,0x00,0x00,0x00,0x00,0x00,0x00,0x00,0x00,0x00,0x00,0x00,0x00,
  0x00,0x00,0x00,0x00,0x00,0x00,0x00,0x00,0x00,0x00,0x00,0x00,0x00,0x00,0x00,0x00,0x00,0x00,0x00,0x00,0x00,0x00,0x00,0x00,
  0x5f,0xff,0xff,0xff,0xff,0xff,0xff,0xff,0xff,0xff,0xff,0xff,0xff,0xff,0x30,0x5f,0xff,0xff,0xff,0xff,0xff,0xff,0xff,0xff,
  0xff,0xff,0xff,0xff,0xff,0x30,0x5f,0xff,0xff,0xff,0xff,0xff,0xff,0xff,0xff,0xff,0xff,0xff,0xff,0xff,0x30,0x5f,0xff,0xff,
  0xff,0xff,0xff,0xff,0xff,0xff,0xff,0xff,0xff,0xff,0xff,0x30,0x00,0x00,0x00,0x00,0x00,0x00,0x00,0x00,0x00,0x00,0x00,0x3f,
  0xff,0xf0,0x00,0x00,0x00,0x00,0x00,0x00,0x00,0x00,0x00,0x00,0x00,0x9f,0xff,0xf0,0x00,0x00,0x00,0x00,0x00,0x00,0x00,0x00,
  0x00,0x00,0x00,0xef,0x60,0x00,0x00,0x00,0x00,0x00,0x00,0x00,0x00,0x00,0x00,0x00,0x04,0xff,0x00,0x00,0x00,0x00,0x00,0x00,
  0x00,0x00,0x00,0x00,0x00,0x00,0x0a,0xfa,0x00,0x00,0x00,0x00,0x00,0x00,0x00,0x00,0x00,0x00,0x00,0x00,0x1f,0xf4,0x00,0x00,
  0x00,0x00,0x00,0x00,0x00,0x00,0x00,0x00,0x00,0x00,0x6f,0xe0,0x00,0x00,0x00,0x00,0x00,0x00,0x00,0x00,0x00,0x00,0x00,0x00,
  0xcf,0x80,0x00,0x00,0x00,0x00,0x00,0x00,0x00,0x00,0x00,0x00,0x00,0x02,0xff,0x30,0x00,0x00,0x00,0x00,0x00,0x00,0x00,0x00,
  0x00,0x00,0x00,0x08,0xfd,0x00,0x00,0x00,0x00,0x00,0x00,0x00,0x00,0x00,0x00,0x00,0x00,0x0d,0xf7,0x00,0x00,0x00,0x00,0x00,
  0x00,0x00,0x00,0x00,0x00,0x00,0x00,0x3f,0xf1,0x00,0x00,0x00,0x00,0x00,0x00,0x00,0x00,0x00,0x00,0x00,0x00,0x9f,0xb0,0x00,
  0x00,0x00,0x00,0x00,0x00,0x00,0x00,0x00,0x00,0x00,0x00,0xff,0x50,0x00,0x00,0x00,0x00,0x00,0x00,0x00,0x00,0x00,0x00,0x00,
  0x05,0xff,0x00,0x00,0x00,0x00,0x00,0x02,0x8d,0xa0,0x00,0x00,0x00,0x00,0x0b,0xfa,0x00,0x00,0x00,0x00,0x17,0xdf,0xff,0xf0,
  0x00,0x00,0x00,0x00,0x1f,0xf4,0x00,0x00,0x00,0x00,0x8f,0xfe,0xff,0xf5,0x00,0x00,0x00,0x00,0x7f,0xe0,0x00,0x00,0x00,0x00,
  0x27,0x12,0xff,0xfb,0x00,0x00,0x00,0x00,0xcf,0x80,0x00,0x00,0x00,0x00,0x00,0x00,0xdf,0xff,0x10,0x00,0x00,0x02,0xff,0x20,
  0x00,0x00,0x00,0x00,0x00,0x00,0x7f,0xff,0x60,0x00,0x00,0x08,0xfd,0x00,0x00,0x00,0x00,0x00,0x00,0x00,0x1f,0xff,0xc0,0x00,
  0x00,0x0e,0xf7,0x00,0x00,0x00,0x00,0x00,0x00,0x00,0x0c,0xff,0xf2,0x00,0x00,0x4f,0xf1,0x00,0x00,0x00,0x00,0x00,0x00,0x00,
  0x06,0xff,0xf7,0x00,0x00,0xaf,0xb0,0x00,0x00,0x00,0x00,0x00,0x00,0x00,0x01,0xff,0xfd,0x00,0x00,0xff,0x50,0x00,0x00,0x00,
  0x00,0x00,0x00,0x00,0x00,0xbf,0xff,0x30,0x06,0xff,0x00,0x00,0x00,0x00,0x00,0x00,0x00,0x00,0x00,0x5f,0xff,0x80,0x0b,0xfa,
  0x00,0x00,0x00,0x00,0x00,0x00,0x00,0x00,0x00,0x0f,0xff,0xe0,0x1f,0xf4,0x00,0x00,0x00,0x00,0x00,0x00,0x00,0x00,0x00,0x0a,
  0xff,0xf4,0x7f,0xe0,0x00,0x00,0x00,0x00,0x00,0x00,0x00,0x00,0x00,0x04,0xff,0xfa,0xdf,0x80,0x00,0x00,0x00,0x00,0x00,0x00,
  0x00,0x00,0x00,0x00,0xef,0xff,0xff,0x20,0x00,0x00,0x00,0x00,0x00,0x00,0x00,0x00,0x00,0x00,0x9f,0xff,0xfd,0x00,0x00,0x00,
  0x00,0x00,0x00,0x00,0x00,0x00,0x00,0x00,0x3f,0xff,0xf7,0x00,0x00,0x00,0x00,0x00,0x00,0x00,0x00,0x00,0x00,0x00,0x0d,0xff,
  0xf1,0x00,0x00,0x00,0x00,0x00,0x00,0x00,0x00,0x00,0x00,0x00,0x07,0xff,0xb0,0x00,0x00,0x00,0x00,0x00,0x00,0x00,0x00,0x00,
  0x00,0x00,0x02,0xff,0x50,0x00,0x00,0x00,0x00,0x00,0x00,0x00,0x00,0x00,0x00,0x00,0x00,0xcf,0x00,0x00,0x00,0x00,0x00,0x00,
  0x00,0x00,0x00,0x00,0x00,0x00,0x04,0xff,0xff,0x40,0x00,0x00,0x00,0x00,0x00,0x00,0x00,0x00,0x04,0xff,0xff,0x40,0x00,0x00,
  0x00,0x00,0x00,0x00,0x00,0x00,0x04,0xff,0xff,0x40,0x00,0x00,0x00,0x00,0x00,0x00,0x00,0x00,0x04,0xff,0xff,0x40,0x00,0x00,
  0x00,0x00,0x00,0x00,0x00,0x00,0x04,0xff,0xff,0x40,0x00,0x00,0x00,0x00,0x00,0x00,0x00,0x00,0x00,0x00,0x00,0x00,0x00,0x00,
  0x00,0x00,0x00,0x00,0x00,0x00,0x00,0x00,0x00,0x00,0x00,0x00,0x00,0x00,0x00,0x00,0x00,0x00,0x00,0x00,0x00,0x00,0x00,0x00,
  0x00,0x00,0x00,0x00,0x00,0x00,0x00,0x00,0x00,0x00,0x00,0x00,0x00,0x00,0x00,0x00,0x00,0x00,0x00,0x00,0x00,0x00,0x00,0x00,
  0x00,0x00,0x00,0x00,0x00,0x00,0x00,0x00,0x00,0x00,0x00,0x00,0x00,0x00,0x00,0x00,0x00,0x00,0x00,0x00,0x00,0x00,0x00,0x00,
  0x00,0x00,0x00,0x00,0x00,0x00,0x00,0x00,0x00,0x00,0x00,0x00,0x00,0x00,0x00,0x00,0x00,0x00,0x00,0x00,0x00,0x00,0x00,0x00,
  0x00,0x00,0x00,0x00,0x00,0x00,0x00,0x00,0x00,0x00,0x00,0x00,0x00,0x00,0x00,0x00,0x00,0x00,0x00,0x00,0x00,0x00,0x00,0x00,
  0x00,0x00,0x00,0x00,0x00,0x00,0x00,0x00,0x00,0x00,0x00,0x00,0x00,0x00,0x6f,0xff,0xf2,0x00,0x00,0x00,0x00,0x00,0x00,0x2f,
  0xff,0xf6,0x6f,0xff,0xf2,0x00,0x00,0x00,0x00,0x00,0x00,0x2f,0xff,0xf6,0x6f,0xff,0xf2,0x00,0x00,0x00,0x00,0x00,0x00,0x2f,
  0xff,0xf6,0x6f,0xff,0xf2,0x00,0x00,0x00,0x00,0x00,0x00,0x2f,0xff,0xf6,0x6f,0xff,0xf2,0x00,0x00,0x00,0x00,0x00,0x00,0x2f,
  0xff,0xf6,0x6f,0xff,0xf2,0x00,0x00,0x00,0x00,0x00,0x00,0x2f,0xff,0xf6,0x6f,0xff,0xf2,0x00,0x00,0x00,0x00,0x00,0x00,0x2f,
  0xff,0xf6,0x6f,0xff,0xf2,0x00,0x00,0x00,0x00,0x00,0x00,0x2f,0xff,0xf6,0x6f,0xff,0xf2,0x00,0x00,0x00,0x00,0x00,0x00,0x2f,
  0xff,0xf6,0x6f,0xff,0xf2,0x00,0x00,0x00,0x00,0x00,0x00,0x2f,0xff,0xf6,0x00,0x00,0x00,0x00,0x00,0x00,0x00,0x00,0x00,0x00,
  0x00,0x00,0x00,0x00,0x00,0x00,0x00,0x00,0x00,0x00,0x00,0x00,0x00,0x00,0x00,0x00,0x00,0x00,0x00,0x00,0x00,0x00,0x00,0x00,
  0x00,0x00,0x00,0x00,0x00,0x00,0x00,0x00,0x00,0x00,0x00,0x00,0x00,0x00,0x00,0x00,0x00,0x00,0x00,0x00,0x00,0x00,0x00,0x00,
  0x00,0x00,0x00,0x00,0x00,0x00,0x00,0x00,0x00,0x00,0x00,0x00,0x00,0x00,0x00,0x00,0x00,0x00,0x00,0x00,0x00,0x00,0x00,0x00,
  0x00,0x00,0x00,0x00,0x00,0x00,0x00,0x00,0x00,0x00,0x00,0x00,0x00,0x00,0x00,0x00,0x00,0x00,0x00,0x00,0x00,0x00,0x00,0x00,
  0x00,0x00,0x00,0x00,0x00,0x00,0x00,0x00,0x00,0x00,0x00,0x00,0x00,0x00,0x00,0x00,0x00,0x00,0x00,0x00,0x00,0x00,0x00,0x00,
  0x00,0x00,0x00,0x00,0x00,0x00,0x00,0x00,0x00,0x00,0x00,0x00,0x00,0x00,0x00,0x00,0x00,0x00,0x04,0xff,0xff,0x40,0x00,0x00,
  0x00,0x00,0x00,0x00,0x00,0x00,0x04,0xff,0xff,0x40,0x00,0x00,0x00,0x00,0x00,0x00,0x00,0x00,0x04,0xff,0xff,0x40,0x00,0x00,
  0x00,0x00,0x00,0x00,0x00,0x00,0x04,0xff,0xff,0x40,0x00,0x00,0x00,0x00,0x00,0x00,0x00,0x00,0x04,0xff,0xff,0x40,0x00,0x00,
  0x00,0x00,0x00,0x00,0x00,0x00,0x00,0x11,0x00,0x00,0x00,0x00,0x00,0xee,0x00,0x00,0x00,0x00,0x00,0xef,0x00,0x00,0x00,0x00,
  0x00,0xef,0x00,0x00,0x00,0x00,0x00,0xef,0x00,0x00,0x00,0x00,0x00,0xef,0x00,0x00,0x00,0x00,0x00,0xef,0x00,0x00,0x00,0x00,
  0x00,0xef,0x00,0x00,0x00,0x00,0x00,0xef,0x00,0x00,0x00,0x00,0x00,0xef,0x00,0x00,0x00,0x00,0x00,0xef,0x00,0x00,0x00,0x00,
  0x00,0xef,0x00,0x00,0x00,0x00,0x00,0xef,0x00,0x00,0x00,0x00,0x00,0xef,0x00,0x00,0x00,0x00,0x00,0xef,0x00,0x00,0x00,0x00,
  0x00,0xef,0x00,0x00,0x00,0x00,0x00,0xef,0x00,0x00,0x00,0x00,0x00,0xef,0x00,0x00,0x00,0x00,0x00,0xef,0x00,0x00,0x00,0x00,
  0x00,0xef,0x00,0x00,0x00,0x00,0x00,0xef,0x00,0x00,0x00,0x00,0x00,0xef,0x00,0x00,0x00,0x00,0x00,0xef,0x00,0x00,0x00,0x00,
  0x00,0xef,0x00,0x00,0x00,0x00,0x00,0xef,0x00,0x00,0x00,0x00,0x00,0xef,0x00,0x04,0x8a,0xa8,0x20,0xef,0x04,0xef,0xff,0xff,
  0xfa,0xff,0x1f,0xff,0xff,0xff,0xff,0xfe,0x4f,0xff,0xff,0xff,0xff,0xfd,0x2f,0xff,0xff,0xff,0xff,0xf8,0x0a,0xff,0xff,0xff,
  0xff,0xc0,0x00,0x8e,0xff,0xff,0xe7,0x00,0x00,0x00,0x12,0x32,0x00,0x00,0x00,0x00,0x00,0x00,0x00,0x00,0x00,0x00,0x00,0x00,
  0x00,0x00,0x00,0x00,0x00,0x00,0xbc,0x72,0x00,0x00,0x00,0x00,0x00,0x00,0x00,0x00,0x00,0x00,0xbf,0xff,0xe9,0x40,0x00,0x00,
  0x00,0x00,0x00,0x00,0x00,0x00,0xbf,0xff,0xff,0xff,0xb6,0x20,0x00,0x00,0x00,0x00,0x00,0x00,0xbf,0xff,0xff,0xff,0xff,0xfd,
  0x84,0x00,0x00,0x00,0x00,0x00,0xbf,0xff,0xff,0xff,0xff,0xff,0xff,0xf4,0x00,0x00,0x00,0x00,0xbf,0x37,0xcf,0xff,0xff,0xff,
  0xff,0xf5,0x00,0x00,0x00,0x00,0xbf,0x00,0x01,0x6b,0xff,0xff,0xff,0xf5,0x00,0x00,0x00,0x00,0xbf,0x00,0x00,0x00,0x05,0xaf,
  0xff,0xf5,0x00,0x00,0x00,0x00,0xbf,0x00,0x00,0x00,0x00,0x00,0x4a,0xf5,0x00,0x00,0x00,0x00,0xbf,0x00,0x00,0x00,0x00,0x00,
  0x04,0xf5,0x00,0x00,0x00,0x00,0xbf,0x00,0x00,0x00,0x00,0x00,0x04,0xf5,0x00,0x00,0x00,0x00,0xbf,0x00,0x00,0x00,0x00,0x00,
  0x04,0xf5,0x00,0x00,0x00,0x00,0xbf,0x00,0x00,0x00,0x00,0x00,0x04,0xf5,0x00,0x00,0x00,0x00,0xbf,0x00,0x00,0x00,0x00,0x00,
  0x04,0xf5,0x00,0x00,0x00,0x00,0xbf,0x00,0x00,0x00,0x00,0x00,0x04,0xf5,0x00,0x00,0x00,0x00,0xbf,0x00,0x00,0x00,0x00,0x00,
  0x04,0xf5,0x00,0x00,0x00,0x00,0xbf,0x00,0x00,0x00,0x00,0x00,0x04,0xf5,0x00,0x00,0x00,0x00,0xbf,0x00,0x00,0x00,0x00,0x00,
  0x04,0xf5,0x00,0x00,0x00,0x00,0xbf,0x00,0x00,0x00,0x00,0x00,0x04,0xf5,0x00,0x00,0x00,0x00,0xbf,0x00,0x00,0x00,0x00,0x00,
  0x04,0xf5,0x00,0x00,0x00,0x00,0xbf,0x00,0x00,0x00,0x00,0x00,0x04,0xf5,0x00,0x00,0x00,0x00,0xbf,0x00,0x00,0x00,0x00,0x00,
  0x04,0xf5,0x00,0x00,0x00,0x00,0xbf,0x00,0x00,0x00,0x00,0x00,0x04,0xf5,0x00,0x00,0x00,0x00,0xbf,0x00,0x00,0x00,0x00,0x00,
  0x04,0xf5,0x00,0x00,0x00,0x00,0xbf,0x00,0x00,0x00,0x00,0x00,0x04,0xf5,0x00,0x59,0xcb,0x60,0xbf,0x00,0x00,0x00,0x00,0x00,
  0x04,0xf5,0x1c,0xff,0xff,0xfd,0xdf,0x00,0x00,0x00,0x00,0x00,0x04,0xf5,0xaf,0xff,0xff,0xff,0xfe,0x00,0x00,0x00,0x00,0x00,
  0x04,0xf5,0xef,0xff,0xff,0xff,0xfd,0x00,0x00,0x00,0x00,0x00,0x04,0xf5,0xdf,0xff,0xff,0xff,0xf8,0x00,0x00,0x00,0x14,0x52,
  0x04,0xf5,0x7f,0xff,0xff,0xff,0xd1,0x00,0x00,0x4d,0xff,0xff,0xc8,0xf5,0x06,0xdf,0xff,0xf9,0x10,0x00,0x02,0xff,0xff,0xff,
  0xff,0xf5,0x00,0x00,0x11,0x00,0x00,0x00,0x07,0xff,0xff,0xff,0xff,0xf5,0x00,0x00,0x00,0x00,0x00,0x00,0x07,0xff,0xff,0xff,
  0xff,0xf2,0x00,0x00,0x00,0x00,0x00,0x00,0x03,0xff,0xff,0xff,0xff,0xa0,0x00,0x00,0x00,0x00,0x00,0x00,0x00,0x7f,0xff,0xff,
  0xf9,0x00,0x00,0x00,0x00,0x00,0x00,0x00,0x00,0x01,0x57,0x76,0x10,0x00,0x00,0x00,0x00,0x00,0x00,0x00,0x00,0x00,0x00,0x00,
  0x00,0x00,0x4f,0xff,0xfe,0xca,0x73,0x00,0x00,0x00,0x00,0x00,0x00,0x00,0x00,0x00,0x00,0x00,0x00,0x00,0x00,0x08,0xbe,0xff,
  0xff,0xff,0xd6,0x00,0x00,0x00,0x00,0x00,0x00,0x00,0x00,0x00,0x00,0x00,0x00,0x00,0x00,0x00,0x5f,0xff,0xff,0xff,0xa0,0x00,
  0x00,0x00,0x00,0x00,0x00,0x00,0x00,0x00,0x00,0x00,0x00,0x00,0x00,0x0d,0xff,0xff,0xa9,0x70,0x00,0x00,0x00,0x00,0x00,0x00,
  0x00,0x00,0x00,0x00,0x00,0x00,0x00,0x00,0x7f,0xff,0xf6,0x00,0x00,0x00,0x00,0x00,0x00,0x00,0x00,0x00,0x00,0x00,0x00,0x00,
  0x00,0x00,0x08,0xff,0xff,0x60,0x00,0x00,0x00,0x00,0x00,0x00,0x00,0x00,0x00,0x00,0x00,0x00,0x00,0x00,0x00,0x9f,0xff,0xf6,
  0x00,0x00,0x00,0x00,0x00,0x00,0x00,0x00,0x00,0x00,0x00,0x00,0x00,0x00,0x00,0x0a,0xff,0xff,0x60,0x00,0x00,0x00,0x00,0x00,
  0x00,0x00,0x00,0x00,0x00,0x00,0x00,0x00,0x00,0x00,0xaf,0xff,0xf5,0x00,0x00,0x00,0x00,0x00,0x00,0x00,0x00,0x00,0x00,0x00,
  0x00,0x00,0x00,0x00,0x0a,0xff,0xff,0x40,0x00,0x00,0x00,0x00,0x00,0x00,0x00,0x00,0x00,0x00,0x00,0x00,0x00,0x00,0x00,0xaf,
  0xff,0xf4,0x00,0x00,0x00,0x00,0x00,0x00,0x00,0x00,0x00,0x36,0x00,0x00,0x00,0x00,0x00,0x08,0xff,0xff,0x40,0x00,0x00,0x00,
  0x00,0x00,0x00,0x00,0x00,0x00,0x3c,0xf9,0x30,0x00,0x00,0x00,0x6f,0xff,0xf5,0x00,0x00,0x00,0x00,0x00,0x00,0x00,0x00,0x00,
  0x00,0x00,0x7f,0xfc,0x30,0x00,0x05,0xff,0xff,0x60,0x00,0x00,0x00,0x00,0x00,0x00,0x00,0x00,0x00,0x00,0x00,0x02,0xdf,0xfb,
  0x20,0x2f,0xff,0xf8,0x00,0x00,0x00,0x00,0x00,0x00,0x00,0x00,0x00,0x00,0x00,0x00,0x00,0x09,0xff,0xf9,0xef,0xff,0xa0,0x00,
  0x00,0x00,0x00,0x00,0x00,0x00,0x00,0x00,0x00,0x00,0x00,0x00,0x00,0x7f,0xff,0xff,0xfc,0x00,0x00,0x00,0x00,0x00,0x00,0x00,
  0x00,0x00,0x00,0x00,0x00,0x00,0x00,0x00,0x05,0xff,0xff,0xf1,0x00,0x00,0x00,0x00,0x00,0x00,0x00,0x00,0x00,0x00,0x00,0x00,
  0x00,0x00,0x00,0x03,0xff,0xff,0xf7,0x00,0x00,0x00,0x00,0x00,0x00,0x00,0x00,0x00,0x00,0x00,0x00,0x00,0x00,0x00,0x0d,0xff,
  0xff,0xff,0x90,0x00,0x00,0x00,0x00,0x00,0x00,0x00,0x00,0x00,0x00,0x00,0x00,0x00,0x00,0x9f,0xff,0xff,0xff,0xfb,0x00,0x00,
  0x00,0x00,0x00,0x00,0x00,0x00,0x00,0x00,0x00,0x00,0x00,0x03,0xff,0xfe,0x15,0xff,0xff,0xa0,0x00,0x00,0x00,0x00,0x00,0x00,
  0x00,0x00,0x00,0x00,0x00,0x00,0x0c,0xff,0xf5,0x00,0x6f,0xff,0xfa,0x00,0x00,0x00,0x00,0x00,0x00,0x00,0x00,0x00,0x00,0x00,
  0x00,0x7f,0xff,0xa0,0x00,0x09,0xff,0xff,0x80,0x00,0x00,0x00,0x00,0x00,0x00,0x00,0x00,0x00,0x00,0x01,0xef,0xfe,0x10,0x00,
  0x00,0xcf,0xff,0xf6,0x00,0x00,0x00,0x00,0x00,0x00,0x00,0x00,0x00,0x00,0x09,0xff,0xf5,0x00,0x00,0x00,0x2f,0xff,0xff,0x30,
  0x00,0x00,0x00,0x00,0x00,0x00,0x00,0x00,0x00,0x2f,0xff,0xb0,0x00,0x00,0x00,0x09,0xff,0xff,0xd0,0x00,0x00,0x00,0x00,0x00,
  0x00,0x00,0x00,0x00,0xaf,0xff,0x20,0x00,0x00,0x00,0x02,0xff,0xff,0xf6,0x00,0x00,0x00,0x00,0x00,0x00,0x00,0x00,0x02,0xff,
  0xf9,0x00,0x00,0x00,0x00,0x00,0xaf,0xff,0xfd,0x00,0x00,0x00,0x00,0x3b,0x00,0x00,0x00,0x09,0xff,0xe1,0x00,0x00,0x00,0x00,
  0x00,0x4f,0xff,0xff,0x00,0x00,0x00,0x00,0x0e,0xb0,0x00,0x00,0x2f,0xff,0x70,0x00,0x00,0x00,0x00,0x00,0x0e,0xff,0xff,0x00,
  0x00,0x00,0x00,0x05,0xfb,0x00,0x00,0xbf,0xfe,0x00,0x00,0x00,0x00,0x00,0x00,0x08,0xff,0xff,0x00,0x00,0x00,0x00,0x00,0xbf,
  0x90,0x09,0xff,0xf6,0x00,0x00,0x00,0x00,0x00,0x00,0x01,0xef,0xfb,0x00,0x00,0x00,0x00,0x00,0x3f,0xfd,0xef,0xff,0xe0,0x00,
  0x00,0x00,0x00,0x00,0x00,0x00,0x28,0x92,0x00,0x00,0x00,0x00,0x00,0x0b,0xff,0xff,0xff,0x60,0x00,0x00,0x00,0x00,0x00,0x00,
  0x00,0x00,0x00,0x00,0x00,0x00,0x00,0x00,0x04,0xff,0xff,0xff,0x00,0x00,0x00,0x00,0x00,0x00,0x00,0x00,0x00,0x00,0x00,0x00,
  0x00,0x00,0x00,0x00,0xff,0xff,0xf9,0x00,0x00,0x00,0x00,0x00,0x00,0x00,0x00,0x00,0x00,0x00,0x00,0x00,0x00,0x00,0x00,0xef,
  0xff,0xf2,0x00,0x00,0x00,0x00,0x00,0x00,0x00,0x00,0x00,0x00,0x00,0x00,0x00,0x00,0x00,0x01,0xff,0xff,0xa0,0x00,0x00,0x00,
  0x00,0x00,0x00,0x00,0x00,0x00,0x00,0x00,0x00,0x00,0x00,0x00,0x03,0xff,0xff,0x20,0x00,0x00,0x00,0x00,0x00,0x00,0x00,0x00,
  0x00,0x00,0x00,0x00,0x00,0x00,0x00,0x00,0xef,0xf5,0x00,0x00,0x00,0x00,0x00,0x00,0x00,0x00,0x00,0x00,0x00,0x00,0x00,0x00,
  0x00,0x00,0x00,0x03,0x10,0x00,0x00,0x00,0x00,0x00,0x00,0x00,0x00,0x00,0x00,0x00,0x00,0x00,0x00,0x00,0x00,0x01,0x7c,0xef,
  0xec,0x70,0x00,0x00,0x00,0x4e,0xff,0xff,0xff,0xfe,0x30,0x00,0x02,0xff,0xf7,0x10,0x27,0xff,0xf2,0x00,0x0b,0xff,0x30,0x00,
  0x00,0x4f,0xfb,0x00,0x1f,0xf9,0x00,0x00,0x00,0x0a,0xff,0x10,0x5f,0xf4,0x00,0x00,0x00,0x05,0xff,0x50,0x6f,0xf2,0x00,0x00,
  0x00,0x03,0xff,0x60,0x6f,0xf2,0x00,0x00,0x00,0x03,0xff,0x60,0x5f,0xf4,0x00,0x00,0x00,0x05,0xff,0x50,0x1f,0xf9,0x00,0x00,
  0x00,0x0a,0xff,0x10,0x0b,0xff,0x30,0x00,0x00,0x4f,0xfb,0x00,0x02,0xff,0xf7,0x10,0x17,0xff,0xf2,0x00,0x00,0x4e,0xff,0xff,
  0xff,0xfe,0x30,0x00,0x00,0x01,0x7c,0xef,0xec,0x70,0x00,0x00,0x00,0x00,0x00,0x11,0x00,0x00,0x00,0x00,0x00,0x02,0x9e,0xff,
  0xfe,0x92,0x00,0x00,0x00,0x5f,0xff,0xdb,0xdf,0xff,0x50,0x00,0x03,0xff,0xd3,0x00,0x03,0xdf,0xf3,0x00,0x0c,0xff,0x20,0x00,
  0x00,0x2f,0xfc,0x00,0x2f,0xf8,0x00,0x00,0x00,0x09,0xff,0x10,0x5f,0xf4,0x00,0x00,0x00,0x05,0xff,0x50,0x6e,0xe2,0x00,0x00,
  0x00,0x03,0xee,0x60,0x8d,0xb0,0x00,0x00,0x00,0x5d,0xd0,0xaf,0xd0,0x00,0x00,0x00,0x7f,0xf1,0xaf,0xd0,0x00,0x00,0x00,0x7f,
  0xf1,0xaf,0xd0,0x00,0x00,0x00,0x7f,0xf1,0xaf,0xd0,0x00,0x00,0x00,0x7f,0xf1,0xaf,0xd0,0x00,0x00,0x00,0x7f,0xf1,0xaf,0xd0,
  0x00,0x00,0x00,0x7f,0xf1,0xaf,0xd0,0x00,0x00,0x00,0x7f,0xf1,0xaf,0xe0,0x00,0x00,0x00,0x8f,0xf1,0x8f,0xf0,0x00,0x00,0x00,
  0xbf,0xf1,0x5f,0xf5,0x00,0x00,0x04,0xff,0xf1,0x0e,0xfe,0x50,0x01,0x7f,0xef,0xf1,0x04,0xff,0xff,0xff,0xfa,0x7f,0xf1,0x00,
  0x2a,0xef,0xeb,0x50,0x4a,0xa0,0x0c,0xd8,0x00,0x00,0x00,0x00,0x3d,0xd5,0x0a,0xff,0x00,0x00,0x00,0x00,0x9f,0xf0,0x03,0xff,
  0x60,0x00,0x00,0x01,0xff,0x90,0x00,0xcf,0xd0,0x00,0x00,0x07,0xff,0x20,0x00,0x5f,0xf4,0x00,0x00,0x0d,0xfc,0x00,0x00,0x0e,
  0xfb,0x00,0x00,0x4f,0xf5,0x00,0x00,0x08,0xff,0x10,0x00,0xbf,0xe0,0x00,0x00,0x01,0xff,0x80,0x02,0xff,0x70,0x00,0x00,0x00,
  0xaf,0xe0,0x08,0xff,0x10,0x00,0x00,0x00,0x3f,0xf5,0x0e,0xfa,0x00,0x00,0x00,0x00,0x0d,0xfc,0x6f,0xf3,0x00,0x00,0x00,0x00,
  0x06,0xff,0xef,0xc0,0x00,0x00,0x00,0x00,0x00,0xef,0xff,0x60,0x00,0x00,0x00,0x00,0x00,0x6a,0xaa,0x00,0x00,0x00,0x57,0x70,
  0x00,0x00,0x00,0x00,0x00,0x00,0x00,0x00,0x00,0x57,0x70,0xbf,0xf0,0x00,0x00,0x00,0x00,0x00,0x00,0x00,0x00,0x00,0xbf,0xf0,
  0xbf,0xf0,0x00,0x00,0x00,0x00,0x00,0x00,0x00,0x00,0x00,0xbf,0xf0,0xbf,0xf0,0x00,0x00,0x00,0x00,0x00,0x00,0x00,0x00,0x00,
  0xbf,0xf0,0xbf,0xf0,0x00,0x00,0x00,0x00,0x00,0x00,0x00,0x00,0x00,0xbf,0xf0,0xbf,0xf0,0x00,0x00,0x00,0x00,0x00,0x00,0x00,
  0x00,0x00,0xbf,0xf0,0xbf,0xf0,0x00,0x00,0x00,0x00,0x00,0x00,0x00,0x00,0x00,0xbf,0xf0,0xbf,0xf0,0x00,0x00,0x00,0x00,0x00,
  0x00,0x00,0x00,0x00,0xbf,0xf0,0x8b,0xb3,0x32,0x00,0x00,0x00,0x00,0x00,0x00,0x01,0x33,0x9b,0xb0,0x00,0x0f,0xfb,0x00,0x00,
  0x00,0x00,0x00,0x00,0x07,0xff,0x30,0x00,0x00,0x0f,0xfb,0x00,0x00,0x00,0x00,0x00,0x00,0x07,0xff,0x30,0x00,0x00,0x07,0x77,
  0x77,0x77,0x77,0x77,0x77,0x77,0x77,0x77,0x10,0x00,0x00,0x00,0x03,0xff,0xff,0xff,0xff,0xff,0xff,0xf7,0x00,0x00,0x00,0x00,
  0x00,0x03,0xff,0xff,0xff,0xff,0xff,0xff,0xf7,0x00,0x00,0x00,0x00,0x00,0x00,0x33,0x33,0x33,0x33,0x33,0x33,0x31,0x00,0x00,
  0x00,0x00,0x00,0x00,0x00,0x00,0x00,0x00,0x00,0x00,0x00,0x00,0x00,0x00,0x00,0x00,0x00,0x00,0x00,0x00,0x00,0x00,0x00,0x00,
  0x00,0x00,0x00,0xbf,0xf0,0x00,0x00,0x00,0x0b,0xff,0x00,0x00,0x00,0x00,0xbf,0xf0,0xbf,0xf0,0x00,0x00,0x00,0x0b,0xff,0x00,
  0x00,0x00,0x00,0xbf,0xf0,0xbf,0xf0,0x00,0x00,0x00,0x0b,0xff,0x00,0x00,0x00,0x00,0xbf,0xf0,0xbf,0xf0,0x00,0x00,0x00,0x0b,
  0xff,0x00,0x00,0x00,0x00,0xbf,0xf0,0xbf,0xf0,0x00,0x00,0x00,0x0b,0xff,0x00,0x00,0x00,0x00,0xbf,0xf0,0xbf,0xf0,0x00,0x00,
  0x00,0x0b,0xff,0x00,0x00,0x00,0x00,0xbf,0xf0,0xbf,0xf0,0x00,0x00,0x00,0x0b,0xff,0x00,0x00,0x00,0x00,0xbf,0xf0,0xbf,0xf0,
  0x00,0x00,0x00,0x0b,0xff,0x00,0x00,0x00,0x00,0xbf,0xf0,0xbf,0xf0,0x00,0x00,0x00,0x0b,0xff,0x00,0x00,0x00,0x00,0xbf,0xf0,
  0xbf,0xf0,0x00,0x00,0x00,0x0b,0xff,0x00,0x00,0x00,0x00,0xbf,0xf0,0xbf,0xf0,0x00,0x00,0x00,0x0b,0xff,0x00,0x00,0x00,0x00,
  0xbf,0xf0,0xb5,0x00,0x00,0x00,0x00,0x00,0x00,0x00,0x00,0x00,0x00,0x00,0x00,0x00,0x00,0x00,0x00,0x00,0x02,0xa4,0xef,0xd6,
  0x00,0x00,0x00,0x00,0x00,0x00,0x00,0x00,0x00,0x00,0x00,0x00,0x00,0x00,0x00,0x04,0xbf,0xf4,0xef,0xff,0xf9,0x40,0x00,0x00,
  0x00,0x00,0x00,0x00,0x00,0x00,0x00,0x00,0x00,0x00,0x28,0xdf,0xff,0xf4,0x3a,0xff,0xff,0xfe,0x95,0x10,0x00,0x00,0x00,0x00,
  0x00,0x00,0x00,0x00,0x04,0x8d,0xff,0xff,0xfd,0x50,0x00,0x28,0xef,0xff,0xff,0xfd,0xa8,0x53,0x21,0x00,0x00,0x13,0x47,0x9c,
  0xff,0xff,0xff,0xfb,0x40,0x00,0x00,0x00,0x05,0xbf,0xff,0xff,0xff,0xff,0xff,0xff,0xff,0xff,0xff,0xff,0xff,0xff,0xc7,0x10,
  0x00,0x00,0x00,0x00,0x00,0x00,0x59,0xef,0xff,0xff,0xff,0xff,0xff,0xff,0xff,0xff,0xeb,0x62,0x00,0x00,0x00,0x00,0x00,0x00,
  0x00,0x00,0x00,0x01,0x57,0xac,0xde,0xff,0xff,0xec,0xa8,0x52,0x00,0x00,0x00,0x00,0x00,0x00,0x00,0x00,0x00,0x00,0x00,0x00,
  0x00,0x47,0x60,0x00,0x00,0x00,0x00,0x00,0x00,0x00,0xaf,0xd0,0x00,0x00,0x00,0x00,0x00,0x00,0x00,0xbf,0xc0,0x00,0x00,0x00,
  0x00,0x00,0x00,0x00,0xef,0xa0,0x00,0x00,0x00,0x00,0x00,0x00,0x01,0xff,0x70,0x00,0x00,0x00,0x00,0x00,0x00,0x06,0xff,0x30,
  0x00,0x00,0x00,0x00,0x00,0x00,0x0c,0xfe,0x00,0x00,0x00,0x00,0x00,0x00,0x00,0x4f,0xf8,0x00,0x00,0x00,0x00,0x00,0x00,0x00,
  0xdf,0xf1,0x00,0x00,0x00,0x00,0x00,0x00,0x0a,0xff,0x70,0x00,0x00,0x00,0x00,0x00,0x00,0x8f,0xfc,0x00,0x00,0x00,0x00,0x00,
  0x00,0x0a,0xff,0xd1,0x00,0x00,0x00,0x00,0x00,0x04,0xdf,0xfd,0x20,0x00,0x00,0x00,0x00,0x03,0xbf,0xff,0xc1,0x00,0x00,0x00,
  0x01,0x47,0xdf,0xff,0xf7,0x00,0x00,0x00,0x00,0xef,0xff,0xff,0xf9,0x10,0x00,0x00,0x00,0x00,0xef,0xff,0xd7,0x10,0x00,0x00,
  0x00,0x00,0x00,0x66,0x41,0x00,0x00,0x00,0x00,0x00,0x00,0x00,0x67,0x40,0x00,0x00,0x00,0x00,0x00,0x00,0x00,0xdf,0xb0,0x00,
  0x00,0x00,0x00,0x00,0x00,0x00,0xcf,0xc0,0x00,0x00,0x00,0x00,0x00,0x00,0x00,0xaf,0xe0,0x00,0x00,0x00,0x00,0x00,0x00,0x00,
  0x7f,0xf1,0x00,0x00,0x00,0x00,0x00,0x00,0x00,0x3f,0xf6,0x00,0x00,0x00,0x00,0x00,0x00,0x00,0x0e,0xfc,0x00,0x00,0x00,0x00,
  0x00,0x00,0x00,0x08,0xff,0x40,0x00,0x00,0x00,0x00,0x00,0x00,0x01,0xff,0xd0,0x00,0x00,0x00,0x00,0x00,0x00,0x00,0x7f,0xfa,
  0x00,0x00,0x00,0x00,0x00,0x00,0x00,0x0c,0xff,0x90,0x00,0x00,0x00,0x00,0x00,0x00,0x01,0xdf,0xfa,0x00,0x00,0x00,0x00,0x00,
  0x00,0x00,0x1d,0xff,0xd4,0x00,0x00,0x00,0x00,0x00,0x00,0x01,0xbf,0xff,0xb3,0x00,0x00,0x00,0x00,0x00,0x00,0x06,0xff,0xff,
  0xd8,0x41,0x00,0x00,0x00,0x00,0x00,0x19,0xff,0xff,0xff,0xe0,0x00,0x00,0x00,0x00,0x00,0x17,0xdf,0xff,0xe0,0x00,0x00,0x00,
  0x00,0x00,0x00,0x01,0x46,0x70,0x00,0x00,0x00,0x00,0x00,0x00,0x0a,0xff,0xfb,0x00,0x00,0x00,0x00,0x00,0x00,0x00,0x00,0x00,
  0x00,0x00,0x0a,0xff,0xfb,0x00,0x00,0x00,0x00,0x00,0x00,0x00,0x00,0x00,0x00,0x00,0x0a,0xff,0xfb,0x00,0x00,0x00,0x00,0x00,
  0x00,0x00,0x00,0x00,0x00,0x00,0x0a,0xff,0xfb,0x00,0x00,0x00,0x00,0x00,0x00,0x00,0x00,0x00,0x00,0x00,0x00,0x00,0x00,0x00,
  0x00,0x00,0x00,0x00,0x00,0x00,0x00,0x00,0x00,0x00,0x00,0x00,0x00,0x00,0x00,0x00,0x00,0x00,0x00,0x00,0x00,0x00,0x00,0x00,
  0x00,0x00,0x00,0x00,0x00,0x00,0x00,0x00,0x00,0x5f,0xff,0xf0,0x00,0x00,0x00,0x00,0x00,0x00,0x00,0x00,0x00,0x00,0x00,0x5f,
  0xff,0xf0,0x00,0x00,0x00,0x00,0x00,0x00,0x00,0x00,0x00,0x77,0x00,0x5f,0xff,0xf0,0x00,0x00,0x00,0x00,0x00,0x00,0x00,0x00,
  0x7e,0xf8,0x00,0x5f,0xff,0xf0,0x00,0x00,0x00,0x00,0x00,0x00,0x00,0x7e,0xff,0xf8,0x00,0x00,0x00,0x00,0x00,0x00,0x00,0x00,
  0x00,0x00,0x7e,0xff,0xff,0xf8,0x00,0x00,0x00,0x00,0x00,0x00,0x00,0x00,0x00,0x7e,0xff,0xff,0xff,0xf8,0x00,0x00,0x00,0x00,
  0x00,0x00,0x00,0x00,0x7e,0xff,0xff,0xff,0xff,0xf8,0x00,0x00,0x00,0x00,0x00,0x00,0x00,0x7e,0xff,0xff,0xff,0x93,0xff,0xf8,
  0x00,0x00,0x00,0x00,0x00,0x00,0x7e,0xff,0xff,0xff,0x91,0x02,0xff,0xf8,0x00,0x00,0x00,0x00,0x00,0x6e,0xff,0xff,0xff,0x92,
  0x00,0x02,0xff,0xf8,0x00,0x00,0x00,0x00,0x6e,0xff,0xff,0xff,0x92,0x00,0x00,0x02,0xff,0xf8,0x00,0x00,0x00,0x6e,0xff,0xff,
  0xff,0xa2,0x00,0x00,0x00,0x02,0xff,0xf8,0x00,0x00,0x6e,0xff,0xff,0xff,0xa2,0x00,0x00,0x00,0x00,0x02,0xff,0xf8,0x00,0x6e,
  0xff,0xff,0xff,0xa2,0x00,0x00,0x00,0x00,0x00,0x02,0xff,0xf8,0x3e,0xff,0xff,0xff,0xa2,0x00,0x00,0x00,0x00,0x00,0x00,0x02,
  0xff,0xf8,0x7f,0xff,0xff,0xa2,0x00,0x00,0x00,0x00,0x00,0x00,0x00,0x02,0xff,0xf8,0x7f,0xff,0xb3,0x00,0x00,0x00,0x00,0x00,
  0x00,0x00,0x00,0x02,0xff,0xf8,0x7f,0xff,0xa2,0x00,0x00,0x00,0x00,0x00,0x00,0x00,0x00,0x02,0xff,0xf8,0x7f,0xff,0xff,0xa2,
  0x00,0x00,0x00,0x00,0x00,0x00,0x00,0x02,0xff,0xf8,0x3e,0xff,0xff,0xff,0xa2,0x00,0x00,0x00,0x00,0x00,0x00,0x02,0xff,0xf8,
  0x00,0x6e,0xff,0xff,0xff,0x92,0x00,0x00,0x00,0x00,0x00,0x02,0xff,0xf8,0x00,0x00,0x6e,0xff,0xff,0xff,0x91,0x00,0x00,0x00,
  0x00,0x02,0xff,0xf8,0x00,0x00,0x00,0x7e,0xff,0xff,0xff,0x91,0x00,0x00,0x00,0x02,0xff,0xf8,0x00,0x00,0x00,0x00,0x7e,0xff,
  0xff,0xff,0x91,0x00,0x00,0x02,0xff,0xf8,0x00,0x00,0x00,0x00,0x00,0x7e,0xff,0xff,0xff,0x81,0x00,0x02,0xff,0xf8,0x00,0x00,
  0x00,0x00,0x00,0x00,0x7e,0xff,0xff,0xff,0x81,0x02,0xff,0xf8,0x00,0x00,0x00,0x00,0x00,0x00,0x00,0x7e,0xff,0xff,0xff,0x83,
  0xff,0xf8,0x00,0x00,0x00,0x00,0x00,0x00,0x00,0x00,0x7e,0xff,0xff,0xff,0xff,0xf8,0x00,0x00,0x00,0x00,0x00,0x00,0x00,0x00,
  0x00,0x7e,0xff,0xff,0xff,0xf8,0x00,0x00,0x00,0x00,0x00,0x00,0x00,0x00,0x00,0x00,0x7e,0xff,0xff,0xf8,0x00,0x00,0x00,0x00,
  0x00,0x00,0x00,0x00,0x00,0x00,0x00,0x7e,0xff,0xf8,0x00,0x00,0x00,0x00,0x00,0x00,0x00,0x00,0x00,0x00,0x00,0x00,0x7e,0xf8,
  0x00,0x00,0x00,0x00,0x00,0x00,0x00,0x00,0x00,0x00,0x00,0x00,0x00,0x77,0x00,0x00,0x05,0xff,0xff,0x10,0x00,0x00,0x00,0x00,
  0x00,0x00,0x00,0x00,0x00,0x00,0x05,0xff,0xff,0x10,0x00,0x00,0x00,0x00,0x00,0x00,0x00,0x00,0x00,0x00,0x05,0xff,0xff,0x10,
  0x00,0x00,0x00,0x00,0x00,0x00,0x00,0x00,0x00,0x00,0x05,0xff,0xff,0x10,0x00,0x00,0x00,0x00,0x00,0x00,0x00,0x00,0x00,0x00,
  0x00,0x00,0x00,0x00,0x00,0x00,0x00,0x00,0x00,0x00,0x00,0x00,0x00,0x00,0x00,0x00,0x00,0x00,0x00,0x00,0x00,0x00,0x00,0x00,
  0x00,0x00,0x00,0x00,0x00,0x00,0x00,0x00,0x00,0x00,0x00,0x00,0x00,0x00,0x00,0x00,0x00,0x00,0x00,0x00,0x00,0x00,0x00,0x00,
  0x00,0x00,0xef,0xff,0x80,0x00,0x96,0x00,0x00,0x00,0x00,0x00,0x00,0x00,0x00,0x00,0xef,0xff,0x80,0x00,0xbf,0xe6,0x00,0x00,
  0x00,0x00,0x00,0x00,0x00,0x00,0xef,0xff,0x80,0x00,0xbf,0xff,0xd6,0x00,0x00,0x00,0x00,0x00,0x00,0x00,0xef,0xff,0x80,0x00,
  0xbf,0xff,0xff,0xd6,0x00,0x00,0x00,0x00,0x00,0x00,0x00,0x00,0x00,0x00,0xbf,0xff,0xff,0xff,0xd6,0x00,0x00,0x00,0x00,0x00,
  0x00,0x00,0x00,0x00,0xbf,0xff,0xff,0xff,0xff,0xd5,0x00,0x00,0x00,0x00,0x00,0x00,0x00,0x00,0xbf,0xff,0x2a,0xff,0xff,0xff,
  0xd5,0x00,0x00,0x00,0x00,0x00,0x00,0x00,0xbf,0xff,0x00,0x2a,0xff,0xff,0xff,0xd5,0x00,0x00,0x00,0x00,0x00,0x00,0xbf,0xff,
  0x00,0x00,0x3b,0xff,0xff,0xff,0xd5,0x00,0x00,0x00,0x00,0x00,0xbf,0xff,0x00,0x00,0x00,0x3b,0xff,0xff,0xff,0xd5,0x00,0x00,
  0x00,0x00,0xbf,0xff,0x00,0x00,0x00,0x00,0x3b,0xff,0xff,0xff,0xd5,0x00,0x00,0x00,0xbf,0xff,0x00,0x00,0x00,0x00,0x00,0x3b,
  0xff,0xff,0xff,0xd5,0x00,0x00,0xbf,0xff,0x00,0x00,0x00,0x00,0x00,0x00,0x3b,0xff,0xff,0xff,0xd5,0x00,0xbf,0xff,0x00,0x00,
  0x00,0x00,0x00,0x00,0x00,0x3c,0xff,0xff,0xff,0xd2,0xbf,0xff,0x00,0x00,0x00,0x00,0x00,0x00,0x00,0x00,0x4c,0xff,0xff,0xf4,
  0xbf,0xff,0x00,0x00,0x00,0x00,0x00,0x00,0x00,0x00,0x00,0x4c,0xff,0xf4,0xbf,0xff,0x00,0x00,0x00,0x00,0x00,0x00,0x00,0x00,
  0x00,0x3b,0xff,0xf4,0xbf,0xff,0x00,0x00,0x00,0x00,0x00,0x00,0x00,0x00,0x3b,0xff,0xff,0xf4,0xbf,0xff,0x00,0x00,0x00,0x00,
  0x00,0x00,0x00,0x3b,0xff,0xff,0xff,0xd2,0xbf,0xff,0x00,0x00,0x00,0x00,0x00,0x00,0x3b,0xff,0xff,0xff,0xd5,0x00,0xbf,0xff,
  0x00,0x00,0x00,0x00,0x00,0x2a,0xff,0xff,0xff,0xd5,0x00,0x00,0xbf,0xff,0x00,0x00,0x00,0x00,0x2a,0xff,0xff,0xff,0xd5,0x00,
  0x00,0x00,0xbf,0xff,0x00,0x00,0x00,0x2a,0xff,0xff,0xff,0xd5,0x00,0x00,0x00,0x00,0xbf,0xff,0x00,0x00,0x2a,0xff,0xff,0xff,
  0xd5,0x00,0x00,0x00,0x00,0x00,0xbf,0xff,0x00,0x29,0xff,0xff,0xff,0xd5,0x00,0x00,0x00,0x00,0x00,0x00,0xbf,0xff,0x19,0xff,
  0xff,0xff,0xd6,0x00,0x00,0x00,0x00,0x00,0x00,0x00,0xbf,0xff,0xff,0xff,0xff,0xd6,0x00,0x00,0x00,0x00,0x00,0x00,0x00,0x00,
  0xbf,0xff,0xff,0xff,0xd6,0x00,0x00,0x00,0x00,0x00,0x00,0x00,0x00,0x00,0xbf,0xff,0xff,0xd6,0x00,0x00,0x00,0x00,0x00,0x00,
  0x00,0x00,0x00,0x00,0xbf,0xff,0xe6,0x00,0x00,0x00,0x00,0x00,0x00,0x00,0x00,0x00,0x00,0x00,0xbf,0xe6,0x00,0x00,0x00,0x00,
  0x00,0x00,0x00,0x00,0x00,0x00,0x00,0x00,0x96,0x00,0x00,0x00,0x00,0x00,0x00,0x00,0x00,0x00,0x00,0x00,0x00,0x00,0x6c,0x71,
  0x00,0x00,0x00,0x06,0xfe,0x60,0x00,0x00,0x00,0x4f,0xfb,0x10,0x00,0x00,0x08,0xff,0xd1,0x00,0x00,0x00,0xdf,0xfd,0x00,0x00,
  0x00,0x3f,0xff,0x80,0x00,0x00,0x0a,0xff,0xf0,0x00,0x00,0x02,0xff,0xf1,0x00,0x00,0x00,0x5e,0xb0,0x00,0x16,0x88,0x61,0x00,
  0x04,0xff,0xff,0xff,0x50,0x1f,0xf7,0x10,0x3c,0xf3,0x6f,0x80,0x00,0x01,0xfa,0x9f,0x10,0x00,0x00,0xbe,0x9f,0x00,0x00,0x00,
  0xbf,0x7f,0x30,0x00,0x00,0xdd,0x3f,0xb0,0x00,0x06,0xf9,0x0a,0xfe,0xa9,0xcf,0xe1,0x00,0x6c,0xff,0xe9,0x10,0x01,0x11,0x11,
  0x0f,0xff,0xfd,0x0f,0xff,0xfd,0x0f,0xff,0xfd,0x0f,0xff,0xfd,0x0f,0xff,0xfb,0x00,0x0e,0xf4,0x00,0x6f,0xc0,0x00,0xdf,0x40,
  0x04,0xfc,0x00,0x0b,0xf4,0x00,0x2f,0xc0,0x00,0xdf,0xff,0xf4,0xcf,0xff,0xf3,0xbf,0xff,0xf1,0xaf,0xff,0xf0,0x9f,0xff,0xf0,
  0x8f,0xff,0xe0,0x6f,0xff,0xd0,0x5f,0xff,0xb0,0x4f,0xff,0xa0,0x3f,0xff,0x90,0x2f,0xff,0x80,0x1f,0xff,0x60,0x0f,0xff,0x50,
  0x0f,0xff,0x40,0x0d,0xff,0x30,0x0c,0xff,0x20,0x0b,0xff,0x00,0x0a,0xff,0x00,0x09,0xfe,0x00,0x08,0xfd,0x00,0x07,0xfb,0x00,
  0x06,0xfa,0x00,0x03,0xa6,0x00,0x00,0x00,0x00,0x00,0x00,0x00,0x6b,0xbb,0xb0,0x9f,0xff,0xf0,0x9f,0xff,0xf0,0x9f,0xff,0xf0,
  0x9f,0xff,0xf0,0x00,0x00,0x00,0x16,0xbd,0xff,0xec,0x83,0x00,0x00,0x00,0x00,0x00,0x19,0xff,0xff,0xff,0xff,0xff,0xb2,0x00,
  0x00,0x00,0x02,0xef,0xff,0xff,0xff,0xff,0xff,0xfe,0x40,0x00,0x00,0x1e,0xff,0xfe,0x84,0x23,0x5a,0xff,0xff,0xf3,0x00,0x00,
  0xbf,0xff,0xa0,0x00,0x00,0x00,0x2c,0xff,0xfe,0x00,0x04,0xff,0xfb,0x00,0x00,0x00,0x00,0x01,0xdf,0xff,0x60,0x0a,0xff,0xf1,
  0x00,0x00,0x00,0x00,0x00,0x6f,0xff,0xb0,0x0f,0xff,0xa0,0x00,0x00,0x00,0x00,0x00,0x2f,0xff,0xe0,0x3f,0xff,0x50,0x00,0x00,
  0x00,0x00,0x00,0x0f,0xff,0xf0,0x02,0x69,0x10,0x00,0x00,0x00,0x00,0x00,0x1f,0xff,0xe0,0x00,0x00,0x00,0x00,0x00,0x00,0x00,
  0x00,0x5f,0xff,0xc0,0x00,0x00,0x00,0x00,0x00,0x00,0x00,0x00,0xdf,0xff,0x60,0x00,0x00,0x00,0x00,0x00,0x00,0x00,0x0a,0xff,
  0xfe,0x00,0x00,0x00,0x00,0x00,0x00,0x00,0x02,0xcf,0xff,0xf4,0x00,0x00,0x00,0x00,0x00,0x00,0x01,0x9f,0xff,0xff,0x50,0x00,
  0x00,0x00,0x00,0x00,0x00,0x4e,0xff,0xff,0xe3,0x00,0x00,0x00,0x00,0x00,0x00,0x04,0xff,0xff,0xf8,0x00,0x00,0x00,0x00,0x00,
  0x00,0x00,0x0d,0xff,0xfa,0x10,0x00,0x00,0x00,0x00,0x00,0x00,0x00,0x2f,0xff,0x70,0x00,0x00,0x00,0x00,0x00,0x00,0x00,0x00,
  0x5f,0xfe,0x00,0x00,0x00,0x00,0x00,0x00,0x00,0x00,0x00,0x6f,0xfb,0x00,0x00,0x00,0x00,0x00,0x00,0x00,0x00,0x00,0x6f,0xfa,
  0x00,0x00,0x00,0x00,0x00,0x00,0x00,0x00,0x00,0x7f,0xfa,0x00,0x00,0x00,0x00,0x00,0x00,0x00,0x00,0x00,0x37,0x74,0x00,0x00,
  0x00,0x00,0x00,0x00,0x00,0x00,0x00,0x00,0x00,0x00,0x00,0x00,0x00,0x00,0x00,0x00,0x00,0x00,0x00,0x00,0x00,0x00,0x00,0x00,
  0x00,0x00,0x00,0x00,0x00,0x44,0x44,0x20,0x00,0x00,0x00,0x00,0x00,0x00,0x00,0x00,0xff,0xff,0x80,0x00,0x00,0x00,0x00,0x00,
  0x00,0x00,0x00,0xff,0xff,0x80,0x00,0x00,0x00,0x00,0x00,0x00,0x00,0x00,0xff,0xff,0x80,0x00,0x00,0x00,0x00,0x00,0x00,0x00,
  0x00,0xff,0xff,0x80,0x00,0x00,0x00,0x00,0xff,0xff,0xe0,0xff,0xff,0xe0,0xff,0xff,0xe0,0xff,0xff,0xe0,0xff,0xff,0xe0,0x00,
  0x00,0x00,0x00,0x00,0x00,0x00,0x00,0x00,0x00,0x00,0x00,0x00,0x00,0x00,0x00,0x00,0x00,0x00,0x00,0x00,0x00,0x00,0x00,0x00,
  0x00,0x00,0x00,0x00,0x00,0x00,0x00,0x00,0x00,0x00,0x00,0xff,0xff,0xe0,0xff,0xff,0xe0,0xff,0xff,0xe0,0xff,0xff,0xe0,0xff,
  0xff,0xe0,0x0f,0xff,0xfd,0x0f,0xff,0xfd,0x0f,0xff,0xfd,0x0f,0xff,0xfd,0x0f,0xff,0xfd,0x00,0x00,0x00,0x00,0x00,0x00,0x00,
  0x00,0x00,0x00,0x00,0x00,0x00,0x00,0x00,0x00,0x00,0x00,0x00,0x00,0x00,0x00,0x00,0x00,0x00,0x00,0x00,0x00,0x00,0x00,0x00,
  0x00,0x00,0x01,0x11,0x11,0x0f,0xff,0xfd,0x0f,0xff,0xfd,0x0f,0xff,0xfd,0x0f,0xff,0xfd,0x0f,0xff,0xfc,0x00,0x0e,0xf5,0x00,
  0x5f,0xd0,0x00,0xcf,0x50,0x03,0xfd,0x00,0x0a,0xf5,0x00,0x1f,0xd0,0x00,0x00,0x00,0xef,0xe0,0x00,0x00,0x2f,0xfb,0x00,0x07,
  0xff,0xa0,0x00,0x00,0xaf,0xf7,0x00,0x0e,0xff,0x60,0x00,0x02,0xff,0xf3,0x00,0x7f,0xff,0x20,0x00,0x0a,0xff,0xf0,0x00,0xef,
  0xfe,0x00,0x00,0x2f,0xff,0xb0,0x07,0xff,0xfa,0x00,0x00,0xaf,0xff,0x70,0x0e,0xff,0xf6,0x00,0x02,0xff,0xff,0x30,0x4f,0xff,
  0xf4,0x00,0x07,0xff,0xff,0x10,0x4f,0xff,0xf4,0x00,0x07,0xff,0xff,0x10,0x4f,0xff,0xf4,0x00,0x07,0xff,0xff,0x10,0x4f,0xff,
  0xf4,0x00,0x07,0xff,0xff,0x10,0x00,0x8f,0xff,0xf0,0x00,0x0b,0xff,0xfd,0x00,0x8f,0xff,0xf0,0x00,0x0b,0xff,0xfd,0x00,0x8f,
  0xff,0xf0,0x00,0x0b,0xff,0xfd,0x00,0x8f,0xff,0xf0,0x00,0x0b,0xff,0xfd,0x00,0xaf,0xff,0xb0,0x00,0x0d,0xff,0xf8,0x00,0xef,
  0xff,0x30,0x00,0x1f,0xff,0xf1,0x02,0xff,0xfb,0x00,0x00,0x5f,0xff,0x80,0x06,0xff,0xf3,0x00,0x00,0x9f,0xff,0x10,0x0a,0xff,
  0xb0,0x00,0x00,0xdf,0xf8,0x00,0x0e,0xff,0x40,0x00,0x01,0xff,0xf1,0x00,0x2f,0xfc,0x00,0x00,0x05,0xff,0x80,0x00,0x00,0x00,
  0xef,0xe0,0x00,0x07,0xff,0xa0,0x00,0x0e,0xff,0x60,0x00,0x7f,0xff,0x20,0x00,0xef,0xfe,0x00,0x07,0xff,0xfa,0x00,0x0e,0xff,
  0xf6,0x00,0x4f,0xff,0xf4,0x00,0x4f,0xff,0xf4,0x00,0x4f,0xff,0xf4,0x00,0x4f,0xff,0xf4,0x00,0x00,0x6f,0xff,0xf2,0x00,0x6f,
  0xff,0xf2,0x00,0x6f,0xff,0xf2,0x00,0x6f,0xff,0xf1,0x00,0xaf,0xff,0xa0,0x00,0xdf,0xff,0x30,0x01,0xff,0xfb,0x00,0x05,0xff,
  0xf4,0x00,0x09,0xff,0xc0,0x00,0x0d,0xff,0x40,0x00,0x0f,0xfd,0x00,0x00,0x88,0x88,0x88,0x88,0x88,0x88,0x84,0xff,0xff,0xff,
  0xff,0xff,0xff,0xf8,0xf8,0x00,0x00,0x00,0x00,0x00,0x00,0xf8,0x00,0x00,0x00,0x00,0x00,0x00,0xf8,0x00,0x00,0x00,0x00,0x00,
  0x00,0xf8,0x00,0x00,0x00,0x00,0x00,0x00,0xf8,0x00,0x00,0x00,0x00,0x00,0x00,0xf8,0x00,0x00,0x00,0x00,0x00,0x00,0xf8,0x00,
  0x00,0x00,0x00,0x00,0x00,0xf8,0x00,0x00,0x00,0x00,0x00,0x00,0xf8,0x00,0x00,0x00,0x00,0x00,0x00,0xf8,0x00,0x00,0x00,0x00,
  0x00,0x00,0xf8,0x00,0x00,0x00,0x00,0x00,0x00,0xf8,0x00,0x00,0x00,0x00,0x00,0x00,0xf8,0x00,0x00,0x00,0x00,0x00,0x00,0xf8,
  0x00,0x00,0x00,0x00,0x00,0x00,0xf8,0x00,0x00,0x00,0x00,0x00,0x00,0xf8,0x00,0x00,0x00,0x00,0x00,0x00,0xf8,0x00,0x00,0x00,
  0x00,0x00,0x00,0xf8,0x00,0x00,0x00,0x00,0x00,0x00,0xf8,0x00,0x00,0x00,0x00,0x00,0x00,0xf8,0x00,0x00,0x00,0x00,0x00,0x00,
  0x94,0x00,0x00,0x00,0x00,0x00,0x00,0x00,0x00,0x00,0x00,0x00,0x00,0xe8,0x00,0x00,0x00,0x00,0x00,0x00,0xf8,0x00,0x00,0x00,
  0x00,0x00,0x00,0xf8,0x00,0x00,0x00,0x00,0x00,0x00,0xf8,0x00,0x00,0x00,0x00,0x00,0x00,0xf8,0x00,0x00,0x00,0x00,0x00,0x00,
  0xf8,0x00,0x00,0x00,0x00,0x00,0x00,0xf8,0x00,0x00,0x00,0x00,0x00,0x00,0xf8,0x00,0x00,0x00,0x00,0x00,0x00,0xf8,0x00,0x00,
  0x00,0x00,0x00,0x00,0xf8,0x00,0x00,0x00,0x00,0x00,0x00,0xf8,0x00,0x00,0x00,0x00,0x00,0x00,0xf8,0x00,0x00,0x00,0x00,0x00,
  0x00,0xf8,0x00,0x00,0x00,0x00,0x00,0x00,0xf8,0x00,0x00,0x00,0x00,0x00,0x00,0xf8,0x00,0x00,0x00,0x00,0x00,0x00,0xf8,0x00,
  0x00,0x00,0x00,0x00,0x00,0xf8,0x00,0x00,0x00,0x00,0x00,0x00,0xf8,0x00,0x00,0x00,0x00,0x00,0x00,0xf8,0x00,0x00,0x00,0x00,
  0x00,0x00,0xf8,0x88,0x88,0x88,0x88,0x88,0x88,0xf8,0xff,0xff,0xff,0xff,0xff,0xff,0xf8,0x02,0x22,0x22,0x22,0x22,0x22,0x20,
  0x0f,0xff,0xff,0xff,0xff,0xff,0xf0,0x0f,0x20,0x00,0x00,0x00,0x02,0xf0,0x0f,0x20,0x00,0x00,0x00,0x02,0xf0,0x0f,0x20,0x2f,
  0xff,0xff,0xff,0xf0,0x0f,0x20,0x2f,0x22,0x22,0x22,0x20,0x0f,0x20,0x2f,0x00,0x00,0x00,0x00,0x0f,0x20,0x2f,0x00,0x00,0x00,
  0x00,0x0f,0x20,0x2f,0x00,0x00,0x00,0x00,0x0f,0x20,0x2f,0x00,0x00,0x00,0x00,0x0f,0x20,0x2f,0x00,0x00,0x00,0x00,0x0f,0x20,
  0x2f,0x00,0x00,0x00,0x00,0x0f,0x20,0x2f,0x00,0x00,0x00,0x00,0x0f,0x20,0x2f,0x00,0x00,0x00,0x00,0x0f,0x20,0x2f,0x00,0x00,
  0x00,0x00,0x0f,0x20,0x2f,0x00,0x00,0x00,0x00,0x0f,0x20,0x2f,0x00,0x00,0x00,0x00,0x0f,0x20,0x2f,0x00,0x00,0x00,0x00,0x0f,
  0x20,0x2f,0x00,0x00,0x00,0x00,0x0f,0x20,0x2f,0x00,0x00,0x00,0x00,0x0f,0x42,0x4f,0x00,0x00,0x00,0x00,0x0f,0xff,0xff,0x00,
  0x00,0x00,0x00,0x00,0x00,0x00,0x00,0x22,0x22,0x20,0x00,0x00,0x00,0x00,0xff,0xff,0xf0,0x00,0x00,0x00,0x00,0xf2,0x02,0xf0,
  0x00,0x00,0x00,0x00,0xf2,0x02,0xf0,0x00,0x00,0x00,0x00,0xf2,0x02,0xf0,0x00,0x00,0x00,0x00,0xf2,0x02,0xf0,0x00,0x00,0x00,
  0x00,0xf2,0x02,0xf0,0x00,0x00,0x00,0x00,0xf2,0x02,0xf0,0x00,0x00,0x00,0x00,0xf2,0x02,0xf0,0x00,0x00,0x00,0x00,0xf2,0x02,
  0xf0,0x00,0x00,0x00,0x00,0xf2,0x02,0xf0,0x00,0x00,0x00,0x00,0xf2,0x02,0xf0,0x00,0x00,0x00,0x00,0xf2,0x02,0xf0,0x00,0x00,
  0x00,0x00,0xf2,0x02,0xf0,0x00,0x00,0x00,0x00,0xf2,0x02,0xf0,0x00,0x00,0x00,0x00,0xf2,0x02,0xf0,0x00,0x00,0x00,0x00,0xf2,
  0x02,0xf0,0x0f,0xff,0xff,0xff,0xf2,0x02,0xf0,0x0f,0x42,0x22,0x22,0x20,0x02,0xf0,0x0f,0x20,0x00,0x00,0x00,0x02,0xf0,0x0f,
  0x42,0x22,0x22,0x22,0x24,0xf0,0x0f,0xff,0xff,0xff,0xff,0xff,0xf0,0x00,0x00,0x00,0x00,0x00,0x02,0x30,0x00,0x00,0x00,0x00,
  0x00,0x00,0x00,0x0b,0xf0,0x02,0xe4,0x00,0x00,0x00,0x00,0x00,0x4f,0x70,0x0b,0xf1,0x00,0x00,0x00,0x00,0x00,0xce,0x00,0x4f,
  0x70,0x00,0x00,0x00,0x00,0x05,0xf6,0x00,0xde,0x00,0x00,0x00,0x00,0x00,0x0e,0xd0,0x06,0xf5,0x00,0x00,0x00,0x00,0x00,0x7f,
  0x40,0x0e,0xc0,0x00,0x00,0x00,0x00,0x01,0xfb,0x00,0x8f,0x30,0x00,0x00,0x00,0x00,0x09,0xf2,0x01,0xfb,0x00,0x00,0x00,0x00,
  0x00,0x2f,0x90,0x0a,0xf2,0x00,0x00,0x00,0x00,0x00,0xbf,0x10,0x3f,0x90,0x00,0x00,0x00,0x00,0x04,0xf7,0x00,0xbf,0x10,0x00,
  0x00,0x00,0x00,0x0c,0xe0,0x04,0xf7,0x00,0x00,0x00,0x00,0x00,0x6f,0x60,0x0d,0xe0,0x00,0x00,0x00,0x00,0x00,0xed,0x00,0x6f,
  0x50,0x00,0x00,0x00,0x00,0x07,0xf4,0x00,0xec,0x00,0x00,0x00,0x00,0x00,0x1f,0xb0,0x08,0xf3,0x00,0x00,0x00,0x00,0x00,0x9f,
  0x20,0x1f,0xa0,0x00,0x00,0x00,0x00,0x02,0xf9,0x00,0xaf,0x20,0x00,0x00,0x00,0x00,0x0b,0xf1,0x03,0xf9,0x00,0x00,0x00,0x00,
  0x00,0x0e,0xd0,0x06,0xf5,0x00,0x00,0x00,0x00,0x00,0x06,0xf5,0x00,0xed,0x00,0x00,0x00,0x00,0x00,0x00,0xdd,0x00,0x5f,0x60,
  0x00,0x00,0x00,0x00,0x00,0x4f,0x70,0x0c,0xe0,0x00,0x00,0x00,0x00,0x00,0x0c,0xe1,0x03,0xf8,0x00,0x00,0x00,0x00,0x00,0x03,
  0xf9,0x00,0xaf,0x10,0x00,0x00,0x00,0x00,0x00,0xaf,0x20,0x2f,0xa0,0x00,0x00,0x00,0x00,0x00,0x1f,0xa0,0x08,0xf3,0x00,0x00,
  0x00,0x00,0x00,0x08,0xf3,0x01,0xec,0x00,0x00,0x00,0x00,0x00,0x00,0xec,0x00,0x7f,0x50,0x00,0x00,0x00,0x00,0x00,0x6f,0x50,
  0x0d,0xd0,0x00,0x00,0x00,0x00,0x00,0x0d,0xd0,0x05,0xf6,0x00,0x00,0x00,0x00,0x00,0x04,0xf7,0x00,0xce,0x10,0x00,0x00,0x00,
  0x00,0x00,0xbe,0x10,0x3f,0x80,0x00,0x00,0x00,0x00,0x00,0x3f,0x90,0x0a,0xf2,0x00,0x00,0x00,0x00,0x00,0x0a,0xf2,0x02,0xfa,
  0x00,0x00,0x00,0x00,0x00,0x01,0xfa,0x00,0x8f,0x30,0x00,0x00,0x00,0x00,0x00,0x8f,0x30,0x1e,0xc0,0x00,0x00,0x00,0x00,0x00,
  0x0e,0xc0,0x06,0xf5,0x00,0x00,0x00,0x00,0x00,0x06,0xa0,0x00,0x60,0x00,0x00,0x01,0x30,0x00,0x00,0x00,0x00,0x00,0x2e,0x50,
  0x0d,0xe0,0x00,0x00,0x00,0x00,0x00,0x0d,0xd0,0x04,0xf7,0x00,0x00,0x00,0x00,0x00,0x04,0xf7,0x00,0xbf,0x10,0x00,0x00,0x00,
  0x00,0x00,0xbe,0x10,0x3f,0x90,0x00,0x00,0x00,0x00,0x00,0x3f,0x90,0x0a,0xf2,0x00,0x00,0x00,0x00,0x00,0x0a,0xf2,0x01,0xfb,
  0x00,0x00,0x00,0x00,0x00,0x01,0xfa,0x00,0x8f,0x40,0x00,0x00,0x00,0x00,0x00,0x8f,0x30,0x0e,0xc0,0x00,0x00,0x00,0x00,0x00,
  0x0e,0xc0,0x06,0xf5,0x00,0x00,0x00,0x00,0x00,0x06,0xf5,0x00,0xde,0x00,0x00,0x00,0x00,0x00,0x00,0xde,0x00,0x4f,0x70,0x00,
  0x00,0x00,0x00,0x00,0x4f,0x70,0x0b,0xf1,0x00,0x00,0x00,0x00,0x00,0x0b,0xf1,0x02,0xf9,0x00,0x00,0x00,0x00,0x00,0x02,0xf9,
  0x00,0x9f,0x20,0x00,0x00,0x00,0x00,0x00,0x9f,0x20,0x1f,0xb0,0x00,0x00,0x00,0x00,0x00,0x1f,0xb0,0x08,0xf4,0x00,0x00,0x00,
  0x00,0x00,0x08,0xf4,0x00,0xed,0x00,0x00,0x00,0x00,0x00,0x00,0xec,0x00,0x6f,0x60,0x00,0x00,0x00,0x00,0x00,0x6f,0x50,0x0d,
  0xe0,0x00,0x00,0x00,0x00,0x00,0x2f,0x90,0x09,0xf2,0x00,0x00,0x00,0x00,0x00,0xbf,0x10,0x2f,0xa0,0x00,0x00,0x00,0x00,0x03,
  0xf8,0x00,0xaf,0x10,0x00,0x00,0x00,0x00,0x0c,0xe0,0x03,0xf8,0x00,0x00,0x00,0x00,0x00,0x5f,0x60,0x0c,0xe0,0x00,0x00,0x00,
  0x00,0x00,0xed,0x00,0x5f,0x60,0x00,0x00,0x00,0x00,0x07,0xf4,0x00,0xed,0x00,0x00,0x00,0x00,0x00,0x1f,0xb0,0x07,0xf4,0x00,
  0x00,0x00,0x00,0x00,0x9f,0x20,0x1f,0xb0,0x00,0x00,0x00,0x00,0x02,0xf9,0x00,0x9f,0x30,0x00,0x00,0x00,0x00,0x0b,0xf1,0x02,
  0xfa,0x00,0x00,0x00,0x00,0x00,0x4f,0x70,0x0b,0xf1,0x00,0x00,0x00,0x00,0x00,0xde,0x00,0x4f,0x80,0x00,0x00,0x00,0x00,0x06,
  0xf6,0x00,0xce,0x00,0x00,0x00,0x00,0x00,0x0e,0xd0,0x06,0xf6,0x00,0x00,0x00,0x00,0x00,0x7f,0x40,0x0e,0xd0,0x00,0x00,0x00,
  0x00,0x01,0xfb,0x00,0x7f,0x40,0x00,0x00,0x00,0x00,0x09,0xf2,0x01,0xfb,0x00,0x00,0x00,0x00,0x00,0x2f,0x90,0x09,0xf2,0x00,
  0x00,0x00,0x00,0x00,0x06,0x10,0x08,0x90,0x00,0x00,0x00,0x00,0x00,0x68,0x88,0x88,0x88,0x88,0x70,0xcf,0xff,0xff,0xff,0xff,
  0x80,0xcf,0xff,0xff,0xff,0xfd,0x00,0xcf,0xff,0xff,0xff,0xf5,0x00,0xcf,0xff,0xff,0xff,0xc0,0x00,0xcf,0xff,0xff,0xff,0x50,
  0x00,0xcf,0xff,0xff,0xfe,0x00,0x00,0xcf,0xff,0xff,0xf7,0x00,0x00,0xcf,0xff,0xff,0xf2,0x00,0x00,0xcf,0xff,0xff,0xc0,0x00,
  0x00,0xcf,0xff,0xff,0x70,0x00,0x00,0xcf,0xff,0xff,0x30,0x00,0x00,0xcf,0xff,0xff,0x00,0x00,0x00,0xcf,0xff,0xfc,0x00,0x00,
  0x00,0xcf,0xff,0xf9,0x00,0x00,0x00,0xcf,0xff,0xf6,0x00,0x00,0x00,0xcf,0xff,0xf4,0x00,0x00,0x00,0xcf,0xff,0xf3,0x00,0x00,
  0x00,0xcf,0xff,0xf1,0x00,0x00,0x00,0xcf,0xff,0xf0,0x00,0x00,0x00,0xcf,0xff,0xf0,0x00,0x00,0x00,0xcf,0xff,0xf0,0x00,0x00,
  0x00,0xcf,0xff,0xf0,0x00,0x00,0x00,0xcf,0xff,0xf1,0x00,0x00,0x00,0xcf,0xff,0xf2,0x00,0x00,0x00,0xcf,0xff,0xf3,0x00,0x00,
  0x00,0xcf,0xff,0xf5,0x00,0x00,0x00,0xcf,0xff,0xf8,0x00,0x00,0x00,0xcf,0xff,0xfa,0x00,0x00,0x00,0xcf,0xff,0xfd,0x00,0x00,
  0x00,0xcf,0xff,0xff,0x10,0x00,0x00,0xcf,0xff,0xff,0x60,0x00,0x00,0xcf,0xff,0xff,0xa0,0x00,0x00,0xcf,0xff,0xff,0xf0,0x00,
  0x00,0xcf,0xff,0xff,0xf5,0x00,0x00,0xcf,0xff,0xff,0xfc,0x00,0x00,0xcf,0xff,0xff,0xff,0x20,0x00,0xcf,0xff,0xff,0xff,0xa0,
  0x00,0xcf,0xff,0xff,0xff,0xf2,0x00,0xcf,0xff,0xff,0xff,0xfa,0x00,0xcf,0xff,0xff,0xff,0xff,0x30,0xcf,0xff,0xff,0xff,0xff,
  0xd0,0x08,0x88,0x88,0x88,0x88,0x85,0x09,0xff,0xff,0xff,0xff,0xfb,0x00,0xef,0xff,0xff,0xff,0xfb,0x00,0x6f,0xff,0xff,0xff,
  0xfb,0x00,0x0d,0xff,0xff,0xff,0xfb,0x00,0x06,0xff,0xff,0xff,0xfb,0x00,0x00,0xef,0xff,0xff,0xfb,0x00,0x00,0x8f,0xff,0xff,
  0xfb,0x00,0x00,0x2f,0xff,0xff,0xfb,0x00,0x00,0x0d,0xff,0xff,0xfb,0x00,0x00,0x08,0xff,0xff,0xfb,0x00,0x00,0x04,0xff,0xff,
  0xfb,0x00,0x00,0x00,0xff,0xff,0xfb,0x00,0x00,0x00,0xcf,0xff,0xfb,0x00,0x00,0x00,0x9f,0xff,0xfb,0x00,0x00,0x00,0x6f,0xff,
  0xfb,0x00,0x00,0x00,0x4f,0xff,0xfb,0x00,0x00,0x00,0x3f,0xff,0xfb,0x00,0x00,0x00,0x1f,0xff,0xfb,0x00,0x00,0x00,0x1f,0xff,
  0xfb,0x00,0x00,0x00,0x0f,0xff,0xfb,0x00,0x00,0x00,0x0f,0xff,0xfb,0x00,0x00,0x00,0x0f,0xff,0xfb,0x00,0x00,0x00,0x1f,0xff,
  0xfb,0x00,0x00,0x00,0x2f,0xff,0xfb,0x00,0x00,0x00,0x3f,0xff,0xfb,0x00,0x00,0x00,0x5f,0xff,0xfb,0x00,0x00,0x00,0x8f,0xff,
  0xfb,0x00,0x00,0x00,0xaf,0xff,0xfb,0x00,0x00,0x00,0xdf,0xff,0xfb,0x00,0x00,0x01,0xff,0xff,0xfb,0x00,0x00,0x06,0xff,0xff,
  0xfb,0x00,0x00,0x0a,0xff,0xff,0xfb,0x00,0x00,0x0f,0xff,0xff,0xfb,0x00,0x00,0x5f,0xff,0xff,0xfb,0x00,0x00,0xcf,0xff,0xff,
  0xfb,0x00,0x03,0xff,0xff,0xff,0xfb,0x00,0x0a,0xff,0xff,0xff,0xfb,0x00,0x2f,0xff,0xff,0xff,0xfb,0x00,0xaf,0xff,0xff,0xff,
  0xfb,0x04,0xff,0xff,0xff,0xff,0xfb,0x0d,0xff,0xff,0xff,0xff,0xfb,0x6f,0xff,0xff,0xff,0xff,0xff,0xf6,0x6f,0xff,0xff,0xff,
  0xff,0xff,0xf6,0x6f,0xff,0xff,0xff,0xff,0xff,0xf6,0x00,0x00,0x00,0x89,0x99,0x99,0x99,0x99,0x99,0x99,0x99,0x99,0x99,0x99,
  0x99,0x99,0x99,0x91,0x00,0x00,0x00,0x00,0x00,0x00,0xff,0xff,0xff,0xff,0xff,0xff,0xff,0xff,0xff,0xff,0xff,0xff,0xff,0xff,
  0xf3,0x00,0x00,0x00,0x00,0x00,0x00,0xff,0xff,0xff,0xff,0xff,0xff,0xff,0xff,0xff,0xff,0xff,0xff,0xff,0xff,0xf3,0x00,0x00,
  0x00,0x00,0x00,0x00,0xff,0xf3,0x00,0x00,0x2f,0xff,0x00,0x00,0x0f,0xff,0x20,0x00,0x00,0xff,0xf3,0x00,0x00,0x00,0x00,0x00,
  0x00,0xff,0xf3,0x00,0x00,0x2f,0xff,0x00,0x00,0x0f,0xff,0x20,0x00,0x00,0xff,0xf3,0x00,0x00,0x00,0x00,0x00,0x00,0xff,0xf3,
  0x00,0x00,0x2f,0xff,0x00,0x00,0x0f,0xff,0x20,0x00,0x00,0xff,0xf3,0x00,0x00,0x00,0x00,0x00,0x00,0xff,0xf3,0x00,0x00,0x2f,
  0xff,0x00,0x00,0x0f,0xff,0x20,0x00,0x00,0xff,0xf3,0x00,0x00,0x00,0x00,0x00,0x00,0xff,0xf3,0x00,0x00,0x2f,0xff,0x00,0x00,
  0x0f,0xff,0x20,0x00,0x00,0xff,0xf3,0x00,0x00,0x00,0x00,0x00,0x00,0xff,0xf3,0x00,0x00,0x2f,0xff,0x00,0x00,0x0f,0xff,0x20,
  0x00,0x00,0xff,0xf3,0x00,0x00,0x00,0x00,0x00,0x00,0xff,0xf3,0x00,0x00,0x2f,0xff,0x00,0x00,0x0f,0xff,0x20,0x00,0x00,0xff,
  0xf3,0x00,0x00,0x00,0x00,0x00,0x00,0xff,0xf3,0x00,0x00,0x2f,0xff,0x00,0x00,0x0f,0xff,0x20,0x00,0x00,0xff,0xf3,0x00,0x00,
  0x00,0x00,0x00,0x00,0xff,0xf3,0x00,0x00,0x2f,0xff,0x00,0x00,0x0f,0xff,0x20,0x00,0x00,0xff,0xf3,0x00,0x00,0x00,0x00,0x00,
  0x00,0xff,0xf3,0x00,0x00,0x2f,0xff,0x00,0x00,0x0f,0xff,0x20,0x00,0x00,0xff,0xf3,0x00,0x00,0x00,0x00,0x00,0x00,0xff,0xf3,
  0x00,0x00,0x2f,0xff,0x00,0x00,0x0f,0xff,0x20,0x00,0x00,0xff,0xf3,0x00,0x00,0x00,0x00,0x00,0x00,0xff,0xf3,0x00,0x00,0x2f,
  0xff,0x00,0x00,0x0f,0xff,0x20,0x00,0x00,0xff,0xf3,0x00,0x00,0x00,0x00,0x00,0x00,0xff,0xf3,0x00,0x00,0x2f,0xff,0x00,0x00,
  0x0f,0xff,0x20,0x00,0x00,0xff,0xf3,0x00,0x00,0x00,0x00,0x00,0x00,0xff,0xf3,0x00,0x00,0x2f,0xff,0x00,0x00,0x0f,0xff,0x20,
  0x00,0x00,0xff,0xf3,0x00,0x00,0x00,0x00,0x00,0x00,0xff,0xf3,0x00,0x00,0x2f,0xff,0x00,0x00,0x0f,0xff,0x20,0x00,0x00,0xff,
  0xf3,0x00,0x00,0x00,0x00,0x00,0x00,0xff,0xf3,0x00,0x00,0x2f,0xff,0x00,0x00,0x0f,0xff,0x20,0x00,0x00,0xff,0xf3,0x00,0x00,
  0x00,0x00,0x00,0x00,0xff,0xf3,0x00,0x00,0x2f,0xff,0x00,0x00,0x0f,0xff,0x20,0x00,0x00,0xff,0xf3,0x00,0x00,0x00,0x00,0x00,
  0x00,0xff,0xf3,0x00,0x00,0x2f,0xff,0x00,0x00,0x0f,0xff,0x20,0x00,0x00,0xff,0xf3,0x00,0x00,0x00,0x00,0x00,0x00,0xff,0xf3,
  0x00,0x00,0x2f,0xff,0x00,0x00,0x0f,0xff,0x20,0x00,0x00,0xff,0xf3,0x00,0x00,0x00,0x00,0x00,0x00,0xff,0xf3,0x00,0x00,0x2f,
  0xff,0x00,0x00,0x0f,0xff,0x20,0x00,0x00,0xff,0xf3,0x00,0x00,0x00,0x00,0x00,0x00,0xff,0xf3,0x00,0x00,0x2f,0xff,0x00,0x00,
  0x0f,0xff,0x20,0x00,0x00,0xff,0xf3,0x00,0x00,0x00,0x00,0x00,0x00,0xff,0xf3,0x00,0x00,0x2f,0xff,0x00,0x00,0x0f,0xff,0x20,
  0x00,0x00,0xff,0xf3,0x00,0x00,0x00,0x00,0x00,0x00,0xff,0xf3,0x00,0x00,0x2f,0xff,0x00,0x00,0x0f,0xff,0x20,0x00,0x00,0xff,
  0xf3,0x00,0x00,0x00,0x00,0x00,0x00,0xff,0xf3,0x00,0x00,0x2f,0xff,0x00,0x00,0x0f,0xff,0x20,0x00,0x00,0xff,0xf3,0x00,0x00,
  0x00,0x00,0x00,0x00,0xff,0xf3,0x00,0x00,0x2f,0xff,0x00,0x00,0x0f,0xff,0x20,0x00,0x00,0xff,0xf3,0x00,0x00,0x00,0x00,0x00,
  0x00,0xff,0xf3,0x00,0x00,0x2f,0xff,0x00,0x00,0x0f,0xff,0x20,0x00,0x00,0xff,0xf3,0x00,0x00,0x00,0x00,0x00,0x00,0xff,0xf3,
  0x00,0x00,0x2f,0xff,0x00,0x00,0x0f,0xff,0x20,0x00,0x00,0xff,0xf3,0x00,0x00,0x00,0x00,0x00,0x00,0xff,0xf3,0x00,0x00,0x2f,
  0xff,0x00,0x00,0x0f,0xff,0x20,0x00,0x00,0xff,0xf3,0x00,0x00,0x00,0x00,0x00,0x00,0xff,0xf3,0x00,0x00,0x2f,0xff,0x00,0x00,
  0x0f,0xff,0x20,0x00,0x00,0xff,0xf3,0x00,0x00,0x00,0x00,0x00,0x00,0xff,0xf3,0x00,0x00,0x2f,0xff,0x00,0x00,0x0f,0xff,0x20,
  0x00,0x00,0xff,0xf3,0x00,0x00,0x00,0x00,0x00,0x00,0xff,0xf3,0x00,0x00,0x2f,0xff,0x00,0x00,0x0f,0xff,0x20,0x00,0x00,0xff,
  0xf3,0x00,0x00,0x00,0x01,0x00,0x00,0xff,0xf3,0x00,0x00,0x2f,0xff,0x00,0x00,0x0f,0xff,0x20,0x00,0x00,0xff,0xf3,0x00,0x00,
  0x11,0x8f,0xff,0xff,0xff,0xff,0xff,0xff,0xff,0xff,0xff,0xff,0xff,0xff,0xff,0xff,0xff,0xff,0xff,0xff,0xff,0xfb,0x8f,0xff,
  0xff,0xff,0xff,0xff,0xff,0xff,0xff,0xff,0xff,0xff,0xff,0xff,0xff,0xff,0xff,0xff,0xff,0xff,0xfb,0x7d,0xdd,0xcc,0xcc,0xcc,
  0xcc,0xcc,0xcc,0xcc,0xcc,0xcc,0xcc,0xcc,0xcc,0xcc,0xcc,0xcc,0xcc,0xcc,0xdd,0xda,0x62,0x00,0x00,0x00,0x00,0x00,0x18,0xa5,
  0x00,0x00,0x00,0x00,0x00,0x39,0xa5,0x00,0x00,0x00,0x00,0x00,0x10,0xaf,0x90,0x00,0x00,0x00,0x05,0xed,0xaf,0xb0,0x00,0x00,
  0x00,0x07,0xfc,0xbf,0x90,0x00,0x00,0x00,0x03,0xc0,0x04,0xeb,0x00,0x00,0x00,0x5f,0x50,0x01,0xdc,0x00,0x00,0x00,0x7e,0x40,
  0x02,0xd8,0x00,0x00,0x00,0x4e,0x30,0x00,0x1d,0xb0,0x00,0x06,0xf3,0x00,0x00,0x1d,0xb0,0x00,0x06,0xe2,0x00,0x00,0x1d,0x80,
  0x00,0x05,0xe3,0x00,0x00,0x01,0xdd,0x53,0xaf,0x30,0x00,0x00,0x01,0xcd,0x54,0x9e,0x20,0x00,0x00,0x02,0xec,0x43,0x9f,0x30,
  0x00,0x00,0x00,0x09,0xff,0xc2,0x00,0x00,0x00,0x00,0x09,0xff,0xb1,0x00,0x00,0x00,0x00,0x1a,0xff,0xc3,0x00,0x00,0x00,0x00,
  0x00,0x01,0x00,0x00,0x00,0x00,0x00,0x00,0x11,0x00,0x00,0x00,0x00,0x00,0x00,0x01,0x00,0x00,0x00,0x00,0x00,0x00,0x00,0x00,
  0x00,0x00,0x00,0x00,0x00,0x00,0x00,0x00,0x00,0x00,0x00,0x00,0x00,0x00,0x00,0x00,0x00,0x00,0x00,0x00,0x00,0x00,0x00,0x00,
  0x00,0x00,0x00,0x00,0x00,0x00,0x00,0x00,0x00,0x00,0x00,0x00,0x00,0x00,0x00,0x00,0x00,0x01,0x34,0x10,0x00,0x00,0x00,0x00,
  0x00,0x00,0x00,0x00,0x00,0x00,0x00,0x00,0x00,0x00,0x00,0x00,0xaf,0xff,0xfc,0x00,0x00,0x00,0x00,0x00,0x00,0x00,0x00,0x00,
  0x00,0x00,0x00,0x00,0x00,0x00,0x00,0x9f,0xff,0xfd,0x00,0x00,0x00,0x00,0x00,0x00,0x00,0x00,0x00,0x00,0x00,0x00,0x00,0x00,
  0x00,0x00,0x4f,0xff,0xf8,0x00,0x00,0x00,0x00,0x00,0x00,0x00,0x00,0x00,0x00,0x00,0x00,0x00,0x00,0x00,0x00,0x1f,0xff,0xf5,
  0x00,0x00,0x00,0x00,0x00,0x00,0x00,0x00,0x00,0x00,0x00,0x00,0x00,0x00,0x00,0x00,0x4f,0xff,0xf8,0x00,0x00,0x00,0x00,0x00,
  0x00,0x00,0x00,0x00,0x00,0x00,0x00,0x00,0x00,0x00,0x00,0xbf,0xff,0xfe,0x10,0x00,0x00,0x00,0x00,0x00,0x00,0x00,0x00,0x00,
  0x00,0x00,0x00,0x00,0x00,0x05,0xff,0xff,0xff,0x90,0x00,0x00,0x00,0x00,0x00,0x00,0x00,0x00,0x00,0x00,0x00,0x00,0x00,0x00,
  0x1e,0xff,0xff,0xff,0xf4,0x00,0x00,0x00,0x00,0x00,0x00,0x00,0x00,0x00,0x00,0x00,0x00,0x00,0x00,0xbf,0xff,0xed,0xff,0xfe,
  0x10,0x00,0x00,0x00,0x00,0x00,0x00,0x00,0x00,0x00,0x00,0x00,0x00,0x09,0xff,0xff,0x52,0xff,0xff,0xc1,0x00,0x00,0x00,0x00,
  0x00,0x00,0x00,0x00,0x00,0x00,0x00,0x00,0x9f,0xff,0xfa,0x00,0x7f,0xff,0xfc,0x10,0x00,0x00,0x00,0x00,0x00,0x00,0x00,0x00,
  0x00,0x00,0x1b,0xff,0xff,0xc1,0x00,0x09,0xff,0xff,0xd3,0x00,0x00,0x00,0x00,0x00,0x00,0x00,0x00,0x00,0x05,0xef,0xff,0xfc,
  0x10,0x00,0x00,0x9f,0xff,0xff,0x70,0x00,0x00,0x00,0x00,0x00,0x0b,0x95,0x24,0xbf,0xff,0xff,0xc1,0x00,0x00,0x00,0x09,0xff,
  0xff,0xfd,0x62,0x47,0xb2,0x00,0x00,0x3f,0xff,0xff,0xff,0xff,0xfa,0x10,0x00,0x00,0x00,0x00,0x7f,0xff,0xff,0xff,0xff,0xf5,
  0x00,0x00,0x7f,0xff,0xff,0xff,0xfe,0x60,0x00,0x00,0x00,0x00,0x00,0x04,0xcf,0xff,0xff,0xff,0xf8,0x00,0x00,0x8f,0xff,0xff,
  0xff,0xfd,0x20,0x00,0x00,0x00,0x00,0x00,0x00,0xaf,0xff,0xff,0xff,0xf8,0x00,0x00,0x4f,0xff,0xff,0xff,0xff,0xf7,0x00,0x00,
  0x00,0x00,0x00,0x4e,0xff,0xff,0xff,0xff,0xf5,0x00,0x00,0x0e,0xc9,0x58,0xef,0xff,0xff,0x90,0x00,0x00,0x00,0x06,0xff,0xff,
  0xff,0xa5,0x7b,0xe3,0x00,0x00,0x01,0x00,0x00,0x19,0xff,0xff,0xf9,0x00,0x00,0x00,0x6f,0xff,0xff,0xb2,0x00,0x00,0x10,0x00,
  0x00,0x00,0x00,0x00,0x00,0x4e,0xff,0xff,0x90,0x00,0x06,0xff,0xff,0xf7,0x00,0x00,0x00,0x00,0x00,0x00,0x00,0x00,0x00,0x00,
  0x01,0xcf,0xff,0xf8,0x00,0x4f,0xff,0xfe,0x30,0x00,0x00,0x00,0x00,0x00,0x00,0x00,0x00,0x00,0x00,0x00,0x1c,0xff,0xff,0x30,
  0xef,0xff,0xe3,0x00,0x00,0x00,0x00,0x00,0x00,0x00,0x00,0x00,0x00,0x00,0x00,0x01,0xdf,0xff,0xca,0xff,0xff,0x30,0x00,0x00,
  0x00,0x00,0x00,0x00,0x00,0x00,0x00,0x00,0x00,0x00,0x00,0x3f,0xff,0xff,0xff,0xf7,0x00,0x00,0x00,0x00,0x00,0x00,0x00,0x00,
  0x00,0x00,0x00,0x00,0x00,0x00,0x08,0xff,0xff,0xff,0xb0,0x00,0x00,0x00,0x00,0x00,0x00,0x00,0x00,0x00,0x00,0x00,0x00,0x00,
  0x00,0x00,0xdf,0xff,0xff,0x20,0x00,0x00,0x00,0x00,0x00,0x00,0x00,0x00,0x00,0x00,0x00,0x00,0x00,0x00,0x00,0x6f,0xff,0xfa,
  0x00,0x00,0x00,0x00,0x00,0x00,0x00,0x00,0x00,0x00,0x00,0x00,0x00,0x00,0x00,0x00,0x1f,0xff,0xf4,0x00,0x00,0x00,0x00,0x00,
  0x00,0x00,0x00,0x00,0x00,0x00,0x00,0x00,0x00,0x00,0x00,0x3f,0xff,0xf7,0x00,0x00,0x00,0x00,0x00,0x00,0x00,0x00,0x00,0x00,
  0x00,0x00,0x00,0x00,0x00,0x00,0x8f,0xff,0xfc,0x00,0x00,0x00,0x00,0x00,0x00,0x00,0x00,0x00,0x00,0x00,0x00,0x00,0x00,0x00,
  0x00,0xbf,0xff,0xfe,0x00,0x00,0x00,0x00,0x00,0x00,0x00,0x00,0x00,0x00,0x00,0x00,0x00,0x00,0x00,0x00,0x24,0x77,0x52,0x00,
  0x00,0x00,0x00,0x00,0x00,0x00,0x00,0x00,0x00,0x00,0x00,0x00,0x00,0x00,0x00,0x00,0x00,0x00,0x00,0x00,0x00,0x00,0x00,0x00,
  0x00,0x00,0x00,0x00,0x00,0x00,0x00,0x00,0x00,0x00,0x00,0x00,0x00,0x00,0x00,0x00,0x00,0x00,0x00,0x00,0x00,0x00,0x00,0x00,
  0x00,0x00,0x00,0x00,0x10,0x00,0x00,0x00,0x00,0x00,0x00,0x00,0x00,0x00,0x00,0x00,0x00,0x05,0x90,0x00,0x00,0x00,0x00,0x00,
  0x00,0x00,0x00,0x00,0x00,0x00,0x00,0x0a,0xe0,0x00,0x00,0x00,0x00,0x00,0x00,0x00,0x00,0x00,0x00,0x00,0x00,0x1e,0xf3,0x00,
  0x00,0x00,0x00,0x00,0x00,0x00,0x00,0x00,0x00,0x00,0x00,0x6f,0xf8,0x00,0x00,0x00,0x00,0x00,0x00,0x00,0x00,0x00,0x00,0x00,
  0x00,0xbf,0xfd,0x00,0x00,0x00,0x00,0x00,0x00,0x00,0x00,0x00,0x00,0x00,0x01,0xff,0xff,0x30,0x00,0x00,0x00,0x00,0x00,0x00,
  0x00,0x00,0x00,0x00,0x06,0xff,0xff,0x80,0x00,0x00,0x00,0x00,0x00,0x00,0x00,0x00,0x00,0x00,0x0b,0xff,0xff,0xe0,0x00,0x00,
  0x00,0x00,0x00,0x00,0x00,0x00,0x00,0x00,0x2f,0xff,0xff,0xf4,0x00,0x00,0x00,0x00,0x00,0x00,0x00,0x00,0x00,0x00,0x7f,0xff,
  0xff,0xfa,0x00,0x00,0x00,0x00,0x00,0x00,0x00,0x00,0x00,0x00,0xcf,0xff,0xff,0xfe,0x00,0x00,0x00,0x00,0x00,0x00,0x00,0x00,
  0x00,0x02,0xff,0xff,0xff,0xff,0x40,0x00,0x00,0x00,0x00,0x00,0x00,0x00,0x00,0x08,0xff,0xfe,0xcf,0xff,0xb0,0x00,0x00,0x00,
  0x00,0x00,0x00,0x00,0x02,0xbf,0xff,0xf7,0x2f,0xff,0xfd,0x40,0x00,0x00,0x00,0x00,0x00,0x00,0x5e,0xff,0xff,0xe1,0x0d,0xff,
  0xff,0xf7,0x00,0x00,0x00,0x00,0x00,0x05,0xff,0xff,0xff,0x90,0x05,0xff,0xff,0xff,0x80,0x00,0x00,0x00,0x00,0x2e,0xff,0xff,
  0xb4,0x00,0x00,0x29,0xff,0xff,0xf5,0x00,0x00,0x00,0x00,0xbf,0xff,0xf7,0x00,0x00,0x00,0x00,0x4e,0xff,0xfe,0x10,0x00,0x00,
  0x04,0xff,0xff,0x70,0x00,0x00,0x00,0x00,0x03,0xff,0xff,0x70,0x00,0x00,0x0a,0xff,0xfc,0x00,0x00,0x00,0x00,0x00,0x00,0x8f,
  0xff,0xd0,0x00,0x00,0x0e,0xff,0xf4,0x00,0x00,0x00,0x00,0x00,0x00,0x1e,0xff,0xf3,0x00,0x00,0x2f,0xff,0xe0,0x00,0x00,0x00,
  0x00,0x00,0x00,0x0a,0xff,0xf6,0x00,0x00,0x4f,0xff,0xb0,0x00,0x00,0x00,0x00,0x00,0x00,0x07,0xff,0xf8,0x00,0x00,0x4f,0xff,
  0xb0,0x00,0x00,0x00,0x00,0x00,0x00,0x07,0xff,0xf8,0x00,0x00,0x3f,0xff,0xd0,0x00,0x00,0x00,0x00,0x00,0x00,0x09,0xff,0xf7,
  0x00,0x00,0x0e,0xff,0xf2,0x00,0x00,0x00,0x00,0x00,0x00,0x0d,0xff,0xf3,0x00,0x00,0x0b,0xff,0xfa,0x00,0x00,0x00,0x00,0x00,
  0x00,0x6f,0xff,0xe1,0x00,0x00,0x05,0xff,0xff,0x40,0x00,0x00,0x00,0x00,0x01,0xef,0xff,0x90,0x00,0x00,0x00,0xdf,0xff,0xe3,
  0x00,0x00,0x00,0x00,0x1c,0xff,0xff,0x20,0x00,0x00,0x00,0x4f,0xff,0xff,0x81,0x00,0x00,0x06,0xef,0xff,0xf7,0x00,0x00,0x00,
  0x00,0x08,0xff,0xff,0xfe,0xa8,0x89,0xdf,0xff,0xff,0xb0,0x00,0x00,0x00,0x00,0x00,0x8f,0xff,0xff,0xff,0xff,0xff,0xff,0xfb,
  0x10,0x00,0x00,0x00,0x00,0x00,0x05,0xef,0xff,0xff,0xff,0xff,0xff,0x80,0x00,0x00,0x00,0x00,0x00,0x00,0x00,0x18,0xdf,0xff,
  0xff,0xfe,0x92,0x00,0x00,0x00,0x00,0x00,0x00,0x00,0x00,0x00,0x03,0x57,0x76,0x30,0x00,0x00,0x00,0x00,0x00,0x00,0x00,0x00,
  0x00,0x00,0x00,0x00,0x00,0x00,0x00,0x00,0x00,0x00,0x00,
};

static const kb_glyph_t face44_glyphs[] = {
  {0x00020,0,0,0,0,14,0},
  {0x00021,5,32,6,-32,18,0},
  {0x00022,12,12,4,-32,20,96},
  {0x00023,31,31,3,-31,37,168},
  {0x00024,22,39,3,-33,28,664},
  {0x00025,38,33,2,-33,42,1093},
  {0x00026,31,33,2,-33,34,1720},
  {0x00027,4,12,4,-32,12,2248},
  {0x00028,11,39,3,-33,17,2272},
  {0x00029,11,39,3,-33,17,2506},
  {0x0002a,20,20,1,-33,22,2740},
  {0x0002b,29,28,4,-28,37,2940},
  {0x0002c,7,11,3,-5,14,3360},
  {0x0002d,12,4,2,-14,16,3404},
  {0x0002e,6,5,4,-5,14,3428},
  {0x0002f,15,36,0,-32,15,3443},
  {0x00030,24,33,2,-33,28,3731},
  {0x00031,20,32,4,-32,28,4127},
  {0x00032,21,33,3,-33,28,4447},
  {0x00033,22,33,3,-33,28,4810},
  {0x00034,24,32,2,-32,28,5173},
  {0x00035,22,32,3,-32,28,5557},
  {0x00036,23,33,3,-33,28,5909},
  {0x00037,22,32,3,-32,28,6305},
  {0x00038,22,33,3,-33,28,6657},
  {0x00039,23,33,2,-33,28,7020},
  {0x0003a,5,23,5,-23,15,7416},
  {0x0003b,7,29,3,-23,15,7485},
  {0x0003c,29,24,4,-26,37,7601},
  {0x0003d,29,13,4,-20,37,7961},
  {0x0003e,29,24,4,-26,37,8156},
  {0x0003f,18,33,3,-33,23,8516},
  {0x00040,39,39,2,-31,44,8813},
  {0x00041,30,32,0,-32,30,9593},
  {0x00042,24,32,4,-32,30,10073},
  {0x00043,27,33,2,-33,31,10457},
  {0x00044,28,32,4,-32,34,10919},
  {0x00045,21,32,4,-32,28,11367},
  {0x00046,19,32,4,-32,25,11719},
  {0x00047,29,33,2,-33,34,12039},
  {0x00048,25,32,4,-32,33,12534},
  {0x00049,5,32,4,-32,13,12950},
  {0x0004a,12,41,-3,-32,13,13046},
  {0x0004b,26,32,4,-32,29,13292},
  {0x0004c,21,32,4,-32,25,13708},
  {0x0004d,30,32,4,-32,38,14060},
  {0x0004e,25,32,4,-32,33,14540},
  {0x0004f,31,33,2,-33,35,14956},
  {0x00050,22,32,4,-32,27,15484},
  {0x00051,31,39,2,-33,35,15836},
  {0x00052,26,32,4,-32,31,16460},
  {0x00053,24,33,2,-33,28,16876},
  {0x00054,28,32,-1,-32,27,17272},
  {0x00055,26,32,3,-32,32,17720},
  {0x00056,30,32,0,-32,30,18136},
  {0x00057,42,32,1,-32,44,18616},
  {0x00058,28,32,1,-32,30,19288},
  {0x00059,28,32,-1,-32,27,19736},
  {0x0005a,28,32,1,-32,30,20184},
  {0x0005b,10,39,3,-33,17,20632},
  {0x0005c,15,36,0,-32,15,20827},
  {0x0005d,10,39,4,-33,17,21115},
  {0x0005e,29,12,4,-32,37,21310},
  {0x0005f,24,3,-1,7,22,21490},
  {0x00060,11,8,3,-35,22,21526},
  {0x00061,21,25,2,-25,27,21574},
  {0x00062,22,33,4,-33,28,21849},
  {0x00063,20,25,2,-25,24,22212},
  {0x00064,22,33,2,-33,28,22462},
  {0x00065,23,25,2,-25,27,22825},
  {0x00066,16,33,1,-33,15,23125},
  {0x00067,22,34,2,-25,28,23389},
  {0x00068,21,33,4,-33,28,23763},
  {0x00069,5,33,4,-33,12,24126},
  {0x0006a,10,42,-1,-33,12,24225},
  {0x0006b,22,33,4,-33,25,24435},
  {0x0006c,5,33,4,-33,12,24798},
  {0x0006d,36,25,4,-25,43,24897},
  {0x0006e,21,25,4,-25,28,25347},
  {0x0006f,23,25,2,-25,27,25622},
  {0x00070,22,34,4,-25,28,25922},
  {0x00071,22,34,2,-25,28,26296},
  {0x00072,15,25,4,-25,18,26670},
  {0x00073,19,25,2,-25,23,26870},
  {0x00074,16,31,1,-31,17,27120},
  {0x00075,21,24,3,-24,28,27368},
  {0x00076,24,24,1,-24,26,27632},
  {0x00077,34,24,1,-24,36,27920},
  {0x00078,24,24,1,-24,26,28328},
  {0x00079,24,33,1,-24,26,28616},
  {0x0007a,21,24,1,-24,23,29012},
  {0x0007b,18,41,5,-33,28,29276},
  {0x0007c,5,44,5,-33,15,29645},
  {0x0007d,18,41,5,-33,28,29777},
  {0x0007e,29,9,4,-18,37,30146},
  {0x000ac,29,12,4,-19,37,35728},
  {0x000b0,14,14,4,-33,22,32068},
  {0x000b1,29,27,4,-27,37,84327},
  {0x000b4,11,8,8,-35,22,31992},
  {0x000b7,6,5,4,-18,14,48577},
  {0x002c6,14,8,4,-35,22,48449},
  {0x002c7,14,8,4,-35,22,43300},
  {0x002ca,11,9,8,-36,22,39818},
  {0x002cb,11,9,3,-36,22,39872},
  {0x002cd,14,3,4,3,22,92413},
  {0x002d8,14,6,4,-35,22,32166},
  {0x002d9,6,4,8,-33,22,35999},
  {0x002da,12,12,5,-39,22,48505},
  {0x003a9,31,33,1,-33,34,44205},
  {0x003b1,25,25,2,-25,29,78026},
  {0x003b2,21,43,4,-34,28,78351},
  {0x003b3,25,33,0,-24,26,78824},
  {0x003b4,23,33,2,-33,27,79253},
  {0x003b5,19,25,2,-25,24,44778},
  {0x003b8,23,33,2,-33,27,79649},
  {0x003bb,24,33,1,-33,26,80045},
  {0x003bc,24,33,3,-24,28,80441},
  {0x003c0,25,24,1,-24,26,80837},
  {0x003c3,25,24,2,-24,28,81149},
  {0x003c4,23,24,2,-24,26,81461},
  {0x003c6,25,34,2,-25,29,81749},
  {0x003c8,25,33,2,-24,29,82191},
  {0x003c9,32,24,2,-23,37,31608},
  {0x00414,31,39,2,-32,34,38894},
  {0x00422,28,32,-1,-32,27,41745},
  {0x00e51,18,20,2,-20,22,51904},
  {0x010e6,31,36,2,-25,35,66987},
  {0x01416,28,40,4,-40,34,89030},
  {0x0141b,28,40,2,-40,34,88470},
  {0x015dc,28,25,8,-25,44,48592},
  {0x01d17,23,14,2,-13,27,45094},
  {0x01d25,20,25,0,-25,22,49790},
  {0x01d52,15,14,1,-28,18,87236},
  {0x01d54,15,8,1,-29,18,87348},
  {0x01d55,15,8,1,-22,18,32208},
  {0x01d58,14,14,2,-28,18,87412},
  {0x01d5b,16,14,0,-28,18,87510},
  {0x02014,40,3,2,-14,44,30281},
  {0x02018,7,11,3,-32,14,90478},
  {0x02019,8,11,3,-32,14,90522},
  {0x0201c,16,11,3,-32,23,90302},
  {0x0201d,16,11,3,-32,23,90390},
  {0x02022,14,13,6,-23,26,35908},
  {0x02026,34,5,5,-5,44,45570},
  {0x0203f,40,8,-2,2,35,87986},
  {0x02200,30,33,0,-33,30,31113},
  {0x02207,31,32,-1,-32,29,42788},
  {0x02211,29,40,0,-32,30,67563},
  {0x0221a,28,37,1,-36,28,84732},
  {0x0221e,28,18,4,-22,37,82620},
  {0x02220,32,33,3,-33,39,65711},
  {0x02229,22,26,5,-26,32,52760},
  {0x0222a,22,26,5,-26,32,53046},
  {0x02234,24,22,2,-27,28,85250},
  {0x02235,24,22,2,-27,28,85514},
  {0x02248,29,18,4,-23,37,82872},
  {0x02260,29,27,4,-27,37,83142},
  {0x02261,29,20,4,-24,37,39518},
  {0x02264,29,26,4,-26,37,83547},
  {0x02265,29,26,4,-26,37,83937},
  {0x02266,29,33,4,-29,37,32767},
  {0x02267,29,33,4,-29,37,32272},
  {0x02299,29,30,4,-29,37,62626},
  {0x02312,38,8,3,-36,44,45262},
  {0x02500,28,4,-1,-17,26,70755},
  {0x02501,28,8,-1,-19,26,72149},
  {0x02502,4,53,11,-42,26,70811},
  {0x0250c,16,28,11,-17,26,69843},
  {0x02510,16,28,-1,-17,26,70067},
  {0x02514,16,29,11,-42,26,70291},
  {0x02518,16,29,-1,-42,26,70523},
  {0x0252c,28,28,-1,-17,26,70917},
  {0x02534,28,29,-1,-42,26,71309},
  {0x0253b,28,31,-1,-42,26,71715},
  {0x02565,28,28,-1,-17,26,35336},
  {0x0256d,16,28,11,-17,26,72725},
  {0x0256e,16,28,-1,-17,26,72949},
  {0x0256f,16,29,-1,-42,26,72261},
  {0x02570,16,29,11,-42,26,72493},
  {0x02594,36,7,-1,-41,34,43356},
  {0x025a1,34,35,4,-29,42,38299},
  {0x025b3,34,35,0,-29,34,49195},
  {0x025bd,34,35,0,-29,34,42193},
  {0x025bf,22,23,0,-23,22,48942},
  {0x025c6,34,35,0,-29,34,53927},
  {0x025c7,34,35,0,-29,34,53332},
  {0x025c9,34,35,2,-29,38,50346},
  {0x025cb,34,35,2,-29,38,33262},
  {0x025cf,34,34,2,-29,38,33857},
  {0x025d4,34,35,2,-29,38,50941},
  {0x025d5,34,35,2,-29,38,34435},
  {0x025de,17,18,0,-12,17,88146},
  {0x025df,17,18,0,-12,17,88308},
  {0x025e0,34,18,2,-29,38,50040},
  {0x025e1,34,18,2,-12,38,35030},
  {0x02600,33,33,3,-33,39,56715},
  {0x02601,40,17,2,-16,44,57276},
  {0x02602,36,33,2,-33,39,57616},
  {0x02603,33,41,3,-41,39,58210},
  {0x02605,35,33,2,-32,39,37183},
  {0x02606,35,33,2,-32,39,36589},
  {0x0261c,33,22,3,-26,39,66239},
  {0x0261d,21,32,3,-32,27,75853},
  {0x0261e,33,22,3,-26,39,66613},
  {0x0263a,40,40,3,-36,46,59451},
  {0x0263b,40,40,3,-36,46,60251},
  {0x02640,26,39,3,-33,32,74521},
  {0x02642,34,33,3,-32,39,75028},
  {0x02661,33,32,3,-32,39,30569},
  {0x02665,33,33,3,-33,39,54522},
  {0x02668,31,34,4,-33,39,58907},
  {0x02669,12,34,3,-33,21,85778},
  {0x0266a,22,34,3,-33,28,37777},
  {0x0266b,24,38,8,-33,39,85982},
  {0x0266c,32,34,4,-33,39,55083},
  {0x0270c,16,33,9,-33,37,75589},
  {0x02713,24,24,6,-28,37,61051},
  {0x02714,27,25,5,-28,37,61339},
  {0x02717,26,34,5,-33,37,61689},
  {0x02718,29,33,5,-33,37,62131},
  {0x02727,33,34,2,-33,37,36011},
  {0x02729,35,34,1,-33,37,73909},
  {0x0273f,33,32,2,-32,37,55627},
  {0x02740,33,32,2,-32,37,56171},
  {0x03001,10,9,4,-3,44,89590},
  {0x03002,10,10,4,-5,44,89635},
  {0x03003,18,23,13,-27,44,43998},
  {0x03006,38,42,3,-36,44,86438},
  {0x03007,39,39,3,-35,44,63947},
  {0x0300a,18,40,24,-36,44,91189},
  {0x0300b,18,40,2,-36,44,91549},
  {0x0300c,14,23,26,-36,44,90566},
  {0x0300d,14,22,4,-18,44,90727},
  {0x0300e,14,22,26,-36,44,90881},
  {0x0300f,14,22,4,-18,44,91035},
  {0x03010,12,42,27,-37,44,91909},
  {0x03011,12,42,5,-37,44,92161},
  {0x03012,29,31,2,-30,44,76205},
  {0x0301c,40,12,2,-23,44,63076},
  {0x03078,44,20,0,-22,45,65271},
  {0x0309b,11,10,31,-34,45,64727},
  {0x0309c,10,9,32,-36,45,44733},
  {0x030ce,31,35,5,-31,45,41185},
  {0x030d8,43,22,0,-25,45,64787},
  {0x030df,23,36,10,-31,45,76670},
  {0x030ee,26,29,9,-21,45,40808},
  {0x030fb,8,7,19,-19,44,32040},
  {0x030fd,21,23,12,-27,44,63316},
  {0x030fe,28,27,12,-31,44,63569},
  {0x03141,26,22,9,-27,44,52408},
  {0x03145,31,23,6,-27,44,51536},
  {0x051f8,39,41,2,-35,44,69023},
  {0x05c6e,39,43,2,-37,44,68163},
  {0x05f61,42,44,1,-37,44,77102},
  {0x076bf,42,38,0,-35,44,92434},
  {0x076ca,42,42,1,-36,44,39926},
  {0x0a20d,25,28,8,-28,44,87622},
  {0x0a4b3,25,12,8,-28,44,45414},
  {0x0fe35,38,12,1,-13,44,30341},
  {0x0fe36,38,14,1,-27,44,47955},
  {0x0fe39,38,11,1,-13,44,73173},
  {0x0fe3a,38,10,1,-24,44,73382},
  {0x0fe3f,37,12,2,-13,44,48221},
  {0x0fe40,38,12,1,-26,44,73572},
  {0x0fe4f,41,7,0,-5,44,93232},
  {0x0ff01,6,30,19,-30,44,89721},
  {0x0ff08,10,38,28,-30,44,45655},
  {0x0ff09,10,39,6,-31,44,45845},
  {0x0ff0c,6,12,19,-6,44,89685},
  {0x0ff0f,36,39,2,-31,44,46502},
  {0x0ff1a,5,22,20,-22,44,90152},
  {0x0ff1b,6,28,19,-22,44,90218},
  {0x0ff1c,22,21,11,-23,44,46040},
  {0x0ff1e,22,21,11,-23,44,46271},
  {0x0ff1f,21,31,11,-31,44,89811},
  {0x0ff3c,34,39,5,-31,44,47204},
  {0x0ff3e,18,20,13,-31,44,43578},
  {0x0ff3f,32,3,6,3,44,43482},
  {0x0ff40,12,8,16,-32,44,43530},
  {0x0ff4f,20,24,12,-23,44,43758},
  {0x0ff5c,3,44,20,-33,43,47867},
  {0x0ff5e,26,7,9,-16,44,38151},
  {0x0ff61,12,11,2,-11,22,45028},
  {0x0ff65,6,7,8,-20,22,73888},
  {0x0ff89,18,36,2,-33,22,52084},
  {0x0ff9e,15,11,2,-33,22,73800},
  {0x0ff9f,12,11,2,-33,22,52694},
  {0x0ffe3,38,3,3,-32,44,38242},
  {0x1f4a2,38,38,3,-40,44,93379},
  {0x1f4a7,28,37,8,-39,34,94101},
};

const kb_font_t kb_font_face44 = {
  .glyphs = face44_glyphs,
  .count = 290,
  .bitmap = face44_bitmap,
  .ascent = 41,
  .descent = 11,
  .line_height = 52,
  .size = 44,
};
