/* Generated by tools/gen_fonts.py - do not edit. */
#include "kb_font.h"

static const uint8_t face18_bitmap[] = {
  0x4f,0x80,0x4f,0x80,0x4f,0x80,0x4f,0x80,0x4f,0x80,0x4f,0x70,0x3f,0x70,0x2f,0x60,0x2f,0x50,0x00,0x00,0x00,0x00,0x4f,0x80,
  0x4f,0x80,0x4f,0x30,0xf8,0x4f,0x30,0xf8,0x4f,0x30,0xf8,0x4f,0x30,0xf8,0x4f,0x30,0xf8,0x00,0x00,0x0a,0xc0,0x0a,0xb0,0x00,
  0x00,0x00,0x0e,0x80,0x0e,0x80,0x00,0x00,0x00,0x1f,0x40,0x2f,0x40,0x00,0x00,0x00,0x5f,0x10,0x5f,0x10,0x00,0x09,0xff,0xff,
  0xff,0xff,0xff,0xb0,0x09,0xff,0xff,0xff,0xff,0xff,0xb0,0x00,0x00,0xe7,0x00,0xf7,0x00,0x00,0x00,0x05,0xf1,0x05,0xf1,0x00,
  0x00,0x9f,0xff,0xff,0xff,0xff,0xfb,0x00,0x9f,0xff,0xff,0xff,0xff,0xfb,0x00,0x00,0x0f,0x70,0x0f,0x60,0x00,0x00,0x00,0x3f,
  0x30,0x3f,0x30,0x00,0x00,0x00,0x6f,0x00,0x6f,0x00,0x00,0x00,0x00,0xac,0x00,0xac,0x00,0x00,0x00,0x00,0x00,0xc1,0x00,0x00,
  0x00,0x00,0xc1,0x00,0x00,0x01,0x9d,0xfe,0xb4,0x00,0x0d,0xff,0xff,0xff,0x20,0x5f,0xb2,0xc2,0x4b,0x20,0x7f,0x20,0xc1,0x00,
  0x00,0x3f,0x70,0xc1,0x00,0x00,0x08,0xfd,0xf7,0x30,0x00,0x00,0x27,0xed,0xfc,0x10,0x00,0x00,0xc1,0x3e,0xa0,0x00,0x00,0xc1,
  0x0b,0xe0,0x78,0x20,0xc2,0x6f,0xc0,0x8f,0xff,0xff,0xff,0x50,0x06,0xbe,0xfe,0xb4,0x00,0x00,0x00,0xd1,0x00,0x00,0x00,0x00,
  0xc1,0x00,0x00,0x00,0x00,0xc1,0x00,0x00,0x08,0xee,0x90,0x00,0x00,0x5f,0x10,0x00,0x7e,0x22,0xe8,0x00,0x01,0xe6,0x00,0x00,
  0xd8,0x00,0x7e,0x00,0x0a,0xc0,0x00,0x00,0xf6,0x00,0x5f,0x00,0x4f,0x20,0x00,0x00,0xd8,0x00,0x7e,0x00,0xd8,0x00,0x00,0x00,
  0x7e,0x22,0xe8,0x08,0xd0,0x00,0x00,0x00,0x08,0xee,0x90,0x2f,0x40,0x8e,0xe9,0x00,0x00,0x00,0x00,0xca,0x07,0xe3,0x2d,0x90,
  0x00,0x00,0x06,0xe1,0x0c,0x90,0x06,0xf0,0x00,0x00,0x1f,0x50,0x0e,0x70,0x05,0xf1,0x00,0x00,0xab,0x00,0x0d,0x90,0x06,0xf0,
  0x00,0x04,0xf2,0x00,0x07,0xe3,0x1d,0x90,0x00,0x0e,0x70,0x00,0x00,0x8e,0xe9,0x00,0x00,0x1a,0xef,0xc5,0x00,0x00,0x00,0x00,
  0xdf,0xff,0xff,0x20,0x00,0x00,0x04,0xfc,0x20,0x3b,0x10,0x00,0x00,0x04,0xf5,0x00,0x00,0x00,0x00,0x00,0x00,0xec,0x00,0x00,
  0x00,0x00,0x00,0x01,0xcf,0xc1,0x00,0x00,0x00,0x00,0x0c,0xc3,0xde,0x20,0x00,0xec,0x00,0x8f,0x10,0x1c,0xf4,0x01,0xf7,0x00,
  0xce,0x00,0x00,0xbf,0x79,0xe1,0x00,0xcf,0x20,0x00,0x09,0xff,0x50,0x00,0x8f,0xe5,0x10,0x3a,0xff,0x80,0x00,0x0c,0xff,0xff,
  0xff,0x6a,0xf5,0x00,0x00,0x7d,0xff,0xb3,0x01,0xff,0x20,0x4f,0x30,0x4f,0x30,0x4f,0x30,0x4f,0x30,0x4f,0x30,0x00,0x2f,0x50,
  0x00,0xac,0x00,0x02,0xf5,0x00,0x09,0xf0,0x00,0x0e,0xb0,0x00,0x2f,0x80,0x00,0x5f,0x50,0x00,0x6f,0x40,0x00,0x6f,0x40,0x00,
  0x5f,0x50,0x00,0x2f,0x80,0x00,0x0e,0xb0,0x00,0x09,0xf0,0x00,0x02,0xf5,0x00,0x00,0xac,0x00,0x00,0x2f,0x50,0x4f,0x20,0x00,
  0x0c,0xa0,0x00,0x05,0xf2,0x00,0x00,0xf9,0x00,0x00,0xbe,0x00,0x00,0x7f,0x20,0x00,0x5f,0x50,0x00,0x4f,0x60,0x00,0x4f,0x60,
  0x00,0x5f,0x50,0x00,0x7f,0x20,0x00,0xbe,0x00,0x00,0xf9,0x00,0x05,0xf2,0x00,0x0c,0xa0,0x00,0x4f,0x20,0x00,0x00,0x00,0xf0,
  0x00,0x00,0x3a,0x10,0xf0,0x1a,0x30,0x1a,0xe4,0xf4,0xea,0x10,0x00,0x4d,0xfd,0x40,0x00,0x00,0x4d,0xfd,0x30,0x00,0x19,0xe4,
  0xf4,0xe9,0x10,0x3a,0x10,0xf0,0x1a,0x30,0x00,0x00,0xf0,0x00,0x00,0x00,0x00,0x03,0xf4,0x00,0x00,0x00,0x00,0x00,0x03,0xf4,
  0x00,0x00,0x00,0x00,0x00,0x03,0xf4,0x00,0x00,0x00,0x00,0x00,0x03,0xf4,0x00,0x00,0x00,0x00,0x00,0x03,0xf4,0x00,0x00,0x00,
  0x1f,0xff,0xff,0xff,0xff,0xff,0x20,0x1f,0xff,0xff,0xff,0xff,0xff,0x20,0x00,0x00,0x03,0xf4,0x00,0x00,0x00,0x00,0x00,0x03,
  0xf4,0x00,0x00,0x00,0x00,0x00,0x03,0xf4,0x00,0x00,0x00,0x00,0x00,0x03,0xf4,0x00,0x00,0x00,0x00,0x00,0x03,0xf4,0x00,0x00,
  0x00,0x0e,0xf0,0x0e,0xd0,0x3f,0x50,0x7c,0x00,0x2f,0xff,0xf9,0x2f,0xff,0xf9,0x1f,0xc0,0x1f,0xc0,0x00,0x00,0x9e,0x00,0x00,
  0x00,0xe9,0x00,0x00,0x03,0xf4,0x00,0x00,0x07,0xf0,0x00,0x00,0x0c,0xb0,0x00,0x00,0x1f,0x60,0x00,0x00,0x6f,0x10,0x00,0x00,
  0xbc,0x00,0x00,0x00,0xf7,0x00,0x00,0x05,0xf2,0x00,0x00,0x0a,0xd0,0x00,0x00,0x0e,0x90,0x00,0x00,0x3f,0x40,0x00,0x00,0x8e,
  0x00,0x00,0x00,0xda,0x00,0x00,0x00,0x00,0x6d,0xfe,0x91,0x00,0x07,0xff,0xff,0xfd,0x00,0x1f,0xf5,0x02,0xbf,0x80,0x7f,0x70,
  0x00,0x1f,0xe0,0xaf,0x20,0x00,0x0b,0xf1,0xcf,0x00,0x00,0x09,0xf3,0xcf,0x00,0x00,0x08,0xf3,0xcf,0x00,0x00,0x09,0xf3,0xaf,
  0x20,0x00,0x0b,0xf1,0x7f,0x70,0x00,0x1f,0xe0,0x1f,0xf5,0x02,0xbf,0x80,0x07,0xff,0xff,0xfd,0x10,0x00,0x6d,0xfe,0x91,0x00,
  0x02,0x7c,0xfe,0x00,0x00,0x0f,0xff,0xfe,0x00,0x00,0x0d,0x83,0xde,0x00,0x00,0x00,0x00,0xde,0x00,0x00,0x00,0x00,0xde,0x00,
  0x00,0x00,0x00,0xde,0x00,0x00,0x00,0x00,0xde,0x00,0x00,0x00,0x00,0xde,0x00,0x00,0x00,0x00,0xde,0x00,0x00,0x00,0x00,0xde,
  0x00,0x00,0x00,0x00,0xde,0x00,0x00,0x0c,0xff,0xff,0xff,0xc0,0x0c,0xff,0xff,0xff,0xc0,0x16,0xbe,0xfd,0x70,0x00,0x9f,0xff,
  0xff,0xfd,0x00,0x89,0x41,0x04,0xef,0x60,0x00,0x00,0x00,0x5f,0x80,0x00,0x00,0x00,0x4f,0x60,0x00,0x00,0x00,0xcd,0x00,0x00,
  0x00,0x0a,0xf3,0x00,0x00,0x00,0xbe,0x30,0x00,0x00,0x1c,0xe2,0x00,0x00,0x02,0xde,0x20,0x00,0x00,0x3e,0xd1,0x00,0x00,0x00,
  0xbf,0xff,0xff,0xff,0xa0,0xbf,0xff,0xff,0xff,0xa0,0x04,0xae,0xfd,0x92,0x00,0x3f,0xff,0xff,0xff,0x20,0x3a,0x41,0x02,0xaf,
  0x90,0x00,0x00,0x00,0x2f,0xa0,0x00,0x00,0x02,0xaf,0x50,0x00,0x5f,0xff,0xd6,0x00,0x00,0x5f,0xff,0xf9,0x00,0x00,0x00,0x02,
  0xaf,0x90,0x00,0x00,0x00,0x0d,0xe0,0x00,0x00,0x00,0x0e,0xf0,0x87,0x20,0x03,0xaf,0xb0,0xaf,0xff,0xff,0xff,0x30,0x17,0xcf,
  0xfd,0x92,0x00,0x00,0x00,0x01,0xef,0x90,0x00,0x00,0x00,0x0a,0xef,0x90,0x00,0x00,0x00,0x5f,0x5f,0x90,0x00,0x00,0x01,0xe6,
  0x3f,0x90,0x00,0x00,0x0a,0xb0,0x3f,0x90,0x00,0x00,0x4e,0x10,0x3f,0x90,0x00,0x00,0xe5,0x00,0x3f,0x90,0x00,0x09,0xa0,0x00,
  0x3f,0x90,0x00,0x1f,0xff,0xff,0xff,0xff,0x70,0x2f,0xff,0xff,0xff,0xff,0x70,0x00,0x00,0x00,0x3f,0x90,0x00,0x00,0x00,0x00,
  0x3f,0x90,0x00,0x00,0x00,0x00,0x3f,0x90,0x00,0x1f,0xff,0xff,0xfe,0x00,0x1f,0xff,0xff,0xfe,0x00,0x1f,0x90,0x00,0x00,0x00,
  0x1f,0x90,0x00,0x00,0x00,0x1f,0xee,0xfd,0x70,0x00,0x1f,0xff,0xff,0xfc,0x00,0x0a,0x30,0x15,0xdf,0x70,0x00,0x00,0x00,0x2f,
  0xc0,0x00,0x00,0x00,0x0f,0xd0,0x00,0x00,0x00,0x2f,0xc0,0x87,0x20,0x15,0xdf,0x70,0x9f,0xff,0xff,0xfc,0x00,0x17,0xcf,0xfc,
  0x70,0x00,0x00,0x18,0xdf,0xd8,0x00,0x01,0xdf,0xff,0xff,0x70,0x0c,0xfc,0x30,0x17,0x60,0x3f,0xe1,0x00,0x00,0x00,0x8f,0x70,
  0x00,0x00,0x00,0xaf,0x38,0xef,0xc5,0x00,0xbf,0xaf,0xff,0xff,0x70,0xbf,0xe4,0x01,0x6f,0xf1,0x9f,0x70,0x00,0x09,0xf4,0x5f,
  0x70,0x00,0x09,0xf4,0x1f,0xe4,0x01,0x6f,0xf1,0x06,0xff,0xff,0xff,0x70,0x00,0x4c,0xff,0xc5,0x00,0x8f,0xff,0xff,0xff,0xe0,
  0x8f,0xff,0xff,0xff,0xa0,0x00,0x00,0x00,0x6f,0x30,0x00,0x00,0x00,0xdd,0x00,0x00,0x00,0x03,0xf7,0x00,0x00,0x00,0x0a,0xf1,
  0x00,0x00,0x00,0x1f,0xa0,0x00,0x00,0x00,0x7f,0x40,0x00,0x00,0x00,0xde,0x00,0x00,0x00,0x04,0xf8,0x00,0x00,0x00,0x0a,0xf2,
  0x00,0x00,0x00,0x1f,0xb0,0x00,0x00,0x00,0x8f,0x50,0x00,0x00,0x01,0x8d,0xfe,0xb4,0x00,0x0d,0xff,0xff,0xff,0x60,0x6f,0xc3,
  0x01,0x7f,0xd0,0x6f,0x50,0x00,0x0e,0xd0,0x1f,0xc2,0x01,0x7f,0x80,0x03,0xcf,0xff,0xe8,0x00,0x06,0xef,0xff,0xfa,0x10,0x4f,
  0xc3,0x01,0x7f,0xb0,0xaf,0x10,0x00,0x0a,0xf1,0xcf,0x10,0x00,0x0a,0xf2,0x9f,0xc3,0x01,0x7f,0xf0,0x1e,0xff,0xff,0xff,0x70,
  0x01,0x9d,0xff,0xc5,0x00,0x01,0x9e,0xfe,0x80,0x00,0x1e,0xff,0xff,0xfc,0x00,0x9f,0xb2,0x02,0xbf,0x60,0xdf,0x00,0x00,0x0f,
  0xc0,0xdf,0x00,0x00,0x0f,0xf0,0x9f,0xb2,0x02,0xaf,0xf2,0x2e,0xff,0xff,0xeb,0xf2,0x02,0xae,0xfc,0x2c,0xf1,0x00,0x00,0x00,
  0x1f,0xf0,0x00,0x00,0x00,0x8f,0xa0,0x0b,0x30,0x18,0xff,0x30,0x0f,0xff,0xff,0xf6,0x00,0x04,0xbf,0xeb,0x40,0x00,0xef,0xef,
  0x00,0x00,0x00,0x00,0x00,0xef,0xef,0x0e,0xf0,0x0e,0xf0,0x00,0x00,0x00,0x00,0x00,0x00,0x00,0x00,0x00,0x00,0x0e,0xf0,0x0e,
  0xd0,0x3f,0x50,0x7c,0x00,0x00,0x00,0x00,0x00,0x00,0x5b,0x20,0x00,0x00,0x00,0x03,0x9f,0xfe,0x10,0x00,0x00,0x17,0xdf,0xfa,
  0x40,0x00,0x00,0x5b,0xff,0xc6,0x00,0x00,0x00,0x1f,0xfd,0x82,0x00,0x00,0x00,0x00,0x1f,0xfd,0x71,0x00,0x00,0x00,0x00,0x00,
  0x5b,0xff,0xb5,0x00,0x00,0x00,0x00,0x00,0x17,0xdf,0xfa,0x40,0x00,0x00,0x00,0x00,0x03,0x9f,0xfe,0x10,0x00,0x00,0x00,0x00,
  0x00,0x5b,0x20,0x1f,0xff,0xff,0xff,0xff,0xff,0x20,0x1f,0xff,0xff,0xff,0xff,0xff,0x20,0x00,0x00,0x00,0x00,0x00,0x00,0x00,
  0x00,0x00,0x00,0x00,0x00,0x00,0x00,0x1f,0xff,0xff,0xff,0xff,0xff,0x20,0x1f,0xff,0xff,0xff,0xff,0xff,0x20,0x1c,0x60,0x00,
  0x00,0x00,0x00,0x00,0x1d,0xff,0xa4,0x00,0x00,0x00,0x00,0x00,0x49,0xff,0xe8,0x20,0x00,0x00,0x00,0x00,0x05,0xbf,0xfc,0x60,
  0x00,0x00,0x00,0x00,0x01,0x7d,0xff,0x20,0x00,0x00,0x00,0x01,0x7d,0xff,0x20,0x00,0x00,0x05,0xbf,0xfc,0x60,0x00,0x00,0x39,
  0xff,0xe8,0x20,0x00,0x00,0x1d,0xff,0xa4,0x00,0x00,0x00,0x00,0x1c,0x60,0x00,0x00,0x00,0x00,0x00,0x18,0xdf,0xe9,0x10,0xbf,
  0xff,0xff,0xb0,0x97,0x20,0x3e,0xf2,0x00,0x00,0x08,0xf4,0x00,0x00,0x0d,0xe0,0x00,0x00,0xbf,0x50,0x00,0x0b,0xf5,0x00,0x00,
  0x5f,0x70,0x00,0x00,0x7f,0x30,0x00,0x00,0x8f,0x20,0x00,0x00,0x00,0x00,0x00,0x00,0x9f,0x30,0x00,0x00,0x9f,0x30,0x00,0x00,
  0x00,0x18,0xce,0xfe,0xa5,0x00,0x00,0x00,0x07,0xff,0xff,0xff,0xff,0xd3,0x00,0x00,0xaf,0xe8,0x30,0x01,0x49,0xff,0x30,0x06,
  0xfa,0x00,0x00,0x00,0x00,0x2d,0xe0,0x1e,0xb0,0x00,0x00,0x00,0x00,0x01,0xf6,0x6f,0x10,0x04,0xcf,0xd4,0x8c,0x00,0xaa,0xaa,
  0x00,0x3f,0xff,0xff,0xbc,0x00,0x9b,0xc7,0x00,0x9e,0x30,0x03,0xdc,0x00,0xd9,0xc7,0x00,0x9e,0x30,0x03,0xdc,0x3b,0xf4,0xaa,
  0x00,0x4f,0xff,0xff,0xbf,0xff,0x80,0x6f,0x10,0x04,0xcf,0xd4,0x8e,0xb4,0x00,0x1f,0xa0,0x00,0x00,0x00,0x00,0x00,0x00,0x07,
  0xfa,0x00,0x00,0x00,0x00,0x00,0x00,0x00,0xaf,0xe7,0x20,0x02,0x5a,0xb0,0x00,0x00,0x08,0xff,0xff,0xff,0xff,0x70,0x00,0x00,
  0x00,0x28,0xdf,0xfd,0x82,0x00,0x00,0x00,0x00,0x1f,0xf5,0x00,0x00,0x00,0x00,0x00,0x6f,0xfb,0x00,0x00,0x00,0x00,0x00,0xcd,
  0x8f,0x20,0x00,0x00,0x00,0x03,0xf7,0x2f,0x80,0x00,0x00,0x00,0x09,0xf1,0x0c,0xe0,0x00,0x00,0x00,0x0e,0xb0,0x06,0xf4,0x00,
  0x00,0x00,0x5f,0x50,0x00,0xfa,0x00,0x00,0x00,0xbe,0x00,0x00,0xaf,0x10,0x00,0x02,0xff,0xff,0xff,0xff,0x60,0x00,0x08,0xff,
  0xff,0xff,0xff,0xd0,0x00,0x0e,0xf0,0x00,0x00,0x0a,0xf3,0x00,0x4f,0x90,0x00,0x00,0x04,0xf9,0x00,0xaf,0x30,0x00,0x00,0x00,
  0xef,0x00,0x3f,0xff,0xff,0xd9,0x20,0x00,0x3f,0xff,0xff,0xff,0xe1,0x00,0x3f,0x80,0x00,0x2b,0xf7,0x00,0x3f,0x80,0x00,0x04,
  0xf7,0x00,0x3f,0x80,0x00,0x2b,0xf3,0x00,0x3f,0xff,0xff,0xfd,0x50,0x00,0x3f,0xff,0xff,0xff,0x90,0x00,0x3f,0x80,0x00,0x29,
  0xf9,0x00,0x3f,0x80,0x00,0x00,0xef,0x00,0x3f,0x80,0x00,0x00,0xef,0x00,0x3f,0x80,0x00,0x29,0xfe,0x00,0x3f,0xff,0xff,0xff,
  0xf5,0x00,0x3f,0xff,0xff,0xeb,0x40,0x00,0x00,0x06,0xce,0xfe,0xb6,0x10,0x02,0xdf,0xff,0xff,0xff,0x90,0x0d,0xfd,0x51,0x01,
  0x39,0x80,0x6f,0xc0,0x00,0x00,0x00,0x00,0xbf,0x30,0x00,0x00,0x00,0x00,0xef,0x00,0x00,0x00,0x00,0x00,0xfe,0x00,0x00,0x00,
  0x00,0x00,0xef,0x00,0x00,0x00,0x00,0x00,0xbf,0x30,0x00,0x00,0x00,0x00,0x6f,0xc0,0x00,0x00,0x00,0x00,0x0d,0xfd,0x51,0x01,
  0x39,0x80,0x02,0xdf,0xff,0xff,0xff,0x90,0x00,0x06,0xce,0xfe,0xb6,0x10,0x3f,0xff,0xfe,0xda,0x40,0x00,0x3f,0xff,0xff,0xff,
  0xfc,0x10,0x3f,0x80,0x00,0x27,0xef,0xc0,0x3f,0x80,0x00,0x00,0x1e,0xf4,0x3f,0x80,0x00,0x00,0x06,0xf9,0x3f,0x80,0x00,0x00,
  0x02,0xfb,0x3f,0x80,0x00,0x00,0x01,0xfc,0x3f,0x80,0x00,0x00,0x02,0xfb,0x3f,0x80,0x00,0x00,0x06,0xf9,0x3f,0x80,0x00,0x00,
  0x1e,0xf4,0x3f,0x80,0x00,0x27,0xef,0xc0,0x3f,0xff,0xff,0xff,0xfc,0x10,0x3f,0xff,0xff,0xda,0x40,0x00,0x3f,0xff,0xff,0xff,
  0xf1,0x3f,0xff,0xff,0xff,0xf1,0x3f,0x80,0x00,0x00,0x00,0x3f,0x80,0x00,0x00,0x00,0x3f,0x80,0x00,0x00,0x00,0x3f,0xff,0xff,
  0xff,0xc0,0x3f,0xff,0xff,0xff,0xc0,0x3f,0x80,0x00,0x00,0x00,0x3f,0x80,0x00,0x00,0x00,0x3f,0x80,0x00,0x00,0x00,0x3f,0x80,
  0x00,0x00,0x00,0x3f,0xff,0xff,0xff,0xf3,0x3f,0xff,0xff,0xff,0xf3,0x3f,0xff,0xff,0xff,0x50,0x3f,0xff,0xff,0xff,0x50,0x3f,
  0x80,0x00,0x00,0x00,0x3f,0x80,0x00,0x00,0x00,0x3f,0x80,0x00,0x00,0x00,0x3f,0xff,0xff,0xfc,0x00,0x3f,0xff,0xff,0xfc,0x00,
  0x3f,0x80,0x00,0x00,0x00,0x3f,0x80,0x00,0x00,0x00,0x3f,0x80,0x00,0x00,0x00,0x3f,0x80,0x00,0x00,0x00,0x3f,0x80,0x00,0x00,
  0x00,0x3f,0x80,0x00,0x00,0x00,0x00,0x06,0xbe,0xfe,0xc9,0x30,0x02,0xdf,0xff,0xff,0xff,0xf2,0x0d,0xfd,0x51,0x01,0x36,0xc1,
  0x6f,0xc0,0x00,0x00,0x00,0x00,0xbf,0x30,0x00,0x00,0x00,0x00,0xef,0x00,0x00,0x3f,0xff,0xf7,0xfe,0x00,0x00,0x3f,0xff,0xf7,
  0xef,0x00,0x00,0x00,0x04,0xf7,0xbf,0x30,0x00,0x00,0x04,0xf7,0x6f,0xc0,0x00,0x00,0x04,0xf7,0x0d,0xfd,0x51,0x01,0x3a,0xf7,
  0x02,0xdf,0xff,0xff,0xff,0xb1,0x00,0x06,0xbe,0xfe,0xb5,0x00,0x3f,0x80,0x00,0x00,0x0f,0xc0,0x3f,0x80,0x00,0x00,0x0f,0xc0,
  0x3f,0x80,0x00,0x00,0x0f,0xc0,0x3f,0x80,0x00,0x00,0x0f,0xc0,0x3f,0x80,0x00,0x00,0x0f,0xc0,0x3f,0xff,0xff,0xff,0xff,0xc0,
  0x3f,0xff,0xff,0xff,0xff,0xc0,0x3f,0x80,0x00,0x00,0x0f,0xc0,0x3f,0x80,0x00,0x00,0x0f,0xc0,0x3f,0x80,0x00,0x00,0x0f,0xc0,
  0x3f,0x80,0x00,0x00,0x0f,0xc0,0x3f,0x80,0x00,0x00,0x0f,0xc0,0x3f,0x80,0x00,0x00,0x0f,0xc0,0x3f,0x80,0x3f,0x80,0x3f,0x80,
  0x3f,0x80,0x3f,0x80,0x3f,0x80,0x3f,0x80,0x3f,0x80,0x3f,0x80,0x3f,0x80,0x3f,0x80,0x3f,0x80,0x3f,0x80,0x00,0x3f,0x80,0x00,
  0x3f,0x80,0x00,0x3f,0x80,0x00,0x3f,0x80,0x00,0x3f,0x80,0x00,0x3f,0x80,0x00,0x3f,0x80,0x00,0x3f,0x80,0x00,0x3f,0x80,0x00,
  0x3f,0x80,0x00,0x3f,0x80,0x00,0x3f,0x80,0x00,0x4f,0x80,0x00,0x6f,0x70,0x02,0xdf,0x30,0xff,0xfc,0x00,0xee,0xa1,0x00,0x3f,
  0x80,0x00,0x03,0xef,0x30,0x3f,0x80,0x00,0x3f,0xe3,0x00,0x3f,0x80,0x04,0xfe,0x20,0x00,0x3f,0x80,0x5f,0xd1,0x00,0x00,0x3f,
  0x86,0xfc,0x10,0x00,0x00,0x3f,0xdf,0xc0,0x00,0x00,0x00,0x3f,0xff,0xa0,0x00,0x00,0x00,0x3f,0x9a,0xfa,0x00,0x00,0x00,0x3f,
  0x80,0xaf,0xa0,0x00,0x00,0x3f,0x80,0x0a,0xfa,0x00,0x00,0x3f,0x80,0x00,0xaf,0xa0,0x00,0x3f,0x80,0x00,0x0a,0xfa,0x00,0x3f,
  0x80,0x00,0x00,0xaf,0xa0,0x3f,0x80,0x00,0x00,0x00,0x3f,0x80,0x00,0x00,0x00,0x3f,0x80,0x00,0x00,0x00,0x3f,0x80,0x00,0x00,
  0x00,0x3f,0x80,0x00,0x00,0x00,0x3f,0x80,0x00,0x00,0x00,0x3f,0x80,0x00,0x00,0x00,0x3f,0x80,0x00,0x00,0x00,0x3f,0x80,0x00,
  0x00,0x00,0x3f,0x80,0x00,0x00,0x00,0x3f,0x80,0x00,0x00,0x00,0x3f,0xff,0xff,0xff,0xf0,0x3f,0xff,0xff,0xff,0xf0,0x3f,0xf9,
  0x00,0x00,0x01,0xff,0xc0,0x3f,0xff,0x00,0x00,0x07,0xff,0xc0,0x3f,0x9f,0x60,0x00,0x0d,0xaf,0xc0,0x3f,0x7b,0xc0,0x00,0x4f,
  0x4f,0xc0,0x3f,0x75,0xf3,0x00,0xad,0x0f,0xc0,0x3f,0x70,0xe9,0x01,0xf7,0x0f,0xc0,0x3f,0x70,0x8f,0x07,0xf1,0x0f,0xc0,0x3f,
  0x70,0x2f,0x6d,0xa0,0x0f,0xc0,0x3f,0x70,0x0b,0xef,0x40,0x0f,0xc0,0x3f,0x70,0x05,0xfd,0x00,0x0f,0xc0,0x3f,0x70,0x00,0x00,
  0x00,0x0f,0xc0,0x3f,0x70,0x00,0x00,0x00,0x0f,0xc0,0x3f,0x70,0x00,0x00,0x00,0x0f,0xc0,0x3f,0xf6,0x00,0x00,0x0f,0xb0,0x3f,
  0xfe,0x00,0x00,0x0f,0xb0,0x3f,0xcf,0x70,0x00,0x0f,0xb0,0x3f,0x7c,0xf1,0x00,0x0f,0xb0,0x3f,0x73,0xf8,0x00,0x0f,0xb0,0x3f,
  0x70,0xbf,0x10,0x0f,0xb0,0x3f,0x70,0x2f,0xa0,0x0f,0xb0,0x3f,0x70,0x0a,0xf2,0x0f,0xb0,0x3f,0x70,0x02,0xfb,0x0f,0xb0,0x3f,
  0x70,0x00,0x9f,0x4f,0xb0,0x3f,0x70,0x00,0x1f,0xcf,0xb0,0x3f,0x70,0x00,0x07,0xff,0xb0,0x3f,0x70,0x00,0x00,0xef,0xb0,0x00,
  0x07,0xcf,0xfd,0x81,0x00,0x00,0x02,0xdf,0xff,0xff,0xfe,0x30,0x00,0x0d,0xfc,0x40,0x03,0xbf,0xe1,0x00,0x6f,0xc0,0x00,0x00,
  0x0a,0xf9,0x00,0xbf,0x30,0x00,0x00,0x01,0xfe,0x00,0xef,0x00,0x00,0x00,0x00,0xdf,0x10,0xfe,0x00,0x00,0x00,0x00,0xbf,0x20,
  0xef,0x00,0x00,0x00,0x00,0xdf,0x10,0xbf,0x30,0x00,0x00,0x01,0xfe,0x00,0x6f,0xc0,0x00,0x00,0x0a,0xf9,0x00,0x0d,0xfc,0x40,
  0x03,0xaf,0xe1,0x00,0x02,0xdf,0xff,0xff,0xfe,0x30,0x00,0x00,0x07,0xcf,0xfd,0x81,0x00,0x00,0x3f,0xff,0xff,0xc6,0x00,0x3f,
  0xff,0xff,0xff,0x70,0x3f,0x80,0x01,0x7f,0xf0,0x3f,0x80,0x00,0x0b,0xf3,0x3f,0x80,0x00,0x0b,0xf3,0x3f,0x80,0x01,0x7f,0xf0,
  0x3f,0xff,0xff,0xff,0x70,0x3f,0xff,0xff,0xc6,0x00,0x3f,0x80,0x00,0x00,0x00,0x3f,0x80,0x00,0x00,0x00,0x3f,0x80,0x00,0x00,
  0x00,0x3f,0x80,0x00,0x00,0x00,0x3f,0x80,0x00,0x00,0x00,0x00,0x07,0xcf,0xfd,0x91,0x00,0x00,0x02,0xdf,0xff,0xff,0xff,0x40,
  0x00,0x0d,0xfc,0x40,0x03,0xbf,0xf2,0x00,0x6f,0xc0,0x00,0x00,0x0a,0xf9,0x00,0xbf,0x30,0x00,0x00,0x01,0xfe,0x00,0xef,0x00,
  0x00,0x00,0x00,0xdf,0x10,0xfe,0x00,0x00,0x00,0x00,0xbf,0x20,0xef,0x00,0x00,0x00,0x00,0xdf,0x00,0xbf,0x30,0x00,0x00,0x01,
  0xfd,0x00,0x6f,0xc0,0x00,0x00,0x0a,0xf7,0x00,0x0d,0xfc,0x40,0x03,0xaf,0xd0,0x00,0x02,0xdf,0xff,0xff,0xfc,0x10,0x00,0x00,
  0x07,0xcf,0xff,0xd0,0x00,0x00,0x00,0x00,0x00,0x0a,0xf9,0x00,0x00,0x00,0x00,0x00,0x00,0xbf,0x70,0x00,0x3f,0xff,0xff,0xc6,
  0x00,0x00,0x3f,0xff,0xff,0xff,0x80,0x00,0x3f,0x80,0x01,0x6f,0xf0,0x00,0x3f,0x80,0x00,0x0b,0xf3,0x00,0x3f,0x80,0x00,0x0b,
  0xf2,0x00,0x3f,0x80,0x01,0x6f,0xd0,0x00,0x3f,0xff,0xff,0xfe,0x30,0x00,0x3f,0xff,0xff,0xf8,0x00,0x00,0x3f,0x80,0x02,0xbf,
  0x70,0x00,0x3f,0x80,0x00,0x0d,0xf1,0x00,0x3f,0x80,0x00,0x04,0xf9,0x00,0x3f,0x80,0x00,0x00,0xcf,0x20,0x3f,0x80,0x00,0x00,
  0x3f,0xb0,0x01,0x9d,0xfe,0xc6,0x10,0x2e,0xff,0xff,0xff,0xa0,0xaf,0xb3,0x01,0x38,0x80,0xcf,0x10,0x00,0x00,0x00,0xaf,0x20,
  0x00,0x00,0x00,0x2f,0xe9,0x52,0x00,0x00,0x02,0xae,0xff,0xe9,0x00,0x00,0x00,0x15,0xaf,0xc0,0x00,0x00,0x00,0x09,0xf4,0x00,
  0x00,0x00,0x08,0xf6,0xa8,0x31,0x01,0x6f,0xf4,0xcf,0xff,0xff,0xff,0xb0,0x17,0xbe,0xfe,0xc6,0x00,0x0f,0xff,0xff,0xff,0xff,
  0xff,0x00,0x0f,0xff,0xff,0xff,0xff,0xff,0x00,0x00,0x00,0x06,0xf6,0x00,0x00,0x00,0x00,0x00,0x06,0xf6,0x00,0x00,0x00,0x00,
  0x00,0x06,0xf6,0x00,0x00,0x00,0x00,0x00,0x06,0xf6,0x00,0x00,0x00,0x00,0x00,0x06,0xf6,0x00,0x00,0x00,0x00,0x00,0x06,0xf6,
  0x00,0x00,0x00,0x00,0x00,0x06,0xf6,0x00,0x00,0x00,0x00,0x00,0x06,0xf6,0x00,0x00,0x00,0x00,0x00,0x06,0xf6,0x00,0x00,0x00,
  0x00,0x00,0x06,0xf6,0x00,0x00,0x00,0x00,0x00,0x06,0xf6,0x00,0x00,0x00,0x7f,0x50,0x00,0x00,0x2f,0x90,0x7f,0x50,0x00,0x00,
  0x2f,0x90,0x7f,0x50,0x00,0x00,0x2f,0x90,0x7f,0x50,0x00,0x00,0x2f,0x90,0x7f,0x50,0x00,0x00,0x2f,0x90,0x7f,0x50,0x00,0x00,
  0x2f,0x90,0x7f,0x50,0x00,0x00,0x2f,0x90,0x6f,0x50,0x00,0x00,0x2f,0x90,0x6f,0x70,0x00,0x00,0x4f,0x80,0x3f,0xb0,0x00,0x00,
  0x8f,0x60,0x0d,0xf9,0x20,0x27,0xff,0x10,0x04,0xff,0xff,0xff,0xf6,0x00,0x00,0x2a,0xef,0xeb,0x40,0x00,0xaf,0x30,0x00,0x00,
  0x00,0xdf,0x00,0x4f,0x90,0x00,0x00,0x04,0xf9,0x00,0x0e,0xe0,0x00,0x00,0x0a,0xf3,0x00,0x08,0xf5,0x00,0x00,0x0f,0xd0,0x00,
  0x02,0xfb,0x00,0x00,0x6f,0x60,0x00,0x00,0xbf,0x10,0x00,0xcf,0x10,0x00,0x00,0x5f,0x70,0x02,0xfa,0x00,0x00,0x00,0x0e,0xd0,
  0x08,0xf4,0x00,0x00,0x00,0x09,0xf3,0x0e,0xe0,0x00,0x00,0x00,0x03,0xf9,0x4f,0x80,0x00,0x00,0x00,0x00,0xcf,0xbf,0x20,0x00,
  0x00,0x00,0x00,0x6f,0xfb,0x00,0x00,0x00,0x00,0x00,0x1f,0xf5,0x00,0x00,0x00,0x4f,0x80,0x00,0x03,0xff,0x00,0x00,0x0b,0xf1,
  0x0f,0xc0,0x00,0x07,0xff,0x40,0x00,0x0f,0xd0,0x0c,0xf0,0x00,0x0b,0xbe,0x80,0x00,0x3f,0x90,0x08,0xf4,0x00,0x0f,0x7a,0xc0,
  0x00,0x7f,0x50,0x04,0xf8,0x00,0x3f,0x36,0xf0,0x00,0xbf,0x10,0x00,0xfc,0x00,0x7f,0x02,0xf4,0x00,0xfc,0x00,0x00,0xcf,0x00,
  0xbb,0x00,0xe8,0x03,0xf8,0x00,0x00,0x8f,0x40,0xf7,0x00,0xac,0x07,0xf4,0x00,0x00,0x4f,0x83,0xf3,0x00,0x6f,0x0b,0xf0,0x00,
  0x00,0x0f,0xc7,0xf0,0x00,0x2f,0x4f,0xc0,0x00,0x00,0x0b,0xfc,0xb0,0x00,0x0e,0xcf,0x80,0x00,0x00,0x07,0xff,0x70,0x00,0x0a,
  0xff,0x40,0x00,0x00,0x03,0xff,0x30,0x00,0x07,0xff,0x00,0x00,0x08,0xf6,0x00,0x00,0x0c,0xf2,0x00,0xdf,0x10,0x00,0x7f,0x70,
  0x00,0x3f,0xb0,0x02,0xfb,0x00,0x00,0x08,0xf6,0x0d,0xe1,0x00,0x00,0x00,0xdf,0xaf,0x50,0x00,0x00,0x00,0x3f,0xfa,0x00,0x00,
  0x00,0x00,0x1e,0xf6,0x00,0x00,0x00,0x00,0xaf,0xef,0x20,0x00,0x00,0x05,0xf9,0x2f,0xb0,0x00,0x00,0x1e,0xd0,0x07,0xf6,0x00,
  0x00,0xbf,0x30,0x00,0xcf,0x20,0x06,0xf7,0x00,0x00,0x2f,0xc0,0x2f,0xc0,0x00,0x00,0x07,0xf6,0xbf,0x30,0x00,0x00,0x3f,0xb0,
  0x1e,0xd0,0x00,0x00,0xde,0x10,0x05,0xf9,0x00,0x09,0xf5,0x00,0x00,0xaf,0x40,0x3f,0xa0,0x00,0x00,0x1e,0xe1,0xde,0x10,0x00,
  0x00,0x04,0xfe,0xf4,0x00,0x00,0x00,0x00,0x9f,0x90,0x00,0x00,0x00,0x00,0x6f,0x60,0x00,0x00,0x00,0x00,0x6f,0x60,0x00,0x00,
  0x00,0x00,0x6f,0x60,0x00,0x00,0x00,0x00,0x6f,0x60,0x00,0x00,0x00,0x00,0x6f,0x60,0x00,0x00,0x00,0x00,0x6f,0x60,0x00,0x00,
  0x0f,0xff,0xff,0xff,0xff,0xf5,0x0f,0xff,0xff,0xff,0xff,0xf2,0x00,0x00,0x00,0x00,0x5f,0x40,0x00,0x00,0x00,0x03,0xf6,0x00,
  0x00,0x00,0x00,0x1e,0x90,0x00,0x00,0x00,0x00,0xdb,0x00,0x00,0x00,0x00,0x0b,0xd0,0x00,0x00,0x00,0x00,0x9e,0x10,0x00,0x00,
  0x00,0x07,0xf3,0x00,0x00,0x00,0x00,0x4f,0x50,0x00,0x00,0x00,0x03,0xf7,0x00,0x00,0x00,0x00,0x1e,0xff,0xff,0xff,0xff,0xf8,
  0x3f,0xff,0xff,0xff,0xff,0xf8,0x7f,0xff,0x40,0x7f,0xff,0x40,0x7f,0x20,0x00,0x7f,0x20,0x00,0x7f,0x20,0x00,0x7f,0x20,0x00,
  0x7f,0x20,0x00,0x7f,0x20,0x00,0x7f,0x20,0x00,0x7f,0x20,0x00,0x7f,0x20,0x00,0x7f,0x20,0x00,0x7f,0x20,0x00,0x7f,0x20,0x00,
  0x7f,0xff,0x40,0x7f,0xff,0x40,0xda,0x00,0x00,0x00,0x8e,0x00,0x00,0x00,0x3f,0x40,0x00,0x00,0x0e,0x90,0x00,0x00,0x0a,0xd0,
  0x00,0x00,0x05,0xf2,0x00,0x00,0x00,0xf7,0x00,0x00,0x00,0xbc,0x00,0x00,0x00,0x6f,0x10,0x00,0x00,0x1f,0x60,0x00,0x00,0x0c,
  0xb0,0x00,0x00,0x07,0xf0,0x00,0x00,0x03,0xf4,0x00,0x00,0x00,0xe9,0x00,0x00,0x00,0x9e,0x00,0x4f,0xff,0x70,0x4f,0xff,0x70,
  0x00,0x2f,0x70,0x00,0x2f,0x70,0x00,0x2f,0x70,0x00,0x2f,0x70,0x00,0x2f,0x70,0x00,0x2f,0x70,0x00,0x2f,0x70,0x00,0x2f,0x70,
  0x00,0x2f,0x70,0x00,0x2f,0x70,0x00,0x2f,0x70,0x00,0x2f,0x70,0x4f,0xff,0x70,0x4f,0xff,0x70,0x00,0x00,0x0c,0xfd,0x10,0x00,
  0x00,0x00,0x00,0xbf,0xaf,0xc0,0x00,0x00,0x00,0x0b,0xf6,0x05,0xfc,0x00,0x00,0x00,0xaf,0x50,0x00,0x4f,0xb0,0x00,0x09,0xf4,
  0x00,0x00,0x03,0xea,0x00,0x2f,0xff,0xff,0xff,0xff,0x20,0x2f,0xff,0xff,0xff,0xff,0x20,0x2e,0xa0,0x00,0x02,0xe7,0x00,0x00,
  0x2e,0x40,0x04,0xbe,0xfd,0x60,0x00,0x3f,0xff,0xff,0xf7,0x00,0x3a,0x31,0x04,0xdf,0x00,0x00,0x00,0x00,0x5f,0x40,0x06,0xce,
  0xff,0xff,0x50,0x7f,0xff,0xff,0xff,0x60,0xde,0x41,0x00,0x4f,0x60,0xde,0x30,0x14,0xef,0x60,0x8f,0xff,0xff,0xaf,0x60,0x08,
  0xef,0xd6,0x3f,0x60,0x5f,0x40,0x00,0x00,0x00,0x5f,0x40,0x00,0x00,0x00,0x5f,0x40,0x00,0x00,0x00,0x5f,0x40,0x00,0x00,0x00,
  0x5f,0x46,0xdf,0xd5,0x00,0x5f,0xaf,0xff,0xff,0x50,0x5f,0xf7,0x11,0x7f,0xe0,0x5f,0x90,0x00,0x09,0xf4,0x5f,0x50,0x00,0x04,
  0xf6,0x5f,0x50,0x00,0x04,0xf6,0x5f,0x90,0x00,0x09,0xf4,0x5f,0xf7,0x11,0x7f,0xe0,0x5f,0xaf,0xff,0xff,0x50,0x5f,0x46,0xdf,
  0xd5,0x00,0x00,0x7d,0xfe,0xa2,0x0c,0xff,0xff,0xfc,0x7f,0xd4,0x11,0x59,0xdf,0x20,0x00,0x00,0xfc,0x00,0x00,0x00,0xfc,0x00,
  0x00,0x00,0xdf,0x20,0x00,0x00,0x7f,0xd4,0x11,0x59,0x0c,0xff,0xff,0xfc,0x00,0x7d,0xfe,0xa2,0x00,0x00,0x00,0x0d,0xc0,0x00,
  0x00,0x00,0x0d,0xc0,0x00,0x00,0x00,0x0d,0xc0,0x00,0x00,0x00,0x0d,0xc0,0x01,0xaf,0xfa,0x1d,0xc0,0x1e,0xff,0xff,0xdd,0xc0,
  0x8f,0xb2,0x03,0xdf,0xc0,0xde,0x10,0x00,0x2f,0xc0,0xfb,0x00,0x00,0x0e,0xc0,0xfb,0x00,0x00,0x0e,0xc0,0xde,0x10,0x00,0x2f,
  0xc0,0x8f,0xb2,0x03,0xdf,0xc0,0x1e,0xff,0xff,0xdd,0xc0,0x01,0xaf,0xfa,0x1d,0xc0,0x00,0x7d,0xfe,0xa2,0x00,0x0b,0xff,0xff,
  0xff,0x20,0x7f,0xb3,0x01,0x7f,0xa0,0xce,0x00,0x00,0x0a,0xf0,0xff,0xff,0xff,0xff,0xf1,0xff,0xff,0xff,0xff,0xf1,0xdd,0x00,
  0x00,0x00,0x00,0x7f,0xb3,0x00,0x27,0x90,0x0b,0xff,0xff,0xff,0xb0,0x00,0x6c,0xff,0xc8,0x10,0x00,0x1a,0xef,0xb0,0x00,0xaf,
  0xff,0xb0,0x00,0xec,0x10,0x00,0x00,0xf9,0x00,0x00,0x9f,0xff,0xff,0x40,0x9f,0xff,0xff,0x40,0x00,0xf9,0x00,0x00,0x00,0xf9,
  0x00,0x00,0x00,0xf9,0x00,0x00,0x00,0xf9,0x00,0x00,0x00,0xf9,0x00,0x00,0x00,0xf9,0x00,0x00,0x00,0xf9,0x00,0x00,0x00,0xf9,
  0x00,0x00,0x01,0xaf,0xfa,0x1d,0xc0,0x1e,0xff,0xff,0xdd,0xc0,0x8f,0xb2,0x03,0xdf,0xc0,0xde,0x00,0x00,0x2f,0xc0,0xfb,0x00,
  0x00,0x0e,0xc0,0xfb,0x00,0x00,0x0e,0xc0,0xde,0x00,0x00,0x2f,0xc0,0x8f,0xb2,0x03,0xdf,0xc0,0x1e,0xff,0xff,0xdd,0xc0,0x02,
  0xaf,0xfa,0x1f,0xb0,0x00,0x00,0x00,0x4f,0x80,0x09,0x41,0x14,0xef,0x30,0x0d,0xff,0xff,0xfa,0x00,0x03,0xae,0xfd,0x70,0x00,
  0x5f,0x40,0x00,0x00,0x00,0x5f,0x40,0x00,0x00,0x00,0x5f,0x40,0x00,0x00,0x00,0x5f,0x40,0x00,0x00,0x00,0x5f,0x45,0xdf,0xd5,
  0x00,0x5f,0xaf,0xff,0xff,0x30,0x5f,0xf6,0x11,0x7f,0xa0,0x5f,0x80,0x00,0x0d,0xd0,0x5f,0x40,0x00,0x0b,0xd0,0x5f,0x40,0x00,
  0x0b,0xe0,0x5f,0x40,0x00,0x0b,0xe0,0x5f,0x40,0x00,0x0b,0xe0,0x5f,0x40,0x00,0x0b,0xe0,0x5f,0x40,0x00,0x0b,0xe0,0x4f,0x50,
  0x4f,0x50,0x00,0x00,0x00,0x00,0x4f,0x50,0x4f,0x50,0x4f,0x50,0x4f,0x50,0x4f,0x50,0x4f,0x50,0x4f,0x50,0x4f,0x50,0x4f,0x50,
  0x4f,0x50,0x00,0x4f,0x50,0x00,0x4f,0x50,0x00,0x00,0x00,0x00,0x00,0x00,0x00,0x4f,0x50,0x00,0x4f,0x50,0x00,0x4f,0x50,0x00,
  0x4f,0x50,0x00,0x4f,0x50,0x00,0x4f,0x50,0x00,0x4f,0x50,0x00,0x4f,0x50,0x00,0x4f,0x50,0x00,0x4f,0x40,0x00,0x5f,0x40,0x00,
  0xaf,0x20,0x5f,0xfd,0x00,0x5f,0xc2,0x00,0x5f,0x40,0x00,0x00,0x00,0x5f,0x40,0x00,0x00,0x00,0x5f,0x40,0x00,0x00,0x00,0x5f,
  0x40,0x00,0x00,0x00,0x5f,0x40,0x00,0x7f,0x90,0x5f,0x40,0x09,0xf7,0x00,0x5f,0x40,0xaf,0x60,0x00,0x5f,0x5c,0xf4,0x00,0x00,
  0x5f,0xff,0x30,0x00,0x00,0x5f,0x9f,0xb0,0x00,0x00,0x5f,0x45,0xfc,0x00,0x00,0x5f,0x40,0x5f,0xc0,0x00,0x5f,0x40,0x04,0xfc,
  0x00,0x5f,0x40,0x00,0x4f,0xc1,0x4f,0x50,0x4f,0x50,0x4f,0x50,0x4f,0x50,0x4f,0x50,0x4f,0x50,0x4f,0x50,0x4f,0x50,0x4f,0x50,
  0x4f,0x50,0x4f,0x50,0x4f,0x50,0x4f,0x50,0x4f,0x50,0x5f,0x46,0xdf,0xc2,0x02,0xbf,0xe7,0x00,0x5f,0xaf,0xff,0xfe,0x2f,0xff,
  0xff,0x50,0x5f,0xf6,0x11,0xaf,0xea,0x20,0x5f,0xc0,0x5f,0x80,0x00,0x1f,0xe0,0x00,0x0b,0xe0,0x5f,0x40,0x00,0x0f,0xa0,0x00,
  0x0a,0xf0,0x5f,0x40,0x00,0x0f,0xa0,0x00,0x0a,0xf0,0x5f,0x40,0x00,0x0f,0xa0,0x00,0x0a,0xf0,0x5f,0x40,0x00,0x0f,0xa0,0x00,
  0x0a,0xf0,0x5f,0x40,0x00,0x0f,0xa0,0x00,0x0a,0xf0,0x5f,0x40,0x00,0x0f,0xa0,0x00,0x0a,0xf0,0x5f,0x45,0xdf,0xd5,0x00,0x5f,
  0xaf,0xff,0xff,0x30,0x5f,0xf6,0x11,0x7f,0xa0,0x5f,0x80,0x00,0x0d,0xd0,0x5f,0x40,0x00,0x0b,0xd0,0x5f,0x40,0x00,0x0b,0xe0,
  0x5f,0x40,0x00,0x0b,0xe0,0x5f,0x40,0x00,0x0b,0xe0,0x5f,0x40,0x00,0x0b,0xe0,0x5f,0x40,0x00,0x0b,0xe0,0x01,0x9e,0xfe,0x91,
  0x00,0x0d,0xff,0xff,0xfd,0x10,0x8f,0xc3,0x03,0xcf,0x80,0xdf,0x10,0x00,0x1f,0xd0,0xfc,0x00,0x00,0x0c,0xf0,0xfc,0x00,0x00,
  0x0c,0xf0,0xdf,0x10,0x00,0x1f,0xd0,0x8f,0xc3,0x03,0xcf,0x80,0x0d,0xff,0xff,0xfd,0x10,0x01,0x9e,0xfe,0x91,0x00,0x5f,0x46,
  0xdf,0xd5,0x00,0x5f,0xaf,0xff,0xff,0x50,0x5f,0xf7,0x11,0x7f,0xe0,0x5f,0x90,0x00,0x09,0xf4,0x5f,0x50,0x00,0x04,0xf6,0x5f,
  0x50,0x00,0x04,0xf6,0x5f,0x90,0x00,0x09,0xf4,0x5f,0xf7,0x11,0x7f,0xe0,0x5f,0xaf,0xff,0xff,0x50,0x5f,0x46,0xdf,0xd5,0x00,
  0x5f,0x40,0x00,0x00,0x00,0x5f,0x40,0x00,0x00,0x00,0x5f,0x40,0x00,0x00,0x00,0x5f,0x40,0x00,0x00,0x00,0x01,0xaf,0xfa,0x1d,
  0xc0,0x1e,0xff,0xff,0xdd,0xc0,0x8f,0xb2,0x03,0xdf,0xc0,0xde,0x10,0x00,0x2f,0xc0,0xfb,0x00,0x00,0x0e,0xc0,0xfb,0x00,0x00,
  0x0e,0xc0,0xde,0x10,0x00,0x2f,0xc0,0x8f,0xb2,0x03,0xdf,0xc0,0x1e,0xff,0xff,0xdd,0xc0,0x01,0xaf,0xfa,0x1d,0xc0,0x00,0x00,
  0x00,0x0d,0xc0,0x00,0x00,0x00,0x0d,0xc0,0x00,0x00,0x00,0x0d,0xc0,0x00,0x00,0x00,0x0d,0xc0,0x5f,0x46,0xdf,0x60,0x5f,0xaf,
  0xff,0x60,0x5f,0xf7,0x10,0x00,0x5f,0x90,0x00,0x00,0x5f,0x50,0x00,0x00,0x5f,0x40,0x00,0x00,0x5f,0x40,0x00,0x00,0x5f,0x40,
  0x00,0x00,0x5f,0x40,0x00,0x00,0x5f,0x40,0x00,0x00,0x00,0x7d,0xfe,0xb3,0x00,0x09,0xff,0xff,0xff,0x00,0x0e,0xe3,0x01,0x4b,
  0x00,0x0c,0xb0,0x00,0x00,0x00,0x03,0xed,0x85,0x10,0x00,0x00,0x04,0x8b,0xf9,0x00,0x00,0x00,0x00,0x4f,0x50,0x0c,0x52,0x01,
  0x9f,0x70,0x0f,0xff,0xff,0xff,0x20,0x03,0xad,0xfe,0xa2,0x00,0x05,0xf4,0x00,0x00,0x05,0xf4,0x00,0x00,0x05,0xf4,0x00,0x00,
  0x8f,0xff,0xff,0xa0,0x8f,0xff,0xff,0xa0,0x05,0xf4,0x00,0x00,0x05,0xf4,0x00,0x00,0x05,0xf4,0x00,0x00,0x05,0xf4,0x00,0x00,
  0x05,0xf4,0x00,0x00,0x04,0xf9,0x00,0x00,0x00,0xff,0xff,0xa0,0x00,0x4d,0xff,0xa0,0x7f,0x20,0x00,0x0d,0xc0,0x7f,0x20,0x00,
  0x0d,0xc0,0x7f,0x20,0x00,0x0d,0xc0,0x7f,0x20,0x00,0x0d,0xc0,0x7f,0x20,0x00,0x0d,0xc0,0x7f,0x20,0x00,0x0e,0xc0,0x6f,0x40,
  0x00,0x2f,0xc0,0x3f,0xc2,0x03,0xcf,0xc0,0x0c,0xff,0xff,0xcd,0xc0,0x01,0xbf,0xea,0x1d,0xc0,0x4f,0x60,0x00,0x00,0xce,0x00,
  0x0e,0xc0,0x00,0x02,0xf8,0x00,0x08,0xf2,0x00,0x08,0xf2,0x00,0x02,0xf8,0x00,0x0d,0xd0,0x00,0x00,0xce,0x00,0x3f,0x70,0x00,
  0x00,0x6f,0x40,0x9f,0x10,0x00,0x00,0x1f,0xa0,0xfb,0x00,0x00,0x00,0x0b,0xf6,0xf5,0x00,0x00,0x00,0x05,0xff,0xf0,0x00,0x00,
  0x00,0x00,0xef,0x90,0x00,0x00,0x1f,0x80,0x00,0xbf,0x70,0x00,0xcd,0x0d,0xc0,0x00,0xff,0xb0,0x00,0xf9,0x09,0xf0,0x03,0xfa,
  0xf0,0x04,0xf5,0x05,0xf4,0x08,0xe3,0xf3,0x08,0xf1,0x01,0xf8,0x0c,0xa0,0xe7,0x0d,0xc0,0x00,0xdc,0x0f,0x60,0xab,0x1f,0x80,
  0x00,0x9f,0x5f,0x20,0x6f,0x5f,0x40,0x00,0x5f,0xde,0x00,0x2f,0xdf,0x00,0x00,0x1f,0xf9,0x00,0x0e,0xfc,0x00,0x00,0x0c,0xf5,
  0x00,0x0a,0xf8,0x00,0x0c,0xf2,0x00,0x06,0xf8,0x01,0xed,0x00,0x2f,0xc0,0x00,0x5f,0x90,0xde,0x10,0x00,0x09,0xfc,0xf4,0x00,
  0x00,0x00,0xdf,0x90,0x00,0x00,0x03,0xff,0xc0,0x00,0x00,0x0d,0xe7,0xf8,0x00,0x00,0xaf,0x40,0xaf,0x30,0x06,0xf8,0x00,0x1e,
  0xe1,0x2f,0xc0,0x00,0x03,0xfb,0x4f,0x70,0x00,0x00,0xce,0x00,0x0d,0xd0,0x00,0x02,0xf7,0x00,0x07,0xf3,0x00,0x09,0xf1,0x00,
  0x01,0xf9,0x00,0x0e,0xa0,0x00,0x00,0xaf,0x00,0x5f,0x40,0x00,0x00,0x3f,0x60,0xcd,0x00,0x00,0x00,0x0c,0xc2,0xf7,0x00,0x00,
  0x00,0x06,0xfb,0xf1,0x00,0x00,0x00,0x00,0xff,0xa0,0x00,0x00,0x00,0x00,0x9f,0x30,0x00,0x00,0x00,0x00,0xcd,0x00,0x00,0x00,
  0x00,0x07,0xf7,0x00,0x00,0x00,0x09,0xff,0xf1,0x00,0x00,0x00,0x09,0xfd,0x40,0x00,0x00,0x00,0x0f,0xff,0xff,0xff,0xa0,0x0f,
  0xff,0xff,0xff,0x70,0x00,0x00,0x00,0x9a,0x00,0x00,0x00,0x08,0xb0,0x00,0x00,0x00,0x6c,0x00,0x00,0x00,0x05,0xd1,0x00,0x00,
  0x00,0x4d,0x10,0x00,0x00,0x03,0xd2,0x00,0x00,0x00,0x1e,0xff,0xff,0xff,0xa0,0x3f,0xff,0xff,0xff,0xa0,0x00,0x02,0xbe,0xf3,
  0x00,0x0b,0xff,0xf3,0x00,0x0f,0xd2,0x00,0x00,0x0f,0xa0,0x00,0x00,0x0f,0x90,0x00,0x00,0x0f,0x90,0x00,0x01,0x8f,0x70,0x00,
  0xcf,0xfb,0x10,0x00,0xcf,0xfa,0x00,0x00,0x01,0xaf,0x60,0x00,0x00,0x2f,0x90,0x00,0x00,0x0f,0x90,0x00,0x00,0x0f,0x90,0x00,
  0x00,0x0f,0xa0,0x00,0x00,0x0e,0xe2,0x00,0x00,0x0a,0xff,0xf3,0x00,0x01,0xae,0xf3,0xbc,0xbc,0xbc,0xbc,0xbc,0xbc,0xbc,0xbc,
  0xbc,0xbc,0xbc,0xbc,0xbc,0xbc,0xbc,0xbc,0xbc,0xbc,0xbf,0xd6,0x00,0x00,0xcf,0xff,0x20,0x00,0x00,0x7f,0x60,0x00,0x00,0x2f,
  0x70,0x00,0x00,0x2f,0x70,0x00,0x00,0x2f,0x70,0x00,0x00,0x0f,0xd2,0x00,0x00,0x06,0xef,0xf3,0x00,0x05,0xef,0xf3,0x00,0x0e,
  0xe3,0x00,0x00,0x1f,0x90,0x00,0x00,0x2f,0x70,0x00,0x00,0x2f,0x70,0x00,0x00,0x3f,0x60,0x00,0x00,0x8f,0x50,0x00,0xcf,0xff,
  0x20,0x00,0xbf,0xd5,0x00,0x00,0x00,0x00,0x00,0x00,0x00,0x00,0x00,0x01,0x9e,0xfd,0x84,0x00,0x4c,0x20,0x0e,0xff,0xff,0xff,
  0xff,0xff,0x10,0x1e,0x61,0x04,0x8c,0xfe,0xa2,0x00,0x01,0x00,0x00,0x00,0x00,0x00,0x00,0x2f,0xff,0xff,0xff,0xff,0xff,0xff,
  0xff,0xf2,0x2f,0xff,0xff,0xff,0xff,0xff,0xff,0xff,0xf2,0x00,0x00,0x00,0x02,0x20,0x00,0x00,0x00,0x00,0x00,0x4a,0xff,0xff,
  0xd8,0x10,0x00,0x00,0x0b,0xb5,0x20,0x00,0x37,0xd6,0x00,0x00,0xa3,0x00,0x00,0x00,0x00,0x09,0x60,0x06,0x00,0x00,0x00,0x00,
  0x00,0x00,0x54,0x10,0x00,0x00,0x00,0x00,0x00,0x00,0x02,0x00,0x00,0x00,0x00,0x00,0x00,0x00,0x01,0x76,0x76,0x00,0x57,0x68,
  0x20,0x08,0x00,0x02,0x43,0x40,0x00,0x71,0x43,0x00,0x00,0x66,0x00,0x00,0x06,0x51,0x00,0x00,0x36,0x00,0x00,0x07,0x34,0x00,
  0x00,0x02,0x00,0x00,0x15,0x08,0x00,0x00,0x00,0x00,0x00,0x70,0x03,0x50,0x00,0x00,0x00,0x02,0x50,0x00,0x62,0x00,0x00,0x00,
  0x17,0x00,0x00,0x07,0x10,0x00,0x00,0x80,0x00,0x00,0x00,0x80,0x00,0x07,0x10,0x00,0x00,0x00,0x17,0x00,0x53,0x00,0x00,0x00,
  0x00,0x03,0x53,0x40,0x00,0x00,0x00,0x00,0x00,0x56,0x00,0x00,0x00,0x12,0x00,0x00,0x00,0x00,0x12,0x00,0x9f,0x30,0x00,0x00,
  0x00,0xee,0x00,0x3f,0x90,0x00,0x00,0x04,0xf8,0x00,0x0d,0xe0,0x00,0x00,0x09,0xf2,0x00,0x07,0xfc,0xcc,0xcc,0xcf,0xc0,0x00,
  0x01,0xff,0xbb,0xbb,0xdf,0x60,0x00,0x00,0xbf,0x10,0x00,0xbf,0x00,0x00,0x00,0x5f,0x60,0x01,0xfa,0x00,0x00,0x00,0x0e,0xc0,
  0x07,0xf4,0x00,0x00,0x00,0x09,0xf2,0x0d,0xd0,0x00,0x00,0x00,0x02,0xf8,0x3f,0x70,0x00,0x00,0x00,0x00,0xcd,0x9f,0x10,0x00,
  0x00,0x00,0x00,0x6f,0xfb,0x00,0x00,0x00,0x00,0x00,0x1f,0xf5,0x00,0x00,0x00,0x0a,0xf1,0x00,0x00,0x01,0xfb,0x00,0x1f,0xa0,
  0x00,0x00,0x00,0xaf,0x20,0x6f,0x50,0x00,0x00,0x00,0x4f,0x70,0xaf,0x20,0x00,0x00,0x00,0x1f,0xb0,0xcf,0x00,0x04,0xf4,0x00,
  0x0f,0xd0,0xcf,0x10,0x05,0xf5,0x00,0x1f,0xc0,0xaf,0x40,0x08,0xf9,0x00,0x4f,0xb0,0x7f,0xc2,0x3e,0xef,0x31,0xcf,0x70,0x1e,
  0xff,0xff,0x5f,0xff,0xfe,0x10,0x03,0xcf,0xe6,0x06,0xef,0xc3,0x00,0x00,0xae,0x10,0x08,0xe2,0x00,0x5e,0x20,0x00,0x6c,0x50,
  0xff,0xd0,0x8f,0x70,0x02,0xcf,0xb2,0x00,0x0d,0x70,0x7d,0x00,0x3e,0x00,0x0e,0x20,0x3e,0x00,0x0e,0x30,0x0d,0x70,0x7d,0x00,
  0x02,0xcf,0xc2,0x00,0x1e,0x30,0x3f,0x10,0x06,0xdf,0xd6,0x00,0x37,0x00,0x07,0x20,0x2e,0x00,0x1e,0x10,0x08,0xc8,0xd7,0x00,
  0x00,0x13,0x10,0x00,0x05,0x00,0x00,0x00,0x00,0x00,0x00,0x1f,0xfb,0x72,0x00,0x00,0x00,0x00,0x03,0x8c,0xff,0xe9,0x50,0x00,
  0x00,0x00,0x00,0x16,0xaf,0xff,0xb7,0x00,0x00,0x00,0x00,0x00,0x8f,0xff,0x30,0x00,0x00,0x16,0xaf,0xff,0xb6,0x00,0x04,0x8d,
  0xff,0xd9,0x40,0x00,0x00,0x1f,0xfb,0x72,0x00,0x00,0x00,0x00,0x04,0x00,0x00,0x00,0x00,0x00,0x00,0x08,0x88,0x88,0x88,0x88,
  0x88,0x10,0x1f,0xff,0xff,0xff,0xff,0xff,0x20,0x00,0x00,0x00,0x00,0x00,0x00,0x00,0x1f,0xff,0xff,0xff,0xff,0xff,0x30,0x08,
  0x88,0x88,0x88,0x88,0x88,0x10,0x00,0x00,0x00,0x00,0x00,0x04,0x10,0x00,0x00,0x00,0x02,0x6b,0xff,0x30,0x00,0x00,0x49,0xdf,
  0xfd,0x84,0x00,0x06,0xbf,0xff,0xb6,0x20,0x00,0x00,0x1f,0xff,0x91,0x00,0x00,0x00,0x00,0x06,0xbf,0xff,0xb6,0x20,0x00,0x00,
  0x00,0x00,0x48,0xdf,0xfd,0x94,0x00,0x00,0x00,0x00,0x02,0x6b,0xff,0x30,0x00,0x00,0x00,0x00,0x00,0x04,0x10,0x08,0x88,0x88,
  0x88,0x88,0x88,0x10,0x1f,0xff,0xff,0xff,0xff,0xff,0x20,0x00,0x00,0x00,0x00,0x00,0x00,0x00,0x1f,0xff,0xff,0xff,0xff,0xff,
  0x30,0x08,0x88,0x88,0x88,0x88,0x88,0x10,0x00,0x00,0x16,0x88,0x50,0x00,0x00,0x00,0x1a,0xea,0x78,0xbe,0x70,0x00,0x02,0xd9,
  0x10,0x00,0x02,0xcb,0x00,0x0d,0x70,0x00,0x00,0x00,0x0b,0x90,0x6b,0x00,0x00,0x00,0x00,0x01,0xf1,0xc4,0x00,0x00,0x00,0x00,
  0x00,0x97,0xe1,0x00,0x00,0x00,0x00,0x00,0x69,0xf0,0x00,0x00,0x00,0x00,0x00,0x5a,0xe2,0x00,0x00,0x00,0x00,0x00,0x79,0xa6,
  0x00,0x00,0x00,0x00,0x00,0xb5,0x4e,0x10,0x00,0x00,0x00,0x03,0xe0,0x09,0xb1,0x00,0x00,0x00,0x3e,0x40,0x00,0x9e,0x60,0x00,
  0x18,0xe5,0x00,0x00,0x04,0xbf,0xdd,0xf9,0x20,0x00,0x00,0x00,0x01,0x32,0x00,0x00,0x00,0x00,0x01,0x8d,0xfe,0xc6,0x00,0x00,
  0x00,0x5f,0xff,0xff,0xff,0xd2,0x00,0x05,0xff,0xff,0xff,0xff,0xfe,0x10,0x1f,0xff,0xff,0xff,0xff,0xff,0xc0,0x8f,0xff,0xff,
  0xff,0xff,0xff,0xf3,0xdf,0xff,0xff,0xff,0xff,0xff,0xf8,0xff,0xff,0xff,0xff,0xff,0xff,0xfa,0xff,0xff,0xff,0xff,0xff,0xff,
  0xfa,0xdf,0xff,0xff,0xff,0xff,0xff,0xf8,0x8f,0xff,0xff,0xff,0xff,0xff,0xf3,0x1f,0xff,0xff,0xff,0xff,0xff,0xc0,0x05,0xff,
  0xff,0xff,0xff,0xfe,0x10,0x00,0x5f,0xff,0xff,0xff,0xd2,0x00,0x00,0x01,0x8d,0xfe,0xc6,0x00,0x00,0x00,0x00,0x15,0x77,0x40,
  0x00,0x00,0x00,0x09,0xea,0x9f,0xfe,0x60,0x00,0x01,0xd9,0x10,0x2f,0xff,0xfa,0x00,0x0c,0x70,0x00,0x2f,0xff,0xff,0x70,0x5b,
  0x00,0x00,0x2f,0xff,0xff,0xf1,0xb4,0x00,0x00,0x2f,0xff,0xff,0xf6,0xe1,0x00,0x00,0x2f,0xff,0xff,0xf9,0xfa,0xaa,0xaa,0xbf,
  0xff,0xff,0xfa,0xdf,0xff,0xff,0xff,0xff,0xff,0xf9,0xaf,0xff,0xff,0xff,0xff,0xff,0xf5,0x3f,0xff,0xff,0xff,0xff,0xff,0xe0,
  0x08,0xff,0xff,0xff,0xff,0xff,0x40,0x00,0x9f,0xff,0xff,0xff,0xf5,0x00,0x00,0x04,0xcf,0xff,0xfa,0x20,0x00,0x00,0x00,0x00,
  0x22,0x00,0x00,0x00,0xa0,0x00,0x00,0x00,0x00,0x00,0x37,0xe2,0x00,0x00,0x00,0x00,0x00,0x79,0xa6,0x00,0x00,0x00,0x00,0x00,
  0xb5,0x4e,0x10,0x00,0x00,0x00,0x03,0xe0,0x09,0xb1,0x00,0x00,0x00,0x3e,0x40,0x00,0x9e,0x60,0x00,0x18,0xe5,0x00,0x00,0x04,
  0xbf,0xdd,0xf9,0x20,0x00,0x00,0x00,0x01,0x32,0x00,0x00,0x00,0x2f,0xff,0xff,0xff,0xff,0xff,0x00,0x19,0x99,0xde,0x9f,0xc9,
  0x99,0x00,0x00,0x00,0xbb,0x0e,0x80,0x00,0x00,0x00,0x00,0xbb,0x0e,0x80,0x00,0x00,0x00,0x00,0xbb,0x0e,0x80,0x00,0x00,0x00,
  0x00,0xbb,0x0e,0x80,0x00,0x00,0x00,0x00,0xbb,0x0e,0x80,0x00,0x00,0x00,0x00,0xbb,0x0e,0x80,0x00,0x00,0x00,0x00,0xbb,0x0e,
  0x80,0x00,0x00,0x00,0x00,0xbb,0x0e,0x80,0x00,0x00,0x00,0x00,0xbb,0x0e,0x80,0x00,0x00,0x00,0x00,0x55,0x07,0x40,0x00,0x00,
  0x1f,0xff,0xff,0xff,0xff,0xff,0x20,0x1f,0xff,0xff,0xff,0xff,0xff,0x20,0x00,0x00,0x00,0x00,0x00,0x4f,0x20,0x00,0x00,0x00,
  0x00,0x00,0x4f,0x20,0x00,0x00,0x00,0x00,0x00,0x4f,0x20,0x04,0xdf,0xa1,0x1f,0xff,0xfa,0x3f,0xff,0xfd,0x1f,0xff,0xfa,0x04,
  0xdf,0xa1,0x6f,0x60,0x6f,0x60,0x00,0x00,0x00,0x00,0x00,0x00,0x00,0x00,0x00,0x00,0x00,0x02,0x00,0x00,0x00,0x00,0x00,0x00,
  0x00,0x09,0x00,0x00,0x00,0x00,0x00,0x00,0x00,0x2e,0x30,0x00,0x00,0x00,0x00,0x00,0x00,0xb7,0xc0,0x00,0x00,0x00,0x00,0x00,
  0x09,0xb0,0xaa,0x00,0x00,0x00,0x00,0x02,0xbb,0x00,0x0a,0xc3,0x00,0x00,0x02,0x8e,0x80,0x00,0x00,0x7e,0x92,0x00,0x00,0x01,
  0x9d,0x10,0x1c,0xa1,0x00,0x00,0x00,0x00,0x06,0xd0,0xb8,0x00,0x00,0x00,0x00,0x00,0x00,0x98,0xb0,0x00,0x00,0x00,0x00,0x00,
  0x00,0x1e,0x20,0x00,0x00,0x00,0x00,0x00,0x00,0x07,0x00,0x00,0x00,0x00,0x00,0x00,0x00,0x02,0x00,0x00,0x00,0x00,0x00,0x00,
  0x00,0x00,0x00,0x00,0x00,0x00,0x00,0x00,0x00,0x13,0x00,0x00,0x00,0x00,0x00,0x00,0x68,0x00,0x00,0x00,0x00,0x00,0x00,0x88,
  0x00,0x00,0x00,0x00,0x00,0x01,0x64,0x30,0x00,0x00,0x00,0x00,0x06,0x10,0x70,0x00,0x00,0x3c,0x76,0x66,0x00,0x46,0x66,0xc5,
  0x01,0x83,0x00,0x00,0x00,0x28,0x10,0x00,0x06,0x60,0x00,0x05,0x70,0x00,0x00,0x00,0x80,0x00,0x08,0x00,0x00,0x00,0x00,0x70,
  0x35,0x05,0x20,0x00,0x00,0x05,0x37,0x64,0x81,0x70,0x00,0x00,0x0a,0x92,0x00,0x18,0xa0,0x00,0x00,0x08,0x00,0x00,0x00,0x72,
  0x00,0x00,0x00,0x00,0x13,0x00,0x00,0x00,0x00,0x00,0x00,0x69,0x00,0x00,0x00,0x00,0x00,0x00,0xce,0x00,0x00,0x00,0x00,0x00,
  0x01,0xff,0x30,0x00,0x00,0x00,0x00,0x06,0xff,0x80,0x00,0x00,0x3e,0xff,0xff,0xff,0xff,0xff,0xe5,0x01,0xaf,0xff,0xff,0xff,
  0xfc,0x10,0x00,0x06,0xff,0xff,0xff,0x80,0x00,0x00,0x00,0xbf,0xff,0xfd,0x00,0x00,0x00,0x00,0xff,0xff,0xff,0x20,0x00,0x00,
  0x05,0xff,0x64,0xef,0x80,0x00,0x00,0x0b,0xd2,0x00,0x1b,0xd0,0x00,0x00,0x08,0x00,0x00,0x00,0x72,0x00,0x00,0x00,0x10,0x00,
  0x00,0x00,0x00,0xc6,0x00,0x00,0x00,0x00,0xcf,0xd7,0x00,0x00,0x00,0xc5,0xbf,0xb0,0x00,0x00,0xc1,0x02,0xd0,0x00,0x00,0xc1,
  0x01,0x80,0x00,0x00,0xc1,0x01,0x00,0x00,0x00,0xc1,0x00,0x00,0x00,0x00,0xc1,0x00,0x00,0x00,0x00,0xc1,0x00,0x00,0x00,0x00,
  0xc1,0x00,0x00,0x08,0xb8,0xd1,0x00,0x00,0x6f,0xff,0xf1,0x00,0x00,0x2e,0xff,0x70,0x00,0x00,0x00,0x10,0x00,0x00,0x00,0x00,
  0x9e,0xc5,0x00,0x00,0x81,0x0b,0xc5,0x8f,0xc3,0x19,0xd0,0x0d,0x10,0x02,0xaf,0xfb,0x10,0x00,0x00,0x00,0x00,0x10,0x00,0xff,
  0xff,0xff,0xff,0xff,0xff,0xff,0xf5,0x11,0x11,0x11,0x11,0x11,0x11,0x11,0x10,0x39,0x99,0x99,0x99,0x99,0x99,0x99,0x30,0x5c,
  0x77,0x77,0x77,0x77,0x77,0x7c,0x60,0x5a,0x00,0x00,0x00,0x00,0x00,0x0a,0x60,0x5a,0x00,0x00,0x00,0x00,0x00,0x0a,0x60,0x5a,
  0x00,0x00,0x00,0x00,0x00,0x0a,0x60,0x5a,0x00,0x00,0x00,0x00,0x00,0x0a,0x60,0x5a,0x00,0x00,0x00,0x00,0x00,0x0a,0x60,0x5a,
  0x00,0x00,0x00,0x00,0x00,0x0a,0x60,0x5a,0x00,0x00,0x00,0x00,0x00,0x0a,0x60,0x5a,0x00,0x00,0x00,0x00,0x00,0x0a,0x60,0x5a,
  0x00,0x00,0x00,0x00,0x00,0x0a,0x60,0x5a,0x00,0x00,0x00,0x00,0x00,0x0a,0x60,0x5a,0x00,0x00,0x00,0x00,0x00,0x0a,0x60,0x5e,
  0xcc,0xcc,0xcc,0xcc,0xcc,0xce,0x60,0x13,0x33,0x33,0x33,0x33,0x33,0x33,0x10,0x00,0x02,0xff,0xff,0xff,0xfb,0x00,0x00,0x02,
  0xff,0xff,0xff,0xfb,0x00,0x00,0x02,0xfa,0x00,0x01,0xfb,0x00,0x00,0x02,0xfa,0x00,0x01,0xfb,0x00,0x00,0x02,0xf9,0x00,0x01,
  0xfb,0x00,0x00,0x04,0xf9,0x00,0x01,0xfb,0x00,0x00,0x05,0xf7,0x00,0x01,0xfb,0x00,0x00,0x08,0xf5,0x00,0x01,0xfb,0x00,0x00,
  0x0b,0xf2,0x00,0x01,0xfb,0x00,0x00,0x1f,0xd0,0x00,0x01,0xfb,0x00,0x01,0xbf,0x60,0x00,0x01,0xfb,0x00,0x1f,0xff,0xff,0xff,
  0xff,0xff,0xf2,0x1f,0xff,0xff,0xff,0xff,0xff,0xf2,0x1f,0x60,0x00,0x00,0x00,0x05,0xf2,0x1f,0x60,0x00,0x00,0x00,0x05,0xf2,
  0x1f,0x60,0x00,0x00,0x00,0x05,0xf2,0x1f,0xff,0xff,0xff,0xff,0xff,0x20,0x1f,0xff,0xff,0xff,0xff,0xff,0x20,0x00,0x00,0x00,
  0x00,0x00,0x00,0x00,0x00,0x00,0x00,0x00,0x00,0x00,0x00,0x1f,0xff,0xff,0xff,0xff,0xff,0x20,0x1f,0xff,0xff,0xff,0xff,0xff,
  0x20,0x00,0x00,0x00,0x00,0x00,0x00,0x00,0x00,0x00,0x00,0x00,0x00,0x00,0x00,0x1f,0xff,0xff,0xff,0xff,0xff,0x20,0x1f,0xff,
  0xff,0xff,0xff,0xff,0x20,0x00,0x26,0x10,0x01,0xea,0x00,0x0a,0xc0,0x00,0x5d,0x10,0x00,0x26,0x20,0x00,0x0b,0xd0,0x00,0x00,
  0xca,0x00,0x00,0x1d,0x50,0x00,0x04,0x30,0x00,0x00,0x01,0x80,0x00,0x00,0x00,0x09,0xe1,0x00,0x00,0x09,0xb0,0x00,0x00,0x00,
  0x00,0xcc,0x00,0x00,0x5f,0x30,0x00,0x00,0x00,0x00,0x1e,0x90,0x03,0xf7,0x00,0x00,0x00,0x6e,0xdd,0xde,0xed,0xdd,0xfd,0xdd,
  0xde,0x20,0x00,0x00,0x09,0x60,0x00,0xa6,0x00,0x00,0x00,0x00,0x00,0x9f,0x30,0x00,0x6f,0x70,0x00,0x00,0x00,0x1b,0xe3,0x00,
  0x00,0x05,0xf8,0x00,0x00,0x04,0xec,0x10,0x00,0x00,0x00,0x5f,0x70,0x00,0x1d,0x70,0x00,0x00,0x00,0x00,0x05,0x80,0x00,0x00,
  0x2f,0xff,0xff,0xff,0xff,0xff,0x20,0x00,0x00,0x2f,0x11,0xf3,0x13,0xf1,0x1f,0x20,0x00,0x00,0x2f,0x00,0xf2,0x02,0xf0,0x0f,
  0x20,0x00,0x00,0x2f,0x00,0xf2,0x02,0xf0,0x0f,0x20,0x00,0x00,0x2f,0x00,0xf2,0x02,0xf0,0x0f,0x20,0x00,0x01,0x3f,0x11,0xf3,
  0x13,0xf1,0x1f,0x31,0x10,0x3f,0xff,0xff,0xff,0xff,0xff,0xff,0xff,0xe0,0x00,0x00,0x00,0x00,0x00,0x00,0x00,0x00,0x00,0x1f,
  0xff,0xff,0xff,0xff,0xf2,0x1f,0x21,0x11,0x11,0x11,0xf2,0x1f,0x00,0x00,0x00,0x00,0xf1,0x1f,0x00,0x00,0x00,0x01,0xf0,0x1f,
  0x00,0x00,0x00,0x05,0xd0,0x06,0x00,0x00,0x00,0x09,0x90,0x00,0x00,0x00,0x00,0x1f,0x30,0x00,0x00,0x00,0x00,0xab,0x00,0x00,
  0x00,0x00,0x07,0xf2,0x00,0x00,0x00,0x00,0x7f,0x50,0x00,0x00,0x00,0x08,0xf5,0x00,0x00,0x00,0x00,0x01,0x30,0x00,0x00,0x00,
  0x00,0x00,0x00,0x00,0x35,0x00,0x00,0x00,0x00,0x00,0x00,0x9f,0x30,0x00,0x00,0x00,0x00,0x00,0xe9,0x00,0x00,0x00,0x00,0x00,
  0x05,0xf2,0x00,0x00,0x00,0x00,0x00,0x0d,0x90,0x00,0x00,0x00,0x00,0x00,0x5f,0x20,0x00,0x00,0x00,0x00,0x01,0xe8,0x00,0x00,
  0x00,0x00,0x00,0x0a,0xd0,0x00,0x00,0x00,0x00,0x00,0x7f,0x30,0x00,0x00,0x00,0x00,0x05,0xf6,0x00,0x00,0x00,0x00,0x00,0x5f,
  0x80,0x00,0x00,0x00,0x00,0x08,0xf9,0x00,0x00,0x00,0x00,0x03,0xcf,0x60,0x00,0x00,0x00,0x00,0x6f,0xd3,0x00,0x00,0x00,0x00,
  0x00,0x06,0x00,0x00,0x00,0x00,0x00,0x00,0x0f,0xff,0xff,0xff,0xff,0xff,0x00,0x0f,0xff,0xff,0xff,0xff,0xff,0x00,0x00,0x00,
  0x06,0xf6,0x00,0x00,0x00,0x00,0x00,0x06,0xf6,0x00,0x00,0x00,0x00,0x00,0x06,0xf6,0x00,0x00,0x00,0x00,0x00,0x06,0xf6,0x00,
  0x00,0x00,0x00,0x00,0x06,0xf6,0x00,0x00,0x00,0x00,0x00,0x06,0xf6,0x00,0x00,0x00,0x00,0x00,0x06,0xf6,0x00,0x00,0x00,0x00,
  0x00,0x06,0xf6,0x00,0x00,0x00,0x00,0x00,0x06,0xf6,0x00,0x00,0x00,0x00,0x00,0x06,0xf6,0x00,0x00,0x00,0x00,0x00,0x06,0xf6,
  0x00,0x00,0x00,0x79,0x99,0x99,0x99,0x99,0x99,0x95,0x6d,0x77,0x77,0x77,0x77,0x77,0xe4,0x0d,0x10,0x00,0x00,0x00,0x03,0xc0,
  0x06,0x90,0x00,0x00,0x00,0x0b,0x40,0x00,0xd1,0x00,0x00,0x00,0x3c,0x00,0x00,0x69,0x00,0x00,0x00,0xb4,0x00,0x00,0x0d,0x10,
  0x00,0x03,0xc0,0x00,0x00,0x06,0x90,0x00,0x0b,0x40,0x00,0x00,0x00,0xd1,0x00,0x3c,0x00,0x00,0x00,0x00,0x69,0x00,0xb4,0x00,
  0x00,0x00,0x00,0x0d,0x13,0xc0,0x00,0x00,0x00,0x00,0x07,0x9b,0x40,0x00,0x00,0x00,0x00,0x00,0xec,0x00,0x00,0x00,0x00,0x00,
  0x00,0x74,0x00,0x00,0x00,0x00,0x00,0x00,0x00,0x00,0x00,0x00,0xdf,0xff,0xff,0xff,0xff,0xfd,0x00,0x7f,0xca,0xaa,0xaa,0xac,
  0xf8,0x00,0x1f,0xa0,0x00,0x00,0x0a,0xf2,0x00,0x0b,0xf1,0x00,0x00,0x1f,0xb0,0x00,0x04,0xf7,0x00,0x00,0x6f,0x50,0x00,0x00,
  0xed,0x00,0x00,0xce,0x00,0x00,0x00,0x8f,0x30,0x03,0xf8,0x00,0x00,0x00,0x2f,0x90,0x09,0xf2,0x00,0x00,0x00,0x0b,0xf0,0x0e,
  0xc0,0x00,0x00,0x00,0x05,0xf6,0x5f,0x60,0x00,0x00,0x00,0x00,0xec,0xbf,0x00,0x00,0x00,0x00,0x00,0x8f,0xf9,0x00,0x00,0x00,
  0x00,0x00,0x2f,0xf3,0x00,0x00,0x00,0x1e,0x50,0x5d,0x00,0x03,0xf5,0xf3,0x00,0x00,0x8f,0x80,0x00,0x04,0x44,0x44,0x44,0x44,
  0x44,0x44,0x40,0x2f,0xff,0xff,0xff,0xff,0xff,0xff,0xf0,0x2f,0xff,0xff,0xff,0xff,0xff,0xff,0xf0,0x18,0x88,0x88,0x88,0x88,
  0x88,0x88,0x80,0x2e,0xee,0xee,0xee,0xee,0xee,0xe2,0x09,0x40,0x00,0x08,0xfb,0x20,0x00,0x06,0xc0,0x00,0x02,0x20,0x00,0x00,
  0x0c,0xb0,0x00,0x00,0x2e,0xe2,0x00,0x00,0x98,0x88,0x00,0x00,0xe2,0x2e,0x00,0x06,0xb0,0x0b,0x50,0x0c,0x50,0x05,0xc0,0x3e,
  0x00,0x00,0xe2,0x23,0x00,0x00,0x32,0x00,0x01,0x10,0x00,0x03,0xdf,0xfd,0x40,0x2f,0x91,0x19,0xf2,0xae,0x00,0x00,0xe9,0xea,
  0x00,0x00,0xae,0xf9,0x00,0x00,0x9f,0xea,0x00,0x00,0xae,0xae,0x00,0x00,0xea,0x3f,0x91,0x1a,0xf2,0x04,0xef,0xfd,0x30,0x00,
  0x01,0x10,0x00,0x00,0xa8,0x04,0xb3,0x00,0xe8,0x05,0xf1,0x00,0xf5,0x05,0xe0,0x00,0xf2,0x07,0xb0,0x02,0xe0,0x09,0x70,0x05,
  0x90,0x0c,0x30,0x09,0x30,0x0c,0x00,0x0b,0x00,0x55,0x00,0x33,0x00,0x70,0x00,0x00,0x02,0x9d,0xff,0xc7,0x00,0x00,0x00,0x5f,
  0xff,0xff,0xff,0xd2,0x00,0x03,0xff,0x93,0x00,0x4c,0xfe,0x00,0x0b,0xf7,0x00,0x00,0x00,0xbf,0x70,0x0f,0xe0,0x00,0x00,0x00,
  0x3f,0xc0,0x2f,0xb0,0x00,0x00,0x00,0x0f,0xe0,0x1f,0xb0,0x00,0x00,0x00,0x0f,0xd0,0x0e,0xd0,0x00,0x00,0x00,0x2f,0xa0,0x09,
  0xf4,0x00,0x00,0x00,0x8f,0x40,0x00,0xee,0x10,0x00,0x04,0xfa,0x00,0x00,0x2e,0xe4,0x00,0x7f,0xb0,0x00,0x5f,0xff,0xff,0x03,
  0xff,0xff,0xf1,0x5f,0xff,0xff,0x03,0xff,0xff,0xf1,0x4c,0xc5,0xc0,0x0c,0xc0,0x0c,0x4c,0xc5,0x05,0xce,0xff,0xf2,0x4f,0xff,
  0xff,0xf2,0x8f,0x61,0x00,0x00,0x4f,0x61,0x00,0x00,0x04,0xef,0xf9,0x00,0x3f,0xff,0xf9,0x00,0xbe,0x40,0x00,0x00,0xcf,0x51,
  0x00,0x00,0x5f,0xff,0xff,0xf8,0x04,0xbe,0xff,0xf8,0x05,0x73,0x00,0x58,0x97,0x30,0xd3,0x07,0x90,0xc4,0x17,0x80,0x0b,0xf7,
  0x00,0xea,0x00,0x00,0x0a,0xe0,0xde,0x00,0x00,0x0d,0xe0,0x9f,0x40,0x00,0x4f,0x90,0x2f,0xe5,0x25,0xef,0x20,0x03,0xdf,0xff,
  0xd3,0x00,0x00,0x02,0x32,0x00,0x00,0x00,0x02,0x7b,0xde,0xed,0xb7,0x10,0x00,0x02,0x99,0x51,0x00,0x00,0x25,0x98,0x10,0x26,
  0x00,0x00,0x00,0x00,0x00,0x00,0x62,0x21,0x00,0x03,0x00,0x02,0x10,0x97,0x00,0x1f,0x00,0x09,0x70,0x97,0x00,0x1f,0x00,0x09,
  0x70,0x97,0x00,0x1f,0x00,0x09,0x70,0x17,0xdd,0xc1,0xdd,0xd6,0x00,0x01,0x33,0x30,0x33,0x31,0x00,0xef,0x00,0x00,0xff,0x00,
  0x00,0xfe,0xef,0x00,0x00,0xff,0x00,0x00,0xfe,0x00,0x04,0x10,0x00,0x3c,0x00,0x00,0xc4,0x00,0x04,0xe0,0x00,0x0a,0x80,0x00,
  0x0e,0x50,0x00,0x2f,0x20,0x00,0x4f,0x10,0x00,0x4f,0x00,0x00,0x3f,0x10,0x00,0x1f,0x30,0x00,0x0e,0x60,0x00,0x09,0xa0,0x00,
  0x03,0xf0,0x00,0x00,0xb7,0x00,0x00,0x1d,0x00,0x00,0x00,0x00,0x04,0x00,0x00,0x0c,0x30,0x00,0x04,0xc0,0x00,0x00,0xd3,0x00,
  0x00,0x89,0x00,0x00,0x4e,0x00,0x00,0x2f,0x10,0x00,0x0f,0x30,0x00,0x0f,0x30,0x00,0x1f,0x20,0x00,0x3f,0x10,0x00,0x6d,0x00,
  0x00,0xa8,0x00,0x00,0xf2,0x00,0x07,0xa0,0x00,0x0d,0x10,0x00,0x00,0x00,0x00,0x00,0x00,0x00,0x00,0x00,0x00,0x00,0x00,0x06,
  0xd6,0x00,0x00,0x28,0xea,0x40,0x00,0x4b,0xe7,0x10,0x00,0x3d,0xc5,0x00,0x00,0x00,0x17,0xeb,0x40,0x00,0x00,0x00,0x05,0xcd,
  0x71,0x00,0x00,0x00,0x03,0x9e,0xa2,0x00,0x00,0x00,0x01,0x74,0x00,0x00,0x00,0x00,0x00,0x6d,0x60,0x00,0x00,0x00,0x04,0xae,
  0x82,0x00,0x00,0x00,0x01,0x8e,0xb4,0x00,0x00,0x00,0x00,0x5d,0xd3,0x00,0x00,0x04,0xbe,0x71,0x00,0x17,0xdc,0x50,0x00,0x2a,
  0xe9,0x30,0x00,0x00,0x47,0x10,0x00,0x00,0x00,0x00,0x00,0x00,0x00,0x00,0x00,0x00,0x60,0x00,0x00,0x00,0x00,0x00,0x00,0x09,
  0xd1,0x00,0x00,0x00,0x00,0x00,0x00,0x7e,0x10,0x00,0x00,0x00,0x00,0x00,0x06,0xe2,0x00,0x00,0x00,0x00,0x00,0x00,0x4f,0x30,
  0x00,0x00,0x00,0x00,0x00,0x03,0xf4,0x00,0x00,0x00,0x00,0x00,0x00,0x2e,0x50,0x00,0x00,0x00,0x00,0x00,0x01,0xe6,0x00,0x00,
  0x00,0x00,0x00,0x00,0x1d,0x80,0x00,0x00,0x00,0x00,0x00,0x00,0xc9,0x00,0x00,0x00,0x00,0x00,0x00,0x0b,0xa0,0x00,0x00,0x00,
  0x00,0x00,0x00,0xab,0x00,0x00,0x00,0x00,0x00,0x00,0x08,0xc0,0x00,0x00,0x00,0x00,0x00,0x00,0x7d,0x10,0x00,0x00,0x00,0x00,
  0x00,0x05,0xe2,0x00,0x00,0x00,0x00,0x00,0x00,0x0c,0x20,0x00,0x00,0x00,0x00,0x00,0x00,0x00,0x00,0x00,0x00,0x00,0x00,0x00,
  0x00,0x10,0x00,0x00,0x00,0x00,0x00,0x00,0xab,0x00,0x00,0x00,0x00,0x00,0x00,0x1d,0x90,0x00,0x00,0x00,0x00,0x00,0x02,0xe7,
  0x00,0x00,0x00,0x00,0x00,0x00,0x4f,0x50,0x00,0x00,0x00,0x00,0x00,0x05,0xf3,0x00,0x00,0x00,0x00,0x00,0x00,0x8e,0x20,0x00,
  0x00,0x00,0x00,0x00,0x0a,0xd1,0x00,0x00,0x00,0x00,0x00,0x00,0xcc,0x00,0x00,0x00,0x00,0x00,0x00,0x1d,0xa0,0x00,0x00,0x00,
  0x00,0x00,0x02,0xe8,0x00,0x00,0x00,0x00,0x00,0x00,0x3f,0x60,0x00,0x00,0x00,0x00,0x00,0x05,0xf4,0x00,0x00,0x00,0x00,0x00,
  0x00,0x8f,0x20,0x00,0x00,0x00,0x00,0x00,0x0a,0xe1,0x00,0x00,0x00,0x00,0x00,0x00,0xb4,0xf1,0xf1,0xf1,0xf1,0xf1,0xf1,0xf1,
  0xf1,0xf1,0xf1,0xf1,0xf1,0xf1,0xf1,0xf1,0xf1,0xf1,0xf1,0x12,0x00,0x00,0x00,0x00,0x00,0x00,0x03,0x07,0x20,0x00,0x00,0x00,
  0x00,0x00,0x72,0x00,0xa6,0x00,0x00,0x00,0x00,0x2b,0x40,0x00,0x08,0xd7,0x30,0x01,0x5a,0xd3,0x00,0x00,0x00,0x29,0xef,0xff,
  0xc7,0x00,0x00,0x00,0x00,0x00,0x01,0x10,0x00,0x00,0x00,0x00,0x00,0x00,0x00,0x00,0x00,0x00,0x00,0x00,0x00,0x00,0x4c,0xe9,
  0x10,0x00,0x00,0x00,0x00,0x4c,0xa2,0x06,0xd8,0x10,0x00,0x00,0x4c,0xb3,0x00,0x00,0x06,0xd8,0x10,0x1c,0xb3,0x00,0x00,0x00,
  0x00,0x07,0xd6,0x03,0x00,0x00,0x00,0x00,0x00,0x00,0x02,0x00,0x8f,0x80,0x00,0x03,0xf5,0xf3,0x00,0x0e,0x50,0x5d,0x00,0x1b,
  0xfb,0x10,0xa9,0x09,0xa0,0xd3,0x03,0xd0,0xa9,0x09,0xa0,0x1b,0xfb,0x10,0x1f,0xc0,0x1f,0xc0,0x11,0x11,0x11,0x11,0x11,0x11,
  0x9f,0xff,0xff,0xff,0xff,0xf9,0x97,0x00,0x00,0x00,0x00,0x79,0x97,0x00,0x00,0x00,0x00,0x79,0x97,0x00,0x00,0x00,0x00,0x79,
  0x97,0x00,0x00,0x00,0x00,0x79,0x97,0x00,0x00,0x00,0x00,0x79,0x97,0x00,0x00,0x00,0x00,0x79,0x77,0x20,0x00,0x00,0x02,0x77,
  0x06,0x91,0x11,0x11,0x19,0x60,0x00,0x5f,0xff,0xff,0xf5,0x00,0x22,0x22,0x22,0x22,0x20,0xae,0xdd,0xdd,0xde,0xa0,0x2d,0x00,
  0x00,0x0d,0x20,0x0a,0x60,0x00,0x5a,0x00,0x02,0xd0,0x00,0xd2,0x00,0x00,0xa5,0x05,0xa0,0x00,0x00,0x2d,0x0d,0x20,0x00,0x00,
  0x0a,0xaa,0x00,0x00,0x00,0x02,0xf2,0x00,0x00,0x00,0x00,0x50,0x00,0x00,0x00,0x00,0x00,0x10,0x00,0x00,0x00,0x00,0x00,0x00,
  0x97,0x00,0x00,0x00,0x00,0x00,0x02,0xdd,0x00,0x00,0x00,0x00,0x00,0x09,0x68,0x70,0x00,0x00,0x00,0x00,0x2d,0x01,0xd0,0x00,
  0x00,0x00,0x00,0x96,0x00,0x87,0x00,0x00,0x00,0x01,0xd0,0x00,0x1d,0x00,0x00,0x00,0x09,0x60,0x00,0x09,0x70,0x00,0x00,0x1d,
  0x00,0x00,0x01,0xd0,0x00,0x00,0x96,0x00,0x00,0x00,0x97,0x00,0x01,0xd0,0x00,0x00,0x00,0x1d,0x00,0x09,0x60,0x00,0x00,0x00,
  0x09,0x70,0x1d,0x00,0x00,0x00,0x00,0x01,0xd0,0x9e,0xcc,0xcc,0xcc,0xcc,0xcc,0xf7,0x33,0x33,0x33,0x33,0x33,0x33,0x32,0x00,
  0x11,0x11,0x00,0x00,0xbf,0xf9,0x00,0x0d,0xff,0xff,0xb0,0xdf,0xff,0xff,0xfc,0xff,0xff,0xff,0xfd,0x5e,0xff,0xff,0xd5,0x06,
  0xdf,0xfc,0x50,0x00,0x7d,0xc6,0x00,0x30,0x09,0x70,0x03,0xd3,0x19,0x71,0x4c,0x0d,0xf5,0x7f,0xb0,0x00,0x00,0x16,0x88,0x50,
  0x00,0x00,0x00,0x1a,0xea,0x78,0xbe,0x70,0x00,0x02,0xd9,0x10,0x00,0x02,0xcb,0x00,0x0d,0x70,0x00,0x00,0x00,0x0b,0x90,0x6b,
  0x00,0x00,0x00,0x00,0x01,0xf1,0xc4,0x00,0x00,0x00,0x00,0x00,0x97,0xe1,0x00,0x00,0x00,0x00,0x00,0x69,0x50,0x00,0x00,0x00,
  0x00,0x00,0x13,0x00,0x00,0x16,0x88,0x50,0x00,0x00,0x00,0x1a,0xea,0x78,0xbe,0x70,0x00,0x02,0xd9,0x10,0x21,0x02,0xcb,0x00,
  0x0d,0x70,0x6e,0xff,0xc3,0x0b,0x90,0x6b,0x09,0xff,0xff,0xff,0x41,0xf1,0xc4,0x3f,0xff,0xff,0xff,0xe0,0x97,0xe1,0x8f,0xff,
  0xff,0xff,0xf3,0x69,0xf0,0x9f,0xff,0xff,0xff,0xf4,0x5a,0xe2,0x7f,0xff,0xff,0xff,0xf2,0x79,0xa6,0x1f,0xff,0xff,0xff,0xc0,
  0xb5,0x4e,0x14,0xff,0xff,0xfd,0x13,0xe0,0x09,0xb1,0x28,0xcb,0x70,0x3e,0x40,0x00,0x9e,0x60,0x00,0x18,0xe5,0x00,0x00,0x04,
  0xbf,0xdd,0xf9,0x20,0x00,0x00,0x00,0x01,0x32,0x00,0x00,0x00,0x00,0x00,0x15,0x77,0x40,0x00,0x00,0x00,0x09,0xea,0x9f,0xfe,
  0x60,0x00,0x01,0xd9,0x10,0x2f,0xff,0xfa,0x00,0x0c,0x70,0x00,0x2f,0xff,0xff,0x70,0x5b,0x00,0x00,0x2f,0xff,0xff,0xf1,0xb4,
  0x00,0x00,0x2f,0xff,0xff,0xf6,0xe1,0x00,0x00,0x2f,0xff,0xff,0xf9,0xf0,0x00,0x00,0x05,0x55,0x55,0x9a,0xd2,0x00,0x00,0x00,
  0x00,0x00,0x79,0xa6,0x00,0x00,0x00,0x00,0x00,0xb5,0x3d,0x10,0x00,0x00,0x00,0x03,0xe0,0x08,0xb1,0x00,0x00,0x00,0x3e,0x40,
  0x00,0x9e,0x60,0x00,0x18,0xe5,0x00,0x00,0x04,0xcf,0xdd,0xfa,0x20,0x00,0x00,0x00,0x00,0x22,0x00,0x00,0x00,0x00,0x00,0x00,
  0x3e,0x00,0x00,0x00,0x00,0x00,0x00,0x4f,0x00,0x00,0x00,0x00,0x00,0x00,0x8f,0x10,0x00,0x00,0x00,0x00,0x00,0xee,0x60,0x00,
  0x00,0x00,0x00,0x09,0xc4,0xe0,0x00,0x00,0x00,0x00,0x5f,0x20,0xaa,0x00,0x00,0x00,0x06,0xf5,0x00,0x1d,0x90,0x00,0x04,0xbe,
  0x40,0x00,0x01,0xcc,0x40,0x2d,0x80,0x00,0x00,0x00,0x07,0xb0,0x0a,0xdd,0xda,0x00,0xa5,0x33,0x35,0xa0,0xd3,0x00,0x03,0xd0,
  0xd3,0x47,0x43,0xd0,0x86,0xcf,0x93,0xd0,0x08,0xbb,0x73,0xd0,0x01,0x11,0x14,0xc0,0x0b,0xff,0xfb,0x00,0x00,0x00,0x01,0x60,
  0x00,0x00,0x03,0xd0,0x00,0x00,0x03,0xd0,0x00,0x00,0x03,0xd0,0x00,0x00,0x03,0xd0,0x00,0x00,0x03,0xd0,0x00,0x00,0x5a,0x10,
  0x00,0x00,0x5b,0x00,0x00,0x00,0x5b,0x00,0x00,0x03,0x75,0x00,0x00,0x07,0x90,0x00,0x00,0x27,0x70,0x00,0x01,0x96,0x00,0x00,
  0x0b,0x50,0x00,0x00,0xd3,0x00,0x00,0x00,0x10,0x00,0x00,0x00,0x1f,0xff,0xff,0xff,0xff,0xf1,0x2f,0x00,0x00,0x00,0x00,0xf2,
  0x2f,0x00,0x00,0x00,0x00,0xf2,0x2f,0x00,0x00,0x00,0x00,0xf2,0x2f,0x00,0x00,0x00,0x00,0xf2,0x2f,0x00,0x00,0x00,0x00,0xf2,
  0x2f,0x00,0x00,0x00,0x00,0xf2,0x2f,0xff,0xff,0xff,0xff,0xf2,0x07,0x00,0x00,0x00,0x00,0x70,0x05,0x73,0x00,0x58,0x97,0x30,
  0xd3,0x07,0x90,0xc4,0x17,0x80,0x0b,0xf7,0x00,0x00,0x04,0x65,0x10,0x00,0x03,0xef,0xff,0xf5,0x00,0x0e,0xd4,0x13,0xcf,0x20,
  0x6f,0x30,0x00,0x1f,0x80,0x9f,0x00,0x00,0x0c,0xc0,0xad,0x00,0x00,0x0a,0xd0,0xad,0x00,0x00,0x0a,0xd0,0xad,0x00,0x00,0x0a,
  0xd0,0xad,0x00,0x00,0x0a,0xd0,0xad,0x00,0x00,0x0a,0xd0,0xad,0x00,0x00,0x0a,0xd0,0x45,0x00,0x00,0x04,0x50,0xad,0x00,0x00,
  0x0a,0xd0,0xad,0x00,0x00,0x0a,0xd0,0xad,0x00,0x00,0x0a,0xd0,0xad,0x00,0x00,0x0a,0xd0,0xad,0x00,0x00,0x0a,0xd0,0xad,0x00,
  0x00,0x0b,0xd0,0x8f,0x00,0x00,0x0d,0xb0,0x3f,0x70,0x00,0x4f,0x60,0x0b,0xfa,0x79,0xfd,0x00,0x00,0x8e,0xfe,0x91,0x00,0x00,
  0x00,0x00,0x31,0x00,0x00,0x00,0x00,0x00,0x03,0xed,0x10,0x00,0x00,0x00,0x00,0x3e,0x35,0xd1,0x00,0x00,0x00,0x03,0xe3,0x00,
  0x5d,0x10,0x00,0x00,0x3e,0x30,0x00,0x05,0xd1,0x00,0x03,0xe3,0x00,0x00,0x00,0x6d,0x10,0x3e,0x40,0x00,0x00,0x00,0x06,0xd1,
  0xaa,0x00,0x00,0x00,0x00,0x00,0xc8,0x0b,0x80,0x00,0x00,0x00,0x0b,0x90,0x00,0xc8,0x00,0x00,0x00,0xb9,0x00,0x00,0x0b,0x80,
  0x00,0x0a,0xa0,0x00,0x00,0x00,0xc8,0x00,0xaa,0x00,0x00,0x00,0x00,0x0c,0x8a,0xa0,0x00,0x00,0x00,0x00,0x00,0xca,0x00,0x00,
  0x00,0x00,0x00,0x00,0x00,0x00,0x00,0x00,0x00,0x00,0x00,0x31,0x00,0x00,0x00,0x00,0x00,0x03,0xed,0x10,0x00,0x00,0x00,0x00,
  0x3e,0xff,0xd1,0x00,0x00,0x00,0x03,0xef,0xff,0xfd,0x10,0x00,0x00,0x3e,0xff,0xff,0xff,0xd1,0x00,0x03,0xef,0xff,0xff,0xff,
  0xfd,0x10,0x3e,0xff,0xff,0xff,0xff,0xff,0xd1,0xaf,0xff,0xff,0xff,0xff,0xff,0xf8,0x0b,0xff,0xff,0xff,0xff,0xff,0x90,0x00,
  0xcf,0xff,0xff,0xff,0xf9,0x00,0x00,0x0b,0xff,0xff,0xff,0xa0,0x00,0x00,0x00,0xcf,0xff,0xfa,0x00,0x00,0x00,0x00,0x0c,0xff,
  0xa0,0x00,0x00,0x00,0x00,0x00,0xca,0x00,0x00,0x00,0x00,0x00,0x00,0x00,0x00,0x00,0x00,0x00,0x00,0x00,0x00,0x00,0x10,0x00,
  0x02,0xcf,0xf7,0x00,0x6e,0xfd,0x30,0x0d,0xff,0xff,0x53,0xff,0xff,0xe1,0x4f,0xff,0xff,0xdb,0xff,0xff,0xf7,0x6f,0xff,0xff,
  0xff,0xff,0xff,0xf8,0x3f,0xff,0xff,0xff,0xff,0xff,0xf5,0x0d,0xff,0xff,0xff,0xff,0xff,0xf0,0x03,0xff,0xff,0xff,0xff,0xff,
  0x60,0x00,0x7f,0xff,0xff,0xff,0xfa,0x00,0x00,0x0a,0xff,0xff,0xff,0xc0,0x00,0x00,0x00,0xcf,0xff,0xfe,0x10,0x00,0x00,0x00,
  0x1e,0xff,0xf3,0x00,0x00,0x00,0x00,0x03,0xff,0x50,0x00,0x00,0x00,0x00,0x00,0x67,0x00,0x00,0x00,0x00,0x00,0x12,0x22,0x22,
  0x22,0x20,0x00,0x00,0xaf,0xff,0xff,0xff,0xf7,0x00,0x00,0xab,0xbb,0xbb,0xbb,0xc7,0x00,0x00,0xa2,0x00,0x00,0x00,0x47,0x00,
  0x00,0xaf,0xff,0xff,0xff,0xf7,0x00,0x00,0xaf,0xff,0xff,0xff,0xf7,0x00,0x00,0xa2,0x00,0x00,0x00,0x47,0x00,0x00,0xa2,0x00,
  0x00,0x00,0x47,0x00,0x00,0xa2,0x00,0x00,0x00,0x47,0x00,0x00,0xa2,0x00,0x00,0x00,0x47,0x00,0x00,0xa2,0x00,0x00,0x00,0x47,
  0x06,0xa8,0xb2,0x00,0x04,0xaa,0x87,0x4f,0xff,0xf0,0x00,0x0f,0xff,0xf5,0x1c,0xfe,0x60,0x00,0x08,0xff,0xa0,0x00,0x00,0x00,
  0x00,0x00,0x00,0x00,0x00,0x00,0x00,0x7b,0x80,0x00,0x00,0x00,0x00,0x00,0x09,0xff,0xfa,0x00,0x00,0x00,0x00,0x00,0x0e,0xff,
  0xff,0x00,0x00,0x00,0x00,0x8c,0x8e,0xff,0xff,0x8c,0x91,0x00,0x0a,0xff,0xfb,0x20,0x1a,0xff,0xfc,0x00,0x0f,0xff,0xd0,0x00,
  0x00,0xdf,0xff,0x00,0x0d,0xff,0x80,0x00,0x00,0x7f,0xfe,0x00,0x04,0xef,0x80,0x00,0x00,0x7f,0xf4,0x00,0x00,0x0a,0xe0,0x00,
  0x00,0xdb,0x10,0x00,0x00,0x3f,0xfc,0x20,0x2b,0xff,0x40,0x00,0x00,0x7f,0xff,0xff,0xff,0xff,0x80,0x00,0x00,0x3f,0xff,0xf8,
  0xff,0xff,0x40,0x00,0x00,0x06,0xee,0x70,0x6e,0xe7,0x00,0x00,0x00,0x00,0x00,0x7b,0x80,0x00,0x00,0x00,0x00,0x00,0x09,0xb4,
  0xaa,0x00,0x00,0x00,0x00,0x00,0x0e,0x10,0x0f,0x00,0x00,0x00,0x00,0x9c,0x9e,0x10,0x0f,0x8c,0x91,0x00,0x0a,0x93,0x8f,0xef,
  0xef,0x83,0x8c,0x00,0x0f,0x00,0x2f,0xff,0xff,0x30,0x0e,0x00,0x0d,0x30,0x7f,0xff,0xff,0x80,0x2e,0x00,0x03,0xeb,0xdf,0xff,
  0xff,0xdb,0xe4,0x00,0x00,0x0a,0xdf,0xff,0xff,0xcb,0x10,0x00,0x00,0x3d,0x13,0xdf,0xd4,0x0c,0x40,0x00,0x00,0x79,0x00,0x4f,
  0x50,0x07,0x80,0x00,0x00,0x3d,0x21,0xc9,0xd2,0x1d,0x40,0x00,0x00,0x06,0xee,0x70,0x6e,0xe7,0x00,0x00,0x00,0x00,0x00,0x00,
  0x00,0x00,0x00,0x00,0x00,0x00,0x47,0x00,0x00,0x00,0x00,0x40,0x00,0x47,0x00,0x06,0x00,0x00,0x5b,0x00,0x47,0x00,0x79,0x00,
  0x00,0x06,0xa0,0x46,0x14,0x90,0x00,0x00,0x00,0x1b,0xff,0xe2,0x00,0x00,0x00,0x00,0x6f,0xff,0xfa,0x00,0x00,0x6c,0xc7,0x8f,
  0xff,0xfd,0x6c,0xc7,0x00,0x00,0x4f,0xff,0xf9,0x00,0x00,0x00,0x00,0x18,0xff,0xb3,0x10,0x00,0x00,0x0a,0x60,0x12,0x04,0xc0,
  0x00,0x00,0x97,0x00,0x47,0x00,0x4b,0x00,0x00,0x20,0x00,0x47,0x00,0x01,0x00,0x00,0x00,0x00,0x47,0x00,0x00,0x00,0x00,0x00,
  0x00,0x00,0x05,0x73,0x00,0x00,0x00,0x00,0x00,0x04,0xdd,0xef,0xff,0x80,0x00,0x00,0x00,0x00,0x1f,0xff,0xff,0xff,0xf3,0x00,
  0x00,0x00,0x07,0xcf,0xff,0xff,0xff,0xfe,0xe3,0x00,0x00,0x4f,0xff,0xff,0xff,0xff,0xff,0xf6,0x00,0x06,0xef,0xff,0xff,0xff,
  0xff,0xff,0xfb,0x00,0x6f,0xff,0xff,0xff,0xff,0xff,0xff,0xfd,0x00,0x00,0x00,0x00,0x00,0x00,0x00,0x00,0x00,0x00,0x00,0x00,
  0x00,0x00,0x10,0x00,0x00,0x00,0x00,0x00,0x00,0x01,0x80,0x00,0x00,0x00,0x00,0x00,0x18,0xce,0xfe,0xa3,0x00,0x00,0x00,0x05,
  0xff,0xff,0xff,0xff,0x80,0x00,0x00,0x5f,0xff,0xff,0xff,0xff,0xf9,0x00,0x02,0xff,0xff,0xff,0xff,0xff,0xff,0x50,0x08,0x89,
  0xef,0xfe,0xef,0xff,0xc8,0x80,0x00,0x00,0x06,0x00,0x60,0x36,0x00,0x00,0x00,0x00,0x00,0x00,0x60,0x00,0x00,0x00,0x00,0x00,
  0x00,0x00,0x60,0x00,0x00,0x00,0x00,0x00,0x00,0x00,0x60,0x00,0x00,0x00,0x00,0x00,0x00,0x00,0x60,0x00,0x00,0x00,0x00,0x00,
  0x00,0x20,0x60,0x00,0x00,0x00,0x00,0x00,0x00,0x65,0x30,0x00,0x00,0x00,0x00,0x20,0x00,0x00,0x00,0x00,0x00,0x00,0x00,0x00,
  0x02,0x10,0x00,0x00,0x02,0x00,0x20,0x00,0x00,0x00,0x00,0x00,0x00,0x11,0x02,0x02,0x00,0x00,0x00,0x20,0x00,0x00,0x00,0x20,
  0x00,0x00,0x00,0x10,0x2c,0xc1,0x00,0x00,0x00,0x00,0x10,0x98,0x88,0x00,0x70,0x00,0x00,0x02,0x51,0x26,0x10,0x10,0x20,0x03,
  0x53,0x31,0x23,0x21,0x00,0x00,0x00,0x00,0x44,0x44,0x06,0x10,0x04,0x40,0x04,0x50,0x15,0x20,0x00,0x00,0x00,0x62,0x00,0x00,
  0x44,0x35,0x08,0x03,0x50,0x50,0x05,0x08,0x00,0x02,0x06,0x30,0x00,0x00,0x06,0x20,0x00,0x03,0x60,0x50,0x05,0x09,0x00,0x00,
  0x00,0x94,0x00,0x00,0x66,0x00,0x00,0x00,0x06,0x88,0x89,0x40,0x00,0x00,0x00,0x00,0x00,0x00,0x00,0x00,0x00,0x00,0x00,0x11,
  0x00,0x00,0x00,0x00,0x00,0x20,0x50,0x00,0x00,0x00,0x00,0x04,0x12,0x40,0x03,0x00,0x00,0x00,0x06,0x07,0x00,0x14,0x00,0x00,
  0x00,0x17,0x08,0x00,0x70,0x00,0x00,0x00,0x07,0x25,0x20,0x80,0x00,0x00,0x00,0x00,0x70,0x90,0x71,0x00,0x00,0x00,0x10,0x12,
  0x35,0x18,0x01,0x00,0x05,0x00,0x00,0x06,0x02,0x40,0x50,0x08,0x00,0x00,0x03,0x00,0x40,0x62,0x0c,0x20,0x00,0x00,0x00,0x01,
  0xc0,0x03,0xd8,0x30,0x00,0x02,0x7d,0x40,0x00,0x06,0xbe,0xee,0xeb,0x71,0x00,0x00,0x00,0x00,0x36,0x75,0x20,0x00,0x00,0x00,
  0x00,0x00,0x6e,0xfc,0xbd,0xfd,0x40,0x00,0x00,0x00,0x0b,0xe6,0x00,0x00,0x18,0xf8,0x00,0x00,0x00,0xbc,0x10,0x00,0x00,0x00,
  0x3e,0x70,0x00,0x06,0xe1,0x01,0x00,0x00,0x11,0x03,0xf3,0x00,0x0e,0x50,0x3f,0xe0,0x02,0xfe,0x10,0x9b,0x00,0x3f,0x00,0x3f,
  0xe0,0x02,0xff,0x10,0x3f,0x00,0x6c,0x00,0x02,0x10,0x00,0x21,0x00,0x0f,0x20,0x7b,0x00,0x00,0x00,0x00,0x00,0x00,0x0f,0x30,
  0x6c,0x00,0x00,0x00,0x00,0x00,0x00,0x0f,0x20,0x3f,0x00,0x81,0x00,0x00,0x03,0x60,0x4f,0x00,0x0d,0x70,0xcd,0x30,0x00,0x5e,
  0x80,0xaa,0x00,0x05,0xe2,0x09,0xfd,0xce,0xf7,0x05,0xf2,0x00,0x00,0x9d,0x20,0x15,0x64,0x00,0x5f,0x60,0x00,0x00,0x09,0xf8,
  0x20,0x00,0x3a,0xf6,0x00,0x00,0x00,0x00,0x4c,0xff,0xef,0xfa,0x20,0x00,0x00,0x00,0x00,0x00,0x13,0x43,0x00,0x00,0x00,0x00,
  0x00,0x00,0x00,0x36,0x75,0x20,0x00,0x00,0x00,0x00,0x00,0x6e,0xff,0xff,0xfd,0x40,0x00,0x00,0x00,0x0b,0xff,0xff,0xff,0xff,
  0xf8,0x00,0x00,0x00,0xbf,0xff,0xff,0xff,0xff,0xff,0x70,0x00,0x06,0xff,0xfe,0xff,0xff,0xee,0xff,0xf3,0x00,0x0e,0xff,0xc0,
  0x1f,0xfd,0x01,0xef,0xfb,0x00,0x3f,0xff,0xc0,0x1f,0xfd,0x00,0xef,0xff,0x00,0x6f,0xff,0xfd,0xef,0xff,0xde,0xff,0xff,0x20,
  0x7f,0xff,0xff,0xff,0xff,0xff,0xff,0xff,0x30,0x6f,0xff,0xff,0xff,0xff,0xff,0xff,0xff,0x20,0x3f,0xff,0x7e,0xff,0xff,0xfc,
  0x9f,0xff,0x00,0x0d,0xff,0x32,0xcf,0xff,0xa1,0x7f,0xfa,0x00,0x05,0xff,0xf6,0x02,0x31,0x08,0xff,0xf2,0x00,0x00,0x9f,0xff,
  0xea,0x9b,0xff,0xff,0x60,0x00,0x00,0x09,0xff,0xff,0xff,0xff,0xf6,0x00,0x00,0x00,0x00,0x4c,0xff,0xff,0xfa,0x20,0x00,0x00,
  0x00,0x00,0x00,0x13,0x43,0x00,0x00,0x00,0x00,0x00,0x00,0x00,0x00,0x24,0x00,0x00,0x00,0x05,0xf9,0x00,0x00,0x00,0x3f,0xc0,
  0x00,0x00,0x00,0xde,0x10,0x00,0x00,0x0a,0xf4,0x00,0x00,0x00,0x5f,0x70,0x00,0x09,0x41,0xec,0x00,0x00,0x3f,0xca,0xf2,0x00,
  0x00,0x0e,0xff,0x60,0x00,0x00,0x09,0xfb,0x00,0x00,0x00,0x00,0x30,0x00,0x00,0x00,0x00,0x00,0x00,0x00,0x15,0x40,0x00,0x00,
  0x00,0x06,0xff,0x90,0x00,0x00,0x00,0x8f,0xfb,0x00,0x00,0x00,0x07,0xff,0xd1,0x00,0x00,0x00,0x5f,0xfe,0x20,0x00,0x6e,0x62,
  0xff,0xf3,0x00,0x00,0xdf,0xdc,0xff,0x60,0x00,0x00,0xbf,0xff,0xfa,0x00,0x00,0x00,0x6f,0xff,0xd0,0x00,0x00,0x00,0x0f,0xff,
  0x30,0x00,0x00,0x00,0x02,0x62,0x00,0x00,0x00,0x00,0x00,0x00,0x00,0x00,0x00,0x00,0x00,0x06,0x50,0x00,0x9e,0x80,0x00,0x1f,
  0xe0,0x08,0xfd,0x00,0x00,0x0d,0xf5,0x6f,0xe1,0x00,0x00,0x07,0xfe,0xff,0x30,0x00,0x00,0x01,0xff,0xf7,0x00,0x00,0x00,0x00,
  0xdf,0xf0,0x00,0x00,0x00,0x09,0xff,0xf7,0x00,0x00,0x00,0x5f,0xfc,0xfe,0x00,0x00,0x02,0xff,0x81,0xef,0x80,0x00,0x0c,0xfd,
  0x00,0x4f,0xc0,0x00,0x7f,0xf3,0x00,0x07,0x40,0x00,0xdf,0x90,0x00,0x00,0x00,0x00,0xae,0x10,0x00,0x00,0x00,0x00,0x00,0x00,
  0x00,0x00,0x00,0x00,0x00,0x00,0x00,0x00,0x01,0x10,0x00,0x32,0x00,0x00,0x1d,0xc1,0x0b,0xfc,0x00,0x02,0xef,0xf7,0x0a,0xff,
  0x60,0x2e,0xff,0xa0,0x04,0xff,0xf4,0xdf,0xfa,0x00,0x00,0xdf,0xff,0xff,0xc0,0x00,0x00,0x5f,0xff,0xfe,0x10,0x00,0x00,0x0d,
  0xff,0xf7,0x00,0x00,0x00,0x7f,0xff,0xff,0x20,0x00,0x05,0xff,0xff,0xff,0xd0,0x00,0x3f,0xff,0xcd,0xff,0xfb,0x00,0xaf,0xfd,
  0x13,0xff,0xfb,0x00,0xaf,0xf2,0x00,0x6e,0xa0,0x00,0x2a,0x60,0x00,0x00,0x00,0x00,0x00,0x00,0x27,0x87,0x30,0x00,0x00,0x00,
  0x1b,0xfe,0xcd,0xfb,0x10,0x00,0x00,0xdd,0x40,0x00,0x3d,0xe1,0x00,0x09,0xe1,0x00,0x00,0x00,0xdb,0x00,0x1f,0x50,0x00,0x00,
  0x00,0x4f,0x20,0x4f,0x10,0x04,0xc5,0x00,0x0f,0x50,0x5f,0x00,0x06,0xf7,0x00,0x0e,0x60,0x3f,0x20,0x02,0x73,0x00,0x0f,0x40,
  0x0e,0x80,0x00,0x00,0x00,0x7f,0x10,0x06,0xf4,0x00,0x00,0x03,0xf8,0x00,0x00,0x9f,0x93,0x12,0x8f,0xa0,0x00,0x00,0x06,0xdf,
  0xff,0xe6,0x00,0x00,0x00,0x00,0x02,0x32,0x00,0x00,0x00,0x00,0x07,0xdf,0xea,0x20,0x00,0x00,0x00,0x00,0x01,0xdf,0xfe,0xff,
  0xf5,0x00,0x00,0x1d,0x70,0x0c,0xfb,0x20,0x07,0xff,0x92,0x04,0xdf,0xb0,0x05,0xc0,0x00,0x00,0x4e,0xff,0xff,0xfb,0x00,0x00,
  0x00,0x00,0x00,0x01,0x8c,0xdb,0x50,0x00,0x53,0x00,0x00,0x00,0x00,0x08,0xc3,0x00,0x00,0x00,0x00,0x6f,0x80,0x00,0x00,0x00,
  0x06,0xf9,0x00,0x00,0x00,0x00,0xaf,0x80,0x00,0x00,0x00,0x0e,0xf5,0x00,0x00,0x00,0x05,0xfe,0x00,0x00,0x00,0x00,0xef,0x30,
  0x00,0x00,0x00,0x8f,0x20,0x00,0x00,0x00,0x01,0x00,0x00,0x00,0x00,0x00,0x57,0x10,0x00,0x00,0x00,0x20,0x0a,0xe0,0x53,0x00,
  0x00,0x3d,0x82,0xc2,0x08,0xc3,0x00,0x05,0xf2,0x00,0x00,0x6f,0x80,0x00,0x30,0x00,0x00,0x06,0xf9,0x00,0x00,0x00,0x00,0x00,
  0xaf,0x80,0x00,0x00,0x00,0x00,0x0e,0xf5,0x00,0x00,0x00,0x00,0x05,0xfe,0x00,0x00,0x00,0x00,0x00,0xef,0x30,0x00,0x00,0x00,
  0x00,0x8f,0x20,0x00,0x00,0x00,0x00,0x01,0x00,0x00,0x00,0x00,0x39,0xcc,0xcc,0xa5,0x00,0x00,0x00,0x0a,0xa3,0x00,0x00,0x18,
  0xc2,0x00,0x00,0xb5,0x00,0x00,0x00,0x00,0x2c,0x20,0x09,0x50,0x00,0x00,0x00,0x00,0x02,0xc0,0x1b,0x00,0x00,0x00,0x00,0x00,
  0x00,0x85,0x65,0x00,0x00,0x00,0x00,0x00,0x00,0x2a,0xa1,0x00,0x00,0x00,0x00,0x00,0x00,0x0c,0xb0,0x00,0x00,0x00,0x00,0x00,
  0x00,0x0c,0xb0,0x00,0x00,0x00,0x00,0x00,0x00,0x0c,0x92,0x00,0x00,0x00,0x00,0x00,0x00,0x0c,0x57,0x00,0x00,0x00,0x00,0x00,
  0x00,0x39,0x0c,0x00,0x00,0x00,0x00,0x00,0x00,0xa3,0x06,0x90,0x00,0x00,0x00,0x00,0x05,0xa0,0x00,0x99,0x00,0x00,0x00,0x00,
  0x6b,0x00,0x00,0x06,0xc7,0x20,0x02,0x5b,0x80,0x00,0x00,0x00,0x05,0x9b,0xba,0x61,0x00,0x00,0x00,0x33,0x00,0x00,0x4e,0x60,
  0x1e,0x63,0x50,0x02,0xd2,0x00,0x00,0x00,0x00,0x00,0x00,0x09,0xe7,0x00,0x00,0x00,0x00,0x00,0x00,0x00,0xbe,0x8f,0xb0,0x00,
  0x00,0x00,0x00,0x00,0x0b,0xd1,0x02,0xcd,0x20,0x00,0x00,0x00,0x00,0xbd,0x10,0x00,0x09,0xf4,0x00,0x00,0x00,0x2c,0xe1,0x00,
  0x00,0x00,0x6f,0x70,0x00,0x00,0x8e,0x20,0x00,0x00,0x00,0x03,0xec,0x20,0x00,0x01,0x00,0x00,0x00,0x00,0x00,0x1b,0xf9,0x20,
  0x00,0x00,0x00,0x00,0x00,0x00,0x00,0x6e,0xf2,0x00,0x00,0x00,0x00,0x00,0x00,0x00,0x00,0x20,0x00,0x00,0x1b,0xe7,0x00,0x00,
  0x00,0x00,0x00,0x00,0x02,0xe9,0x5e,0xb0,0x00,0x00,0x00,0x00,0x00,0x3f,0x70,0x02,0xdd,0x30,0x00,0x00,0x00,0x05,0xf7,0x00,
  0x00,0x0a,0xf7,0x00,0x00,0x00,0x8f,0x90,0x00,0x00,0x00,0x6f,0xc3,0x00,0x00,0x4a,0x00,0x00,0x00,0x00,0x02,0xcf,0xa2,0x00,
  0x00,0x00,0x00,0x00,0x00,0x00,0x06,0xef,0xb4,0x00,0x00,0x00,0x00,0x00,0x00,0x00,0x18,0xe3,0x00,0x00,0x00,0x00,0x00,0x00,
  0x00,0x00,0x00,0x00,0x00,0x00,0x00,0x02,0x10,0x00,0x00,0x00,0x00,0x00,0x7f,0xa0,0x00,0x00,0x00,0x00,0x02,0xfe,0x10,0x00,
  0x00,0x00,0x00,0x0c,0xf5,0x00,0x00,0x00,0x00,0x00,0x6f,0xb0,0x00,0x00,0x00,0x00,0x01,0xef,0x20,0x00,0x00,0x00,0x00,0x0a,
  0xf7,0x00,0x00,0x00,0x00,0x00,0x5f,0xd0,0x00,0x00,0x00,0x00,0x00,0xef,0x30,0x00,0x00,0x00,0x00,0x09,0xf8,0x00,0x00,0x00,
  0x00,0x00,0x3f,0xe0,0x00,0x00,0x00,0x00,0x00,0xdf,0x40,0x00,0x00,0x00,0x00,0x08,0xff,0xcc,0xcc,0xcc,0xcc,0xc1,0x2f,0xff,
  0xff,0xff,0xff,0xff,0xf2,0x00,0x00,0x00,0x00,0x03,0x33,0x30,0x15,0x44,0x44,0x44,0x53,0x22,0x36,0x51,0x00,0x00,0x00,0x00,
  0x00,0x05,0x03,0x33,0x88,0x88,0x20,0x00,0x05,0x00,0x00,0x61,0x11,0x00,0x00,0x05,0x00,0x00,0x18,0x76,0x00,0x00,0x13,0x00,
  0x00,0x15,0x10,0x00,0x00,0x32,0x00,0x00,0x03,0x82,0x00,0x00,0x41,0x00,0x00,0x04,0x32,0x22,0x22,0x60,0x00,0x00,0x00,0x12,
  0x22,0x22,0x20,0x03,0x33,0x30,0x00,0x00,0x00,0x00,0x54,0x22,0x25,0x44,0x44,0x44,0x42,0x50,0x00,0x00,0x00,0x00,0x00,0x15,
  0x41,0x00,0x01,0x88,0x89,0x33,0x30,0x32,0x00,0x00,0x01,0x16,0x00,0x00,0x13,0x00,0x00,0x57,0x82,0x00,0x00,0x05,0x00,0x00,
  0x01,0x33,0x00,0x00,0x05,0x00,0x00,0x17,0x40,0x00,0x00,0x06,0x22,0x22,0x22,0x50,0x00,0x00,0x01,0x22,0x22,0x21,0x00,0x00,
  0x00,0x00,0x5b,0xc8,0x00,0x8c,0xb6,0x00,0x06,0xfa,0x6b,0xb8,0xc6,0x9f,0x80,0x0d,0xc0,0x00,0xef,0x10,0x09,0xf0,0x1f,0x80,
  0x00,0xbd,0x00,0x05,0xf2,0x1f,0x70,0x00,0xac,0x00,0x05,0xf3,0x0f,0x90,0x00,0x56,0x00,0x08,0xf1,0x0b,0xd0,0x00,0x00,0x00,
  0x0d,0xc0,0x04,0xf4,0x00,0x00,0x00,0x7f,0x40,0x00,0x9e,0x20,0x00,0x00,0x44,0x00,0x00,0x09,0xe4,0x00,0x00,0x00,0x00,0x00,
  0x00,0xbf,0xb2,0x00,0x00,0x00,0x00,0x4f,0xea,0xbf,0x90,0x00,0x00,0x00,0x18,0x00,0x04,0xf9,0x00,0x00,0x00,0x00,0x00,0x00,
  0x8f,0x10,0x00,0x00,0x00,0x00,0x00,0x02,0x00,0x00,0x8f,0xff,0xff,0xff,0xff,0xf8,0x7f,0xff,0xff,0xff,0xff,0xf8,0x0a,0xf9,
  0x00,0x00,0x00,0x00,0x00,0xbf,0x80,0x00,0x00,0x00,0x00,0x0c,0xf8,0x00,0x00,0x00,0x00,0x01,0xdf,0x70,0x00,0x00,0x00,0x00,
  0x1e,0xf6,0x00,0x00,0x00,0x00,0x02,0xef,0x60,0x00,0x00,0x00,0x00,0xbf,0xa0,0x00,0x00,0x00,0x0a,0xf9,0x00,0x00,0x00,0x00,
  0x9f,0x90,0x00,0x00,0x00,0x09,0xf8,0x00,0x00,0x00,0x00,0x9f,0x70,0x00,0x00,0x00,0x08,0xf7,0x00,0x00,0x00,0x00,0x7f,0xff,
  0xff,0xff,0xff,0xfc,0xcf,0xff,0xff,0xff,0xff,0xfc,0x00,0x00,0x00,0x00,0xc5,0x00,0x00,0x00,0x00,0x00,0x00,0x00,0x00,0xf6,
  0x00,0x00,0x00,0x00,0x09,0x30,0x00,0x00,0xf5,0x00,0x00,0x09,0x30,0x0f,0x60,0x00,0x00,0xf5,0x00,0x00,0x0f,0x60,0x0f,0x50,
  0x00,0x00,0xf5,0x00,0x00,0x0f,0x50,0x0f,0x50,0x00,0x00,0xf5,0x00,0x00,0x0f,0x50,0x0f,0x50,0x00,0x00,0xf5,0x00,0x00,0x0f,
  0x50,0x0f,0x50,0x00,0x00,0xf5,0x00,0x00,0x0f,0x50,0x0f,0x62,0x22,0x22,0xf6,0x22,0x22,0x2f,0x50,0x0f,0xff,0xff,0xff,0xff,
  0xff,0xff,0xff,0x60,0x00,0x00,0x00,0x00,0xf5,0x00,0x00,0x0a,0x40,0x00,0x00,0x00,0x00,0xf5,0x00,0x00,0x00,0x00,0x00,0x00,
  0x00,0x00,0xf5,0x00,0x00,0x00,0x00,0x00,0x00,0x00,0x00,0xf5,0x00,0x00,0x00,0x00,0x00,0x00,0x00,0x00,0xf5,0x00,0x00,0x00,
  0x00,0x00,0x00,0x00,0x00,0xf5,0x00,0x00,0x00,0x00,0x00,0x00,0x00,0x00,0xf6,0x00,0x00,0x00,0x00,0x00,0x00,0x00,0x00,0x21,
  0x00,0x00,0x00,0x00,0x00,0x00,0x0f,0xff,0xff,0xff,0x00,0x00,0x00,0x00,0x00,0x0f,0x21,0x11,0x3f,0x00,0x00,0x00,0x00,0x00,
  0x0f,0x20,0x00,0x2f,0x00,0x00,0x00,0x00,0x00,0x0f,0x20,0x00,0x2f,0x00,0x00,0x00,0x00,0x00,0x0f,0x20,0x00,0x2f,0x00,0x00,
  0x00,0x00,0x00,0x0f,0x20,0x00,0x2f,0x00,0x00,0x00,0x0f,0xff,0xff,0x20,0x00,0x2f,0xff,0xff,0x20,0x0f,0x50,0x05,0x00,0x00,
  0x00,0x00,0x2f,0x20,0x0f,0x50,0x00,0x00,0x00,0x00,0x00,0x2f,0x20,0x0f,0x50,0x00,0x00,0x00,0x00,0x00,0x2f,0x20,0x0f,0x50,
  0x00,0x00,0x00,0x00,0x00,0x2f,0x20,0x0f,0x50,0x00,0x00,0x00,0x00,0x00,0x2f,0x20,0x0f,0x50,0x00,0x00,0x00,0x00,0x00,0x2f,
  0x20,0x0f,0x51,0x11,0x11,0x11,0x11,0x11,0x3f,0x20,0x0f,0xff,0xff,0xff,0xff,0xff,0xff,0xff,0x20,0x0f,0x50,0x00,0x00,0x00,
  0x00,0x00,0x3f,0x20,0x06,0x20,0x00,0x00,0x00,0x00,0x00,0x18,0x10,0x4f,0xff,0xff,0xf0,0x4f,0x99,0x99,0x90,0x4f,0x20,0x00,
  0x00,0x4f,0x20,0x00,0x00,0x4f,0x20,0x00,0x00,0x4f,0x20,0x00,0x00,0x4f,0x20,0x00,0x00,0x4f,0x20,0x00,0x00,0x4f,0x20,0x00,
  0x00,0x4f,0x20,0x00,0x00,0x4f,0x20,0x00,0x00,0x28,0x10,0x00,0x00,0x2f,0xff,0xff,0xf1,0x19,0x99,0x9a,0xf2,0x00,0x00,0x04,
  0xf2,0x00,0x00,0x04,0xf2,0x00,0x00,0x04,0xf2,0x00,0x00,0x04,0xf2,0x00,0x00,0x04,0xf2,0x00,0x00,0x04,0xf2,0x00,0x00,0x04,
  0xf2,0x00,0x00,0x04,0xf2,0x00,0x00,0x04,0xf2,0x00,0x00,0x02,0x81,0x4e,0x10,0x00,0x00,0x4f,0x20,0x00,0x00,0x4f,0x20,0x00,
  0x00,0x4f,0x20,0x00,0x00,0x4f,0x20,0x00,0x00,0x4f,0x20,0x00,0x00,0x4f,0x20,0x00,0x00,0x4f,0x20,0x00,0x00,0x4f,0x20,0x00,
  0x00,0x4f,0x20,0x00,0x00,0x4f,0xff,0xff,0xf0,0x29,0x99,0x99,0x90,0x00,0x00,0x04,0xe1,0x00,0x00,0x04,0xf2,0x00,0x00,0x04,
  0xf2,0x00,0x00,0x04,0xf2,0x00,0x00,0x04,0xf2,0x00,0x00,0x04,0xf2,0x00,0x00,0x04,0xf2,0x00,0x00,0x04,0xf2,0x00,0x00,0x04,
  0xf2,0x00,0x00,0x04,0xf2,0x2f,0xff,0xff,0xf2,0x19,0x99,0x99,0x91,0x2f,0xff,0xff,0xff,0xff,0xff,0x00,0x19,0x99,0x99,0x99,
  0x99,0x99,0x00,0x4e,0x10,0x4f,0x20,0x4f,0x20,0x4f,0x20,0x4f,0x20,0x4f,0x20,0x4f,0x20,0x4f,0x20,0x4f,0x20,0x4f,0x20,0x4f,
  0x20,0x4f,0x20,0x4f,0x20,0x4f,0x20,0x4f,0x20,0x4f,0x20,0x4f,0x20,0x4f,0x20,0x4f,0x20,0x4f,0x20,0x4f,0x20,0x28,0x10,0x2f,
  0xff,0xff,0xff,0xff,0xff,0x00,0x19,0x99,0x9a,0xf9,0x99,0x99,0x00,0x00,0x00,0x04,0xf2,0x00,0x00,0x00,0x00,0x00,0x04,0xf2,
  0x00,0x00,0x00,0x00,0x00,0x04,0xf2,0x00,0x00,0x00,0x00,0x00,0x04,0xf2,0x00,0x00,0x00,0x00,0x00,0x04,0xf2,0x00,0x00,0x00,
  0x00,0x00,0x04,0xf2,0x00,0x00,0x00,0x00,0x00,0x04,0xf2,0x00,0x00,0x00,0x00,0x00,0x04,0xf2,0x00,0x00,0x00,0x00,0x00,0x04,
  0xf2,0x00,0x00,0x00,0x00,0x00,0x02,0x81,0x00,0x00,0x00,0x00,0x00,0x04,0xe1,0x00,0x00,0x00,0x00,0x00,0x04,0xf2,0x00,0x00,
  0x00,0x00,0x00,0x04,0xf2,0x00,0x00,0x00,0x00,0x00,0x04,0xf2,0x00,0x00,0x00,0x00,0x00,0x04,0xf2,0x00,0x00,0x00,0x00,0x00,
  0x04,0xf2,0x00,0x00,0x00,0x00,0x00,0x04,0xf2,0x00,0x00,0x00,0x00,0x00,0x04,0xf2,0x00,0x00,0x00,0x00,0x00,0x04,0xf2,0x00,
  0x00,0x00,0x00,0x00,0x04,0xf2,0x00,0x00,0x00,0x2f,0xff,0xff,0xff,0xff,0xff,0x00,0x19,0x99,0x99,0x99,0x99,0x99,0x00,0x00,
  0x00,0x0e,0xeb,0x00,0x00,0x00,0x00,0x00,0x0f,0xfd,0x00,0x00,0x00,0x00,0x00,0x0f,0xfd,0x00,0x00,0x00,0x00,0x00,0x0f,0xfd,
  0x00,0x00,0x00,0x00,0x00,0x0f,0xfd,0x00,0x00,0x00,0x00,0x00,0x0f,0xfd,0x00,0x00,0x00,0x00,0x00,0x0f,0xfd,0x00,0x00,0x00,
  0x00,0x00,0x0f,0xfd,0x00,0x00,0x00,0x00,0x00,0x0f,0xfd,0x00,0x00,0x00,0x1b,0xbb,0xbf,0xff,0xbb,0xbb,0x00,0x2f,0xff,0xff,
  0xff,0xff,0xff,0x00,0x2f,0xff,0xff,0xff,0xff,0xff,0x00,0x05,0x55,0x55,0x55,0x55,0x55,0x00,0x1b,0xbb,0xbb,0xbb,0xbb,0xbb,
  0x00,0x2f,0xff,0xff,0xff,0xff,0xff,0x00,0x2f,0xff,0xff,0xff,0xff,0xff,0x00,0x05,0x55,0x55,0x55,0x55,0x55,0x00,0x00,0x00,
  0x04,0xe1,0x00,0x00,0x04,0xf2,0x00,0x00,0x04,0xf2,0x00,0x00,0x04,0xf2,0x00,0x00,0x04,0xf2,0x00,0x00,0x04,0xf2,0x00,0x00,
  0x04,0xf2,0x00,0x00,0x04,0xf1,0x00,0x00,0x05,0xf0,0x00,0x00,0x0b,0xc0,0x2f,0xff,0xff,0x40,0x19,0x99,0x83,0x00,0x4e,0x10,
  0x00,0x00,0x4f,0x20,0x00,0x00,0x4f,0x20,0x00,0x00,0x4f,0x20,0x00,0x00,0x4f,0x20,0x00,0x00,0x4f,0x20,0x00,0x00,0x4f,0x20,
  0x00,0x00,0x4f,0x20,0x00,0x00,0x3f,0x30,0x00,0x00,0x0e,0x90,0x00,0x00,0x07,0xff,0xff,0xf0,0x00,0x48,0x99,0x90,0x01,0xae,
  0xff,0xf0,0x0a,0xf9,0x99,0x90,0x1f,0x50,0x00,0x00,0x3f,0x20,0x00,0x00,0x4f,0x20,0x00,0x00,0x4f,0x20,0x00,0x00,0x4f,0x20,
  0x00,0x00,0x4f,0x20,0x00,0x00,0x4f,0x20,0x00,0x00,0x4f,0x20,0x00,0x00,0x4f,0x20,0x00,0x00,0x28,0x10,0x00,0x00,0x2f,0xff,
  0xe9,0x00,0x19,0x99,0xaf,0x80,0x00,0x00,0x08,0xe0,0x00,0x00,0x05,0xf1,0x00,0x00,0x04,0xf2,0x00,0x00,0x04,0xf2,0x00,0x00,
  0x04,0xf2,0x00,0x00,0x04,0xf2,0x00,0x00,0x04,0xf2,0x00,0x00,0x04,0xf2,0x00,0x00,0x04,0xf2,0x00,0x00,0x02,0x81,0x00,0xbd,
  0xdd,0xdd,0xdd,0xdd,0xde,0x40,0x03,0x90,0x00,0x00,0x00,0x00,0x01,0xb0,0x0a,0x20,0x00,0x00,0x00,0x00,0x00,0x94,0x2a,0x00,
  0x00,0x00,0x00,0x00,0x00,0x2b,0x01,0x00,0x00,0x00,0x00,0x00,0x00,0x01,0x00,0x00,0x00,0x00,0x00,0x00,0x00,0x00,0x39,0x00,
  0x00,0x00,0x00,0x00,0x00,0x1b,0x0b,0x10,0x00,0x00,0x00,0x00,0x00,0x85,0x04,0x80,0x00,0x00,0x00,0x00,0x01,0xc0,0x00,0xbd,
  0xdd,0xdd,0xdd,0xdd,0xde,0x40,0x02,0x00,0x00,0x00,0x00,0x00,0x00,0x02,0x2d,0x91,0x00,0x00,0x00,0x00,0x04,0xd9,0x00,0x6d,
  0x91,0x00,0x00,0x03,0xcb,0x20,0x00,0x00,0x6d,0x80,0x03,0xbb,0x30,0x00,0x00,0x00,0x00,0x6d,0xbb,0x30,0x00,0x00,0x00,0x00,
  0x00,0x00,0x20,0x00,0x00,0x00,0x00,0x43,0x00,0x51,0x67,0x30,0xa5,0x15,0x82,0x0a,0x60,0x5a,0x00,0x97,0x00,0x8d,0x80,0x9f,
  0x90,0x35,0x30,0x00,0x00,0x00,0x00,0x00,0x00,0x00,0x00,0x00,0x00,0x00,0x15,0x20,0x00,0x00,0x00,0x00,0x00,0x00,0x80,0x90,
  0x00,0x00,0x00,0x00,0x00,0x04,0x90,0x85,0x00,0x00,0x00,0x00,0x00,0x3d,0x40,0x3e,0x30,0x00,0x00,0x04,0x8c,0xcc,0x00,0x0b,
  0xcc,0x84,0x10,0x15,0x00,0x00,0x00,0x00,0x00,0x04,0x10,0x03,0xa1,0x00,0x00,0x00,0x00,0x94,0x00,0x00,0x5e,0x30,0x00,0x00,
  0x3d,0x60,0x00,0x00,0x0a,0xa0,0x00,0x00,0x9b,0x00,0x00,0x00,0x09,0x50,0x00,0x00,0x4b,0x00,0x00,0x00,0x0a,0x00,0x4d,0x50,
  0x0a,0x00,0x00,0x00,0x07,0x08,0xd8,0xc9,0x07,0x00,0x00,0x00,0x04,0x63,0x00,0x03,0x64,0x00,0x00,0x00,0x00,0x00,0x00,0x00,
  0x00,0x00,0x00,0x00,0x00,0x02,0x10,0x00,0x00,0x00,0x2b,0xff,0xfc,0x30,0x00,0x03,0xff,0xa7,0x9f,0xf5,0x00,0x0d,0xe3,0x00,
  0x01,0xdf,0x10,0x4f,0x60,0x00,0x00,0x3f,0x70,0x6f,0x20,0x00,0x00,0x0f,0x90,0x6f,0x30,0x00,0x00,0x0f,0x90,0x2f,0x90,0x00,
  0x00,0x6f,0x50,0x0a,0xf8,0x00,0x06,0xfd,0x00,0x00,0xaf,0xfd,0xff,0xc1,0x00,0x00,0x03,0x9f,0xb4,0x00,0x00,0x00,0x00,0x3f,
  0x60,0x00,0x00,0x00,0x01,0x4f,0x71,0x10,0x00,0x00,0x9f,0xff,0xff,0xc0,0x00,0x00,0x00,0x3f,0x60,0x00,0x00,0x00,0x00,0x3f,
  0x60,0x00,0x00,0x00,0x00,0x04,0x10,0x00,0x00,0x00,0x00,0x00,0x00,0x0c,0xff,0xfe,0x00,0x00,0x00,0x00,0x24,0x4c,0xff,0x00,
  0x00,0x00,0x00,0x00,0x9f,0xcf,0x00,0x04,0x89,0x83,0x0a,0xf7,0x5f,0x00,0xaf,0xff,0xff,0xdf,0x70,0x5b,0x0a,0xf9,0x20,0x2a,
  0xfb,0x00,0x20,0x3f,0x90,0x00,0x00,0xaf,0x20,0x00,0x7f,0x20,0x00,0x00,0x2f,0x60,0x00,0x8f,0x00,0x00,0x00,0x1f,0x80,0x00,
  0x6f,0x30,0x00,0x00,0x4f,0x60,0x00,0x1f,0xc0,0x00,0x01,0xcf,0x10,0x00,0x06,0xfe,0x75,0x7e,0xf5,0x00,0x00,0x00,0x4d,0xff,
  0xfd,0x40,0x00,0x00,0x00,0x00,0x23,0x20,0x00,0x00,0x00,0x01,0x20,0x01,0x20,0x09,0x91,0x09,0x90,0x06,0x38,0x08,0x71,0x00,
  0x77,0x18,0x61,0x00,0x81,0x87,0x70,0x02,0xb8,0x62,0x80,0x0b,0xa4,0x91,0x80,0x29,0x99,0x18,0x70,0x0d,0x9c,0x30,0x61,0x08,
  0x18,0x00,0x61,0x07,0x05,0x40,0x70,0x02,0x60,0x72,0x80,0x00,0x80,0x00,0x80,0x00,0xb8,0x88,0xb0,0x00,0x00,0x00,0x67,0x00,
  0x00,0x00,0x00,0x44,0x00,0x00,0x00,0x00,0x44,0x00,0x00,0x00,0x35,0x44,0x00,0x00,0x46,0x43,0x54,0x00,0x56,0x53,0x53,0x54,
  0x00,0x41,0x53,0x53,0x54,0x00,0x40,0x00,0x22,0x44,0x00,0x40,0x00,0x00,0x00,0x60,0x40,0x00,0x00,0x00,0x60,0x40,0x00,0x00,
  0x00,0x60,0x40,0x00,0x00,0x00,0x60,0x46,0x55,0x55,0x56,0x60,0x22,0x22,0x22,0x22,0x22,0x21,0xff,0xff,0xff,0xff,0xff,0xf8,
  0x00,0x00,0x00,0x00,0x00,0x00,0x22,0x22,0x22,0x22,0x22,0x21,0xff,0xff,0xff,0xff,0xff,0xf8,0x00,0x00,0x0d,0x50,0x00,0x00,
  0x00,0x00,0x0d,0x50,0x00,0x00,0x00,0x00,0x0d,0x50,0x00,0x00,0x00,0x00,0x0d,0x50,0x00,0x00,0x00,0x00,0x0d,0x50,0x00,0x00,
  0x00,0x00,0x0d,0x50,0x00,0x00,0x00,0x00,0x0d,0x50,0x00,0x00,0x00,0x00,0x0d,0x50,0x00,0x00,0x00,0x00,0x04,0x10,0x00,0x00,
  0x00,0x21,0x00,0x00,0x00,0x00,0xdf,0xd7,0x10,0x00,0x00,0x04,0x9e,0xf9,0x10,0x00,0x00,0x00,0x6d,0x10,0x00,0x00,0x00,0x00,
  0x00,0x0b,0x95,0x00,0x00,0x00,0x17,0xbf,0xf9,0x30,0x00,0x00,0x01,0x7e,0xf4,0x00,0x00,0x00,0x00,0x50,0x00,0x00,0x00,0x00,
  0x00,0x00,0x27,0x30,0x00,0x00,0x00,0x6d,0xfe,0x93,0x00,0x00,0x00,0x27,0xcf,0xd7,0x00,0x00,0x00,0x03,0xaf,0xe0,0x00,0x00,
  0x00,0x02,0x60,0x00,0x00,0x00,0x00,0x00,0x00,0x82,0x00,0x00,0x00,0x00,0x00,0x00,0x00,0x0b,0xf7,0x00,0x00,0x00,0x00,0x00,
  0x00,0x02,0xcf,0x50,0x00,0x00,0x00,0x00,0x00,0x00,0x7f,0xc2,0x00,0x00,0x00,0x00,0x00,0x00,0x6d,0xf8,0x00,0x06,0xe2,0x00,
  0x00,0x01,0x8e,0xfb,0x20,0x00,0x9f,0xb1,0x00,0x00,0x02,0xfc,0x40,0x00,0x3d,0xf6,0x00,0x00,0x00,0x00,0x10,0x00,0x2a,0xfb,
  0x10,0x00,0x00,0x00,0x00,0x00,0x3a,0xfd,0x40,0x00,0x04,0x80,0x00,0x01,0x7d,0xfe,0x70,0x00,0x00,0x5f,0xd1,0x00,0x01,0xec,
  0x60,0x00,0x00,0x07,0xfb,0x10,0x00,0x00,0x10,0x00,0x00,0x00,0xaf,0x80,0x00,0x00,0x00,0x00,0x00,0x00,0x5e,0xd4,0x00,0x00,
  0x00,0x00,0x00,0x00,0x4c,0xf9,0x00,0x00,0x00,0x00,0x00,0x00,0x6c,0xfb,0x20,0x00,0x00,0x00,0x00,0x16,0xbf,0xfb,0x30,0x00,
  0x00,0x00,0x00,0x4d,0xff,0xe8,0x20,0x00,0x00,0x00,0x00,0x00,0x0b,0x73,0x00,0x00,0x00,0x00,0x00,0x00,0x00,0x01,0xae,0xeb,
  0x10,0xe7,0x1e,0xff,0xff,0xc3,0xf2,0x9f,0xa1,0x1b,0xfb,0xc0,0xdf,0x10,0x02,0xff,0x70,0xfc,0x00,0x00,0xef,0x10,0xfc,0x00,
  0x00,0xbe,0x00,0xde,0x00,0x00,0xaf,0x20,0x9f,0xa1,0x17,0xff,0x90,0x2f,0xff,0xff,0xff,0xff,0x03,0xbf,0xfd,0x58,0xef,0x00,
  0x9e,0xfd,0x91,0x00,0x0a,0xff,0xff,0xfb,0x00,0x1f,0xe4,0x02,0xcf,0x10,0x4f,0x70,0x00,0x6f,0x30,0x4f,0x50,0x00,0x8f,0x20,
  0x5f,0x50,0x16,0xfd,0x00,0x5f,0x58,0xff,0xf3,0x00,0x5f,0x58,0xff,0xfd,0x20,0x5f,0x50,0x01,0x5f,0xd0,0x5f,0x50,0x00,0x08,
  0xf2,0x5f,0x50,0x00,0x09,0xf2,0x5f,0xe5,0x00,0x5f,0xf0,0x5f,0xff,0xff,0xff,0x70,0x5f,0x9d,0xff,0xd6,0x00,0x5f,0x50,0x00,
  0x00,0x00,0x5f,0x50,0x00,0x00,0x00,0x5f,0x50,0x00,0x00,0x00,0x5f,0x50,0x00,0x00,0x00,0xbe,0x60,0x00,0x00,0xce,0x00,0x4c,
  0xf2,0x00,0x03,0xf8,0x00,0x01,0xf8,0x00,0x09,0xf1,0x00,0x00,0xbd,0x00,0x0f,0xb0,0x00,0x00,0x6f,0x30,0x6f,0x50,0x00,0x00,
  0x1f,0x90,0xde,0x00,0x00,0x00,0x0b,0xe3,0xf8,0x00,0x00,0x00,0x05,0xfd,0xf2,0x00,0x00,0x00,0x00,0xff,0xb0,0x00,0x00,0x00,
  0x00,0xaf,0x50,0x00,0x00,0x00,0x00,0x7f,0x20,0x00,0x00,0x00,0x00,0x7f,0x20,0x00,0x00,0x00,0x00,0x7f,0x20,0x00,0x00,0x00,
  0x00,0x7f,0x20,0x00,0x00,0x00,0x8d,0xfe,0x70,0x00,0x0a,0xff,0xff,0xf7,0x00,0x0f,0xd2,0x00,0x38,0x00,0x0f,0xe4,0x00,0x00,
  0x00,0x08,0xff,0xfb,0x60,0x00,0x02,0xee,0xff,0xfc,0x00,0x2e,0x90,0x04,0xdf,0x80,0xae,0x00,0x00,0x1f,0xd0,0xec,0x00,0x00,
  0x0c,0xf0,0xfc,0x00,0x00,0x0c,0xf0,0xdf,0x10,0x00,0x1f,0xd0,0x8f,0xc3,0x03,0xcf,0x80,0x1d,0xff,0xff,0xfd,0x00,0x01,0x9e,
  0xfe,0x91,0x00,0x00,0x6d,0xfd,0x60,0x00,0x08,0xff,0xff,0xf8,0x00,0x2f,0xe3,0x03,0xef,0x20,0x8f,0x50,0x00,0x4f,0x80,0xcf,
  0x00,0x00,0x0f,0xc0,0xec,0x00,0x00,0x0c,0xf0,0xff,0xff,0xff,0xff,0xf0,0xff,0xff,0xff,0xff,0xf0,0xeb,0x00,0x00,0x0b,0xf0,
  0xce,0x00,0x00,0x0e,0xc0,0x8f,0x30,0x00,0x3f,0x80,0x2f,0xd3,0x03,0xdf,0x20,0x07,0xff,0xff,0xf8,0x00,0x00,0x6d,0xfd,0x60,
  0x00,0x00,0xfe,0x90,0x00,0x00,0x00,0x00,0xff,0xf8,0x00,0x00,0x00,0x00,0x03,0xfe,0x00,0x00,0x00,0x00,0x00,0xaf,0x40,0x00,
  0x00,0x00,0x00,0x4f,0xa0,0x00,0x00,0x00,0x00,0x7f,0xf0,0x00,0x00,0x00,0x00,0xef,0xf5,0x00,0x00,0x00,0x06,0xf5,0xfb,0x00,
  0x00,0x00,0x0d,0xc0,0xbf,0x10,0x00,0x00,0x5f,0x50,0x4f,0x70,0x00,0x00,0xdd,0x00,0x0e,0xd0,0x00,0x04,0xf6,0x00,0x08,0xf3,
  0x00,0x0c,0xe0,0x00,0x02,0xf8,0x00,0x3f,0x70,0x00,0x00,0xce,0x00,0x7f,0x20,0x00,0x0d,0xc0,0x00,0x7f,0x20,0x00,0x0d,0xc0,
  0x00,0x7f,0x20,0x00,0x0d,0xc0,0x00,0x7f,0x20,0x00,0x0d,0xc0,0x00,0x7f,0x20,0x00,0x0d,0xc0,0x00,0x7f,0x20,0x00,0x0d,0xc0,
  0x00,0x7f,0x40,0x00,0x0f,0xc0,0x00,0x7f,0xc3,0x02,0xbf,0xd0,0x00,0x7f,0xcf,0xff,0xeb,0xff,0x00,0x7f,0x3b,0xfd,0x33,0xeb,
  0x00,0x7f,0x20,0x00,0x00,0x00,0x00,0x7f,0x20,0x00,0x00,0x00,0x00,0x7f,0x20,0x00,0x00,0x00,0x00,0x7f,0x20,0x00,0x00,0x00,
  0x00,0x5f,0xff,0xff,0xff,0xff,0x10,0x5f,0xff,0xff,0xff,0xff,0x10,0x01,0xf9,0x00,0x0d,0xd0,0x00,0x01,0xf9,0x00,0x0d,0xd0,
  0x00,0x01,0xf9,0x00,0x0d,0xd0,0x00,0x01,0xf9,0x00,0x0d,0xd0,0x00,0x01,0xf9,0x00,0x0d,0xd0,0x00,0x01,0xf9,0x00,0x0c,0xe1,
  0x00,0x01,0xf9,0x00,0x0b,0xff,0x50,0x01,0xf9,0x00,0x04,0xee,0x40,0x02,0xae,0xff,0xff,0xfe,0x1e,0xff,0xff,0xff,0xfe,0x9f,
  0xc3,0x02,0xcf,0x50,0xdf,0x10,0x00,0x1f,0xc0,0xfc,0x00,0x00,0x0c,0xf0,0xfc,0x00,0x00,0x0c,0xf0,0xdf,0x10,0x00,0x1f,0xe0,
  0x7f,0xc3,0x03,0xcf,0x90,0x0d,0xff,0xff,0xfe,0x10,0x01,0x9e,0xfe,0x91,0x00,0x2f,0xff,0xff,0xff,0xff,0x2f,0xff,0xff,0xff,
  0xff,0x00,0x00,0x6f,0x30,0x00,0x00,0x00,0x6f,0x30,0x00,0x00,0x00,0x6f,0x30,0x00,0x00,0x00,0x6f,0x30,0x00,0x00,0x00,0x6f,
  0x30,0x00,0x00,0x00,0x5f,0x80,0x00,0x00,0x00,0x1f,0xff,0x90,0x00,0x00,0x04,0xdf,0x90,0x01,0xa7,0x3d,0xfa,0x10,0x1e,0xf8,
  0xbf,0xff,0xd0,0x9f,0xb1,0xec,0x1c,0xf7,0xef,0x10,0xeb,0x02,0xfb,0xfc,0x00,0xeb,0x00,0xed,0xfc,0x00,0xeb,0x00,0xfc,0xdf,
  0x10,0xeb,0x03,0xfa,0x8f,0xb2,0xeb,0x3d,0xf5,0x0d,0xff,0xff,0xff,0xb0,0x01,0xae,0xff,0xe8,0x00,0x00,0x00,0xeb,0x00,0x00,
  0x00,0x00,0xeb,0x00,0x00,0x00,0x00,0xeb,0x00,0x00,0x00,0x00,0xeb,0x00,0x00,0x0f,0xa0,0x0e,0xb0,0x0c,0xd0,0x0f,0xa0,0x0e,
  0xb0,0x0c,0xd0,0x0f,0xa0,0x0e,0xb0,0x0c,0xd0,0x0f,0xa0,0x0e,0xb0,0x0c,0xd0,0x0f,0xa0,0x0e,0xb0,0x0c,0xd0,0x0f,0xa0,0x0e,
  0xb0,0x0d,0xd0,0x0f,0xd0,0x0e,0xb0,0x1f,0xc0,0x0b,0xfa,0x2e,0xb3,0xcf,0x80,0x02,0xff,0xff,0xff,0xfd,0x10,0x00,0x29,0xdf,
  0xfc,0x70,0x00,0x00,0x00,0x0e,0xb0,0x00,0x00,0x00,0x00,0x0e,0xb0,0x00,0x00,0x00,0x00,0x0e,0xb0,0x00,0x00,0x00,0x00,0x0e,
  0xb0,0x00,0x00,0x00,0x6b,0x91,0x01,0x9a,0x50,0x00,0x07,0xd7,0xbd,0x1e,0xb7,0xd6,0x00,0x0d,0x10,0x0c,0xea,0x00,0x1d,0x00,
  0x0d,0x00,0x03,0xf2,0x00,0x0d,0x00,0x0e,0x00,0x07,0xf9,0x00,0x0e,0x00,0x09,0xa3,0x7f,0x4f,0x83,0xa9,0x00,0x00,0x9e,0xc4,
  0x04,0xde,0x90,0x00,0x00,0x00,0x00,0x00,0x00,0x00,0x00,0x01,0x9e,0xfd,0x84,0x00,0x4c,0x20,0x0e,0xff,0xff,0xff,0xff,0xff,
  0x10,0x1d,0x51,0x04,0x8c,0xfe,0xa1,0x00,0x00,0x00,0x00,0x00,0x00,0x00,0x00,0x01,0x9e,0xfd,0x84,0x00,0x5c,0x20,0x0e,0xff,
  0xff,0xff,0xff,0xff,0x10,0x1e,0x61,0x04,0x8c,0xfe,0xa2,0x00,0x01,0x00,0x00,0x00,0x00,0x00,0x00,0x00,0x00,0x00,0x00,0x07,
  0x80,0x00,0x00,0x00,0x00,0x00,0x3f,0xa0,0x00,0x00,0x00,0x00,0x01,0xdd,0x00,0x00,0x1f,0xff,0xff,0xff,0xff,0xff,0x20,0x1f,
  0xff,0xff,0xff,0xff,0xff,0x20,0x00,0x00,0x01,0xdd,0x00,0x00,0x00,0x00,0x00,0x0c,0xe1,0x00,0x00,0x00,0x1f,0xff,0xff,0xff,
  0xff,0xff,0x20,0x1f,0xff,0xff,0xff,0xff,0xff,0x20,0x00,0x0d,0xe1,0x00,0x00,0x00,0x00,0x00,0x9f,0x40,0x00,0x00,0x00,0x00,
  0x00,0x77,0x00,0x00,0x00,0x00,0x00,0x00,0x00,0x00,0x00,0x03,0x8c,0x20,0x00,0x00,0x01,0x5a,0xef,0xfc,0x10,0x00,0x37,0xcf,
  0xfe,0xa5,0x10,0x00,0x1e,0xff,0xc7,0x30,0x00,0x00,0x00,0x1e,0xff,0xc7,0x30,0x00,0x00,0x00,0x00,0x38,0xcf,0xfe,0xa5,0x10,
  0x00,0x00,0x00,0x01,0x5a,0xef,0xfc,0x10,0x00,0x00,0x00,0x00,0x03,0x8c,0x20,0x1f,0xff,0xff,0xff,0xff,0xff,0x20,0x1f,0xff,
  0xff,0xff,0xff,0xff,0x20,0x1d,0x84,0x00,0x00,0x00,0x00,0x00,0x0b,0xff,0xfa,0x61,0x00,0x00,0x00,0x00,0x05,0x9e,0xff,0xc8,
  0x30,0x00,0x00,0x00,0x00,0x27,0xcf,0xfe,0x20,0x00,0x00,0x00,0x27,0xcf,0xfe,0x20,0x00,0x05,0x9e,0xff,0xd8,0x30,0x00,0x0b,
  0xff,0xfa,0x61,0x00,0x00,0x00,0x1d,0x84,0x00,0x00,0x00,0x00,0x00,0x1f,0xff,0xff,0xff,0xff,0xff,0x20,0x1f,0xff,0xff,0xff,
  0xff,0xff,0x20,0x00,0x00,0x03,0xf4,0x00,0x00,0x00,0x00,0x00,0x03,0xf4,0x00,0x00,0x00,0x00,0x00,0x03,0xf4,0x00,0x00,0x00,
  0x1f,0xff,0xff,0xff,0xff,0xff,0x20,0x1f,0xff,0xff,0xff,0xff,0xff,0x20,0x00,0x00,0x03,0xf4,0x00,0x00,0x00,0x00,0x00,0x03,
  0xf4,0x00,0x00,0x00,0x00,0x00,0x03,0xf4,0x00,0x00,0x00,0x00,0x00,0x00,0x00,0x00,0x00,0x00,0x1f,0xff,0xff,0xff,0xff,0xff,
  0x20,0x1f,0xff,0xff,0xff,0xff,0xff,0x20,0x00,0x00,0x00,0x00,0x05,0xf7,0x00,0x00,0x00,0x00,0x0b,0x40,0x00,0x00,0x00,0x00,
  0x1d,0x00,0x00,0x00,0x00,0x00,0x78,0x00,0x00,0x00,0x00,0x00,0xc2,0x00,0x00,0x00,0x00,0x02,0xc0,0x00,0x02,0x81,0x00,0x08,
  0x60,0x00,0x4a,0xf7,0x00,0x0d,0x10,0x00,0x00,0xcd,0x00,0x3a,0x00,0x00,0x00,0x6f,0x20,0x94,0x00,0x00,0x00,0x0f,0x80,0xd0,
  0x00,0x00,0x00,0x0a,0xe5,0x80,0x00,0x00,0x00,0x04,0xfd,0x20,0x00,0x00,0x00,0x00,0xec,0x00,0x00,0x00,0x00,0x00,0x86,0x00,
  0x00,0x00,0x00,0x03,0xfa,0x00,0x00,0x00,0x03,0xfa,0x00,0x00,0x00,0x00,0x00,0x00,0x00,0x00,0x00,0x00,0x00,0x00,0x00,0x00,
  0x00,0x00,0x00,0x00,0x00,0x00,0x00,0x00,0x00,0x00,0x00,0x00,0x00,0xfe,0x00,0x00,0x07,0xf6,0xfe,0x00,0x00,0x07,0xf6,0xfe,
  0x00,0x00,0x07,0xf6,0xfe,0x00,0x00,0x07,0xf6,0x00,0x00,0x00,0x00,0x00,0x00,0x00,0x00,0x00,0x00,0x00,0x00,0x00,0x00,0x00,
  0x00,0x00,0x00,0x00,0x00,0x00,0x00,0x00,0x00,0x00,0x00,0x03,0xfa,0x00,0x00,0x00,0x03,0xfa,0x00,0x00,0x00,0x00,0x10,0x00,
  0x00,0xa1,0x00,0x00,0xa1,0x00,0x00,0xa1,0x00,0x00,0xa1,0x00,0x00,0xa1,0x00,0x00,0xa1,0x00,0x00,0xa1,0x00,0x00,0xa1,0x00,
  0x00,0xa1,0x00,0x00,0xa1,0x07,0xb9,0xb1,0x6f,0xff,0xf0,0x2e,0xff,0x70,0x00,0x10,0x00,0x00,0x00,0x00,0x00,0x00,0x00,0x05,
  0xe9,0x40,0x00,0x00,0x05,0xff,0xff,0xb6,0x00,0x05,0x65,0xae,0xfd,0x00,0x05,0x50,0x00,0x4b,0x00,0x05,0x50,0x00,0x0a,0x00,
  0x05,0x50,0x00,0x0a,0x00,0x05,0x50,0x00,0x0a,0x00,0x05,0x50,0x00,0x0a,0x00,0x05,0x50,0x00,0x0a,0x00,0x05,0x50,0x00,0x0a,
  0x2a,0xb9,0x50,0x00,0x0a,0xaf,0xff,0x40,0x00,0x0a,0x5f,0xfb,0x00,0xae,0xcb,0x00,0x00,0x02,0xff,0xfb,0x00,0x00,0x00,0x8d,
  0xb2,0x00,0x00,0x00,0x00,0x00,0x6c,0xdb,0x50,0x00,0x00,0x00,0x00,0x00,0x00,0xef,0x92,0x00,0x00,0x00,0x00,0x00,0x0a,0xf5,
  0x00,0x00,0x00,0x00,0x00,0x00,0xbf,0x50,0x00,0x00,0x00,0x00,0x00,0x0b,0xf4,0x00,0x00,0x00,0x01,0x96,0x00,0x9f,0x50,0x00,
  0x00,0x00,0x00,0x07,0xeb,0xf7,0x00,0x00,0x00,0x00,0x00,0x00,0x8f,0xf0,0x00,0x00,0x00,0x00,0x00,0x00,0xdf,0xfb,0x00,0x00,
  0x00,0x00,0x00,0x08,0xf3,0x5f,0xb0,0x00,0x00,0x00,0x00,0x1f,0x80,0x09,0xf9,0x00,0x00,0x00,0x00,0x9e,0x00,0x01,0xff,0x30,
  0x00,0x55,0x02,0xf6,0x00,0x00,0x9f,0x70,0x00,0x0c,0x7d,0xd0,0x00,0x00,0x2f,0x50,0x00,0x04,0xff,0x50,0x00,0x00,0x00,0x00,
  0x00,0x02,0xfe,0x00,0x00,0x00,0x00,0x00,0x00,0x02,0xe5,0x00,0x00,0x00,0x00,0x00,0x00,0x04,0xdf,0xc3,0x00,0x1f,0x50,0x6e,
  0x00,0x4c,0x00,0x0d,0x30,0x4c,0x00,0x0d,0x30,0x1f,0x50,0x6e,0x00,0x04,0xdf,0xc3,0x00,0x00,0x57,0x50,0x00,0x0b,0x94,0xaa,
  0x00,0x3d,0x00,0x0e,0x20,0x24,0x00,0x04,0x10,0x05,0x00,0x05,0x00,0x0f,0x00,0x0d,0x20,0x0f,0x00,0x0d,0x20,0x0f,0x00,0x0d,
  0x20,0x0f,0x10,0x1f,0x20,0x08,0xc8,0xae,0x20,0x00,0x23,0x01,0x00,0x33,0x00,0x04,0x10,0x4c,0x00,0x1e,0x00,0x0d,0x30,0x79,
  0x00,0x07,0xa0,0xe2,0x00,0x01,0xe6,0xb0,0x00,0x00,0x9f,0x40,0x00,0x00,0x02,0x00,0x00,0x21,0x00,0x00,0x00,0x02,0x10,0x97,
  0x00,0x00,0x00,0x09,0x70,0x97,0x00,0x00,0x00,0x09,0x70,0x97,0x00,0x00,0x00,0x09,0x70,0x17,0x80,0x00,0x00,0xa6,0x00,0x01,
  0x6b,0xbb,0xbb,0x51,0x00,0x00,0x25,0x55,0x55,0x10,0x00,0x43,0x00,0x07,0x00,0x04,0x30,0x97,0x00,0x1f,0x00,0x09,0x70,0x97,
  0x00,0x1f,0x00,0x09,0x70,0x97,0x00,0x1f,0x00,0x09,0x70,0x97,0x00,0x1f,0x00,0x09,0x70,0xa6,0x00,0x00,0x00,0x00,0x00,0x00,
  0x3a,0x30,0x28,0xeb,0x63,0x10,0x01,0x25,0x9e,0xb5,0x00,0x00,0x04,0x8b,0xef,0xfe,0xda,0x61,0x00,0x00,0x00,0x00,0x01,0x90,
  0x00,0x00,0x03,0xc0,0x00,0x00,0x08,0x90,0x00,0x00,0x1e,0x20,0x00,0x01,0xc8,0x00,0x00,0x6e,0x80,0x00,0xcf,0xb3,0x00,0x00,
  0x30,0x00,0x00,0x00,0x91,0x00,0x00,0x00,0xd3,0x00,0x00,0x00,0x98,0x00,0x00,0x00,0x3e,0x10,0x00,0x00,0x08,0xc1,0x00,0x00,
  0x00,0x8e,0x60,0x00,0x00,0x03,0xbf,0xc0,0x00,0x00,0x00,0x20,0x00,0x00,0x0b,0xf1,0x00,0x00,0x00,0x00,0x0b,0xf1,0x00,0x00,
  0x00,0x00,0x00,0x00,0x00,0x00,0x1f,0xb0,0x00,0x00,0x03,0xb1,0x1f,0xb0,0x00,0x03,0xbf,0xf1,0x00,0x00,0x03,0xbf,0xeb,0xf1,
  0x00,0x03,0xbf,0xe7,0x06,0xf1,0x03,0xbf,0xe7,0x00,0x06,0xf1,0xaf,0xe7,0x00,0x00,0x06,0xf1,0xfd,0x10,0x00,0x00,0x06,0xf1,
  0xbf,0xe7,0x00,0x00,0x06,0xf1,0x03,0xbf,0xe6,0x00,0x06,0xf1,0x00,0x03,0xbf,0xe6,0x06,0xf1,0x00,0x00,0x03,0xbf,0xeb,0xf1,
  0x00,0x00,0x00,0x03,0xbf,0xf1,0x00,0x00,0x00,0x00,0x03,0xb1,0x00,0x0f,0xc0,0x00,0x00,0x00,0x00,0x0f,0xc0,0x00,0x00,0x00,
  0x00,0x00,0x00,0x00,0x00,0x00,0x3a,0x20,0x00,0x00,0x2f,0xa0,0x3f,0xfa,0x20,0x00,0x2f,0xa0,0x3f,0xbf,0xfa,0x20,0x00,0x00,
  0x3f,0x41,0x8f,0xfa,0x20,0x00,0x3f,0x40,0x01,0x8f,0xfa,0x20,0x3f,0x40,0x00,0x01,0x8f,0xf8,0x3f,0x40,0x00,0x00,0x02,0xec,
  0x3f,0x40,0x00,0x01,0x8f,0xf8,0x3f,0x40,0x01,0x8f,0xfa,0x20,0x3f,0x41,0x8f,0xfa,0x20,0x00,0x3f,0xae,0xfa,0x20,0x00,0x00,
  0x3f,0xfa,0x20,0x00,0x00,0x00,0x3a,0x20,0x00,0x00,0x00,0x00,0x06,0x10,0x00,0x03,0xd3,0x00,0x00,0x7f,0x10,0x00,0x0c,0x40,
  0x5c,0xc4,0xd0,0x0b,0xc0,0x0c,0x6c,0xc6,0x01,0x10,0x0f,0xf0,0x0f,0xf0,0x04,0x90,0x0b,0x00,0x14,0x40,0x4f,0xe0,0x3f,0xd0,
  0x1f,0xb0,0x0f,0xa0,0x0f,0x90,0x0e,0x70,0x0d,0x60,0x0c,0x50,0x0b,0x30,0x00,0x00,0x2f,0xc0,0x3f,0xd0,0x00,0x00,0x11,0x00,
  0x00,0x00,0x6e,0xff,0xe7,0x00,0x07,0xf6,0x01,0x7f,0x70,0x0f,0x80,0x00,0x0b,0xe0,0x08,0x20,0x00,0x0a,0xf0,0x00,0x00,0x00,
  0x2f,0xb0,0x00,0x00,0x06,0xee,0x20,0x00,0x00,0x8f,0x91,0x00,0x00,0x00,0xe7,0x00,0x00,0x00,0x00,0xf4,0x00,0x00,0x00,0x00,
  0x30,0x00,0x00,0x00,0x02,0xd8,0x00,0x00,0x00,0x03,0xfa,0x00,0x00,0x00,0xff,0xff,0x00,0x00,0x00,0x00,0x00,0xff,0xff,0x00,
  0x00,0x0f,0xf0,0x0f,0xf0,0x00,0x00,0x00,0x00,0x00,0x00,0x00,0x00,0x01,0x10,0x0f,0xf0,0x0f,0xf0,0x05,0x90,0x0b,0x00,0x04,
  0xf0,0x0b,0x90,0x0d,0xb0,0x4f,0x40,0x5f,0x70,0xcf,0x00,0x7f,0x60,0xdf,0x00,0x0c,0xf1,0x2f,0xb0,0x0c,0xf0,0x3f,0x90,0x1f,
  0x70,0x7f,0x10,0x5e,0x00,0xb8,0x00,0x04,0xf0,0x0d,0xb0,0x5f,0x70,0x7f,0x60,0x0b,0xf2,0x0c,0xf0,0x0f,0x80,0x4e,0x00,0xeb,
  0xbb,0xb7,0xb0,0x00,0x00,0xb0,0x00,0x00,0xb0,0x00,0x00,0xb0,0x00,0x00,0xb0,0x00,0x00,0xb0,0x00,0x00,0xb0,0x00,0x00,0xb0,
  0x00,0x00,0x10,0x00,0x00,0x00,0x00,0x00,0x00,0x00,0x0b,0x00,0x00,0x0b,0x00,0x00,0x0b,0x00,0x00,0x0b,0x00,0x00,0x0b,0x00,
  0x00,0x0b,0x00,0x00,0x0b,0x00,0x00,0x0b,0x7b,0xbb,0xbe,0xfc,0xcc,0xf0,0xc0,0x00,0xc0,0xc5,0xcc,0xc0,0xc5,0x10,0x00,0xc5,
  0x10,0x00,0xc5,0x10,0x00,0xc5,0x10,0x00,0xc5,0x10,0x00,0xfd,0x10,0x00,0x00,0x0f,0xc4,0x00,0x0c,0x34,0x00,0x0c,0x34,0x00,
  0x0c,0x34,0x00,0x0c,0x34,0x00,0x0c,0x34,0xcc,0xcc,0x34,0xc0,0x00,0x34,0xfc,0xcc,0xc4,0x00,0x00,0x30,0x20,0x00,0x00,0xa1,
  0xa0,0x00,0x07,0x49,0x20,0x00,0x1a,0x28,0x00,0x00,0x82,0xa1,0x00,0x02,0x94,0x70,0x00,0x0a,0x1a,0x00,0x00,0x37,0x65,0x00,
  0x00,0xa0,0xb0,0x00,0x00,0x46,0x74,0x00,0x00,0x0a,0x1a,0x00,0x00,0x03,0x85,0x60,0x00,0x00,0x91,0xa0,0x00,0x00,0x19,0x38,
  0x00,0x00,0x08,0x39,0x10,0x00,0x00,0xa2,0x90,0x00,0x00,0x40,0x30,0x20,0x40,0x00,0x00,0x92,0xa0,0x00,0x00,0x1a,0x38,0x00,
  0x00,0x07,0x39,0x10,0x00,0x00,0xa1,0x90,0x00,0x00,0x55,0x83,0x00,0x00,0x0a,0x1a,0x00,0x00,0x04,0x76,0x50,0x00,0x00,0xb0,
  0xb0,0x00,0x03,0x85,0x60,0x00,0x0a,0x1a,0x00,0x00,0x56,0x74,0x00,0x00,0xb1,0xa0,0x00,0x06,0x48,0x20,0x00,0x1a,0x29,0x00,
  0x00,0x83,0xa1,0x00,0x00,0x30,0x50,0x00,0x00,0xff,0xff,0x30,0xff,0xfa,0x00,0xff,0xf3,0x00,0xff,0xd0,0x00,0xff,0x80,0x00,
  0xff,0x40,0x00,0xff,0x20,0x00,0xff,0x10,0x00,0xff,0x00,0x00,0xff,0x10,0x00,0xff,0x20,0x00,0xff,0x40,0x00,0xff,0x80,0x00,
  0xff,0xd0,0x00,0xff,0xf3,0x00,0xff,0xfa,0x00,0xff,0xff,0x30,0x4f,0xff,0xf0,0x0a,0xff,0xf0,0x03,0xff,0xf0,0x00,0xdf,0xf0,
  0x00,0x8f,0xf0,0x00,0x5f,0xf0,0x00,0x2f,0xf0,0x00,0x1f,0xf0,0x00,0x0f,0xf0,0x00,0x1f,0xf0,0x00,0x2f,0xf0,0x00,0x5f,0xf0,
  0x00,0x8f,0xf0,0x00,0xdf,0xf0,0x03,0xff,0xf0,0x0b,0xff,0xf0,0x4f,0xff,0xf0,0x2f,0xff,0xff,0x20,0x2f,0xff,0xff,0x20,0x00,
  0x2f,0xff,0xff,0xff,0xff,0xff,0xf0,0x00,0x00,0x2f,0x11,0xf3,0x11,0xf2,0x13,0xf0,0x00,0x00,0x2f,0x00,0xf2,0x01,0xf1,0x02,
  0xf0,0x00,0x00,0x2f,0x00,0xf2,0x01,0xf1,0x02,0xf0,0x00,0x00,0x2f,0x00,0xf2,0x01,0xf1,0x02,0xf0,0x00,0x00,0x2f,0x00,0xf2,
  0x01,0xf1,0x02,0xf0,0x00,0x00,0x2f,0x00,0xf2,0x01,0xf1,0x02,0xf0,0x00,0x00,0x2f,0x00,0xf2,0x01,0xf1,0x02,0xf0,0x00,0x00,
  0x2f,0x00,0xf2,0x01,0xf1,0x02,0xf0,0x00,0x00,0x2f,0x00,0xf2,0x01,0xf1,0x02,0xf0,0x00,0x00,0x2f,0x00,0xf2,0x01,0xf1,0x02,
  0xf0,0x00,0x00,0x2f,0x00,0xf2,0x01,0xf1,0x02,0xf0,0x00,0x00,0x2f,0x00,0xf2,0x01,0xf1,0x02,0xf0,0x00,0x01,0x3f,0x00,0xf3,
  0x01,0xf2,0x03,0xf0,0x11,0x7f,0xff,0xff,0xff,0xff,0xff,0xff,0xff,0xfb,0x00,0x00,0x00,0x00,0x00,0x00,0x00,0x00,0x00,0x82,
  0x00,0x39,0x80,0x00,0x68,0x60,0x00,0x40,0x08,0x34,0x60,0x18,0x27,0x30,0x37,0x18,0x10,0x00,0x54,0x00,0x00,0x62,0x00,0x02,
  0x60,0x00,0x00,0x00,0x00,0x1b,0xb3,0x00,0x00,0x00,0x00,0x00,0x00,0x0e,0xf3,0x00,0x00,0x00,0x00,0x00,0x00,0x0e,0xf3,0x00,
  0x00,0x00,0x00,0x00,0x00,0x9f,0xfc,0x00,0x00,0x00,0x00,0x00,0x06,0xfa,0x7f,0x90,0x00,0x00,0x02,0x01,0x9f,0xc1,0x09,0xfc,
  0x20,0x20,0x0c,0xee,0xfa,0x10,0x00,0x8f,0xfd,0xe1,0x0e,0xff,0xf7,0x00,0x00,0x4e,0xff,0xf1,0x04,0x34,0xcf,0x90,0x06,0xfe,
  0x52,0x50,0x00,0x00,0x09,0xf7,0x4f,0xc2,0x00,0x00,0x00,0x00,0x00,0xcf,0xfe,0x20,0x00,0x00,0x00,0x00,0x00,0x2e,0xf5,0x00,
  0x00,0x00,0x00,0x00,0x00,0x0d,0xf2,0x00,0x00,0x00,0x00,0x00,0x00,0x1e,0xe4,0x00,0x00,0x00,0x00,0x00,0x00,0x01,0x10,0x00,
  0x00,0x00,0x00,0x00,0x00,0x11,0x00,0x00,0x00,0x00,0x00,0x00,0x00,0x59,0x00,0x00,0x00,0x00,0x00,0x00,0x00,0xae,0x00,0x00,
  0x00,0x00,0x00,0x00,0x01,0xef,0x30,0x00,0x00,0x00,0x00,0x00,0x06,0xff,0x80,0x00,0x00,0x00,0x00,0x00,0x0b,0xff,0xd0,0x00,
  0x00,0x00,0x00,0x00,0x6f,0xca,0xf9,0x00,0x00,0x00,0x00,0x08,0xfe,0x41,0xdf,0xc0,0x00,0x00,0x00,0x3f,0xc1,0x00,0x09,0xf7,
  0x00,0x00,0x00,0xaf,0x30,0x00,0x00,0xee,0x00,0x00,0x00,0xcf,0x00,0x00,0x00,0xbf,0x10,0x00,0x00,0xbf,0x20,0x00,0x00,0xde,
  0x00,0x00,0x00,0x5f,0xa0,0x00,0x06,0xf9,0x00,0x00,0x00,0x0b,0xfb,0x43,0x9f,0xe1,0x00,0x00,0x00,0x01,0xaf,0xff,0xfc,0x30,
  0x00,0x00,0x00,0x00,0x03,0x88,0x50,0x00,0x00,0x00,
};

static const kb_glyph_t face18_glyphs[] = {
  {0x00020,0,0,0,0,6,0},
  {0x00021,3,13,2,-13,7,0},
  {0x00022,6,5,1,-13,8,26},
  {0x00023,13,14,1,-14,15,41},
  {0x00024,9,17,1,-14,11,139},
  {0x00025,16,13,1,-13,17,224},
  {0x00026,13,13,1,-13,14,328},
  {0x00027,3,5,1,-13,5,419},
  {0x00028,5,16,1,-14,7,429},
  {0x00029,5,16,1,-14,7,477},
  {0x0002a,9,8,0,-13,9,525},
  {0x0002b,13,12,1,-12,15,565},
  {0x0002c,3,4,1,-2,6,649},
  {0x0002d,6,2,0,-6,6,657},
  {0x0002e,3,2,1,-2,6,663},
  {0x0002f,7,15,0,-13,6,667},
  {0x00030,10,13,1,-13,11,727},
  {0x00031,9,13,1,-13,11,792},
  {0x00032,9,13,1,-13,11,857},
  {0x00033,9,13,1,-13,11,922},
  {0x00034,11,13,0,-13,11,987},
  {0x00035,9,13,1,-13,11,1065},
  {0x00036,10,13,1,-13,11,1130},
  {0x00037,9,13,1,-13,11,1195},
  {0x00038,10,13,1,-13,11,1260},
  {0x00039,10,13,1,-13,11,1325},
  {0x0003a,2,9,2,-9,6,1390},
  {0x0003b,3,11,1,-9,6,1399},
  {0x0003c,13,10,1,-10,15,1421},
  {0x0003d,13,6,1,-9,15,1491},
  {0x0003e,13,10,1,-10,15,1533},
  {0x0003f,8,13,1,-13,10,1603},
  {0x00040,16,16,1,-13,18,1655},
  {0x00041,13,13,0,-13,12,1783},
  {0x00042,11,13,1,-13,12,1874},
  {0x00043,11,13,1,-13,13,1952},
  {0x00044,12,13,1,-13,14,2030},
  {0x00045,10,13,1,-13,11,2108},
  {0x00046,9,13,1,-13,10,2173},
  {0x00047,12,13,1,-13,14,2238},
  {0x00048,11,13,1,-13,14,2316},
  {0x00049,3,13,1,-13,5,2394},
  {0x0004a,5,17,-1,-13,5,2420},
  {0x0004b,12,13,1,-13,12,2471},
  {0x0004c,9,13,1,-13,10,2549},
  {0x0004d,13,13,1,-13,16,2614},
  {0x0004e,11,13,1,-13,13,2705},
  {0x0004f,13,13,1,-13,14,2783},
  {0x00050,10,13,1,-13,11,2874},
  {0x00051,13,15,1,-13,14,2939},
  {0x00052,11,13,1,-13,12,3044},
  {0x00053,10,13,1,-13,11,3122},
  {0x00054,13,13,-1,-13,11,3187},
  {0x00055,11,13,1,-13,13,3278},
  {0x00056,13,13,0,-13,12,3356},
  {0x00057,18,13,0,-13,18,3447},
  {0x00058,12,13,0,-13,12,3564},
  {0x00059,11,13,0,-13,11,3642},
  {0x0005a,12,13,0,-13,12,3720},
  {0x0005b,5,16,1,-14,7,3798},
  {0x0005c,7,15,0,-13,6,3846},
  {0x0005d,5,16,1,-14,7,3906},
  {0x0005e,13,5,1,-13,15,3954},
  {0x0005f,11,2,-1,2,9,3989},
  {0x00060,5,3,1,-14,9,4001},
  {0x00061,9,10,1,-10,11,4010},
  {0x00062,10,14,1,-14,11,4060},
  {0x00063,8,10,1,-10,10,4130},
  {0x00064,9,14,1,-14,11,4170},
  {0x00065,10,10,1,-10,11,4240},
  {0x00066,7,14,0,-14,6,4290},
  {0x00067,9,14,1,-10,11,4346},
  {0x00068,9,14,1,-14,11,4416},
  {0x00069,3,14,1,-14,5,4486},
  {0x0006a,5,18,-1,-14,5,4514},
  {0x0006b,10,14,1,-14,10,4568},
  {0x0006c,3,14,1,-14,5,4638},
  {0x0006d,15,10,1,-10,18,4666},
  {0x0006e,9,10,1,-10,11,4746},
  {0x0006f,10,10,1,-10,11,4796},
  {0x00070,10,14,1,-10,11,4846},
  {0x00071,9,14,1,-10,11,4916},
  {0x00072,7,10,1,-10,7,4986},
  {0x00073,9,10,0,-10,9,5026},
  {0x00074,7,13,0,-13,7,5076},
  {0x00075,9,10,1,-10,11,5128},
  {0x00076,11,10,0,-10,11,5178},
  {0x00077,14,10,0,-10,15,5238},
  {0x00078,10,10,0,-10,11,5308},
  {0x00079,11,14,0,-10,11,5358},
  {0x0007a,9,10,0,-10,9,5442},
  {0x0007b,8,17,2,-14,11,5492},
  {0x0007c,2,18,2,-14,6,5560},
  {0x0007d,8,17,2,-14,11,5578},
  {0x0007e,13,5,1,-9,15,5646},
  {0x000ac,13,5,1,-8,15,6720},
  {0x000b0,7,6,1,-13,9,6028},
  {0x000b1,13,11,1,-11,15,15891},
  {0x000b4,5,3,3,-14,9,6013},
  {0x000b7,3,2,1,-7,6,9158},
  {0x002c6,7,3,1,-14,9,9131},
  {0x002c7,7,3,1,-14,9,8143},
  {0x002ca,5,4,3,-15,9,7493},
  {0x002cb,5,4,1,-15,9,7505},
  {0x002cd,7,2,1,2,9,17415},
  {0x002d8,7,2,1,-14,9,6052},
  {0x002d9,3,2,3,-14,9,6770},
  {0x002da,5,5,2,-16,9,9143},
  {0x003a9,14,13,0,-13,14,8319},
  {0x003b1,10,10,1,-10,12,14709},
  {0x003b2,10,18,1,-14,11,14759},
  {0x003b3,11,14,0,-10,11,14849},
  {0x003b4,10,14,1,-14,11,14933},
  {0x003b5,8,10,1,-10,10,8418},
  {0x003b8,10,14,1,-14,11,15003},
  {0x003bb,11,14,0,-14,11,15073},
  {0x003bc,11,14,1,-10,11,15157},
  {0x003c0,11,10,0,-10,11,15241},
  {0x003c3,10,10,1,-10,11,15301},
  {0x003c4,10,10,0,-10,11,15351},
  {0x003c6,10,14,1,-10,12,15401},
  {0x003c8,11,14,0,-10,12,15471},
  {0x003c9,13,10,1,-10,15,5943},
  {0x00414,14,16,0,-13,14,7311},
  {0x00422,13,13,-1,-13,11,7856},
  {0x00e51,7,8,1,-8,9,9756},
  {0x010e6,14,15,0,-10,14,12553},
  {0x01416,12,16,1,-16,14,16764},
  {0x0141b,12,16,1,-16,14,16668},
  {0x015dc,12,11,3,-11,18,9162},
  {0x01d17,10,6,1,-5,11,8473},
  {0x01d25,8,11,0,-11,9,9383},
  {0x01d52,7,6,0,-12,7,16409},
  {0x01d54,7,4,0,-12,7,16433},
  {0x01d55,7,4,0,-9,7,6060},
  {0x01d58,7,7,0,-12,7,16449},
  {0x01d5b,7,7,0,-12,8,16477},
  {0x02014,18,2,0,-6,18,5681},
  {0x02018,4,4,1,-13,6,17047},
  {0x02019,4,4,1,-13,6,17055},
  {0x0201c,7,4,1,-13,9,17015},
  {0x0201d,7,4,1,-13,9,17031},
  {0x02022,6,5,2,-9,11,6755},
  {0x02026,14,2,2,-2,18,8563},
  {0x0203f,17,3,-1,1,14,16577},
  {0x02200,13,14,0,-14,12,5845},
  {0x02207,13,13,0,-13,12,8052},
  {0x02211,12,16,0,-13,12,12658},
  {0x0221a,12,15,0,-15,11,15968},
  {0x0221e,13,7,1,-9,15,15555},
  {0x02220,14,14,1,-14,16,12315},
  {0x02229,9,11,2,-11,13,9921},
  {0x0222a,9,11,2,-11,13,9976},
  {0x02234,10,9,1,-11,11,16058},
  {0x02235,10,9,1,-11,11,16103},
  {0x02248,13,9,1,-10,15,15604},
  {0x02260,13,12,1,-12,15,15667},
  {0x02261,13,10,1,-12,15,7423},
  {0x02264,13,10,1,-10,15,15751},
  {0x02265,13,10,1,-10,15,15821},
  {0x02266,13,14,1,-12,15,6174},
  {0x02267,13,14,1,-12,15,6076},
  {0x02299,13,13,1,-12,15,11752},
  {0x02312,16,3,1,-15,18,8503},
  {0x02500,13,2,-1,-7,11,13261},
  {0x02501,13,4,-1,-8,11,13578},
  {0x02502,3,22,4,-17,11,13275},
  {0x0250c,8,12,4,-7,11,13069},
  {0x02510,8,12,-1,-7,11,13117},
  {0x02514,8,12,4,-17,11,13165},
  {0x02518,8,12,-1,-17,11,13213},
  {0x0252c,13,12,-1,-7,11,13319},
  {0x02534,13,12,-1,-17,11,13403},
  {0x0253b,13,13,-1,-17,11,13487},
  {0x02565,13,12,-1,-7,11,6636},
  {0x0256d,8,12,4,-7,11,13702},
  {0x0256e,8,12,-1,-7,11,13750},
  {0x0256f,8,12,-1,-17,11,13606},
  {0x02570,8,12,4,-17,11,13654},
  {0x02594,16,4,-1,-18,14,8155},
  {0x025a1,15,15,1,-12,17,7191},
  {0x025b3,14,15,0,-12,14,9278},
  {0x025bd,14,15,0,-12,14,7947},
  {0x025bf,9,10,0,-10,9,9228},
  {0x025c6,14,15,0,-12,14,10136},
  {0x025c7,14,15,0,-12,14,10031},
  {0x025c9,14,15,1,-12,16,9483},
  {0x025cb,14,15,1,-12,16,6272},
  {0x025cf,14,14,1,-12,16,6377},
  {0x025d4,14,15,1,-12,16,9588},
  {0x025d5,14,15,1,-12,16,6475},
  {0x025de,7,8,0,-5,7,16604},
  {0x025df,7,8,0,-5,7,16636},
  {0x025e0,14,8,1,-12,16,9427},
  {0x025e1,14,8,1,-5,16,6580},
  {0x02600,14,14,1,-14,16,10652},
  {0x02601,17,8,1,-7,18,10750},
  {0x02602,16,14,0,-14,16,10822},
  {0x02603,14,17,1,-17,16,10934},
  {0x02605,14,13,1,-13,16,6985},
  {0x02606,14,13,1,-13,16,6894},
  {0x0261c,14,10,1,-11,16,12413},
  {0x0261d,9,13,1,-13,11,14323},
  {0x0261e,14,10,1,-11,16,12483},
  {0x0263a,17,17,1,-15,19,11151},
  {0x0263b,17,17,1,-15,19,11304},
  {0x02640,11,17,1,-14,13,14067},
  {0x02642,14,14,1,-13,16,14169},
  {0x02661,14,14,1,-14,16,5747},
  {0x02665,14,14,1,-14,16,10241},
  {0x02668,14,14,1,-14,16,11053},
  {0x02669,6,15,1,-14,8,16148},
  {0x0266a,9,15,1,-14,11,7076},
  {0x0266b,10,16,3,-14,16,16193},
  {0x0266c,14,15,1,-14,16,10339},
  {0x0270c,8,14,3,-14,15,14267},
  {0x02713,10,11,2,-12,15,11457},
  {0x02714,11,11,2,-12,15,11512},
  {0x02717,11,15,2,-14,15,11578},
  {0x02718,12,14,2,-14,15,11668},
  {0x02727,15,15,0,-14,15,6774},
  {0x02729,15,15,0,-14,15,13947},
  {0x0273f,15,13,0,-13,15,10444},
  {0x02740,15,13,0,-13,15,10548},
  {0x03001,5,4,1,-2,18,16860},
  {0x03002,4,4,2,-2,18,16872},
  {0x03003,8,9,5,-11,18,8283},
  {0x03006,16,17,1,-15,18,16273},
  {0x03007,16,16,1,-14,18,12010},
  {0x0300a,7,17,10,-15,18,17177},
  {0x0300b,7,17,1,-15,18,17245},
  {0x0300c,6,10,11,-15,18,17063},
  {0x0300d,6,10,1,-8,18,17093},
  {0x0300e,5,9,11,-15,18,17123},
  {0x0300f,6,9,2,-7,18,17150},
  {0x03010,5,17,11,-15,18,17313},
  {0x03011,5,17,2,-15,18,17364},
  {0x03012,12,14,1,-13,18,14388},
  {0x0301c,18,5,0,-9,18,11843},
  {0x03078,18,9,0,-9,18,12234},
  {0x0309b,5,5,12,-14,18,12138},
  {0x0309c,4,4,13,-15,18,8410},
  {0x030ce,13,15,2,-13,18,7751},
  {0x030d8,18,9,0,-10,18,12153},
  {0x030df,10,15,4,-13,18,14472},
  {0x030ee,12,12,3,-9,18,7679},
  {0x030fb,3,3,8,-8,18,6022},
  {0x030fd,9,10,5,-11,18,11888},
  {0x030fe,12,12,5,-13,18,11938},
  {0x03141,12,9,3,-11,18,9852},
  {0x03145,13,9,2,-11,18,9693},
  {0x051f8,17,17,0,-14,18,12916},
  {0x05c6e,17,18,0,-15,18,12754},
  {0x05f61,18,18,0,-15,18,14547},
  {0x076bf,18,16,0,-14,18,17423},
  {0x076ca,17,18,0,-15,18,7517},
  {0x0a20d,11,12,3,-12,18,16505},
  {0x0a4b3,11,6,3,-12,18,8527},
  {0x0fe35,16,6,0,-6,18,5699},
  {0x0fe36,16,6,0,-11,18,9035},
  {0x0fe39,16,5,0,-5,18,13798},
  {0x0fe3a,16,5,0,-11,18,13838},
  {0x0fe3f,16,6,0,-6,18,9083},
  {0x0fe40,16,6,0,-11,18,13878},
  {0x0fe4f,17,3,0,-2,18,17567},
  {0x0ff01,3,13,7,-13,18,16890},
  {0x0ff08,5,17,11,-13,18,8577},
  {0x0ff09,5,17,2,-13,18,8628},
  {0x0ff0c,3,5,7,-3,18,16880},
  {0x0ff0f,16,17,0,-13,18,8769},
  {0x0ff1a,2,10,8,-10,18,16981},
  {0x0ff1b,3,12,7,-10,18,16991},
  {0x0ff1c,10,9,4,-10,18,8679},
  {0x0ff1e,10,9,4,-10,18,8724},
  {0x0ff1f,10,13,4,-13,18,16916},
  {0x0ff3c,14,16,2,-13,18,8905},
  {0x0ff3e,8,9,5,-13,18,8203},
  {0x0ff3f,14,1,2,1,18,8187},
  {0x0ff40,6,3,6,-13,18,8194},
  {0x0ff4f,8,11,5,-10,18,8239},
  {0x0ff5c,2,18,8,-13,18,9017},
  {0x0ff5e,12,4,3,-7,18,7151},
  {0x0ff61,5,5,1,-5,9,8458},
  {0x0ff65,3,3,3,-8,9,13941},
  {0x0ff89,7,16,1,-14,9,9788},
  {0x0ff9e,6,5,1,-14,9,13926},
  {0x0ff9f,5,5,1,-14,9,9906},
  {0x0ffe3,16,2,1,-13,18,7175},
  {0x1f4a2,16,15,1,-16,18,17594},
  {0x1f4a7,15,16,2,-17,17,17714},
};

const kb_font_t kb_font_face18 = {
  .glyphs = face18_glyphs,
  .count = 290,
  .bitmap = face18_bitmap,
  .ascent = 17,
  .descent = 5,
  .line_height = 22,
  .size = 18,
};
